yli:2905743	path:yli00010
yli:2905787	path:yli00010
yli:2906186	path:yli00010
yli:2906568	path:yli00010
yli:2906667	path:yli00010
yli:2907141	path:yli00010
yli:2907873	path:yli00010
yli:2907992	path:yli00010
yli:2908163	path:yli00010
yli:2908394	path:yli00010
yli:2908441	path:yli00010
yli:2908574	path:yli00010
yli:2908746	path:yli00010
yli:2908884	path:yli00010
yli:2908970	path:yli00010
yli:2909058	path:yli00010
yli:2909309	path:yli00010
yli:2909771	path:yli00010
yli:2910080	path:yli00010
yli:2910137	path:yli00010
yli:2910150	path:yli00010
yli:2910306	path:yli00010
yli:2910787	path:yli00010
yli:2910794	path:yli00010
yli:2910880	path:yli00010
yli:2910948	path:yli00010
yli:2910997	path:yli00010
yli:2911068	path:yli00010
yli:2911808	path:yli00010
yli:2912006	path:yli00010
yli:2912080	path:yli00010
yli:2912087	path:yli00010
yli:2912417	path:yli00010
yli:2912456	path:yli00010
yli:2912620	path:yli00010
yli:2912771	path:yli00010
yli:2912865	path:yli00010
yli:90949670	path:yli00010
yli:90949766	path:yli00010
yli:2906248	path:yli00020
yli:2907702	path:yli00020
yli:2908574	path:yli00020
yli:2909222	path:yli00020
yli:2909579	path:yli00020
yli:2910080	path:yli00020
yli:2910150	path:yli00020
yli:2910208	path:yli00020
yli:2910329	path:yli00020
yli:2910350	path:yli00020
yli:2910381	path:yli00020
yli:2910652	path:yli00020
yli:2910842	path:yli00020
yli:2910868	path:yli00020
yli:2910880	path:yli00020
yli:2911503	path:yli00020
yli:2911643	path:yli00020
yli:2911936	path:yli00020
yli:2912101	path:yli00020
yli:2912112	path:yli00020
yli:2912276	path:yli00020
yli:2912694	path:yli00020
yli:2912771	path:yli00020
yli:2912855	path:yli00020
yli:2912887	path:yli00020
yli:2906186	path:yli00030
yli:2906609	path:yli00030
yli:2906709	path:yli00030
yli:2906913	path:yli00030
yli:2907343	path:yli00030
yli:2907402	path:yli00030
yli:2908060	path:yli00030
yli:2908382	path:yli00030
yli:2908394	path:yli00030
yli:2908465	path:yli00030
yli:2909043	path:yli00030
yli:2909273	path:yli00030
yli:2909945	path:yli00030
yli:2910306	path:yli00030
yli:2910520	path:yli00030
yli:2912080	path:yli00030
yli:2912087	path:yli00030
yli:2912397	path:yli00030
yli:2912620	path:yli00030
yli:2912651	path:yli00030
yli:2912793	path:yli00030
yli:2912994	path:yli00030
yli:2906446	path:yli00040
yli:2907802	path:yli00040
yli:2907854	path:yli00040
yli:2908139	path:yli00040
yli:2909273	path:yli00040
yli:2910522	path:yli00040
yli:2910746	path:yli00040
yli:2910903	path:yli00040
yli:2912835	path:yli00040
yli:2906186	path:yli00051
yli:2906628	path:yli00051
yli:2906980	path:yli00051
yli:2907547	path:yli00051
yli:2907666	path:yli00051
yli:2908059	path:yli00051
yli:2908060	path:yli00051
yli:2908163	path:yli00051
yli:2908330	path:yli00051
yli:2909316	path:yli00051
yli:2910306	path:yli00051
yli:2910811	path:yli00051
yli:2911054	path:yli00051
yli:2911146	path:yli00051
yli:2911546	path:yli00051
yli:2911679	path:yli00051
yli:2911808	path:yli00051
yli:2912006	path:yli00051
yli:2912620	path:yli00051
yli:2906446	path:yli00052
yli:2908739	path:yli00052
yli:2909558	path:yli00052
yli:2909771	path:yli00052
yli:2910306	path:yli00052
yli:2911808	path:yli00052
yli:2912006	path:yli00052
yli:2912080	path:yli00052
yli:2912087	path:yli00052
yli:2912763	path:yli00052
yli:2905787	path:yli00053
yli:2906352	path:yli00053
yli:2906667	path:yli00053
yli:2907909	path:yli00053
yli:2908746	path:yli00053
yli:2908884	path:yli00053
yli:2909058	path:yli00053
yli:2910522	path:yli00053
yli:2910948	path:yli00053
yli:2912865	path:yli00053
yli:90949670	path:yli00053
yli:2907339	path:yli00061
yli:2907422	path:yli00061
yli:2907920	path:yli00061
yli:2909424	path:yli00061
yli:2909892	path:yli00061
yli:2909944	path:yli00061
yli:2911089	path:yli00061
yli:2911723	path:yli00061
yli:2906116	path:yli00062
yli:2906140	path:yli00062
yli:2906871	path:yli00062
yli:2907046	path:yli00062
yli:2908265	path:yli00062
yli:2908579	path:yli00062
yli:2909944	path:yli00062
yli:2905743	path:yli00071
yli:2905787	path:yli00071
yli:2906568	path:yli00071
yli:2906667	path:yli00071
yli:2906871	path:yli00071
yli:2907383	path:yli00071
yli:2907872	path:yli00071
yli:2908746	path:yli00071
yli:2908755	path:yli00071
yli:2908884	path:yli00071
yli:2908970	path:yli00071
yli:2909058	path:yli00071
yli:2909505	path:yli00071
yli:2910175	path:yli00071
yli:2910308	path:yli00071
yli:2910948	path:yli00071
yli:2911068	path:yli00071
yli:2911089	path:yli00071
yli:2911520	path:yli00071
yli:2911586	path:yli00071
yli:2912002	path:yli00071
yli:2912003	path:yli00071
yli:2912402	path:yli00071
yli:2912417	path:yli00071
yli:2912456	path:yli00071
yli:2912865	path:yli00071
yli:90949670	path:yli00071
yli:90949766	path:yli00071
yli:2906079	path:yli00100
yli:2906604	path:yli00100
yli:2906662	path:yli00100
yli:2906679	path:yli00100
yli:2906856	path:yli00100
yli:2907211	path:yli00100
yli:2908079	path:yli00100
yli:2908368	path:yli00100
yli:2908993	path:yli00100
yli:2909028	path:yli00100
yli:2909687	path:yli00100
yli:2910270	path:yli00100
yli:2911155	path:yli00100
yli:2911561	path:yli00100
yli:2912114	path:yli00100
yli:2906060	path:yli00130
yli:2906493	path:yli00130
yli:2906601	path:yli00130
yli:2906915	path:yli00130
yli:2906932	path:yli00130
yli:2907025	path:yli00130
yli:2907146	path:yli00130
yli:2907969	path:yli00130
yli:2908078	path:yli00130
yli:2909922	path:yli00130
yli:2909923	path:yli00130
yli:2909994	path:yli00130
yli:2911510	path:yli00130
yli:2911663	path:yli00130
yli:2911816	path:yli00130
yli:2911847	path:yli00130
yli:2911989	path:yli00130
yli:2912806	path:yli00130
yli:2912831	path:yli00130
yli:2905763	path:yli00190
yli:2905789	path:yli00190
yli:2905953	path:yli00190
yli:2906039	path:yli00190
yli:2906248	path:yli00190
yli:2906335	path:yli00190
yli:2906354	path:yli00190
yli:2906637	path:yli00190
yli:2906704	path:yli00190
yli:2907185	path:yli00190
yli:2907350	path:yli00190
yli:2907546	path:yli00190
yli:2907560	path:yli00190
yli:2907626	path:yli00190
yli:2907662	path:yli00190
yli:2907697	path:yli00190
yli:2907703	path:yli00190
yli:2907731	path:yli00190
yli:2907749	path:yli00190
yli:2907750	path:yli00190
yli:2907762	path:yli00190
yli:2907796	path:yli00190
yli:2907811	path:yli00190
yli:2908158	path:yli00190
yli:2908324	path:yli00190
yli:2908423	path:yli00190
yli:2908424	path:yli00190
yli:2908425	path:yli00190
yli:2908426	path:yli00190
yli:2908447	path:yli00190
yli:2908472	path:yli00190
yli:2908481	path:yli00190
yli:2908594	path:yli00190
yli:2908701	path:yli00190
yli:2908707	path:yli00190
yli:2908754	path:yli00190
yli:2909045	path:yli00190
yli:2909066	path:yli00190
yli:2909269	path:yli00190
yli:2910068	path:yli00190
yli:2910119	path:yli00190
yli:2910146	path:yli00190
yli:2910292	path:yli00190
yli:2910293	path:yli00190
yli:2910329	path:yli00190
yli:2910350	path:yli00190
yli:2910396	path:yli00190
yli:2910508	path:yli00190
yli:2910510	path:yli00190
yli:2910601	path:yli00190
yli:2910661	path:yli00190
yli:2910800	path:yli00190
yli:2910838	path:yli00190
yli:2911149	path:yli00190
yli:2911301	path:yli00190
yli:2911329	path:yli00190
yli:2911580	path:yli00190
yli:2911633	path:yli00190
yli:2911660	path:yli00190
yli:2911778	path:yli00190
yli:2911936	path:yli00190
yli:2911941	path:yli00190
yli:2912247	path:yli00190
yli:2912322	path:yli00190
yli:2912496	path:yli00190
yli:2912577	path:yli00190
yli:2912583	path:yli00190
yli:2912587	path:yli00190
yli:2912750	path:yli00190
yli:2912924	path:yli00190
yli:7009411	path:yli00190
yli:7009423	path:yli00190
yli:7009503	path:yli00190
yli:7009551	path:yli00190
yli:7009581	path:yli00190
yli:7009587	path:yli00190
yli:7009589	path:yli00190
yli:7009605	path:yli00190
yli:7009632	path:yli00190
yli:802596	path:yli00190
yli:802599	path:yli00190
yli:802600	path:yli00190
yli:802601	path:yli00190
yli:802603	path:yli00190
yli:802604	path:yli00190
yli:802606	path:yli00190
yli:802607	path:yli00190
yli:802608	path:yli00190
yli:802609	path:yli00190
yli:802611	path:yli00190
yli:802612	path:yli00190
yli:802613	path:yli00190
yli:802618	path:yli00190
yli:802619	path:yli00190
yli:802621	path:yli00190
yli:802622	path:yli00190
yli:802623	path:yli00190
yli:802624	path:yli00190
yli:90949520	path:yli00190
yli:2906682	path:yli00220
yli:2907212	path:yli00220
yli:2907516	path:yli00220
yli:2908248	path:yli00220
yli:2908646	path:yli00220
yli:2908742	path:yli00220
yli:2909603	path:yli00220
yli:2910247	path:yli00220
yli:2910869	path:yli00220
yli:2910891	path:yli00220
yli:2911272	path:yli00220
yli:2911277	path:yli00220
yli:2911331	path:yli00220
yli:2912016	path:yli00220
yli:2912284	path:yli00220
yli:2912433	path:yli00220
yli:2912445	path:yli00220
yli:2912535	path:yli00220
yli:2912559	path:yli00220
yli:90949668	path:yli00220
yli:2905877	path:yli00230
yli:2906289	path:yli00230
yli:2906609	path:yli00230
yli:2906611	path:yli00230
yli:2906747	path:yli00230
yli:2906785	path:yli00230
yli:2906904	path:yli00230
yli:2906944	path:yli00230
yli:2907024	path:yli00230
yli:2907036	path:yli00230
yli:2907322	path:yli00230
yli:2907367	path:yli00230
yli:2907386	path:yli00230
yli:2907402	path:yli00230
yli:2907498	path:yli00230
yli:2907698	path:yli00230
yli:2908113	path:yli00230
yli:2908285	path:yli00230
yli:2908328	path:yli00230
yli:2908329	path:yli00230
yli:2908353	path:yli00230
yli:2908465	path:yli00230
yli:2908518	path:yli00230
yli:2908556	path:yli00230
yli:2908714	path:yli00230
yli:2908771	path:yli00230
yli:2908774	path:yli00230
yli:2908816	path:yli00230
yli:2908917	path:yli00230
yli:2909747	path:yli00230
yli:2909924	path:yli00230
yli:2909933	path:yli00230
yli:2910307	path:yli00230
yli:2910339	path:yli00230
yli:2910380	path:yli00230
yli:2910560	path:yli00230
yli:2910570	path:yli00230
yli:2911040	path:yli00230
yli:2911112	path:yli00230
yli:2911874	path:yli00230
yli:2912080	path:yli00230
yli:2912087	path:yli00230
yli:2912608	path:yli00230
yli:2912628	path:yli00230
yli:2912651	path:yli00230
yli:2912781	path:yli00230
yli:2912803	path:yli00230
yli:2912877	path:yli00230
yli:7009592	path:yli00230
yli:90949763	path:yli00230
yli:2905877	path:yli00240
yli:2906289	path:yli00240
yli:2906611	path:yli00240
yli:2907099	path:yli00240
yli:2907386	path:yli00240
yli:2907669	path:yli00240
yli:2907733	path:yli00240
yli:2907773	path:yli00240
yli:2907928	path:yli00240
yli:2908285	path:yli00240
yli:2908309	path:yli00240
yli:2908328	path:yli00240
yli:2908580	path:yli00240
yli:2908802	path:yli00240
yli:2908813	path:yli00240
yli:2909366	path:yli00240
yli:2909533	path:yli00240
yli:2909603	path:yli00240
yli:2909630	path:yli00240
yli:2909924	path:yli00240
yli:2909933	path:yli00240
yli:2910028	path:yli00240
yli:2910307	path:yli00240
yli:2910363	path:yli00240
yli:2910570	path:yli00240
yli:2910891	path:yli00240
yli:2911144	path:yli00240
yli:2911220	path:yli00240
yli:2911826	path:yli00240
yli:2911911	path:yli00240
yli:2912535	path:yli00240
yli:90949763	path:yli00240
yli:2906288	path:yli00250
yli:2906682	path:yli00250
yli:2907005	path:yli00250
yli:2907124	path:yli00250
yli:2907167	path:yli00250
yli:2907322	path:yli00250
yli:2907464	path:yli00250
yli:2907498	path:yli00250
yli:2908248	path:yli00250
yli:2908500	path:yli00250
yli:2908646	path:yli00250
yli:2908742	path:yli00250
yli:2908948	path:yli00250
yli:2909296	path:yli00250
yli:2909603	path:yli00250
yli:2910869	path:yli00250
yli:2910891	path:yli00250
yli:2911272	path:yli00250
yli:2911277	path:yli00250
yli:2911630	path:yli00250
yli:2911709	path:yli00250
yli:2911874	path:yli00250
yli:2912535	path:yli00250
yli:2912559	path:yli00250
yli:90949668	path:yli00250
yli:2905739	path:yli00260
yli:2905991	path:yli00260
yli:2906052	path:yli00260
yli:2906427	path:yli00260
yli:2906629	path:yli00260
yli:2906633	path:yli00260
yli:2907141	path:yli00260
yli:2907652	path:yli00260
yli:2907779	path:yli00260
yli:2907881	path:yli00260
yli:2907946	path:yli00260
yli:2908388	path:yli00260
yli:2908468	path:yli00260
yli:2908784	path:yli00260
yli:2908896	path:yli00260
yli:2908991	path:yli00260
yli:2909003	path:yli00260
yli:2909236	path:yli00260
yli:2909556	path:yli00260
yli:2909633	path:yli00260
yli:2910028	path:yli00260
yli:2910150	path:yli00260
yli:2910167	path:yli00260
yli:2910253	path:yli00260
yli:2910365	path:yli00260
yli:2910416	path:yli00260
yli:2910530	path:yli00260
yli:2910708	path:yli00260
yli:2910775	path:yli00260
yli:2911591	path:yli00260
yli:2911630	path:yli00260
yli:2911832	path:yli00260
yli:2912520	path:yli00260
yli:2912595	path:yli00260
yli:2912864	path:yli00260
yli:2907036	path:yli00261
yli:2910253	path:yli00261
yli:2910365	path:yli00261
yli:2906238	path:yli00270
yli:2906518	path:yli00270
yli:2906629	path:yli00270
yli:2906682	path:yli00270
yli:2907274	path:yli00270
yli:2907414	path:yli00270
yli:2907639	path:yli00270
yli:2907881	path:yli00270
yli:2908185	path:yli00270
yli:2908388	path:yli00270
yli:2908396	path:yli00270
yli:2908468	path:yli00270
yli:2908623	path:yli00270
yli:2908635	path:yli00270
yli:2908742	path:yli00270
yli:2908766	path:yli00270
yli:2908911	path:yli00270
yli:2908991	path:yli00270
yli:2909882	path:yli00270
yli:2910006	path:yli00270
yli:2910208	path:yli00270
yli:2910210	path:yli00270
yli:2910253	path:yli00270
yli:2910365	path:yli00270
yli:2910397	path:yli00270
yli:2910416	path:yli00270
yli:2910451	path:yli00270
yli:2910781	path:yli00270
yli:2911236	path:yli00270
yli:2911465	path:yli00270
yli:2911503	path:yli00270
yli:2911812	path:yli00270
yli:2911847	path:yli00270
yli:2911876	path:yli00270
yli:2912492	path:yli00270
yli:2912520	path:yli00270
yli:2912595	path:yli00270
yli:2912845	path:yli00270
yli:2912900	path:yli00270
yli:2905787	path:yli00280
yli:2906667	path:yli00280
yli:2906871	path:yli00280
yli:2907262	path:yli00280
yli:2907383	path:yli00280
yli:2907421	path:yli00280
yli:2907642	path:yli00280
yli:2907781	path:yli00280
yli:2908340	path:yli00280
yli:2908627	path:yli00280
yli:2908746	path:yli00280
yli:2908832	path:yli00280
yli:2908884	path:yli00280
yli:2908911	path:yli00280
yli:2909058	path:yli00280
yli:2909116	path:yli00280
yli:2910150	path:yli00280
yli:2910175	path:yli00280
yli:2910451	path:yli00280
yli:2910670	path:yli00280
yli:2910864	path:yli00280
yli:2910886	path:yli00280
yli:2910948	path:yli00280
yli:2911520	path:yli00280
yli:2911709	path:yli00280
yli:2912002	path:yli00280
yli:2912840	path:yli00280
yli:2912865	path:yli00280
yli:90949670	path:yli00280
yli:2906629	path:yli00290
yli:2907169	path:yli00290
yli:2907408	path:yli00290
yli:2908911	path:yli00290
yli:2909194	path:yli00290
yli:2909610	path:yli00290
yli:2909788	path:yli00290
yli:2910451	path:yli00290
yli:2910530	path:yli00290
yli:2910563	path:yli00290
yli:2912595	path:yli00290
yli:2907616	path:yli00300
yli:2907696	path:yli00300
yli:2910249	path:yli00300
yli:2910253	path:yli00300
yli:2910365	path:yli00300
yli:2910416	path:yli00300
yli:2910431	path:yli00300
yli:2911538	path:yli00300
yli:2911847	path:yli00300
yli:2912118	path:yli00300
yli:2912394	path:yli00300
yli:2905787	path:yli00310
yli:2906667	path:yli00310
yli:2906871	path:yli00310
yli:2907346	path:yli00310
yli:2907383	path:yli00310
yli:2907616	path:yli00310
yli:2908746	path:yli00310
yli:2908755	path:yli00310
yli:2908884	path:yli00310
yli:2908948	path:yli00310
yli:2909058	path:yli00310
yli:2909477	path:yli00310
yli:2910150	path:yli00310
yli:2910249	path:yli00310
yli:2910948	path:yli00310
yli:2911084	path:yli00310
yli:2911519	path:yli00310
yli:2911520	path:yli00310
yli:2911643	path:yli00310
yli:2911710	path:yli00310
yli:2911957	path:yli00310
yli:2912865	path:yli00310
yli:2912906	path:yli00310
yli:90949670	path:yli00310
yli:2907652	path:yli00311
yli:2907946	path:yli00311
yli:2909003	path:yli00311
yli:2911832	path:yli00311
yli:2911988	path:yli00311
yli:2905787	path:yli00330
yli:2906058	path:yli00330
yli:2906667	path:yli00330
yli:2906682	path:yli00330
yli:2906840	path:yli00330
yli:2906855	path:yli00330
yli:2907124	path:yli00330
yli:2907162	path:yli00330
yli:2907614	path:yli00330
yli:2907652	path:yli00330
yli:2907946	path:yli00330
yli:2908742	path:yli00330
yli:2908746	path:yli00330
yli:2908813	path:yli00330
yli:2908884	path:yli00330
yli:2909003	path:yli00330
yli:2909058	path:yli00330
yli:2909646	path:yli00330
yli:2910155	path:yli00330
yli:2910948	path:yli00330
yli:2911812	path:yli00330
yli:2911832	path:yli00330
yli:2911876	path:yli00330
yli:2912052	path:yli00330
yli:2912184	path:yli00330
yli:2912445	path:yli00330
yli:2912580	path:yli00330
yli:2912800	path:yli00330
yli:2912865	path:yli00330
yli:2912997	path:yli00330
yli:90949670	path:yli00330
yli:2906058	path:yli00332
yli:2912997	path:yli00332
yli:2905745	path:yli00340
yli:2905787	path:yli00340
yli:2906667	path:yli00340
yli:2906852	path:yli00340
yli:2908162	path:yli00340
yli:2908746	path:yli00340
yli:2908884	path:yli00340
yli:2909058	path:yli00340
yli:2909557	path:yli00340
yli:2910043	path:yli00340
yli:2910801	path:yli00340
yli:2910948	path:yli00340
yli:2911476	path:yli00340
yli:2912272	path:yli00340
yli:2912527	path:yli00340
yli:2912865	path:yli00340
yli:2912945	path:yli00340
yli:90949670	path:yli00340
yli:2905743	path:yli00350
yli:2906052	path:yli00350
yli:2906568	path:yli00350
yli:2906682	path:yli00350
yli:2906895	path:yli00350
yli:2907146	path:yli00350
yli:2908742	path:yli00350
yli:2908948	path:yli00350
yli:2908970	path:yli00350
yli:2909373	path:yli00350
yli:2909556	path:yli00350
yli:2909625	path:yli00350
yli:2909633	path:yli00350
yli:2911068	path:yli00350
yli:2911847	path:yli00350
yli:2912417	path:yli00350
yli:2912456	path:yli00350
yli:2912945	path:yli00350
yli:90949766	path:yli00350
yli:2906052	path:yli00360
yli:2906682	path:yli00360
yli:2907146	path:yli00360
yli:2907724	path:yli00360
yli:2908742	path:yli00360
yli:2909373	path:yli00360
yli:2909556	path:yli00360
yli:2909633	path:yli00360
yli:2910017	path:yli00360
yli:2910155	path:yli00360
yli:2911847	path:yli00360
yli:2912052	path:yli00360
yli:2912800	path:yli00360
yli:2912945	path:yli00360
yli:2905787	path:yli00380
yli:2906667	path:yli00380
yli:2906871	path:yli00380
yli:2906903	path:yli00380
yli:2907383	path:yli00380
yli:2907509	path:yli00380
yli:2907657	path:yli00380
yli:2908695	path:yli00380
yli:2908746	path:yli00380
yli:2908755	path:yli00380
yli:2908884	path:yli00380
yli:2909058	path:yli00380
yli:2910150	path:yli00380
yli:2910155	path:yli00380
yli:2910925	path:yli00380
yli:2910948	path:yli00380
yli:2911520	path:yli00380
yli:2911643	path:yli00380
yli:2911847	path:yli00380
yli:2911863	path:yli00380
yli:2912051	path:yli00380
yli:2912052	path:yli00380
yli:2912364	path:yli00380
yli:2912800	path:yli00380
yli:2912865	path:yli00380
yli:90949670	path:yli00380
yli:2906621	path:yli00400
yli:2906682	path:yli00400
yli:2907006	path:yli00400
yli:2907521	path:yli00400
yli:2908044	path:yli00400
yli:2908742	path:yli00400
yli:2908896	path:yli00400
yli:2909038	path:yli00400
yli:2909230	path:yli00400
yli:2909373	path:yli00400
yli:2910296	path:yli00400
yli:2910726	path:yli00400
yli:2911092	path:yli00400
yli:2911530	path:yli00400
yli:2911672	path:yli00400
yli:2911847	path:yli00400
yli:2912945	path:yli00400
yli:2905787	path:yli00410
yli:2906052	path:yli00410
yli:2906667	path:yli00410
yli:2906855	path:yli00410
yli:2906871	path:yli00410
yli:2907224	path:yli00410
yli:2907781	path:yli00410
yli:2907872	path:yli00410
yli:2908500	path:yli00410
yli:2908746	path:yli00410
yli:2908884	path:yli00410
yli:2909058	path:yli00410
yli:2909116	path:yli00410
yli:2909296	path:yli00410
yli:2909505	path:yli00410
yli:2909556	path:yli00410
yli:2909633	path:yli00410
yli:2910308	path:yli00410
yli:2910864	path:yli00410
yli:2910948	path:yli00410
yli:2911586	path:yli00410
yli:2911709	path:yli00410
yli:2911997	path:yli00410
yli:2912003	path:yli00410
yli:2912402	path:yli00410
yli:2912865	path:yli00410
yli:90949670	path:yli00410
yli:2908500	path:yli00430
yli:2908623	path:yli00430
yli:2909296	path:yli00430
yli:2909422	path:yli00430
yli:2909890	path:yli00430
yli:2912559	path:yli00430
yli:2909135	path:yli00440
yli:2909306	path:yli00440
yli:2911109	path:yli00440
yli:2912382	path:yli00440
yli:2907036	path:yli00450
yli:2908468	path:yli00450
yli:2908563	path:yli00450
yli:2910397	path:yli00450
yli:2910581	path:yli00450
yli:2911236	path:yli00450
yli:2911244	path:yli00450
yli:2912845	path:yli00450
yli:2906803	path:yli00460
yli:2908155	path:yli00460
yli:2909422	path:yli00460
yli:2909890	path:yli00460
yli:2910775	path:yli00460
yli:2911591	path:yli00460
yli:2906694	path:yli00470
yli:2907652	path:yli00470
yli:2907946	path:yli00470
yli:2909003	path:yli00470
yli:2910167	path:yli00470
yli:2911832	path:yli00470
yli:2912184	path:yli00470
yli:2905868	path:yli00480
yli:2906475	path:yli00480
yli:2906611	path:yli00480
yli:2906632	path:yli00480
yli:2906848	path:yli00480
yli:2906913	path:yli00480
yli:2907274	path:yli00480
yli:2907285	path:yli00480
yli:2907614	path:yli00480
yli:2907702	path:yli00480
yli:2908285	path:yli00480
yli:2908360	path:yli00480
yli:2908373	path:yli00480
yli:2908527	path:yli00480
yli:2909041	path:yli00480
yli:2909060	path:yli00480
yli:2909422	path:yli00480
yli:2909874	path:yli00480
yli:2909890	path:yli00480
yli:2910006	path:yli00480
yli:2910570	path:yli00480
yli:2911465	path:yli00480
yli:2911696	path:yli00480
yli:2911780	path:yli00480
yli:2911876	path:yli00480
yli:2912098	path:yli00480
yli:2912156	path:yli00480
yli:2912994	path:yli00480
yli:2906446	path:yli00500
yli:2906486	path:yli00500
yli:2906803	path:yli00500
yli:2906812	path:yli00500
yli:2907706	path:yli00500
yli:2907835	path:yli00500
yli:2908155	path:yli00500
yli:2908269	path:yli00500
yli:2908394	path:yli00500
yli:2909121	path:yli00500
yli:2909223	path:yli00500
yli:2909876	path:yli00500
yli:2910170	path:yli00500
yli:2910243	path:yli00500
yli:2911808	path:yli00500
yli:2911849	path:yli00500
yli:2911910	path:yli00500
yli:2912006	path:yli00500
yli:2912080	path:yli00500
yli:2912087	path:yli00500
yli:2912279	path:yli00500
yli:2912305	path:yli00500
yli:2905848	path:yli00510
yli:2906147	path:yli00510
yli:2906680	path:yli00510
yli:2906941	path:yli00510
yli:2907364	path:yli00510
yli:2907461	path:yli00510
yli:2907489	path:yli00510
yli:2907632	path:yli00510
yli:2907921	path:yli00510
yli:2908295	path:yli00510
yli:2908679	path:yli00510
yli:2909087	path:yli00510
yli:2910495	path:yli00510
yli:2910710	path:yli00510
yli:2910724	path:yli00510
yli:2910856	path:yli00510
yli:2910867	path:yli00510
yli:2911055	path:yli00510
yli:2911200	path:yli00510
yli:2911218	path:yli00510
yli:2911298	path:yli00510
yli:2911738	path:yli00510
yli:2911827	path:yli00510
yli:2911871	path:yli00510
yli:2911943	path:yli00510
yli:2911951	path:yli00510
yli:2912133	path:yli00510
yli:2912457	path:yli00510
yli:2912497	path:yli00510
yli:2910318	path:yli00511
yli:2906179	path:yli00513
yli:2907461	path:yli00513
yli:2907489	path:yli00513
yli:2907625	path:yli00513
yli:2907921	path:yli00513
yli:2908295	path:yli00513
yli:2908453	path:yli00513
yli:2908873	path:yli00513
yli:2909087	path:yli00513
yli:2909678	path:yli00513
yli:2910495	path:yli00513
yli:2910710	path:yli00513
yli:2910724	path:yli00513
yli:2911200	path:yli00513
yli:2911298	path:yli00513
yli:2911827	path:yli00513
yli:2911871	path:yli00513
yli:2911943	path:yli00513
yli:2911951	path:yli00513
yli:2912086	path:yli00513
yli:2912133	path:yli00513
yli:2912497	path:yli00513
yli:2912616	path:yli00513
yli:2905891	path:yli00514
yli:2909608	path:yli00514
yli:2910429	path:yli00514
yli:2911544	path:yli00514
yli:2912341	path:yli00514
yli:2909608	path:yli00515
yli:2910429	path:yli00515
yli:2911544	path:yli00515
yli:2912341	path:yli00515
yli:2906446	path:yli00520
yli:2906533	path:yli00520
yli:2907464	path:yli00520
yli:2907503	path:yli00520
yli:2907547	path:yli00520
yli:2907680	path:yli00520
yli:2907910	path:yli00520
yli:2908394	path:yli00520
yli:2908739	path:yli00520
yli:2908887	path:yli00520
yli:2909122	path:yli00520
yli:2909316	path:yli00520
yli:2909558	path:yli00520
yli:2909566	path:yli00520
yli:2910328	path:yli00520
yli:2910522	path:yli00520
yli:2910565	path:yli00520
yli:2910804	path:yli00520
yli:2910811	path:yli00520
yli:2910982	path:yli00520
yli:2911199	path:yli00520
yli:2911546	path:yli00520
yli:2911804	path:yli00520
yli:2911805	path:yli00520
yli:2911808	path:yli00520
yli:2911918	path:yli00520
yli:2912006	path:yli00520
yli:2912080	path:yli00520
yli:2912087	path:yli00520
yli:2912131	path:yli00520
yli:2912600	path:yli00520
yli:2912763	path:yli00520
yli:2912973	path:yli00520
yli:2911805	path:yli00531
yli:2906446	path:yli00541
yli:2908786	path:yli00541
yli:2909316	path:yli00541
yli:2910522	path:yli00541
yli:2910663	path:yli00541
yli:2910736	path:yli00541
yli:2911546	path:yli00541
yli:2912131	path:yli00541
yli:2905739	path:yli00561
yli:2905787	path:yli00561
yli:2906478	path:yli00561
yli:2906667	path:yli00561
yli:2906929	path:yli00561
yli:2907198	path:yli00561
yli:2907435	path:yli00561
yli:2907675	path:yli00561
yli:2908059	path:yli00561
yli:2908247	path:yli00561
yli:2908330	path:yli00561
yli:2908407	path:yli00561
yli:2908746	path:yli00561
yli:2908884	path:yli00561
yli:2908993	path:yli00561
yli:2909058	path:yli00561
yli:2909192	path:yli00561
yli:2909202	path:yli00561
yli:2909419	path:yli00561
yli:2909709	path:yli00561
yli:2909725	path:yli00561
yli:2910063	path:yli00561
yli:2910624	path:yli00561
yli:2910948	path:yli00561
yli:2910950	path:yli00561
yli:2911239	path:yli00561
yli:2911303	path:yli00561
yli:2911553	path:yli00561
yli:2911637	path:yli00561
yli:2911739	path:yli00561
yli:2912865	path:yli00561
yli:90949670	path:yli00561
yli:2906394	path:yli00562
yli:2906699	path:yli00562
yli:2907142	path:yli00562
yli:2907416	path:yli00562
yli:2907523	path:yli00562
yli:2907797	path:yli00562
yli:2908163	path:yli00562
yli:2908184	path:yli00562
yli:2908767	path:yli00562
yli:2908946	path:yli00562
yli:2909116	path:yli00562
yli:2909130	path:yli00562
yli:2909392	path:yli00562
yli:2910441	path:yli00562
yli:2910637	path:yli00562
yli:2910855	path:yli00562
yli:2910873	path:yli00562
yli:2911626	path:yli00562
yli:2911856	path:yli00562
yli:2912232	path:yli00562
yli:2912429	path:yli00562
yli:2912682	path:yli00562
yli:2905761	path:yli00563
yli:2905871	path:yli00563
yli:2906583	path:yli00563
yli:2906806	path:yli00563
yli:2906823	path:yli00563
yli:2906919	path:yli00563
yli:2907190	path:yli00563
yli:2907205	path:yli00563
yli:2907632	path:yli00563
yli:2907718	path:yli00563
yli:2907924	path:yli00563
yli:2908395	path:yli00563
yli:2908624	path:yli00563
yli:2908691	path:yli00563
yli:2909128	path:yli00563
yli:2909329	path:yli00563
yli:2909596	path:yli00563
yli:2910629	path:yli00563
yli:2910668	path:yli00563
yli:2911071	path:yli00563
yli:2911259	path:yli00563
yli:2911647	path:yli00563
yli:2911683	path:yli00563
yli:2911939	path:yli00563
yli:2911962	path:yli00563
yli:2912173	path:yli00563
yli:2912581	path:yli00563
yli:2912812	path:yli00563
yli:2912968	path:yli00563
yli:2906466	path:yli00564
yli:2906777	path:yli00564
yli:2906874	path:yli00564
yli:2907009	path:yli00564
yli:2907435	path:yli00564
yli:2907623	path:yli00564
yli:2907675	path:yli00564
yli:2907797	path:yli00564
yli:2908510	path:yli00564
yli:2908578	path:yli00564
yli:2908748	path:yli00564
yli:2908993	path:yli00564
yli:2909033	path:yli00564
yli:2909135	path:yli00564
yli:2909192	path:yli00564
yli:2909306	path:yli00564
yli:2909419	path:yli00564
yli:2909725	path:yli00564
yli:2909726	path:yli00564
yli:2910025	path:yli00564
yli:2910271	path:yli00564
yli:2910575	path:yli00564
yli:2910696	path:yli00564
yli:2910708	path:yli00564
yli:2911109	path:yli00564
yli:2911239	path:yli00564
yli:2911317	path:yli00564
yli:2911499	path:yli00564
yli:2911514	path:yli00564
yli:2911574	path:yli00564
yli:2911642	path:yli00564
yli:2911736	path:yli00564
yli:2911739	path:yli00564
yli:2911906	path:yli00564
yli:2912143	path:yli00564
yli:2912345	path:yli00564
yli:2912382	path:yli00564
yli:2912590	path:yli00564
yli:2912830	path:yli00564
yli:2912985	path:yli00564
yli:7009393	path:yli00564
yli:2906884	path:yli00565
yli:2907675	path:yli00565
yli:2908993	path:yli00565
yli:2909135	path:yli00565
yli:2911736	path:yli00565
yli:2912382	path:yli00565
yli:2908541	path:yli00590
yli:2908993	path:yli00590
yli:2909628	path:yli00590
yli:2911786	path:yli00590
yli:2907872	path:yli00592
yli:2908993	path:yli00592
yli:2909505	path:yli00592
yli:2910308	path:yli00592
yli:2911586	path:yli00592
yli:2912002	path:yli00592
yli:2912003	path:yli00592
yli:2912402	path:yli00592
yli:2906168	path:yli00600
yli:2906207	path:yli00600
yli:2906996	path:yli00600
yli:2907129	path:yli00600
yli:2907213	path:yli00600
yli:2907264	path:yli00600
yli:2908042	path:yli00600
yli:2908386	path:yli00600
yli:2908658	path:yli00600
yli:2909065	path:yli00600
yli:2909150	path:yli00600
yli:2909324	path:yli00600
yli:2910865	path:yli00600
yli:2911056	path:yli00600
yli:2911118	path:yli00600
yli:2911204	path:yli00600
yli:2911614	path:yli00600
yli:2911666	path:yli00600
yli:2911841	path:yli00600
yli:2911886	path:yli00600
yli:2912876	path:yli00600
yli:2912964	path:yli00600
yli:90949719	path:yli00600
yli:2912770	path:yli00604
yli:2905743	path:yli00620
yli:2905787	path:yli00620
yli:2906568	path:yli00620
yli:2906667	path:yli00620
yli:2907169	path:yli00620
yli:2907383	path:yli00620
yli:2907696	path:yli00620
yli:2907873	path:yli00620
yli:2907995	path:yli00620
yli:2908242	path:yli00620
yli:2908334	path:yli00620
yli:2908335	path:yli00620
yli:2908441	path:yli00620
yli:2908574	path:yli00620
yli:2908746	path:yli00620
yli:2908884	path:yli00620
yli:2908970	path:yli00620
yli:2909058	path:yli00620
yli:2909222	path:yli00620
yli:2909313	path:yli00620
yli:2909424	path:yli00620
yli:2909579	path:yli00620
yli:2909815	path:yli00620
yli:2909903	path:yli00620
yli:2910080	path:yli00620
yli:2910136	path:yli00620
yli:2910150	path:yli00620
yli:2910208	path:yli00620
yli:2910361	path:yli00620
yli:2910674	path:yli00620
yli:2910789	path:yli00620
yli:2910793	path:yli00620
yli:2910880	path:yli00620
yli:2910948	path:yli00620
yli:2911068	path:yli00620
yli:2911154	path:yli00620
yli:2911503	path:yli00620
yli:2911520	path:yli00620
yli:2911562	path:yli00620
yli:2911725	path:yli00620
yli:2911890	path:yli00620
yli:2912134	path:yli00620
yli:2912417	path:yli00620
yli:2912456	path:yli00620
yli:2912696	path:yli00620
yli:2912771	path:yli00620
yli:2912865	path:yli00620
yli:90949670	path:yli00620
yli:90949766	path:yli00620
yli:2905739	path:yli00630
yli:2905991	path:yli00630
yli:2906088	path:yli00630
yli:2907004	path:yli00630
yli:2907250	path:yli00630
yli:2907383	path:yli00630
yli:2907419	path:yli00630
yli:2907657	path:yli00630
yli:2907779	path:yli00630
yli:2908123	path:yli00630
yli:2908248	path:yli00630
yli:2908289	path:yli00630
yli:2908441	path:yli00630
yli:2908617	path:yli00630
yli:2908687	path:yli00630
yli:2909302	path:yli00630
yli:2909481	path:yli00630
yli:2910055	path:yli00630
yli:2910150	path:yli00630
yli:2910208	path:yli00630
yli:2910775	path:yli00630
yli:2910842	path:yli00630
yli:2910933	path:yli00630
yli:2911154	path:yli00630
yli:2911255	path:yli00630
yli:2911272	path:yli00630
yli:2911503	path:yli00630
yli:2911506	path:yli00630
yli:2911520	path:yli00630
yli:2911562	path:yli00630
yli:2911567	path:yli00630
yli:2911591	path:yli00630
yli:2911630	path:yli00630
yli:2912051	path:yli00630
yli:2912112	path:yli00630
yli:2912364	path:yli00630
yli:2912850	path:yli00630
yli:2912864	path:yli00630
yli:2912887	path:yli00630
yli:90949746	path:yli00630
yli:2906871	path:yli00640
yli:2907781	path:yli00640
yli:2907872	path:yli00640
yli:2907995	path:yli00640
yli:2908117	path:yli00640
yli:2908123	path:yli00640
yli:2908334	path:yli00640
yli:2908335	path:yli00640
yli:2908441	path:yli00640
yli:2908627	path:yli00640
yli:2909116	path:yli00640
yli:2909302	path:yli00640
yli:2909424	path:yli00640
yli:2909505	path:yli00640
yli:2909903	path:yli00640
yli:2910136	path:yli00640
yli:2910150	path:yli00640
yli:2910308	path:yli00640
yli:2910361	path:yli00640
yli:2910652	path:yli00640
yli:2910670	path:yli00640
yli:2910674	path:yli00640
yli:2910793	path:yli00640
yli:2910864	path:yli00640
yli:2910886	path:yli00640
yli:2911586	path:yli00640
yli:2911709	path:yli00640
yli:2911997	path:yli00640
yli:2912003	path:yli00640
yli:2912402	path:yli00640
yli:2912694	path:yli00640
yli:2906871	path:yli00650
yli:2907383	path:yli00650
yli:2907421	path:yli00650
yli:2907642	path:yli00650
yli:2908340	path:yli00650
yli:2908500	path:yli00650
yli:2908948	path:yli00650
yli:2909194	path:yli00650
yli:2909296	path:yli00650
yli:2909788	path:yli00650
yli:2910017	path:yli00650
yli:2910634	path:yli00650
yli:2911520	path:yli00650
yli:2911709	path:yli00650
yli:2905991	path:yli00670
yli:2906737	path:yli00670
yli:2907081	path:yli00670
yli:2907639	path:yli00670
yli:2907779	path:yli00670
yli:2907923	path:yli00670
yli:2908468	path:yli00670
yli:2908635	path:yli00670
yli:2909366	path:yli00670
yli:2909513	path:yli00670
yli:2910150	path:yli00670
yli:2910380	path:yli00670
yli:2910453	path:yli00670
yli:2910560	path:yli00670
yli:2910775	path:yli00670
yli:2911591	path:yli00670
yli:2912520	path:yli00670
yli:2912574	path:yli00670
yli:2912864	path:yli00670
yli:2906088	path:yli00680
yli:2906186	path:yli00680
yli:2906633	path:yli00680
yli:2907004	path:yli00680
yli:2907141	path:yli00680
yli:2907419	path:yli00680
yli:2907992	path:yli00680
yli:2908059	path:yli00680
yli:2908289	path:yli00680
yli:2908330	path:yli00680
yli:2908388	path:yli00680
yli:2908441	path:yli00680
yli:2908617	path:yli00680
yli:2908687	path:yli00680
yli:2908970	path:yli00680
yli:2908991	path:yli00680
yli:2909481	path:yli00680
yli:2909881	path:yli00680
yli:2910055	path:yli00680
yli:2910306	path:yli00680
yli:2910775	path:yli00680
yli:2911506	path:yli00680
yli:2911567	path:yli00680
yli:2911591	path:yli00680
yli:2911630	path:yli00680
yli:2912620	path:yli00680
yli:90949746	path:yli00680
yli:2906186	path:yli00710
yli:2906682	path:yli00710
yli:2906709	path:yli00710
yli:2908060	path:yli00710
yli:2908163	path:yli00710
yli:2908742	path:yli00710
yli:2909043	path:yli00710
yli:2909273	path:yli00710
yli:2909309	path:yli00710
yli:2910080	path:yli00710
yli:2910137	path:yli00710
yli:2910208	path:yli00710
yli:2910520	path:yli00710
yli:2910869	path:yli00710
yli:2911503	path:yli00710
yli:2912397	path:yli00710
yli:2912620	path:yli00710
yli:2905790	path:yli00730
yli:2906361	path:yli00730
yli:2907367	path:yli00730
yli:2907988	path:yli00730
yli:2908791	path:yli00730
yli:2909412	path:yli00730
yli:2909972	path:yli00730
yli:2911801	path:yli00730
yli:2911892	path:yli00730
yli:2912185	path:yli00730
yli:2912348	path:yli00730
yli:2906195	path:yli00740
yli:2906361	path:yli00740
yli:2906813	path:yli00740
yli:2907158	path:yli00740
yli:2907960	path:yli00740
yli:2908113	path:yli00740
yli:2908791	path:yli00740
yli:2909155	path:yli00740
yli:2910491	path:yli00740
yli:2910911	path:yli00740
yli:2911801	path:yli00740
yli:2912089	path:yli00740
yli:2912348	path:yli00740
yli:2905869	path:yli00750
yli:2907251	path:yli00750
yli:2908144	path:yli00750
yli:2908388	path:yli00750
yli:2908784	path:yli00750
yli:2909586	path:yli00750
yli:2910236	path:yli00750
yli:2911822	path:yli00750
yli:2905877	path:yli00760
yli:2906381	path:yli00760
yli:2906512	path:yli00760
yli:2906552	path:yli00760
yli:2907065	path:yli00760
yli:2907219	path:yli00760
yli:2907733	path:yli00760
yli:2908161	path:yli00760
yli:2908512	path:yli00760
yli:2908714	path:yli00760
yli:2908948	path:yli00760
yli:2909643	path:yli00760
yli:2909933	path:yli00760
yli:2910151	path:yli00760
yli:2910206	path:yli00760
yli:2910307	path:yli00760
yli:2910515	path:yli00760
yli:2912223	path:yli00760
yli:2912425	path:yli00760
yli:2912693	path:yli00760
yli:2912725	path:yli00760
yli:2912803	path:yli00760
yli:2905787	path:yli00770
yli:2906667	path:yli00770
yli:2906784	path:yli00770
yli:2906855	path:yli00770
yli:2907032	path:yli00770
yli:2907224	path:yli00770
yli:2908746	path:yli00770
yli:2908884	path:yli00770
yli:2908911	path:yli00770
yli:2908936	path:yli00770
yli:2908971	path:yli00770
yli:2909058	path:yli00770
yli:2909194	path:yli00770
yli:2909610	path:yli00770
yli:2909788	path:yli00770
yli:2910038	path:yli00770
yli:2910451	path:yli00770
yli:2910563	path:yli00770
yli:2910907	path:yli00770
yli:2910948	path:yli00770
yli:2912395	path:yli00770
yli:2912865	path:yli00770
yli:90949670	path:yli00770
yli:2907920	path:yli00780
yli:2909892	path:yli00780
yli:2910759	path:yli00780
yli:2911674	path:yli00780
yli:2911900	path:yli00780
yli:2912036	path:yli00780
yli:2905991	path:yli00785
yli:2907779	path:yli00785
yli:2907883	path:yli00785
yli:2908574	path:yli00785
yli:2908627	path:yli00785
yli:2909916	path:yli00785
yli:2910150	path:yli00785
yli:2910670	path:yli00785
yli:2910880	path:yli00785
yli:2910886	path:yli00785
yli:2911643	path:yli00785
yli:2912634	path:yli00785
yli:2912771	path:yli00785
yli:2912855	path:yli00785
yli:2912864	path:yli00785
yli:2905762	path:yli00790
yli:2905952	path:yli00790
yli:2906347	path:yli00790
yli:2906386	path:yli00790
yli:2907988	path:yli00790
yli:2908914	path:yli00790
yli:2909513	path:yli00790
yli:2911289	path:yli00790
yli:2912089	path:yli00790
yli:2912550	path:yli00790
yli:2912284	path:yli00791
yli:2912433	path:yli00791
yli:2905815	path:yli00860
yli:2907673	path:yli00860
yli:2908472	path:yli00860
yli:2908703	path:yli00860
yli:2908754	path:yli00860
yli:2908935	path:yli00860
yli:2908950	path:yli00860
yli:2909112	path:yli00860
yli:2909236	path:yli00860
yli:2909518	path:yli00860
yli:2910274	path:yli00860
yli:2911456	path:yli00860
yli:2911615	path:yli00860
yli:2911691	path:yli00860
yli:2912385	path:yli00860
yli:2912753	path:yli00860
yli:2906630	path:yli00900
yli:2906793	path:yli00900
yli:2907383	path:yli00900
yli:2907642	path:yli00900
yli:2907710	path:yli00900
yli:2907970	path:yli00900
yli:2908051	path:yli00900
yli:2908175	path:yli00900
yli:2908438	path:yli00900
yli:2909963	path:yli00900
yli:2909965	path:yli00900
yli:2911219	path:yli00900
yli:2911304	path:yli00900
yli:2911326	path:yli00900
yli:2911520	path:yli00900
yli:2912214	path:yli00900
yli:2912329	path:yli00900
yli:2912386	path:yli00900
yli:2912822	path:yli00900
yli:2912918	path:yli00900
yli:2906604	path:yli00909
yli:2911561	path:yli00909
yli:2907005	path:yli00910
yli:2908004	path:yli00910
yli:2908248	path:yli00910
yli:2908646	path:yli00910
yli:2911272	path:yli00910
yli:2912559	path:yli00910
yli:2906800	path:yli00920
yli:2907036	path:yli00920
yli:2908185	path:yli00920
yli:2908229	path:yli00920
yli:2908556	path:yli00920
yli:2908766	path:yli00920
yli:2910729	path:yli00920
yli:2910781	path:yli00920
yli:2911236	path:yli00920
yli:2911592	path:yli00920
yli:2912492	path:yli00920
yli:2912877	path:yli00920
yli:2912900	path:yli00920
yli:1500496	path:yli00970
yli:1500508	path:yli00970
yli:1500515	path:yli00970
yli:1500517	path:yli00970
yli:1500518	path:yli00970
yli:2905729	path:yli00970
yli:2905752	path:yli00970
yli:2905769	path:yli00970
yli:2905780	path:yli00970
yli:2905805	path:yli00970
yli:2905817	path:yli00970
yli:2905825	path:yli00970
yli:2905828	path:yli00970
yli:2905835	path:yli00970
yli:2905856	path:yli00970
yli:2905858	path:yli00970
yli:2905861	path:yli00970
yli:2905865	path:yli00970
yli:2905896	path:yli00970
yli:2905904	path:yli00970
yli:2905918	path:yli00970
yli:2905919	path:yli00970
yli:2905925	path:yli00970
yli:2905929	path:yli00970
yli:2905933	path:yli00970
yli:2905937	path:yli00970
yli:2905950	path:yli00970
yli:2905955	path:yli00970
yli:2905959	path:yli00970
yli:2905961	path:yli00970
yli:2905970	path:yli00970
yli:2905980	path:yli00970
yli:2905981	path:yli00970
yli:2905985	path:yli00970
yli:2905988	path:yli00970
yli:2906014	path:yli00970
yli:2906015	path:yli00970
yli:2906037	path:yli00970
yli:2906048	path:yli00970
yli:2906068	path:yli00970
yli:2906070	path:yli00970
yli:2906086	path:yli00970
yli:2906095	path:yli00970
yli:2906096	path:yli00970
yli:2906097	path:yli00970
yli:2906099	path:yli00970
yli:2906102	path:yli00970
yli:2906109	path:yli00970
yli:2906112	path:yli00970
yli:2906119	path:yli00970
yli:2906120	path:yli00970
yli:2906126	path:yli00970
yli:2906134	path:yli00970
yli:2906139	path:yli00970
yli:2906146	path:yli00970
yli:2906161	path:yli00970
yli:2906162	path:yli00970
yli:2906165	path:yli00970
yli:2906172	path:yli00970
yli:2906188	path:yli00970
yli:2906208	path:yli00970
yli:2906222	path:yli00970
yli:2906224	path:yli00970
yli:2906226	path:yli00970
yli:2906243	path:yli00970
yli:2906244	path:yli00970
yli:2906251	path:yli00970
yli:2906254	path:yli00970
yli:2906257	path:yli00970
yli:2906261	path:yli00970
yli:2906268	path:yli00970
yli:2906272	path:yli00970
yli:2906277	path:yli00970
yli:2906281	path:yli00970
yli:2906294	path:yli00970
yli:2906309	path:yli00970
yli:2906315	path:yli00970
yli:2906321	path:yli00970
yli:2906339	path:yli00970
yli:2906349	path:yli00970
yli:2906351	path:yli00970
yli:2906358	path:yli00970
yli:2906384	path:yli00970
yli:2906385	path:yli00970
yli:2906399	path:yli00970
yli:2906401	path:yli00970
yli:2906407	path:yli00970
yli:2906410	path:yli00970
yli:2906416	path:yli00970
yli:2906420	path:yli00970
yli:2906450	path:yli00970
yli:2906459	path:yli00970
yli:2906461	path:yli00970
yli:2906462	path:yli00970
yli:2906491	path:yli00970
yli:2906498	path:yli00970
yli:2906500	path:yli00970
yli:2906525	path:yli00970
yli:2906536	path:yli00970
yli:2906553	path:yli00970
yli:2906558	path:yli00970
yli:2906562	path:yli00970
yli:2906573	path:yli00970
yli:2906579	path:yli00970
yli:2906580	path:yli00970
yli:2906584	path:yli00970
yli:2906593	path:yli00970
yli:2906598	path:yli00970
yli:2906610	path:yli00970
yli:2906655	path:yli00970
yli:2906738	path:yli00970
yli:2906742	path:yli00970
yli:2906770	path:yli00970
yli:2906771	path:yli00970
yli:2906818	path:yli00970
yli:2906821	path:yli00970
yli:2906832	path:yli00970
yli:2906846	path:yli00970
yli:2906851	path:yli00970
yli:2906887	path:yli00970
yli:2906890	path:yli00970
yli:2906920	path:yli00970
yli:2906947	path:yli00970
yli:2906962	path:yli00970
yli:2906981	path:yli00970
yli:2907021	path:yli00970
yli:2907055	path:yli00970
yli:2907089	path:yli00970
yli:2907102	path:yli00970
yli:2907115	path:yli00970
yli:2907166	path:yli00970
yli:2907182	path:yli00970
yli:2907184	path:yli00970
yli:2907199	path:yli00970
yli:2907200	path:yli00970
yli:2907204	path:yli00970
yli:2907208	path:yli00970
yli:2907229	path:yli00970
yli:2907235	path:yli00970
yli:2907273	path:yli00970
yli:2907278	path:yli00970
yli:2907296	path:yli00970
yli:2907303	path:yli00970
yli:2907394	path:yli00970
yli:2907403	path:yli00970
yli:2907411	path:yli00970
yli:2907423	path:yli00970
yli:2907478	path:yli00970
yli:2907504	path:yli00970
yli:2907539	path:yli00970
yli:2907579	path:yli00970
yli:2907581	path:yli00970
yli:2907592	path:yli00970
yli:2907628	path:yli00970
yli:2907685	path:yli00970
yli:2907743	path:yli00970
yli:2907758	path:yli00970
yli:2907782	path:yli00970
yli:2907800	path:yli00970
yli:2907804	path:yli00970
yli:2907814	path:yli00970
yli:2907815	path:yli00970
yli:2907819	path:yli00970
yli:2907829	path:yli00970
yli:2907898	path:yli00970
yli:2907935	path:yli00970
yli:2907937	path:yli00970
yli:2907965	path:yli00970
yli:2907991	path:yli00970
yli:2908011	path:yli00970
yli:2908012	path:yli00970
yli:2908024	path:yli00970
yli:2908035	path:yli00970
yli:2908067	path:yli00970
yli:2908082	path:yli00970
yli:2908083	path:yli00970
yli:2908090	path:yli00970
yli:2908128	path:yli00970
yli:2908195	path:yli00970
yli:2908236	path:yli00970
yli:2908237	path:yli00970
yli:2908260	path:yli00970
yli:2908288	path:yli00970
yli:2908325	path:yli00970
yli:2908364	path:yli00970
yli:2908412	path:yli00970
yli:2908477	path:yli00970
yli:2908506	path:yli00970
yli:2908560	path:yli00970
yli:2908563	path:yli00970
yli:2908590	path:yli00970
yli:2908602	path:yli00970
yli:2908606	path:yli00970
yli:2908612	path:yli00970
yli:2908656	path:yli00970
yli:2908663	path:yli00970
yli:2908686	path:yli00970
yli:2908694	path:yli00970
yli:2908728	path:yli00970
yli:2908729	path:yli00970
yli:2908730	path:yli00970
yli:2908745	path:yli00970
yli:2908757	path:yli00970
yli:2908760	path:yli00970
yli:2908770	path:yli00970
yli:2908778	path:yli00970
yli:2908788	path:yli00970
yli:2908801	path:yli00970
yli:2908825	path:yli00970
yli:2908854	path:yli00970
yli:2908864	path:yli00970
yli:2908886	path:yli00970
yli:2908905	path:yli00970
yli:2908912	path:yli00970
yli:2908966	path:yli00970
yli:2908987	path:yli00970
yli:2908989	path:yli00970
yli:2909042	path:yli00970
yli:2909062	path:yli00970
yli:2909068	path:yli00970
yli:2909102	path:yli00970
yli:2909113	path:yli00970
yli:2909126	path:yli00970
yli:2909145	path:yli00970
yli:2909179	path:yli00970
yli:2909208	path:yli00970
yli:2909209	path:yli00970
yli:2909218	path:yli00970
yli:2909267	path:yli00970
yli:2909281	path:yli00970
yli:2909330	path:yli00970
yli:2909344	path:yli00970
yli:2909353	path:yli00970
yli:2909362	path:yli00970
yli:2909369	path:yli00970
yli:2909416	path:yli00970
yli:2909418	path:yli00970
yli:2909434	path:yli00970
yli:2909467	path:yli00970
yli:2909468	path:yli00970
yli:2909510	path:yli00970
yli:2909515	path:yli00970
yli:2909524	path:yli00970
yli:2909526	path:yli00970
yli:2909530	path:yli00970
yli:2909540	path:yli00970
yli:2909544	path:yli00970
yli:2909548	path:yli00970
yli:2909635	path:yli00970
yli:2909642	path:yli00970
yli:2909676	path:yli00970
yli:2909707	path:yli00970
yli:2909728	path:yli00970
yli:2909764	path:yli00970
yli:2909867	path:yli00970
yli:2909886	path:yli00970
yli:2909887	path:yli00970
yli:2909900	path:yli00970
yli:2909912	path:yli00970
yli:2909915	path:yli00970
yli:2909938	path:yli00970
yli:2909939	path:yli00970
yli:2909951	path:yli00970
yli:2909967	path:yli00970
yli:2909968	path:yli00970
yli:2909978	path:yli00970
yli:2909983	path:yli00970
yli:2909998	path:yli00970
yli:2910000	path:yli00970
yli:2910001	path:yli00970
yli:2910002	path:yli00970
yli:2910011	path:yli00970
yli:2910027	path:yli00970
yli:2910042	path:yli00970
yli:2910047	path:yli00970
yli:2910050	path:yli00970
yli:2910053	path:yli00970
yli:2910056	path:yli00970
yli:2910077	path:yli00970
yli:2910086	path:yli00970
yli:2910087	path:yli00970
yli:2910095	path:yli00970
yli:2910110	path:yli00970
yli:2910114	path:yli00970
yli:2910123	path:yli00970
yli:2910149	path:yli00970
yli:2910158	path:yli00970
yli:2910171	path:yli00970
yli:2910182	path:yli00970
yli:2910199	path:yli00970
yli:2910200	path:yli00970
yli:2910201	path:yli00970
yli:2910203	path:yli00970
yli:2910204	path:yli00970
yli:2910220	path:yli00970
yli:2910231	path:yli00970
yli:2910232	path:yli00970
yli:2910233	path:yli00970
yli:2910234	path:yli00970
yli:2910268	path:yli00970
yli:2910327	path:yli00970
yli:2910393	path:yli00970
yli:2910433	path:yli00970
yli:2910469	path:yli00970
yli:2910476	path:yli00970
yli:2910559	path:yli00970
yli:2910566	path:yli00970
yli:2910574	path:yli00970
yli:2910581	path:yli00970
yli:2910590	path:yli00970
yli:2910591	path:yli00970
yli:2910609	path:yli00970
yli:2910643	path:yli00970
yli:2910649	path:yli00970
yli:2910728	path:yli00970
yli:2910753	path:yli00970
yli:2910824	path:yli00970
yli:2910844	path:yli00970
yli:2910860	path:yli00970
yli:2910878	path:yli00970
yli:2910912	path:yli00970
yli:2910935	path:yli00970
yli:2910953	path:yli00970
yli:2910972	path:yli00970
yli:2910989	path:yli00970
yli:2911000	path:yli00970
yli:2911006	path:yli00970
yli:2911007	path:yli00970
yli:2911009	path:yli00970
yli:2911025	path:yli00970
yli:2911044	path:yli00970
yli:2911048	path:yli00970
yli:2911181	path:yli00970
yli:2911205	path:yli00970
yli:2911234	path:yli00970
yli:2911251	path:yli00970
yli:2911328	path:yli00970
yli:2911333	path:yli00970
yli:2911443	path:yli00970
yli:2911467	path:yli00970
yli:2911487	path:yli00970
yli:2911507	path:yli00970
yli:2911513	path:yli00970
yli:2911524	path:yli00970
yli:2911536	path:yli00970
yli:2911554	path:yli00970
yli:2911577	path:yli00970
yli:2911615	path:yli00970
yli:2911648	path:yli00970
yli:2911662	path:yli00970
yli:2911673	path:yli00970
yli:2911691	path:yli00970
yli:2911694	path:yli00970
yli:2911715	path:yli00970
yli:2911757	path:yli00970
yli:2911782	path:yli00970
yli:2911783	path:yli00970
yli:2911798	path:yli00970
yli:2911814	path:yli00970
yli:2911857	path:yli00970
yli:2912018	path:yli00970
yli:2912055	path:yli00970
yli:2912123	path:yli00970
yli:2912126	path:yli00970
yli:2912159	path:yli00970
yli:2912229	path:yli00970
yli:2912230	path:yli00970
yli:2912246	path:yli00970
yli:2912267	path:yli00970
yli:2912270	path:yli00970
yli:2912271	path:yli00970
yli:2912359	path:yli00970
yli:2912361	path:yli00970
yli:2912375	path:yli00970
yli:2912390	path:yli00970
yli:2912422	path:yli00970
yli:2912423	path:yli00970
yli:2912432	path:yli00970
yli:2912437	path:yli00970
yli:2912463	path:yli00970
yli:2912477	path:yli00970
yli:2912483	path:yli00970
yli:2912488	path:yli00970
yli:2912499	path:yli00970
yli:2912501	path:yli00970
yli:2912526	path:yli00970
yli:2912657	path:yli00970
yli:2912666	path:yli00970
yli:2912689	path:yli00970
yli:2912708	path:yli00970
yli:2912712	path:yli00970
yli:2912714	path:yli00970
yli:2912715	path:yli00970
yli:2912716	path:yli00970
yli:2912719	path:yli00970
yli:2912722	path:yli00970
yli:2912732	path:yli00970
yli:2912733	path:yli00970
yli:2912743	path:yli00970
yli:2912758	path:yli00970
yli:2912797	path:yli00970
yli:2912847	path:yli00970
yli:2912848	path:yli00970
yli:2912852	path:yli00970
yli:2912869	path:yli00970
yli:2912921	path:yli00970
yli:2912948	path:yli00970
yli:2912970	path:yli00970
yli:2912978	path:yli00970
yli:2912996	path:yli00970
yli:90949331	path:yli00970
yli:90949691	path:yli00970
yli:2906803	path:yli00999
yli:2907639	path:yli00999
yli:2908044	path:yli00999
yli:2908155	path:yli00999
yli:2906116	path:yli01040
yli:2906140	path:yli01040
yli:2906773	path:yli01040
yli:2907046	path:yli01040
yli:2907872	path:yli01040
yli:2908265	path:yli01040
yli:2909505	path:yli01040
yli:2909806	path:yli01040
yli:2910308	path:yli01040
yli:2910372	path:yli01040
yli:2911586	path:yli01040
yli:2912002	path:yli01040
yli:2912003	path:yli01040
yli:2912402	path:yli01040
yli:2905739	path:yli01100
yli:2905743	path:yli01100
yli:2905745	path:yli01100
yli:2905761	path:yli01100
yli:2905762	path:yli01100
yli:2905763	path:yli01100
yli:2905787	path:yli01100
yli:2905789	path:yli01100
yli:2905790	path:yli01100
yli:2905815	path:yli01100
yli:2905848	path:yli01100
yli:2905868	path:yli01100
yli:2905869	path:yli01100
yli:2905871	path:yli01100
yli:2905877	path:yli01100
yli:2905953	path:yli01100
yli:2905991	path:yli01100
yli:2906039	path:yli01100
yli:2906052	path:yli01100
yli:2906058	path:yli01100
yli:2906060	path:yli01100
yli:2906079	path:yli01100
yli:2906088	path:yli01100
yli:2906116	path:yli01100
yli:2906140	path:yli01100
yli:2906147	path:yli01100
yli:2906168	path:yli01100
yli:2906179	path:yli01100
yli:2906186	path:yli01100
yli:2906195	path:yli01100
yli:2906207	path:yli01100
yli:2906238	path:yli01100
yli:2906248	path:yli01100
yli:2906288	path:yli01100
yli:2906289	path:yli01100
yli:2906335	path:yli01100
yli:2906347	path:yli01100
yli:2906352	path:yli01100
yli:2906354	path:yli01100
yli:2906361	path:yli01100
yli:2906381	path:yli01100
yli:2906386	path:yli01100
yli:2906394	path:yli01100
yli:2906427	path:yli01100
yli:2906446	path:yli01100
yli:2906466	path:yli01100
yli:2906475	path:yli01100
yli:2906478	path:yli01100
yli:2906486	path:yli01100
yli:2906493	path:yli01100
yli:2906512	path:yli01100
yli:2906518	path:yli01100
yli:2906533	path:yli01100
yli:2906552	path:yli01100
yli:2906568	path:yli01100
yli:2906583	path:yli01100
yli:2906601	path:yli01100
yli:2906604	path:yli01100
yli:2906609	path:yli01100
yli:2906611	path:yli01100
yli:2906621	path:yli01100
yli:2906628	path:yli01100
yli:2906629	path:yli01100
yli:2906633	path:yli01100
yli:2906637	path:yli01100
yli:2906662	path:yli01100
yli:2906667	path:yli01100
yli:2906679	path:yli01100
yli:2906680	path:yli01100
yli:2906682	path:yli01100
yli:2906694	path:yli01100
yli:2906699	path:yli01100
yli:2906704	path:yli01100
yli:2906709	path:yli01100
yli:2906737	path:yli01100
yli:2906747	path:yli01100
yli:2906773	path:yli01100
yli:2906777	path:yli01100
yli:2906784	path:yli01100
yli:2906785	path:yli01100
yli:2906793	path:yli01100
yli:2906800	path:yli01100
yli:2906803	path:yli01100
yli:2906806	path:yli01100
yli:2906812	path:yli01100
yli:2906813	path:yli01100
yli:2906823	path:yli01100
yli:2906840	path:yli01100
yli:2906852	path:yli01100
yli:2906855	path:yli01100
yli:2906856	path:yli01100
yli:2906871	path:yli01100
yli:2906884	path:yli01100
yli:2906895	path:yli01100
yli:2906903	path:yli01100
yli:2906904	path:yli01100
yli:2906913	path:yli01100
yli:2906915	path:yli01100
yli:2906919	path:yli01100
yli:2906929	path:yli01100
yli:2906932	path:yli01100
yli:2906941	path:yli01100
yli:2906944	path:yli01100
yli:2906980	path:yli01100
yli:2906996	path:yli01100
yli:2907004	path:yli01100
yli:2907005	path:yli01100
yli:2907006	path:yli01100
yli:2907009	path:yli01100
yli:2907024	path:yli01100
yli:2907025	path:yli01100
yli:2907032	path:yli01100
yli:2907036	path:yli01100
yli:2907046	path:yli01100
yli:2907065	path:yli01100
yli:2907081	path:yli01100
yli:2907099	path:yli01100
yli:2907124	path:yli01100
yli:2907129	path:yli01100
yli:2907141	path:yli01100
yli:2907142	path:yli01100
yli:2907146	path:yli01100
yli:2907158	path:yli01100
yli:2907162	path:yli01100
yli:2907167	path:yli01100
yli:2907169	path:yli01100
yli:2907185	path:yli01100
yli:2907190	path:yli01100
yli:2907198	path:yli01100
yli:2907205	path:yli01100
yli:2907211	path:yli01100
yli:2907212	path:yli01100
yli:2907213	path:yli01100
yli:2907219	path:yli01100
yli:2907224	path:yli01100
yli:2907250	path:yli01100
yli:2907251	path:yli01100
yli:2907262	path:yli01100
yli:2907264	path:yli01100
yli:2907274	path:yli01100
yli:2907285	path:yli01100
yli:2907322	path:yli01100
yli:2907339	path:yli01100
yli:2907343	path:yli01100
yli:2907346	path:yli01100
yli:2907350	path:yli01100
yli:2907364	path:yli01100
yli:2907367	path:yli01100
yli:2907383	path:yli01100
yli:2907386	path:yli01100
yli:2907402	path:yli01100
yli:2907408	path:yli01100
yli:2907414	path:yli01100
yli:2907416	path:yli01100
yli:2907419	path:yli01100
yli:2907421	path:yli01100
yli:2907422	path:yli01100
yli:2907461	path:yli01100
yli:2907464	path:yli01100
yli:2907489	path:yli01100
yli:2907498	path:yli01100
yli:2907503	path:yli01100
yli:2907509	path:yli01100
yli:2907516	path:yli01100
yli:2907521	path:yli01100
yli:2907523	path:yli01100
yli:2907546	path:yli01100
yli:2907547	path:yli01100
yli:2907560	path:yli01100
yli:2907614	path:yli01100
yli:2907616	path:yli01100
yli:2907623	path:yli01100
yli:2907625	path:yli01100
yli:2907626	path:yli01100
yli:2907632	path:yli01100
yli:2907639	path:yli01100
yli:2907642	path:yli01100
yli:2907652	path:yli01100
yli:2907657	path:yli01100
yli:2907662	path:yli01100
yli:2907666	path:yli01100
yli:2907669	path:yli01100
yli:2907673	path:yli01100
yli:2907675	path:yli01100
yli:2907680	path:yli01100
yli:2907696	path:yli01100
yli:2907697	path:yli01100
yli:2907698	path:yli01100
yli:2907702	path:yli01100
yli:2907703	path:yli01100
yli:2907706	path:yli01100
yli:2907710	path:yli01100
yli:2907718	path:yli01100
yli:2907724	path:yli01100
yli:2907731	path:yli01100
yli:2907733	path:yli01100
yli:2907749	path:yli01100
yli:2907750	path:yli01100
yli:2907762	path:yli01100
yli:2907773	path:yli01100
yli:2907779	path:yli01100
yli:2907781	path:yli01100
yli:2907796	path:yli01100
yli:2907797	path:yli01100
yli:2907802	path:yli01100
yli:2907811	path:yli01100
yli:2907835	path:yli01100
yli:2907854	path:yli01100
yli:2907872	path:yli01100
yli:2907873	path:yli01100
yli:2907881	path:yli01100
yli:2907883	path:yli01100
yli:2907909	path:yli01100
yli:2907910	path:yli01100
yli:2907920	path:yli01100
yli:2907921	path:yli01100
yli:2907923	path:yli01100
yli:2907924	path:yli01100
yli:2907928	path:yli01100
yli:2907946	path:yli01100
yli:2907960	path:yli01100
yli:2907969	path:yli01100
yli:2907970	path:yli01100
yli:2907988	path:yli01100
yli:2907992	path:yli01100
yli:2907995	path:yli01100
yli:2908004	path:yli01100
yli:2908042	path:yli01100
yli:2908044	path:yli01100
yli:2908059	path:yli01100
yli:2908060	path:yli01100
yli:2908078	path:yli01100
yli:2908113	path:yli01100
yli:2908117	path:yli01100
yli:2908123	path:yli01100
yli:2908139	path:yli01100
yli:2908144	path:yli01100
yli:2908155	path:yli01100
yli:2908158	path:yli01100
yli:2908161	path:yli01100
yli:2908162	path:yli01100
yli:2908163	path:yli01100
yli:2908184	path:yli01100
yli:2908185	path:yli01100
yli:2908229	path:yli01100
yli:2908242	path:yli01100
yli:2908247	path:yli01100
yli:2908248	path:yli01100
yli:2908265	path:yli01100
yli:2908269	path:yli01100
yli:2908285	path:yli01100
yli:2908289	path:yli01100
yli:2908295	path:yli01100
yli:2908309	path:yli01100
yli:2908328	path:yli01100
yli:2908329	path:yli01100
yli:2908330	path:yli01100
yli:2908334	path:yli01100
yli:2908335	path:yli01100
yli:2908340	path:yli01100
yli:2908360	path:yli01100
yli:2908368	path:yli01100
yli:2908373	path:yli01100
yli:2908382	path:yli01100
yli:2908386	path:yli01100
yli:2908388	path:yli01100
yli:2908394	path:yli01100
yli:2908395	path:yli01100
yli:2908396	path:yli01100
yli:2908407	path:yli01100
yli:2908423	path:yli01100
yli:2908424	path:yli01100
yli:2908425	path:yli01100
yli:2908426	path:yli01100
yli:2908441	path:yli01100
yli:2908447	path:yli01100
yli:2908453	path:yli01100
yli:2908465	path:yli01100
yli:2908468	path:yli01100
yli:2908472	path:yli01100
yli:2908481	path:yli01100
yli:2908500	path:yli01100
yli:2908506	path:yli01100
yli:2908512	path:yli01100
yli:2908518	path:yli01100
yli:2908527	path:yli01100
yli:2908541	path:yli01100
yli:2908556	path:yli01100
yli:2908563	path:yli01100
yli:2908574	path:yli01100
yli:2908579	path:yli01100
yli:2908580	path:yli01100
yli:2908594	path:yli01100
yli:2908617	path:yli01100
yli:2908623	path:yli01100
yli:2908624	path:yli01100
yli:2908627	path:yli01100
yli:2908635	path:yli01100
yli:2908646	path:yli01100
yli:2908658	path:yli01100
yli:2908679	path:yli01100
yli:2908687	path:yli01100
yli:2908691	path:yli01100
yli:2908695	path:yli01100
yli:2908701	path:yli01100
yli:2908703	path:yli01100
yli:2908707	path:yli01100
yli:2908714	path:yli01100
yli:2908739	path:yli01100
yli:2908742	path:yli01100
yli:2908746	path:yli01100
yli:2908748	path:yli01100
yli:2908754	path:yli01100
yli:2908755	path:yli01100
yli:2908766	path:yli01100
yli:2908767	path:yli01100
yli:2908770	path:yli01100
yli:2908771	path:yli01100
yli:2908774	path:yli01100
yli:2908784	path:yli01100
yli:2908791	path:yli01100
yli:2908802	path:yli01100
yli:2908813	path:yli01100
yli:2908816	path:yli01100
yli:2908832	path:yli01100
yli:2908873	path:yli01100
yli:2908884	path:yli01100
yli:2908887	path:yli01100
yli:2908896	path:yli01100
yli:2908911	path:yli01100
yli:2908914	path:yli01100
yli:2908917	path:yli01100
yli:2908935	path:yli01100
yli:2908936	path:yli01100
yli:2908946	path:yli01100
yli:2908948	path:yli01100
yli:2908950	path:yli01100
yli:2908970	path:yli01100
yli:2908971	path:yli01100
yli:2908991	path:yli01100
yli:2908993	path:yli01100
yli:2909003	path:yli01100
yli:2909028	path:yli01100
yli:2909033	path:yli01100
yli:2909038	path:yli01100
yli:2909041	path:yli01100
yli:2909043	path:yli01100
yli:2909045	path:yli01100
yli:2909058	path:yli01100
yli:2909060	path:yli01100
yli:2909065	path:yli01100
yli:2909066	path:yli01100
yli:2909087	path:yli01100
yli:2909112	path:yli01100
yli:2909116	path:yli01100
yli:2909121	path:yli01100
yli:2909122	path:yli01100
yli:2909128	path:yli01100
yli:2909130	path:yli01100
yli:2909135	path:yli01100
yli:2909150	path:yli01100
yli:2909155	path:yli01100
yli:2909192	path:yli01100
yli:2909194	path:yli01100
yli:2909202	path:yli01100
yli:2909221	path:yli01100
yli:2909222	path:yli01100
yli:2909223	path:yli01100
yli:2909230	path:yli01100
yli:2909236	path:yli01100
yli:2909273	path:yli01100
yli:2909296	path:yli01100
yli:2909302	path:yli01100
yli:2909306	path:yli01100
yli:2909309	path:yli01100
yli:2909313	path:yli01100
yli:2909316	path:yli01100
yli:2909324	path:yli01100
yli:2909329	path:yli01100
yli:2909366	path:yli01100
yli:2909373	path:yli01100
yli:2909392	path:yli01100
yli:2909412	path:yli01100
yli:2909422	path:yli01100
yli:2909424	path:yli01100
yli:2909477	path:yli01100
yli:2909481	path:yli01100
yli:2909505	path:yli01100
yli:2909513	path:yli01100
yli:2909518	path:yli01100
yli:2909533	path:yli01100
yli:2909556	path:yli01100
yli:2909557	path:yli01100
yli:2909558	path:yli01100
yli:2909566	path:yli01100
yli:2909579	path:yli01100
yli:2909586	path:yli01100
yli:2909596	path:yli01100
yli:2909603	path:yli01100
yli:2909608	path:yli01100
yli:2909610	path:yli01100
yli:2909625	path:yli01100
yli:2909628	path:yli01100
yli:2909630	path:yli01100
yli:2909633	path:yli01100
yli:2909643	path:yli01100
yli:2909646	path:yli01100
yli:2909678	path:yli01100
yli:2909687	path:yli01100
yli:2909709	path:yli01100
yli:2909725	path:yli01100
yli:2909747	path:yli01100
yli:2909771	path:yli01100
yli:2909788	path:yli01100
yli:2909806	path:yli01100
yli:2909815	path:yli01100
yli:2909874	path:yli01100
yli:2909876	path:yli01100
yli:2909881	path:yli01100
yli:2909882	path:yli01100
yli:2909890	path:yli01100
yli:2909892	path:yli01100
yli:2909903	path:yli01100
yli:2909912	path:yli01100
yli:2909916	path:yli01100
yli:2909922	path:yli01100
yli:2909923	path:yli01100
yli:2909924	path:yli01100
yli:2909933	path:yli01100
yli:2909944	path:yli01100
yli:2909945	path:yli01100
yli:2909972	path:yli01100
yli:2909987	path:yli01100
yli:2909994	path:yli01100
yli:2910006	path:yli01100
yli:2910017	path:yli01100
yli:2910028	path:yli01100
yli:2910038	path:yli01100
yli:2910043	path:yli01100
yli:2910055	path:yli01100
yli:2910063	path:yli01100
yli:2910068	path:yli01100
yli:2910080	path:yli01100
yli:2910119	path:yli01100
yli:2910136	path:yli01100
yli:2910137	path:yli01100
yli:2910146	path:yli01100
yli:2910150	path:yli01100
yli:2910151	path:yli01100
yli:2910155	path:yli01100
yli:2910167	path:yli01100
yli:2910170	path:yli01100
yli:2910175	path:yli01100
yli:2910206	path:yli01100
yli:2910208	path:yli01100
yli:2910210	path:yli01100
yli:2910236	path:yli01100
yli:2910243	path:yli01100
yli:2910247	path:yli01100
yli:2910249	path:yli01100
yli:2910253	path:yli01100
yli:2910270	path:yli01100
yli:2910271	path:yli01100
yli:2910274	path:yli01100
yli:2910292	path:yli01100
yli:2910293	path:yli01100
yli:2910296	path:yli01100
yli:2910306	path:yli01100
yli:2910307	path:yli01100
yli:2910308	path:yli01100
yli:2910328	path:yli01100
yli:2910329	path:yli01100
yli:2910339	path:yli01100
yli:2910350	path:yli01100
yli:2910361	path:yli01100
yli:2910363	path:yli01100
yli:2910365	path:yli01100
yli:2910372	path:yli01100
yli:2910380	path:yli01100
yli:2910381	path:yli01100
yli:2910396	path:yli01100
yli:2910397	path:yli01100
yli:2910416	path:yli01100
yli:2910429	path:yli01100
yli:2910431	path:yli01100
yli:2910441	path:yli01100
yli:2910451	path:yli01100
yli:2910453	path:yli01100
yli:2910491	path:yli01100
yli:2910495	path:yli01100
yli:2910508	path:yli01100
yli:2910510	path:yli01100
yli:2910515	path:yli01100
yli:2910520	path:yli01100
yli:2910522	path:yli01100
yli:2910530	path:yli01100
yli:2910560	path:yli01100
yli:2910563	path:yli01100
yli:2910565	path:yli01100
yli:2910570	path:yli01100
yli:2910575	path:yli01100
yli:2910581	path:yli01100
yli:2910601	path:yli01100
yli:2910624	path:yli01100
yli:2910629	path:yli01100
yli:2910634	path:yli01100
yli:2910637	path:yli01100
yli:2910652	path:yli01100
yli:2910661	path:yli01100
yli:2910668	path:yli01100
yli:2910670	path:yli01100
yli:2910674	path:yli01100
yli:2910708	path:yli01100
yli:2910710	path:yli01100
yli:2910724	path:yli01100
yli:2910726	path:yli01100
yli:2910729	path:yli01100
yli:2910746	path:yli01100
yli:2910759	path:yli01100
yli:2910775	path:yli01100
yli:2910781	path:yli01100
yli:2910787	path:yli01100
yli:2910789	path:yli01100
yli:2910793	path:yli01100
yli:2910794	path:yli01100
yli:2910800	path:yli01100
yli:2910801	path:yli01100
yli:2910804	path:yli01100
yli:2910811	path:yli01100
yli:2910838	path:yli01100
yli:2910842	path:yli01100
yli:2910855	path:yli01100
yli:2910856	path:yli01100
yli:2910864	path:yli01100
yli:2910865	path:yli01100
yli:2910867	path:yli01100
yli:2910868	path:yli01100
yli:2910869	path:yli01100
yli:2910873	path:yli01100
yli:2910880	path:yli01100
yli:2910886	path:yli01100
yli:2910891	path:yli01100
yli:2910903	path:yli01100
yli:2910907	path:yli01100
yli:2910911	path:yli01100
yli:2910925	path:yli01100
yli:2910933	path:yli01100
yli:2910948	path:yli01100
yli:2910950	path:yli01100
yli:2910982	path:yli01100
yli:2910997	path:yli01100
yli:2911040	path:yli01100
yli:2911054	path:yli01100
yli:2911055	path:yli01100
yli:2911056	path:yli01100
yli:2911068	path:yli01100
yli:2911071	path:yli01100
yli:2911084	path:yli01100
yli:2911089	path:yli01100
yli:2911092	path:yli01100
yli:2911109	path:yli01100
yli:2911112	path:yli01100
yli:2911118	path:yli01100
yli:2911144	path:yli01100
yli:2911146	path:yli01100
yli:2911149	path:yli01100
yli:2911154	path:yli01100
yli:2911155	path:yli01100
yli:2911199	path:yli01100
yli:2911200	path:yli01100
yli:2911204	path:yli01100
yli:2911218	path:yli01100
yli:2911219	path:yli01100
yli:2911220	path:yli01100
yli:2911236	path:yli01100
yli:2911239	path:yli01100
yli:2911255	path:yli01100
yli:2911259	path:yli01100
yli:2911272	path:yli01100
yli:2911277	path:yli01100
yli:2911298	path:yli01100
yli:2911301	path:yli01100
yli:2911303	path:yli01100
yli:2911329	path:yli01100
yli:2911331	path:yli01100
yli:2911456	path:yli01100
yli:2911465	path:yli01100
yli:2911476	path:yli01100
yli:2911499	path:yli01100
yli:2911503	path:yli01100
yli:2911506	path:yli01100
yli:2911510	path:yli01100
yli:2911514	path:yli01100
yli:2911519	path:yli01100
yli:2911520	path:yli01100
yli:2911530	path:yli01100
yli:2911538	path:yli01100
yli:2911544	path:yli01100
yli:2911546	path:yli01100
yli:2911553	path:yli01100
yli:2911561	path:yli01100
yli:2911562	path:yli01100
yli:2911567	path:yli01100
yli:2911580	path:yli01100
yli:2911586	path:yli01100
yli:2911591	path:yli01100
yli:2911592	path:yli01100
yli:2911614	path:yli01100
yli:2911615	path:yli01100
yli:2911626	path:yli01100
yli:2911630	path:yli01100
yli:2911633	path:yli01100
yli:2911637	path:yli01100
yli:2911642	path:yli01100
yli:2911643	path:yli01100
yli:2911647	path:yli01100
yli:2911660	path:yli01100
yli:2911663	path:yli01100
yli:2911666	path:yli01100
yli:2911672	path:yli01100
yli:2911674	path:yli01100
yli:2911679	path:yli01100
yli:2911683	path:yli01100
yli:2911691	path:yli01100
yli:2911696	path:yli01100
yli:2911709	path:yli01100
yli:2911710	path:yli01100
yli:2911723	path:yli01100
yli:2911736	path:yli01100
yli:2911738	path:yli01100
yli:2911739	path:yli01100
yli:2911778	path:yli01100
yli:2911780	path:yli01100
yli:2911786	path:yli01100
yli:2911801	path:yli01100
yli:2911804	path:yli01100
yli:2911805	path:yli01100
yli:2911808	path:yli01100
yli:2911812	path:yli01100
yli:2911816	path:yli01100
yli:2911822	path:yli01100
yli:2911826	path:yli01100
yli:2911827	path:yli01100
yli:2911832	path:yli01100
yli:2911841	path:yli01100
yli:2911847	path:yli01100
yli:2911849	path:yli01100
yli:2911856	path:yli01100
yli:2911863	path:yli01100
yli:2911871	path:yli01100
yli:2911874	path:yli01100
yli:2911876	path:yli01100
yli:2911886	path:yli01100
yli:2911890	path:yli01100
yli:2911892	path:yli01100
yli:2911900	path:yli01100
yli:2911910	path:yli01100
yli:2911911	path:yli01100
yli:2911918	path:yli01100
yli:2911936	path:yli01100
yli:2911939	path:yli01100
yli:2911941	path:yli01100
yli:2911943	path:yli01100
yli:2911951	path:yli01100
yli:2911957	path:yli01100
yli:2911962	path:yli01100
yli:2911988	path:yli01100
yli:2911989	path:yli01100
yli:2911997	path:yli01100
yli:2912002	path:yli01100
yli:2912003	path:yli01100
yli:2912006	path:yli01100
yli:2912016	path:yli01100
yli:2912036	path:yli01100
yli:2912051	path:yli01100
yli:2912052	path:yli01100
yli:2912080	path:yli01100
yli:2912086	path:yli01100
yli:2912087	path:yli01100
yli:2912089	path:yli01100
yli:2912098	path:yli01100
yli:2912101	path:yli01100
yli:2912112	path:yli01100
yli:2912114	path:yli01100
yli:2912118	path:yli01100
yli:2912131	path:yli01100
yli:2912133	path:yli01100
yli:2912134	path:yli01100
yli:2912156	path:yli01100
yli:2912173	path:yli01100
yli:2912184	path:yli01100
yli:2912185	path:yli01100
yli:2912199	path:yli01100
yli:2912214	path:yli01100
yli:2912223	path:yli01100
yli:2912232	path:yli01100
yli:2912247	path:yli01100
yli:2912272	path:yli01100
yli:2912276	path:yli01100
yli:2912279	path:yli01100
yli:2912284	path:yli01100
yli:2912305	path:yli01100
yli:2912322	path:yli01100
yli:2912329	path:yli01100
yli:2912341	path:yli01100
yli:2912345	path:yli01100
yli:2912348	path:yli01100
yli:2912364	path:yli01100
yli:2912382	path:yli01100
yli:2912385	path:yli01100
yli:2912386	path:yli01100
yli:2912394	path:yli01100
yli:2912395	path:yli01100
yli:2912397	path:yli01100
yli:2912402	path:yli01100
yli:2912417	path:yli01100
yli:2912425	path:yli01100
yli:2912429	path:yli01100
yli:2912433	path:yli01100
yli:2912445	path:yli01100
yli:2912456	path:yli01100
yli:2912457	path:yli01100
yli:2912492	path:yli01100
yli:2912496	path:yli01100
yli:2912497	path:yli01100
yli:2912520	path:yli01100
yli:2912526	path:yli01100
yli:2912527	path:yli01100
yli:2912535	path:yli01100
yli:2912550	path:yli01100
yli:2912559	path:yli01100
yli:2912574	path:yli01100
yli:2912577	path:yli01100
yli:2912580	path:yli01100
yli:2912581	path:yli01100
yli:2912583	path:yli01100
yli:2912587	path:yli01100
yli:2912595	path:yli01100
yli:2912600	path:yli01100
yli:2912608	path:yli01100
yli:2912616	path:yli01100
yli:2912620	path:yli01100
yli:2912628	path:yli01100
yli:2912634	path:yli01100
yli:2912651	path:yli01100
yli:2912682	path:yli01100
yli:2912693	path:yli01100
yli:2912694	path:yli01100
yli:2912696	path:yli01100
yli:2912725	path:yli01100
yli:2912750	path:yli01100
yli:2912753	path:yli01100
yli:2912763	path:yli01100
yli:2912770	path:yli01100
yli:2912771	path:yli01100
yli:2912781	path:yli01100
yli:2912793	path:yli01100
yli:2912800	path:yli01100
yli:2912803	path:yli01100
yli:2912806	path:yli01100
yli:2912812	path:yli01100
yli:2912830	path:yli01100
yli:2912831	path:yli01100
yli:2912835	path:yli01100
yli:2912840	path:yli01100
yli:2912845	path:yli01100
yli:2912850	path:yli01100
yli:2912855	path:yli01100
yli:2912864	path:yli01100
yli:2912865	path:yli01100
yli:2912876	path:yli01100
yli:2912877	path:yli01100
yli:2912887	path:yli01100
yli:2912900	path:yli01100
yli:2912906	path:yli01100
yli:2912924	path:yli01100
yli:2912945	path:yli01100
yli:2912964	path:yli01100
yli:2912968	path:yli01100
yli:2912973	path:yli01100
yli:2912994	path:yli01100
yli:2912997	path:yli01100
yli:7009411	path:yli01100
yli:7009423	path:yli01100
yli:7009503	path:yli01100
yli:7009551	path:yli01100
yli:7009581	path:yli01100
yli:7009587	path:yli01100
yli:7009589	path:yli01100
yli:7009592	path:yli01100
yli:7009605	path:yli01100
yli:7009632	path:yli01100
yli:802596	path:yli01100
yli:802599	path:yli01100
yli:802600	path:yli01100
yli:802601	path:yli01100
yli:802603	path:yli01100
yli:802604	path:yli01100
yli:802606	path:yli01100
yli:802607	path:yli01100
yli:802608	path:yli01100
yli:802609	path:yli01100
yli:802611	path:yli01100
yli:802612	path:yli01100
yli:802613	path:yli01100
yli:802618	path:yli01100
yli:802619	path:yli01100
yli:802621	path:yli01100
yli:802622	path:yli01100
yli:802623	path:yli01100
yli:802624	path:yli01100
yli:90949520	path:yli01100
yli:90949668	path:yli01100
yli:90949670	path:yli01100
yli:90949719	path:yli01100
yli:90949746	path:yli01100
yli:90949763	path:yli01100
yli:90949766	path:yli01100
yli:2905739	path:yli01110
yli:2905743	path:yli01110
yli:2905745	path:yli01110
yli:2905787	path:yli01110
yli:2905815	path:yli01110
yli:2905877	path:yli01110
yli:2905991	path:yli01110
yli:2906052	path:yli01110
yli:2906058	path:yli01110
yli:2906060	path:yli01110
yli:2906079	path:yli01110
yli:2906116	path:yli01110
yli:2906140	path:yli01110
yli:2906186	path:yli01110
yli:2906195	path:yli01110
yli:2906248	path:yli01110
yli:2906288	path:yli01110
yli:2906289	path:yli01110
yli:2906427	path:yli01110
yli:2906446	path:yli01110
yli:2906478	path:yli01110
yli:2906486	path:yli01110
yli:2906493	path:yli01110
yli:2906568	path:yli01110
yli:2906601	path:yli01110
yli:2906604	path:yli01110
yli:2906609	path:yli01110
yli:2906621	path:yli01110
yli:2906629	path:yli01110
yli:2906630	path:yli01110
yli:2906633	path:yli01110
yli:2906662	path:yli01110
yli:2906667	path:yli01110
yli:2906679	path:yli01110
yli:2906682	path:yli01110
yli:2906699	path:yli01110
yli:2906709	path:yli01110
yli:2906747	path:yli01110
yli:2906777	path:yli01110
yli:2906784	path:yli01110
yli:2906793	path:yli01110
yli:2906803	path:yli01110
yli:2906813	path:yli01110
yli:2906840	path:yli01110
yli:2906852	path:yli01110
yli:2906856	path:yli01110
yli:2906871	path:yli01110
yli:2906913	path:yli01110
yli:2906915	path:yli01110
yli:2906929	path:yli01110
yli:2906932	path:yli01110
yli:2906944	path:yli01110
yli:2907005	path:yli01110
yli:2907006	path:yli01110
yli:2907009	path:yli01110
yli:2907025	path:yli01110
yli:2907032	path:yli01110
yli:2907036	path:yli01110
yli:2907046	path:yli01110
yli:2907141	path:yli01110
yli:2907158	path:yli01110
yli:2907162	path:yli01110
yli:2907169	path:yli01110
yli:2907198	path:yli01110
yli:2907211	path:yli01110
yli:2907212	path:yli01110
yli:2907224	path:yli01110
yli:2907250	path:yli01110
yli:2907322	path:yli01110
yli:2907367	path:yli01110
yli:2907383	path:yli01110
yli:2907402	path:yli01110
yli:2907408	path:yli01110
yli:2907435	path:yli01110
yli:2907498	path:yli01110
yli:2907516	path:yli01110
yli:2907521	path:yli01110
yli:2907547	path:yli01110
yli:2907614	path:yli01110
yli:2907616	path:yli01110
yli:2907639	path:yli01110
yli:2907642	path:yli01110
yli:2907652	path:yli01110
yli:2907657	path:yli01110
yli:2907673	path:yli01110
yli:2907675	path:yli01110
yli:2907696	path:yli01110
yli:2907698	path:yli01110
yli:2907702	path:yli01110
yli:2907706	path:yli01110
yli:2907710	path:yli01110
yli:2907779	path:yli01110
yli:2907835	path:yli01110
yli:2907872	path:yli01110
yli:2907873	path:yli01110
yli:2907881	path:yli01110
yli:2907946	path:yli01110
yli:2907969	path:yli01110
yli:2907970	path:yli01110
yli:2907992	path:yli01110
yli:2908044	path:yli01110
yli:2908051	path:yli01110
yli:2908059	path:yli01110
yli:2908060	path:yli01110
yli:2908078	path:yli01110
yli:2908123	path:yli01110
yli:2908155	path:yli01110
yli:2908162	path:yli01110
yli:2908163	path:yli01110
yli:2908175	path:yli01110
yli:2908185	path:yli01110
yli:2908247	path:yli01110
yli:2908248	path:yli01110
yli:2908265	path:yli01110
yli:2908328	path:yli01110
yli:2908330	path:yli01110
yli:2908353	path:yli01110
yli:2908368	path:yli01110
yli:2908382	path:yli01110
yli:2908388	path:yli01110
yli:2908394	path:yli01110
yli:2908407	path:yli01110
yli:2908438	path:yli01110
yli:2908441	path:yli01110
yli:2908465	path:yli01110
yli:2908468	path:yli01110
yli:2908472	path:yli01110
yli:2908500	path:yli01110
yli:2908574	path:yli01110
yli:2908627	path:yli01110
yli:2908703	path:yli01110
yli:2908714	path:yli01110
yli:2908742	path:yli01110
yli:2908746	path:yli01110
yli:2908754	path:yli01110
yli:2908755	path:yli01110
yli:2908784	path:yli01110
yli:2908884	path:yli01110
yli:2908896	path:yli01110
yli:2908911	path:yli01110
yli:2908917	path:yli01110
yli:2908935	path:yli01110
yli:2908936	path:yli01110
yli:2908950	path:yli01110
yli:2908970	path:yli01110
yli:2908991	path:yli01110
yli:2908993	path:yli01110
yli:2909003	path:yli01110
yli:2909028	path:yli01110
yli:2909033	path:yli01110
yli:2909038	path:yli01110
yli:2909043	path:yli01110
yli:2909058	path:yli01110
yli:2909112	path:yli01110
yli:2909155	path:yli01110
yli:2909192	path:yli01110
yli:2909194	path:yli01110
yli:2909202	path:yli01110
yli:2909221	path:yli01110
yli:2909222	path:yli01110
yli:2909223	path:yli01110
yli:2909230	path:yli01110
yli:2909236	path:yli01110
yli:2909273	path:yli01110
yli:2909296	path:yli01110
yli:2909302	path:yli01110
yli:2909309	path:yli01110
yli:2909316	path:yli01110
yli:2909373	path:yli01110
yli:2909419	path:yli01110
yli:2909424	path:yli01110
yli:2909505	path:yli01110
yli:2909556	path:yli01110
yli:2909557	path:yli01110
yli:2909603	path:yli01110
yli:2909610	path:yli01110
yli:2909633	path:yli01110
yli:2909646	path:yli01110
yli:2909687	path:yli01110
yli:2909709	path:yli01110
yli:2909725	path:yli01110
yli:2909771	path:yli01110
yli:2909788	path:yli01110
yli:2909876	path:yli01110
yli:2909892	path:yli01110
yli:2909922	path:yli01110
yli:2909923	path:yli01110
yli:2909924	path:yli01110
yli:2909933	path:yli01110
yli:2909945	path:yli01110
yli:2909963	path:yli01110
yli:2909965	path:yli01110
yli:2909987	path:yli01110
yli:2909994	path:yli01110
yli:2910043	path:yli01110
yli:2910063	path:yli01110
yli:2910080	path:yli01110
yli:2910137	path:yli01110
yli:2910150	path:yli01110
yli:2910170	path:yli01110
yli:2910175	path:yli01110
yli:2910208	path:yli01110
yli:2910243	path:yli01110
yli:2910247	path:yli01110
yli:2910249	path:yli01110
yli:2910253	path:yli01110
yli:2910270	path:yli01110
yli:2910271	path:yli01110
yli:2910274	path:yli01110
yli:2910296	path:yli01110
yli:2910306	path:yli01110
yli:2910307	path:yli01110
yli:2910308	path:yli01110
yli:2910329	path:yli01110
yli:2910339	path:yli01110
yli:2910350	path:yli01110
yli:2910365	path:yli01110
yli:2910380	path:yli01110
yli:2910381	path:yli01110
yli:2910397	path:yli01110
yli:2910416	path:yli01110
yli:2910431	path:yli01110
yli:2910451	path:yli01110
yli:2910520	path:yli01110
yli:2910530	path:yli01110
yli:2910560	path:yli01110
yli:2910563	path:yli01110
yli:2910575	path:yli01110
yli:2910624	path:yli01110
yli:2910637	path:yli01110
yli:2910652	path:yli01110
yli:2910670	path:yli01110
yli:2910708	path:yli01110
yli:2910726	path:yli01110
yli:2910775	path:yli01110
yli:2910781	path:yli01110
yli:2910787	path:yli01110
yli:2910794	path:yli01110
yli:2910811	path:yli01110
yli:2910842	path:yli01110
yli:2910868	path:yli01110
yli:2910880	path:yli01110
yli:2910886	path:yli01110
yli:2910891	path:yli01110
yli:2910911	path:yli01110
yli:2910933	path:yli01110
yli:2910948	path:yli01110
yli:2910950	path:yli01110
yli:2910997	path:yli01110
yli:2911068	path:yli01110
yli:2911092	path:yli01110
yli:2911154	path:yli01110
yli:2911155	path:yli01110
yli:2911219	path:yli01110
yli:2911236	path:yli01110
yli:2911239	path:yli01110
yli:2911255	path:yli01110
yli:2911272	path:yli01110
yli:2911277	path:yli01110
yli:2911303	path:yli01110
yli:2911304	path:yli01110
yli:2911326	path:yli01110
yli:2911331	path:yli01110
yli:2911456	path:yli01110
yli:2911476	path:yli01110
yli:2911503	path:yli01110
yli:2911510	path:yli01110
yli:2911514	path:yli01110
yli:2911520	path:yli01110
yli:2911530	path:yli01110
yli:2911538	path:yli01110
yli:2911546	path:yli01110
yli:2911553	path:yli01110
yli:2911561	path:yli01110
yli:2911562	path:yli01110
yli:2911586	path:yli01110
yli:2911591	path:yli01110
yli:2911615	path:yli01110
yli:2911630	path:yli01110
yli:2911637	path:yli01110
yli:2911643	path:yli01110
yli:2911663	path:yli01110
yli:2911672	path:yli01110
yli:2911691	path:yli01110
yli:2911723	path:yli01110
yli:2911736	path:yli01110
yli:2911739	path:yli01110
yli:2911808	path:yli01110
yli:2911812	path:yli01110
yli:2911816	path:yli01110
yli:2911832	path:yli01110
yli:2911847	path:yli01110
yli:2911876	path:yli01110
yli:2911910	path:yli01110
yli:2911936	path:yli01110
yli:2911988	path:yli01110
yli:2911989	path:yli01110
yli:2912002	path:yli01110
yli:2912003	path:yli01110
yli:2912006	path:yli01110
yli:2912016	path:yli01110
yli:2912051	path:yli01110
yli:2912080	path:yli01110
yli:2912087	path:yli01110
yli:2912089	path:yli01110
yli:2912101	path:yli01110
yli:2912112	path:yli01110
yli:2912114	path:yli01110
yli:2912118	path:yli01110
yli:2912199	path:yli01110
yli:2912214	path:yli01110
yli:2912272	path:yli01110
yli:2912276	path:yli01110
yli:2912284	path:yli01110
yli:2912305	path:yli01110
yli:2912329	path:yli01110
yli:2912345	path:yli01110
yli:2912364	path:yli01110
yli:2912382	path:yli01110
yli:2912386	path:yli01110
yli:2912394	path:yli01110
yli:2912397	path:yli01110
yli:2912402	path:yli01110
yli:2912417	path:yli01110
yli:2912433	path:yli01110
yli:2912445	path:yli01110
yli:2912456	path:yli01110
yli:2912492	path:yli01110
yli:2912520	path:yli01110
yli:2912527	path:yli01110
yli:2912535	path:yli01110
yli:2912580	path:yli01110
yli:2912595	path:yli01110
yli:2912620	path:yli01110
yli:2912628	path:yli01110
yli:2912651	path:yli01110
yli:2912694	path:yli01110
yli:2912753	path:yli01110
yli:2912771	path:yli01110
yli:2912781	path:yli01110
yli:2912793	path:yli01110
yli:2912806	path:yli01110
yli:2912822	path:yli01110
yli:2912830	path:yli01110
yli:2912831	path:yli01110
yli:2912845	path:yli01110
yli:2912855	path:yli01110
yli:2912864	path:yli01110
yli:2912865	path:yli01110
yli:2912887	path:yli01110
yli:2912900	path:yli01110
yli:2912918	path:yli01110
yli:2912945	path:yli01110
yli:2912994	path:yli01110
yli:2912997	path:yli01110
yli:90949668	path:yli01110
yli:90949670	path:yli01110
yli:90949766	path:yli01110
yli:2905739	path:yli01200
yli:2905991	path:yli01200
yli:2906088	path:yli01200
yli:2906186	path:yli01200
yli:2906248	path:yli01200
yli:2906609	path:yli01200
yli:2906629	path:yli01200
yli:2906633	path:yli01200
yli:2906682	path:yli01200
yli:2906709	path:yli01200
yli:2906871	path:yli01200
yli:2906913	path:yli01200
yli:2907004	path:yli01200
yli:2907141	path:yli01200
yli:2907383	path:yli01200
yli:2907402	path:yli01200
yli:2907419	path:yli01200
yli:2907657	path:yli01200
yli:2907702	path:yli01200
yli:2907779	path:yli01200
yli:2907781	path:yli01200
yli:2907872	path:yli01200
yli:2907873	path:yli01200
yli:2907992	path:yli01200
yli:2908059	path:yli01200
yli:2908060	path:yli01200
yli:2908117	path:yli01200
yli:2908123	path:yli01200
yli:2908163	path:yli01200
yli:2908185	path:yli01200
yli:2908289	path:yli01200
yli:2908330	path:yli01200
yli:2908382	path:yli01200
yli:2908388	path:yli01200
yli:2908394	path:yli01200
yli:2908441	path:yli01200
yli:2908465	path:yli01200
yli:2908574	path:yli01200
yli:2908617	path:yli01200
yli:2908687	path:yli01200
yli:2908742	path:yli01200
yli:2908970	path:yli01200
yli:2908991	path:yli01200
yli:2909043	path:yli01200
yli:2909116	path:yli01200
yli:2909222	path:yli01200
yli:2909273	path:yli01200
yli:2909302	path:yli01200
yli:2909309	path:yli01200
yli:2909481	path:yli01200
yli:2909505	path:yli01200
yli:2909579	path:yli01200
yli:2909881	path:yli01200
yli:2909945	path:yli01200
yli:2910017	path:yli01200
yli:2910055	path:yli01200
yli:2910080	path:yli01200
yli:2910137	path:yli01200
yli:2910150	path:yli01200
yli:2910208	path:yli01200
yli:2910306	path:yli01200
yli:2910308	path:yli01200
yli:2910329	path:yli01200
yli:2910350	path:yli01200
yli:2910520	path:yli01200
yli:2910530	path:yli01200
yli:2910652	path:yli01200
yli:2910775	path:yli01200
yli:2910781	path:yli01200
yli:2910842	path:yli01200
yli:2910864	path:yli01200
yli:2910868	path:yli01200
yli:2910869	path:yli01200
yli:2910880	path:yli01200
yli:2911154	path:yli01200
yli:2911255	path:yli01200
yli:2911503	path:yli01200
yli:2911506	path:yli01200
yli:2911520	path:yli01200
yli:2911562	path:yli01200
yli:2911567	path:yli01200
yli:2911586	path:yli01200
yli:2911591	path:yli01200
yli:2911630	path:yli01200
yli:2911643	path:yli01200
yli:2911725	path:yli01200
yli:2911808	path:yli01200
yli:2911936	path:yli01200
yli:2911997	path:yli01200
yli:2912003	path:yli01200
yli:2912006	path:yli01200
yli:2912051	path:yli01200
yli:2912112	path:yli01200
yli:2912276	path:yli01200
yli:2912364	path:yli01200
yli:2912397	path:yli01200
yli:2912402	path:yli01200
yli:2912492	path:yli01200
yli:2912595	path:yli01200
yli:2912620	path:yli01200
yli:2912651	path:yli01200
yli:2912694	path:yli01200
yli:2912771	path:yli01200
yli:2912793	path:yli01200
yli:2912855	path:yli01200
yli:2912864	path:yli01200
yli:2912887	path:yli01200
yli:2912994	path:yli01200
yli:90949746	path:yli01200
yli:2906682	path:yli01210
yli:2907169	path:yli01210
yli:2907212	path:yli01210
yli:2907408	path:yli01210
yli:2907516	path:yli01210
yli:2907696	path:yli01210
yli:2907702	path:yli01210
yli:2908574	path:yli01210
yli:2908627	path:yli01210
yli:2908742	path:yli01210
yli:2908911	path:yli01210
yli:2909194	path:yli01210
yli:2909610	path:yli01210
yli:2909788	path:yli01210
yli:2910150	path:yli01210
yli:2910247	path:yli01210
yli:2910253	path:yli01210
yli:2910365	path:yli01210
yli:2910431	path:yli01210
yli:2910451	path:yli01210
yli:2910563	path:yli01210
yli:2910670	path:yli01210
yli:2910842	path:yli01210
yli:2910868	path:yli01210
yli:2910869	path:yli01210
yli:2910880	path:yli01210
yli:2910886	path:yli01210
yli:2911538	path:yli01210
yli:2911630	path:yli01210
yli:2911643	path:yli01210
yli:2911847	path:yli01210
yli:2912016	path:yli01210
yli:2912112	path:yli01210
yli:2912118	path:yli01210
yli:2912276	path:yli01210
yli:2912771	path:yli01210
yli:2912855	path:yli01210
yli:2912887	path:yli01210
yli:2906116	path:yli01212
yli:2906140	path:yli01212
yli:2906773	path:yli01212
yli:2906871	path:yli01212
yli:2907046	path:yli01212
yli:2907339	path:yli01212
yli:2907383	path:yli01212
yli:2907422	path:yli01212
yli:2907872	path:yli01212
yli:2907920	path:yli01212
yli:2908265	path:yli01212
yli:2908579	path:yli01212
yli:2909424	path:yli01212
yli:2909505	path:yli01212
yli:2909806	path:yli01212
yli:2909892	path:yli01212
yli:2909944	path:yli01212
yli:2910175	path:yli01212
yli:2910308	path:yli01212
yli:2910372	path:yli01212
yli:2911089	path:yli01212
yli:2911520	path:yli01212
yli:2911586	path:yli01212
yli:2911723	path:yli01212
yli:2912002	path:yli01212
yli:2912003	path:yli01212
yli:2912402	path:yli01212
yli:2905745	path:yli01230
yli:2906058	path:yli01230
yli:2906288	path:yli01230
yli:2906427	path:yli01230
yli:2906609	path:yli01230
yli:2906621	path:yli01230
yli:2906629	path:yli01230
yli:2906633	path:yli01230
yli:2906682	path:yli01230
yli:2906709	path:yli01230
yli:2906840	path:yli01230
yli:2907005	path:yli01230
yli:2907006	path:yli01230
yli:2907141	path:yli01230
yli:2907169	path:yli01230
yli:2907212	path:yli01230
yli:2907402	path:yli01230
yli:2907408	path:yli01230
yli:2907516	path:yli01230
yli:2907521	path:yli01230
yli:2907616	path:yli01230
yli:2907639	path:yli01230
yli:2907696	path:yli01230
yli:2907702	path:yli01230
yli:2907873	path:yli01230
yli:2907881	path:yli01230
yli:2907992	path:yli01230
yli:2908044	path:yli01230
yli:2908060	path:yli01230
yli:2908162	path:yli01230
yli:2908163	path:yli01230
yli:2908185	path:yli01230
yli:2908248	path:yli01230
yli:2908388	path:yli01230
yli:2908465	path:yli01230
yli:2908468	path:yli01230
yli:2908742	path:yli01230
yli:2908784	path:yli01230
yli:2908896	path:yli01230
yli:2908911	path:yli01230
yli:2908991	path:yli01230
yli:2909038	path:yli01230
yli:2909043	path:yli01230
yli:2909194	path:yli01230
yli:2909230	path:yli01230
yli:2909273	path:yli01230
yli:2909309	path:yli01230
yli:2909557	path:yli01230
yli:2909579	path:yli01230
yli:2909610	path:yli01230
yli:2909788	path:yli01230
yli:2910043	path:yli01230
yli:2910137	path:yli01230
yli:2910247	path:yli01230
yli:2910249	path:yli01230
yli:2910253	path:yli01230
yli:2910296	path:yli01230
yli:2910306	path:yli01230
yli:2910365	path:yli01230
yli:2910397	path:yli01230
yli:2910416	path:yli01230
yli:2910431	path:yli01230
yli:2910451	path:yli01230
yli:2910520	path:yli01230
yli:2910530	path:yli01230
yli:2910563	path:yli01230
yli:2910726	path:yli01230
yli:2910775	path:yli01230
yli:2910781	path:yli01230
yli:2910842	path:yli01230
yli:2910868	path:yli01230
yli:2910869	path:yli01230
yli:2911092	path:yli01230
yli:2911236	path:yli01230
yli:2911272	path:yli01230
yli:2911277	path:yli01230
yli:2911331	path:yli01230
yli:2911476	path:yli01230
yli:2911530	path:yli01230
yli:2911538	path:yli01230
yli:2911591	path:yli01230
yli:2911672	path:yli01230
yli:2911847	path:yli01230
yli:2912016	path:yli01230
yli:2912112	path:yli01230
yli:2912118	path:yli01230
yli:2912272	path:yli01230
yli:2912276	path:yli01230
yli:2912394	path:yli01230
yli:2912397	path:yli01230
yli:2912445	path:yli01230
yli:2912492	path:yli01230
yli:2912520	path:yli01230
yli:2912595	path:yli01230
yli:2912620	path:yli01230
yli:2912651	path:yli01230
yli:2912845	path:yli01230
yli:2912887	path:yli01230
yli:2912900	path:yli01230
yli:2912945	path:yli01230
yli:2912997	path:yli01230
yli:90949668	path:yli01230
yli:2905877	path:yli01232
yli:2906289	path:yli01232
yli:2906611	path:yli01232
yli:2906785	path:yli01232
yli:2906904	path:yli01232
yli:2906944	path:yli01232
yli:2907099	path:yli01232
yli:2907367	path:yli01232
yli:2907386	path:yli01232
yli:2907498	path:yli01232
yli:2907669	path:yli01232
yli:2907733	path:yli01232
yli:2907773	path:yli01232
yli:2908285	path:yli01232
yli:2908309	path:yli01232
yli:2908328	path:yli01232
yli:2908353	path:yli01232
yli:2908580	path:yli01232
yli:2908714	path:yli01232
yli:2908771	path:yli01232
yli:2908813	path:yli01232
yli:2909366	path:yli01232
yli:2909533	path:yli01232
yli:2909630	path:yli01232
yli:2909747	path:yli01232
yli:2909924	path:yli01232
yli:2909933	path:yli01232
yli:2910307	path:yli01232
yli:2910339	path:yli01232
yli:2910570	path:yli01232
yli:2911040	path:yli01232
yli:2911220	path:yli01232
yli:2911826	path:yli01232
yli:2911874	path:yli01232
yli:2911911	path:yli01232
yli:2912608	path:yli01232
yli:2912781	path:yli01232
yli:2912803	path:yli01232
yli:90949763	path:yli01232
yli:2905762	path:yli01240
yli:2905787	path:yli01240
yli:2905790	path:yli01240
yli:2905815	path:yli01240
yli:2905869	path:yli01240
yli:2905952	path:yli01240
yli:2906060	path:yli01240
yli:2906195	path:yli01240
yli:2906347	path:yli01240
yli:2906381	path:yli01240
yli:2906386	path:yli01240
yli:2906446	path:yli01240
yli:2906552	path:yli01240
yli:2906667	path:yli01240
yli:2906813	path:yli01240
yli:2906855	path:yli01240
yli:2906903	path:yli01240
yli:2906915	path:yli01240
yli:2906932	path:yli01240
yli:2906944	path:yli01240
yli:2907025	path:yli01240
yli:2907032	path:yli01240
yli:2907065	path:yli01240
yli:2907099	path:yli01240
yli:2907146	path:yli01240
yli:2907158	path:yli01240
yli:2907224	path:yli01240
yli:2907251	path:yli01240
yli:2907274	path:yli01240
yli:2907367	path:yli01240
yli:2907498	path:yli01240
yli:2907509	path:yli01240
yli:2907547	path:yli01240
yli:2907639	path:yli01240
yli:2907673	path:yli01240
yli:2907883	path:yli01240
yli:2907920	path:yli01240
yli:2907923	path:yli01240
yli:2907928	path:yli01240
yli:2907960	path:yli01240
yli:2907969	path:yli01240
yli:2907988	path:yli01240
yli:2908328	path:yli01240
yli:2908353	path:yli01240
yli:2908388	path:yli01240
yli:2908472	path:yli01240
yli:2908695	path:yli01240
yli:2908703	path:yli01240
yli:2908746	path:yli01240
yli:2908754	path:yli01240
yli:2908802	path:yli01240
yli:2908884	path:yli01240
yli:2908911	path:yli01240
yli:2908935	path:yli01240
yli:2908936	path:yli01240
yli:2908950	path:yli01240
yli:2908971	path:yli01240
yli:2909058	path:yli01240
yli:2909112	path:yli01240
yli:2909155	path:yli01240
yli:2909236	path:yli01240
yli:2909316	path:yli01240
yli:2909412	path:yli01240
yli:2909513	path:yli01240
yli:2909586	path:yli01240
yli:2909603	path:yli01240
yli:2909892	path:yli01240
yli:2909916	path:yli01240
yli:2909922	path:yli01240
yli:2909923	path:yli01240
yli:2909972	path:yli01240
yli:2909994	path:yli01240
yli:2910006	path:yli01240
yli:2910038	path:yli01240
yli:2910150	path:yli01240
yli:2910236	path:yli01240
yli:2910274	path:yli01240
yli:2910451	path:yli01240
yli:2910491	path:yli01240
yli:2910522	path:yli01240
yli:2910759	path:yli01240
yli:2910775	path:yli01240
yli:2910811	path:yli01240
yli:2910891	path:yli01240
yli:2910907	path:yli01240
yli:2910911	path:yli01240
yli:2910925	path:yli01240
yli:2910948	path:yli01240
yli:2911144	path:yli01240
yli:2911289	path:yli01240
yli:2911456	path:yli01240
yli:2911465	path:yli01240
yli:2911510	path:yli01240
yli:2911546	path:yli01240
yli:2911591	path:yli01240
yli:2911615	path:yli01240
yli:2911663	path:yli01240
yli:2911674	path:yli01240
yli:2911691	path:yli01240
yli:2911822	path:yli01240
yli:2911874	path:yli01240
yli:2911892	path:yli01240
yli:2911900	path:yli01240
yli:2911989	path:yli01240
yli:2912089	path:yli01240
yli:2912185	path:yli01240
yli:2912223	path:yli01240
yli:2912395	path:yli01240
yli:2912425	path:yli01240
yli:2912535	path:yli01240
yli:2912550	path:yli01240
yli:2912574	path:yli01240
yli:2912634	path:yli01240
yli:2912693	path:yli01240
yli:2912725	path:yli01240
yli:2912753	path:yli01240
yli:2912865	path:yli01240
yli:90949670	path:yli01240
yli:2906446	path:yli01250
yli:2907464	path:yli01250
yli:2907547	path:yli01250
yli:2908394	path:yli01250
yli:2908739	path:yli01250
yli:2909316	path:yli01250
yli:2909558	path:yli01250
yli:2910522	path:yli01250
yli:2910811	path:yli01250
yli:2910982	path:yli01250
yli:2911199	path:yli01250
yli:2911546	path:yli01250
yli:2911808	path:yli01250
yli:2911918	path:yli01250
yli:2912006	path:yli01250
yli:2912080	path:yli01250
yli:2912087	path:yli01250
yli:2912131	path:yli01250
yli:2912763	path:yli01250
yli:2906800	path:yli01320
yli:2907036	path:yli01320
yli:2908185	path:yli01320
yli:2910729	path:yli01320
yli:2910781	path:yli01320
yli:2911592	path:yli01320
yli:2912492	path:yli01320
yli:2912877	path:yli01320
yli:2911805	path:yli01501
yli:2905879	path:yli02010
yli:2906177	path:yli02010
yli:2906474	path:yli02010
yli:2906684	path:yli02010
yli:2906860	path:yli02010
yli:2907177	path:yli02010
yli:2908054	path:yli02010
yli:2908091	path:yli02010
yli:2908192	path:yli02010
yli:2908366	path:yli02010
yli:2909904	path:yli02010
yli:2909985	path:yli02010
yli:2910631	path:yli02010
yli:2911018	path:yli02010
yli:2911529	path:yli02010
yli:2911636	path:yli02010
yli:2912340	path:yli02010
yli:2912473	path:yli02010
yli:2912509	path:yli02010
yli:2912704	path:yli02010
yli:2912710	path:yli02010
yli:2912902	path:yli02010
yli:2905922	path:yli03008
yli:2905997	path:yli03008
yli:2906541	path:yli03008
yli:2906574	path:yli03008
yli:2906935	path:yli03008
yli:2906944	path:yli03008
yli:2906951	path:yli03008
yli:2906974	path:yli03008
yli:2907084	path:yli03008
yli:2907095	path:yli03008
yli:2907148	path:yli03008
yli:2907173	path:yli03008
yli:2907220	path:yli03008
yli:2907239	path:yli03008
yli:2907242	path:yli03008
yli:2907399	path:yli03008
yli:2907415	path:yli03008
yli:2907549	path:yli03008
yli:2907594	path:yli03008
yli:2907838	path:yli03008
yli:2907891	path:yli03008
yli:2907944	path:yli03008
yli:2908020	path:yli03008
yli:2908104	path:yli03008
yli:2908256	path:yli03008
yli:2908354	path:yli03008
yli:2908378	path:yli03008
yli:2908413	path:yli03008
yli:2908483	path:yli03008
yli:2908513	path:yli03008
yli:2908524	path:yli03008
yli:2908592	path:yli03008
yli:2908708	path:yli03008
yli:2908810	path:yli03008
yli:2908872	path:yli03008
yli:2908949	path:yli03008
yli:2908997	path:yli03008
yli:2909173	path:yli03008
yli:2909186	path:yli03008
yli:2909206	path:yli03008
yli:2909425	path:yli03008
yli:2909441	path:yli03008
yli:2909577	path:yli03008
yli:2909623	path:yli03008
yli:2909697	path:yli03008
yli:2909816	path:yli03008
yli:2909836	path:yli03008
yli:2909917	path:yli03008
yli:2910260	path:yli03008
yli:2910571	path:yli03008
yli:2910826	path:yli03008
yli:2910958	path:yli03008
yli:2911069	path:yli03008
yli:2911223	path:yli03008
yli:2911290	path:yli03008
yli:2911584	path:yli03008
yli:2911842	path:yli03008
yli:2911846	path:yli03008
yli:2911873	path:yli03008
yli:2911923	path:yli03008
yli:2912031	path:yli03008
yli:2912040	path:yli03008
yli:2912046	path:yli03008
yli:2912113	path:yli03008
yli:2912211	path:yli03008
yli:2912225	path:yli03008
yli:2912297	path:yli03008
yli:2912383	path:yli03008
yli:2912404	path:yli03008
yli:2912768	path:yli03008
yli:2912901	path:yli03008
yli:2912971	path:yli03008
yli:7009405	path:yli03008
yli:7009534	path:yli03008
yli:7009575	path:yli03008
yli:7009584	path:yli03008
yli:7009619	path:yli03008
yli:90949325	path:yli03008
yli:90949399	path:yli03008
yli:90949400	path:yli03008
yli:90949401	path:yli03008
yli:90949402	path:yli03008
yli:90949403	path:yli03008
yli:90949404	path:yli03008
yli:90949405	path:yli03008
yli:90949406	path:yli03008
yli:90949407	path:yli03008
yli:90949408	path:yli03008
yli:90949410	path:yli03008
yli:90949411	path:yli03008
yli:90949412	path:yli03008
yli:90949413	path:yli03008
yli:90949414	path:yli03008
yli:90949415	path:yli03008
yli:90949416	path:yli03008
yli:90949417	path:yli03008
yli:90949418	path:yli03008
yli:90949419	path:yli03008
yli:90949420	path:yli03008
yli:90949421	path:yli03008
yli:90949422	path:yli03008
yli:90949423	path:yli03008
yli:90949424	path:yli03008
yli:90949425	path:yli03008
yli:90949426	path:yli03008
yli:90949427	path:yli03008
yli:90949428	path:yli03008
yli:90949429	path:yli03008
yli:90949430	path:yli03008
yli:90949431	path:yli03008
yli:90949432	path:yli03008
yli:90949433	path:yli03008
yli:90949434	path:yli03008
yli:90949435	path:yli03008
yli:90949436	path:yli03008
yli:90949437	path:yli03008
yli:90949438	path:yli03008
yli:90949439	path:yli03008
yli:90949440	path:yli03008
yli:90949441	path:yli03008
yli:90949442	path:yli03008
yli:90949443	path:yli03008
yli:90949444	path:yli03008
yli:90949445	path:yli03008
yli:90949446	path:yli03008
yli:90949447	path:yli03008
yli:90949448	path:yli03008
yli:90949449	path:yli03008
yli:90949450	path:yli03008
yli:90949451	path:yli03008
yli:90949452	path:yli03008
yli:90949453	path:yli03008
yli:90949454	path:yli03008
yli:90949455	path:yli03008
yli:90949456	path:yli03008
yli:90949457	path:yli03008
yli:90949458	path:yli03008
yli:90949462	path:yli03008
yli:90949463	path:yli03008
yli:90949464	path:yli03008
yli:90949465	path:yli03008
yli:90949466	path:yli03008
yli:90949467	path:yli03008
yli:90949468	path:yli03008
yli:90949469	path:yli03008
yli:90949470	path:yli03008
yli:90949471	path:yli03008
yli:90949472	path:yli03008
yli:90949473	path:yli03008
yli:90949474	path:yli03008
yli:90949475	path:yli03008
yli:90949476	path:yli03008
yli:90949477	path:yli03008
yli:90949478	path:yli03008
yli:90949479	path:yli03008
yli:90949480	path:yli03008
yli:90949481	path:yli03008
yli:90949483	path:yli03008
yli:90949484	path:yli03008
yli:90949485	path:yli03008
yli:90949486	path:yli03008
yli:90949487	path:yli03008
yli:90949488	path:yli03008
yli:90949489	path:yli03008
yli:90949490	path:yli03008
yli:90949529	path:yli03008
yli:90949530	path:yli03008
yli:90949531	path:yli03008
yli:90949532	path:yli03008
yli:90949533	path:yli03008
yli:90949534	path:yli03008
yli:90949535	path:yli03008
yli:90949536	path:yli03008
yli:90949538	path:yli03008
yli:90949539	path:yli03008
yli:90949540	path:yli03008
yli:90949541	path:yli03008
yli:90949543	path:yli03008
yli:90949544	path:yli03008
yli:90949545	path:yli03008
yli:90949546	path:yli03008
yli:90949547	path:yli03008
yli:90949548	path:yli03008
yli:90949549	path:yli03008
yli:90949550	path:yli03008
yli:90949551	path:yli03008
yli:90949552	path:yli03008
yli:90949553	path:yli03008
yli:90949554	path:yli03008
yli:90949555	path:yli03008
yli:90949556	path:yli03008
yli:90949557	path:yli03008
yli:90949558	path:yli03008
yli:90949559	path:yli03008
yli:90949609	path:yli03008
yli:90949610	path:yli03008
yli:90949611	path:yli03008
yli:90949612	path:yli03008
yli:90949613	path:yli03008
yli:90949614	path:yli03008
yli:90949615	path:yli03008
yli:90949616	path:yli03008
yli:90949617	path:yli03008
yli:90949618	path:yli03008
yli:90949619	path:yli03008
yli:90949620	path:yli03008
yli:90949621	path:yli03008
yli:90949622	path:yli03008
yli:90949623	path:yli03008
yli:90949624	path:yli03008
yli:90949625	path:yli03008
yli:90949626	path:yli03008
yli:90949690	path:yli03008
yli:90949693	path:yli03008
yli:90949695	path:yli03008
yli:90949697	path:yli03008
yli:90949699	path:yli03008
yli:90949700	path:yli03008
yli:90949701	path:yli03008
yli:90949702	path:yli03008
yli:90949703	path:yli03008
yli:90949704	path:yli03008
yli:90949705	path:yli03008
yli:90949706	path:yli03008
yli:90949707	path:yli03008
yli:90949708	path:yli03008
yli:90949709	path:yli03008
yli:90949710	path:yli03008
yli:90949711	path:yli03008
yli:90949713	path:yli03008
yli:90949714	path:yli03008
yli:90949715	path:yli03008
yli:90949769	path:yli03008
yli:90949770	path:yli03008
yli:90949771	path:yli03008
yli:90949772	path:yli03008
yli:90949773	path:yli03008
yli:90949774	path:yli03008
yli:90949775	path:yli03008
yli:90949776	path:yli03008
yli:90949777	path:yli03008
yli:90949778	path:yli03008
yli:90949781	path:yli03008
yli:1500512	path:yli03010
yli:2905782	path:yli03010
yli:2905958	path:yli03010
yli:2905972	path:yli03010
yli:2905984	path:yli03010
yli:2905999	path:yli03010
yli:2906125	path:yli03010
yli:2906267	path:yli03010
yli:2906411	path:yli03010
yli:2906617	path:yli03010
yli:2906644	path:yli03010
yli:2906656	path:yli03010
yli:2906701	path:yli03010
yli:2906719	path:yli03010
yli:2906720	path:yli03010
yli:2906723	path:yli03010
yli:2906804	path:yli03010
yli:2906875	path:yli03010
yli:2906969	path:yli03010
yli:2907031	path:yli03010
yli:2907215	path:yli03010
yli:2907255	path:yli03010
yli:2907259	path:yli03010
yli:2907336	path:yli03010
yli:2907442	path:yli03010
yli:2907475	path:yli03010
yli:2907480	path:yli03010
yli:2907482	path:yli03010
yli:2907600	path:yli03010
yli:2907613	path:yli03010
yli:2907788	path:yli03010
yli:2907862	path:yli03010
yli:2907869	path:yli03010
yli:2907931	path:yli03010
yli:2907932	path:yli03010
yli:2907945	path:yli03010
yli:2907972	path:yli03010
yli:2908174	path:yli03010
yli:2908176	path:yli03010
yli:2908277	path:yli03010
yli:2908370	path:yli03010
yli:2908410	path:yli03010
yli:2908430	path:yli03010
yli:2908433	path:yli03010
yli:2908479	path:yli03010
yli:2908484	path:yli03010
yli:2908488	path:yli03010
yli:2908489	path:yli03010
yli:2908501	path:yli03010
yli:2908519	path:yli03010
yli:2908521	path:yli03010
yli:2908667	path:yli03010
yli:2908715	path:yli03010
yli:2908737	path:yli03010
yli:2908797	path:yli03010
yli:2908930	path:yli03010
yli:2908976	path:yli03010
yli:2908977	path:yli03010
yli:2908988	path:yli03010
yli:2908994	path:yli03010
yli:2908996	path:yli03010
yli:2909036	path:yli03010
yli:2909210	path:yli03010
yli:2909224	path:yli03010
yli:2909363	path:yli03010
yli:2909370	path:yli03010
yli:2909427	path:yli03010
yli:2909442	path:yli03010
yli:2909552	path:yli03010
yli:2909587	path:yli03010
yli:2909673	path:yli03010
yli:2909714	path:yli03010
yli:2909749	path:yli03010
yli:2909780	path:yli03010
yli:2909823	path:yli03010
yli:2909851	path:yli03010
yli:2910013	path:yli03010
yli:2910133	path:yli03010
yli:2910147	path:yli03010
yli:2910259	path:yli03010
yli:2910262	path:yli03010
yli:2910266	path:yli03010
yli:2910272	path:yli03010
yli:2910286	path:yli03010
yli:2910314	path:yli03010
yli:2910379	path:yli03010
yli:2910475	path:yli03010
yli:2910593	path:yli03010
yli:2910705	path:yli03010
yli:2910706	path:yli03010
yli:2910773	path:yli03010
yli:2910810	path:yli03010
yli:2910993	path:yli03010
yli:2911002	path:yli03010
yli:2911037	path:yli03010
yli:2911038	path:yli03010
yli:2911260	path:yli03010
yli:2911266	path:yli03010
yli:2911463	path:yli03010
yli:2911479	path:yli03010
yli:2911500	path:yli03010
yli:2911504	path:yli03010
yli:2911515	path:yli03010
yli:2911775	path:yli03010
yli:2911791	path:yli03010
yli:2911818	path:yli03010
yli:2911824	path:yli03010
yli:2911854	path:yli03010
yli:2911887	path:yli03010
yli:2911935	path:yli03010
yli:2911987	path:yli03010
yli:2912039	path:yli03010
yli:2912221	path:yli03010
yli:2912304	path:yli03010
yli:2912307	path:yli03010
yli:2912354	path:yli03010
yli:2912549	path:yli03010
yli:2912563	path:yli03010
yli:2912664	path:yli03010
yli:2912676	path:yli03010
yli:2912680	path:yli03010
yli:2912736	path:yli03010
yli:2912824	path:yli03010
yli:2912863	path:yli03010
yli:2912883	path:yli03010
yli:2912897	path:yli03010
yli:2912953	path:yli03010
yli:2912962	path:yli03010
yli:2912980	path:yli03010
yli:7009405	path:yli03010
yli:7009457	path:yli03010
yli:7009494	path:yli03010
yli:7009534	path:yli03010
yli:7009575	path:yli03010
yli:7009584	path:yli03010
yli:7009585	path:yli03010
yli:7009590	path:yli03010
yli:7009591	path:yli03010
yli:7009597	path:yli03010
yli:7009646	path:yli03010
yli:90949325	path:yli03010
yli:90949399	path:yli03010
yli:90949400	path:yli03010
yli:90949401	path:yli03010
yli:90949402	path:yli03010
yli:90949403	path:yli03010
yli:90949404	path:yli03010
yli:90949405	path:yli03010
yli:90949406	path:yli03010
yli:90949407	path:yli03010
yli:90949408	path:yli03010
yli:90949410	path:yli03010
yli:90949411	path:yli03010
yli:90949412	path:yli03010
yli:90949413	path:yli03010
yli:90949414	path:yli03010
yli:90949415	path:yli03010
yli:90949416	path:yli03010
yli:90949417	path:yli03010
yli:90949418	path:yli03010
yli:90949419	path:yli03010
yli:90949420	path:yli03010
yli:90949421	path:yli03010
yli:90949422	path:yli03010
yli:90949423	path:yli03010
yli:90949424	path:yli03010
yli:90949425	path:yli03010
yli:90949426	path:yli03010
yli:90949427	path:yli03010
yli:90949428	path:yli03010
yli:90949429	path:yli03010
yli:90949430	path:yli03010
yli:90949431	path:yli03010
yli:90949432	path:yli03010
yli:90949433	path:yli03010
yli:90949434	path:yli03010
yli:90949435	path:yli03010
yli:90949436	path:yli03010
yli:90949437	path:yli03010
yli:90949438	path:yli03010
yli:90949439	path:yli03010
yli:90949440	path:yli03010
yli:90949441	path:yli03010
yli:90949442	path:yli03010
yli:90949443	path:yli03010
yli:90949444	path:yli03010
yli:90949445	path:yli03010
yli:90949446	path:yli03010
yli:90949447	path:yli03010
yli:90949448	path:yli03010
yli:90949449	path:yli03010
yli:90949450	path:yli03010
yli:90949451	path:yli03010
yli:90949452	path:yli03010
yli:90949453	path:yli03010
yli:90949454	path:yli03010
yli:90949455	path:yli03010
yli:90949456	path:yli03010
yli:90949457	path:yli03010
yli:90949458	path:yli03010
yli:90949462	path:yli03010
yli:90949463	path:yli03010
yli:90949464	path:yli03010
yli:90949465	path:yli03010
yli:90949466	path:yli03010
yli:90949467	path:yli03010
yli:90949468	path:yli03010
yli:90949469	path:yli03010
yli:90949470	path:yli03010
yli:90949471	path:yli03010
yli:90949472	path:yli03010
yli:90949473	path:yli03010
yli:90949474	path:yli03010
yli:90949475	path:yli03010
yli:90949476	path:yli03010
yli:90949477	path:yli03010
yli:90949478	path:yli03010
yli:90949479	path:yli03010
yli:90949480	path:yli03010
yli:90949481	path:yli03010
yli:90949483	path:yli03010
yli:90949484	path:yli03010
yli:90949485	path:yli03010
yli:90949486	path:yli03010
yli:90949487	path:yli03010
yli:90949488	path:yli03010
yli:90949489	path:yli03010
yli:90949490	path:yli03010
yli:90949529	path:yli03010
yli:90949530	path:yli03010
yli:90949531	path:yli03010
yli:90949532	path:yli03010
yli:90949533	path:yli03010
yli:90949534	path:yli03010
yli:90949535	path:yli03010
yli:90949536	path:yli03010
yli:90949538	path:yli03010
yli:90949539	path:yli03010
yli:90949540	path:yli03010
yli:90949541	path:yli03010
yli:90949543	path:yli03010
yli:90949544	path:yli03010
yli:90949545	path:yli03010
yli:90949546	path:yli03010
yli:90949547	path:yli03010
yli:90949548	path:yli03010
yli:90949549	path:yli03010
yli:90949550	path:yli03010
yli:90949551	path:yli03010
yli:90949552	path:yli03010
yli:90949553	path:yli03010
yli:90949554	path:yli03010
yli:90949555	path:yli03010
yli:90949556	path:yli03010
yli:90949557	path:yli03010
yli:90949558	path:yli03010
yli:90949559	path:yli03010
yli:90949609	path:yli03010
yli:90949610	path:yli03010
yli:90949611	path:yli03010
yli:90949612	path:yli03010
yli:90949613	path:yli03010
yli:90949614	path:yli03010
yli:90949615	path:yli03010
yli:90949616	path:yli03010
yli:90949617	path:yli03010
yli:90949618	path:yli03010
yli:90949619	path:yli03010
yli:90949620	path:yli03010
yli:90949621	path:yli03010
yli:90949622	path:yli03010
yli:90949623	path:yli03010
yli:90949624	path:yli03010
yli:90949625	path:yli03010
yli:90949626	path:yli03010
yli:90949690	path:yli03010
yli:90949693	path:yli03010
yli:90949695	path:yli03010
yli:90949697	path:yli03010
yli:90949699	path:yli03010
yli:90949700	path:yli03010
yli:90949701	path:yli03010
yli:90949702	path:yli03010
yli:90949703	path:yli03010
yli:90949704	path:yli03010
yli:90949705	path:yli03010
yli:90949706	path:yli03010
yli:90949707	path:yli03010
yli:90949708	path:yli03010
yli:90949709	path:yli03010
yli:90949710	path:yli03010
yli:90949711	path:yli03010
yli:90949713	path:yli03010
yli:90949714	path:yli03010
yli:90949715	path:yli03010
yli:90949769	path:yli03010
yli:90949770	path:yli03010
yli:90949771	path:yli03010
yli:90949772	path:yli03010
yli:90949773	path:yli03010
yli:90949774	path:yli03010
yli:90949775	path:yli03010
yli:90949776	path:yli03010
yli:90949777	path:yli03010
yli:90949778	path:yli03010
yli:90949781	path:yli03010
yli:2905785	path:yli03013
yli:2905851	path:yli03013
yli:2906204	path:yli03013
yli:2906455	path:yli03013
yli:2906494	path:yli03013
yli:2906541	path:yli03013
yli:2906544	path:yli03013
yli:2906883	path:yli03013
yli:2906974	path:yli03013
yli:2906997	path:yli03013
yli:2907152	path:yli03013
yli:2907163	path:yli03013
yli:2907242	path:yli03013
yli:2907254	path:yli03013
yli:2907290	path:yli03013
yli:2907365	path:yli03013
yli:2907392	path:yli03013
yli:2907767	path:yli03013
yli:2907785	path:yli03013
yli:2908126	path:yli03013
yli:2908159	path:yli03013
yli:2908323	path:yli03013
yli:2908376	path:yli03013
yli:2908524	path:yli03013
yli:2908529	path:yli03013
yli:2908592	path:yli03013
yli:2908597	path:yli03013
yli:2908689	path:yli03013
yli:2908853	path:yli03013
yli:2908865	path:yli03013
yli:2908997	path:yli03013
yli:2909364	path:yli03013
yli:2909627	path:yli03013
yli:2909691	path:yli03013
yli:2909710	path:yli03013
yli:2909819	path:yli03013
yli:2909852	path:yli03013
yli:2909920	path:yli03013
yli:2910326	path:yli03013
yli:2910377	path:yli03013
yli:2910418	path:yli03013
yli:2910487	path:yli03013
yli:2910506	path:yli03013
yli:2910614	path:yli03013
yli:2910639	path:yli03013
yli:2910682	path:yli03013
yli:2910684	path:yli03013
yli:2910959	path:yli03013
yli:2911090	path:yli03013
yli:2911131	path:yli03013
yli:2911175	path:yli03013
yli:2911469	path:yli03013
yli:2911590	path:yli03013
yli:2912105	path:yli03013
yli:2912116	path:yli03013
yli:2912203	path:yli03013
yli:2912235	path:yli03013
yli:2912291	path:yli03013
yli:2912428	path:yli03013
yli:2912658	path:yli03013
yli:2912667	path:yli03013
yli:2912819	path:yli03013
yli:7009386	path:yli03013
yli:2905773	path:yli03015
yli:2905837	path:yli03015
yli:2905851	path:yli03015
yli:2905885	path:yli03015
yli:2905898	path:yli03015
yli:2906455	path:yli03015
yli:2906541	path:yli03015
yli:2906974	path:yli03015
yli:2907152	path:yli03015
yli:2907170	path:yli03015
yli:2907269	path:yli03015
yli:2907398	path:yli03015
yli:2907659	path:yli03015
yli:2907714	path:yli03015
yli:2907716	path:yli03015
yli:2907785	path:yli03015
yli:2908088	path:yli03015
yli:2908115	path:yli03015
yli:2908186	path:yli03015
yli:2908220	path:yli03015
yli:2908351	path:yli03015
yli:2908357	path:yli03015
yli:2908376	path:yli03015
yli:2908669	path:yli03015
yli:2909177	path:yli03015
yli:2909207	path:yli03015
yli:2909629	path:yli03015
yli:2910061	path:yli03015
yli:2910487	path:yli03015
yli:2910959	path:yli03015
yli:2911125	path:yli03015
yli:2911131	path:yli03015
yli:2911334	path:yli03015
yli:2911469	path:yli03015
yli:2911598	path:yli03015
yli:2911925	path:yli03015
yli:2911976	path:yli03015
yli:2912105	path:yli03015
yli:2912124	path:yli03015
yli:2912174	path:yli03015
yli:2912235	path:yli03015
yli:2912522	path:yli03015
yli:2912523	path:yli03015
yli:2912658	path:yli03015
yli:2912860	path:yli03015
yli:7009386	path:yli03015
yli:2905901	path:yli03018
yli:2906025	path:yli03018
yli:2906155	path:yli03018
yli:2906164	path:yli03018
yli:2906218	path:yli03018
yli:2906869	path:yli03018
yli:2906876	path:yli03018
yli:2906945	path:yli03018
yli:2906954	path:yli03018
yli:2907044	path:yli03018
yli:2907170	path:yli03018
yli:2907333	path:yli03018
yli:2907347	path:yli03018
yli:2907382	path:yli03018
yli:2907663	path:yli03018
yli:2907747	path:yli03018
yli:2907777	path:yli03018
yli:2907793	path:yli03018
yli:2907992	path:yli03018
yli:2908268	path:yli03018
yli:2908379	path:yli03018
yli:2908491	path:yli03018
yli:2908548	path:yli03018
yli:2908790	path:yli03018
yli:2908834	path:yli03018
yli:2908920	path:yli03018
yli:2909164	path:yli03018
yli:2909177	path:yli03018
yli:2909531	path:yli03018
yli:2909623	path:yli03018
yli:2909878	path:yli03018
yli:2910052	path:yli03018
yli:2910069	path:yli03018
yli:2910197	path:yli03018
yli:2910240	path:yli03018
yli:2910260	path:yli03018
yli:2910306	path:yli03018
yli:2910504	path:yli03018
yli:2910617	path:yli03018
yli:2910721	path:yli03018
yli:2911027	path:yli03018
yli:2911627	path:yli03018
yli:2911766	path:yli03018
yli:2911982	path:yli03018
yli:2912158	path:yli03018
yli:2912197	path:yli03018
yli:2912344	path:yli03018
yli:2912393	path:yli03018
yli:2912475	path:yli03018
yli:7009649	path:yli03018
yli:2906107	path:yli03020
yli:2906837	path:yli03020
yli:2907752	path:yli03020
yli:2907933	path:yli03020
yli:2908276	path:yli03020
yli:2908331	path:yli03020
yli:2908431	path:yli03020
yli:2908482	path:yli03020
yli:2908629	path:yli03020
yli:2908682	path:yli03020
yli:2908700	path:yli03020
yli:2909514	path:yli03020
yli:2909663	path:yli03020
yli:2909753	path:yli03020
yli:2909896	path:yli03020
yli:2910278	path:yli03020
yli:2910351	path:yli03020
yli:2910474	path:yli03020
yli:2910489	path:yli03020
yli:2910586	path:yli03020
yli:2910774	path:yli03020
yli:2910940	path:yli03020
yli:2911166	path:yli03020
yli:2911274	path:yli03020
yli:2912261	path:yli03020
yli:2912285	path:yli03020
yli:2912570	path:yli03020
yli:2912691	path:yli03020
yli:7009397	path:yli03020
yli:7009507	path:yli03020
yli:2906117	path:yli03022
yli:2906807	path:yli03022
yli:2906882	path:yli03022
yli:2906910	path:yli03022
yli:2906978	path:yli03022
yli:2907073	path:yli03022
yli:2907178	path:yli03022
yli:2907745	path:yli03022
yli:2908203	path:yli03022
yli:2908225	path:yli03022
yli:2908254	path:yli03022
yli:2908311	path:yli03022
yli:2908356	path:yli03022
yli:2908576	path:yli03022
yli:2908598	path:yli03022
yli:2908833	path:yli03022
yli:2909037	path:yli03022
yli:2909088	path:yli03022
yli:2909279	path:yli03022
yli:2909376	path:yli03022
yli:2909399	path:yli03022
yli:2909471	path:yli03022
yli:2909720	path:yli03022
yli:2910635	path:yli03022
yli:2910914	path:yli03022
yli:2911029	path:yli03022
yli:2911178	path:yli03022
yli:2911686	path:yli03022
yli:2911697	path:yli03022
yli:2912060	path:yli03022
yli:2912136	path:yli03022
yli:2912926	path:yli03022
yli:2905945	path:yli03030
yli:2906013	path:yli03030
yli:2906024	path:yli03030
yli:2906075	path:yli03030
yli:2906103	path:yli03030
yli:2906152	path:yli03030
yli:2906169	path:yli03030
yli:2906225	path:yli03030
yli:2906372	path:yli03030
yli:2907033	path:yli03030
yli:2907085	path:yli03030
yli:2907092	path:yli03030
yli:2907374	path:yli03030
yli:2907385	path:yli03030
yli:2907429	path:yli03030
yli:2907483	path:yli03030
yli:2907709	path:yli03030
yli:2908048	path:yli03030
yli:2908102	path:yli03030
yli:2908208	path:yli03030
yli:2908437	path:yli03030
yli:2908596	path:yli03030
yli:2908660	path:yli03030
yli:2908836	path:yli03030
yli:2908898	path:yli03030
yli:2908902	path:yli03030
yli:2909048	path:yli03030
yli:2909789	path:yli03030
yli:2909829	path:yli03030
yli:2910430	path:yli03030
yli:2910879	path:yli03030
yli:2910971	path:yli03030
yli:2911560	path:yli03030
yli:2911733	path:yli03030
yli:2911922	path:yli03030
yli:2911983	path:yli03030
yli:2912373	path:yli03030
yli:2912641	path:yli03030
yli:2912801	path:yli03030
yli:7009506	path:yli03030
yli:90949335	path:yli03030
yli:2905781	path:yli03040
yli:2905851	path:yli03040
yli:2905913	path:yli03040
yli:2905947	path:yli03040
yli:2906021	path:yli03040
yli:2906025	path:yli03040
yli:2906194	path:yli03040
yli:2906265	path:yli03040
yli:2906318	path:yli03040
yli:2906455	path:yli03040
yli:2906544	path:yli03040
yli:2906642	path:yli03040
yli:2906671	path:yli03040
yli:2906794	path:yli03040
yli:2906876	path:yli03040
yli:2906946	path:yli03040
yli:2906953	path:yli03040
yli:2906954	path:yli03040
yli:2906967	path:yli03040
yli:2906987	path:yli03040
yli:2907044	path:yli03040
yli:2907057	path:yli03040
yli:2907260	path:yli03040
yli:2907288	path:yli03040
yli:2907305	path:yli03040
yli:2907313	path:yli03040
yli:2907450	path:yli03040
yli:2907722	path:yli03040
yli:2907785	path:yli03040
yli:2907809	path:yli03040
yli:2907810	path:yli03040
yli:2908034	path:yli03040
yli:2908255	path:yli03040
yli:2908376	path:yli03040
yli:2908421	path:yli03040
yli:2908491	path:yli03040
yli:2908528	path:yli03040
yli:2908575	path:yli03040
yli:2908708	path:yli03040
yli:2908856	path:yli03040
yli:2908943	path:yli03040
yli:2909011	path:yli03040
yli:2909243	path:yli03040
yli:2909266	path:yli03040
yli:2909357	path:yli03040
yli:2909364	path:yli03040
yli:2909377	path:yli03040
yli:2909578	path:yli03040
yli:2909591	path:yli03040
yli:2909744	path:yli03040
yli:2909785	path:yli03040
yli:2909852	path:yli03040
yli:2909936	path:yli03040
yli:2910039	path:yli03040
yli:2910100	path:yli03040
yli:2910230	path:yli03040
yli:2910276	path:yli03040
yli:2910304	path:yli03040
yli:2910395	path:yli03040
yli:2910419	path:yli03040
yli:2910425	path:yli03040
yli:2910445	path:yli03040
yli:2910539	path:yli03040
yli:2910544	path:yli03040
yli:2910692	path:yli03040
yli:2910695	path:yli03040
yli:2910713	path:yli03040
yli:2910768	path:yli03040
yli:2910833	path:yli03040
yli:2910929	path:yli03040
yli:2911030	path:yli03040
yli:2911131	path:yli03040
yli:2911197	path:yli03040
yli:2911525	path:yli03040
yli:2911603	path:yli03040
yli:2912020	path:yli03040
yli:2912025	path:yli03040
yli:2912068	path:yli03040
yli:2912105	path:yli03040
yli:2912209	path:yli03040
yli:2912235	path:yli03040
yli:2912263	path:yli03040
yli:2912280	path:yli03040
yli:2912572	path:yli03040
yli:2912667	path:yli03040
yli:2912731	path:yli03040
yli:2912833	path:yli03040
yli:2912941	path:yli03040
yli:7009386	path:yli03040
yli:7009649	path:yli03040
yli:7009650	path:yli03040
yli:90949362	path:yli03040
yli:90949689	path:yli03040
yli:90949800	path:yli03040
yli:2906051	path:yli03050
yli:2906802	path:yli03050
yli:2906864	path:yli03050
yli:2906894	path:yli03050
yli:2907307	path:yli03050
yli:2907332	path:yli03050
yli:2907541	path:yli03050
yli:2907780	path:yli03050
yli:2908246	path:yli03050
yli:2908405	path:yli03050
yli:2908414	path:yli03050
yli:2908676	path:yli03050
yli:2908828	path:yli03050
yli:2908857	path:yli03050
yli:2908979	path:yli03050
yli:2909233	path:yli03050
yli:2909664	path:yli03050
yli:2909935	path:yli03050
yli:2910094	path:yli03050
yli:2910228	path:yli03050
yli:2910352	path:yli03050
yli:2910368	path:yli03050
yli:2910492	path:yli03050
yli:2910588	path:yli03050
yli:2910683	path:yli03050
yli:2910770	path:yli03050
yli:2910831	path:yli03050
yli:2910930	path:yli03050
yli:2911189	path:yli03050
yli:2911227	path:yli03050
yli:2911764	path:yli03050
yli:2911960	path:yli03050
yli:2912008	path:yli03050
yli:2912119	path:yli03050
yli:2912430	path:yli03050
yli:2906434	path:yli03060
yli:2906707	path:yli03060
yli:2906879	path:yli03060
yli:2907281	path:yli03060
yli:2908027	path:yli03060
yli:2908124	path:yli03060
yli:2908492	path:yli03060
yli:2908732	path:yli03060
yli:2908961	path:yli03060
yli:2908962	path:yli03060
yli:2908963	path:yli03060
yli:2909760	path:yli03060
yli:2909970	path:yli03060
yli:2910237	path:yli03060
yli:2910331	path:yli03060
yli:2910337	path:yli03060
yli:2910545	path:yli03060
yli:2911093	path:yli03060
yli:2911151	path:yli03060
yli:2911750	path:yli03060
yli:2911843	path:yli03060
yli:2912366	path:yli03060
yli:2912544	path:yli03060
yli:2912786	path:yli03060
yli:2912854	path:yli03060
yli:7009415	path:yli03060
yli:7009498	path:yli03060
yli:7009641	path:yli03060
yli:2905945	path:yli03082
yli:2906271	path:yli03082
yli:2906882	path:yli03082
yli:2907028	path:yli03082
yli:2907039	path:yli03082
yli:2907087	path:yli03082
yli:2907117	path:yli03082
yli:2907268	path:yli03082
yli:2907778	path:yli03082
yli:2907849	path:yli03082
yli:2907907	path:yli03082
yli:2908346	path:yli03082
yli:2909050	path:yli03082
yli:2909101	path:yli03082
yli:2909837	path:yli03082
yli:2910169	path:yli03082
yli:2910651	path:yli03082
yli:2910662	path:yli03082
yli:2910664	path:yli03082
yli:2910744	path:yli03082
yli:2910814	path:yli03082
yli:2910924	path:yli03082
yli:2910927	path:yli03082
yli:2911039	path:yli03082
yli:2911470	path:yli03082
yli:2911793	path:yli03082
yli:2912017	path:yli03082
yli:2912094	path:yli03082
yli:2912208	path:yli03082
yli:2912378	path:yli03082
yli:2912514	path:yli03082
yli:2912607	path:yli03082
yli:2912919	path:yli03082
yli:2905977	path:yli03083
yli:2905987	path:yli03083
yli:2906271	path:yli03083
yli:2907087	path:yli03083
yli:2908093	path:yli03083
yli:2908226	path:yli03083
yli:2910744	path:yli03083
yli:2910755	path:yli03083
yli:2911292	path:yli03083
yli:2911842	path:yli03083
yli:2911846	path:yli03083
yli:2912919	path:yli03083
yli:2912961	path:yli03083
yli:2906618	path:yli03250
yli:2907226	path:yli03250
yli:2907515	path:yli03250
yli:2908019	path:yli03250
yli:2908592	path:yli03250
yli:2908997	path:yli03250
yli:2909244	path:yli03250
yli:2909431	path:yli03250
yli:2910311	path:yli03250
yli:2910418	path:yli03250
yli:2911793	path:yli03250
yli:2912645	path:yli03250
yli:7009621	path:yli03250
yli:2907371	path:yli03272
yli:2907515	path:yli03272
yli:2909244	path:yli03272
yli:2909457	path:yli03272
yli:2910311	path:yli03272
yli:2910931	path:yli03272
yli:2905945	path:yli03410
yli:2906103	path:yli03410
yli:2906372	path:yli03410
yli:2906668	path:yli03410
yli:2906955	path:yli03410
yli:2907033	path:yli03410
yli:2907092	path:yli03410
yli:2907374	path:yli03410
yli:2907723	path:yli03410
yli:2908048	path:yli03410
yli:2908208	path:yli03410
yli:2908307	path:yli03410
yli:2908403	path:yli03410
yli:2908437	path:yli03410
yli:2908595	path:yli03410
yli:2908660	path:yli03410
yli:2909829	path:yli03410
yli:2910116	path:yli03410
yli:2910430	path:yli03410
yli:2910627	path:yli03410
yli:2910901	path:yli03410
yli:2910971	path:yli03410
yli:2911878	path:yli03410
yli:2911961	path:yli03410
yli:2912373	path:yli03410
yli:2912641	path:yli03410
yli:2905945	path:yli03420
yli:2906103	path:yli03420
yli:2906117	path:yli03420
yli:2906137	path:yli03420
yli:2906372	path:yli03420
yli:2906622	path:yli03420
yli:2906638	path:yli03420
yli:2906910	path:yli03420
yli:2906934	path:yli03420
yli:2907033	path:yli03420
yli:2907092	path:yli03420
yli:2907178	path:yli03420
yli:2907374	path:yli03420
yli:2907709	path:yli03420
yli:2907933	path:yli03420
yli:2908208	path:yli03420
yli:2908276	path:yli03420
yli:2908437	path:yli03420
yli:2908576	path:yli03420
yli:2908598	path:yli03420
yli:2908629	path:yli03420
yli:2908660	path:yli03420
yli:2908700	path:yli03420
yli:2909037	path:yli03420
yli:2909291	path:yli03420
yli:2909399	path:yli03420
yli:2909514	path:yli03420
yli:2909753	path:yli03420
yli:2909829	path:yli03420
yli:2909896	path:yli03420
yli:2910348	path:yli03420
yli:2910430	path:yli03420
yli:2910489	path:yli03420
yli:2910586	path:yli03420
yli:2910635	path:yli03420
yli:2910673	path:yli03420
yli:2910971	path:yli03420
yli:2911178	path:yli03420
yli:2911203	path:yli03420
yli:2911274	path:yli03420
yli:2911294	path:yli03420
yli:2911560	path:yli03420
yli:2911896	path:yli03420
yli:2912060	path:yli03420
yli:2912243	path:yli03420
yli:2912373	path:yli03420
yli:2912641	path:yli03420
yli:2912881	path:yli03420
yli:7009397	path:yli03420
yli:7009506	path:yli03420
yli:7009507	path:yli03420
yli:2906103	path:yli03430
yli:2906372	path:yli03430
yli:2906382	path:yli03430
yli:2907033	path:yli03430
yli:2907092	path:yli03430
yli:2907374	path:yli03430
yli:2907709	path:yli03430
yli:2908208	path:yli03430
yli:2908352	path:yli03430
yli:2908437	path:yli03430
yli:2908552	path:yli03430
yli:2909454	path:yli03430
yli:2909829	path:yli03430
yli:2910430	path:yli03430
yli:2910971	path:yli03430
yli:2911495	path:yli03430
yli:2911560	path:yli03430
yli:2912243	path:yli03430
yli:2912641	path:yli03430
yli:2912642	path:yli03430
yli:7009506	path:yli03430
yli:2906103	path:yli03440
yli:2907033	path:yli03440
yli:2907374	path:yli03440
yli:2907387	path:yli03440
yli:2907436	path:yli03440
yli:2907709	path:yli03440
yli:2907830	path:yli03440
yli:2908066	path:yli03440
yli:2908114	path:yli03440
yli:2908122	path:yli03440
yli:2908812	path:yli03440
yli:2909008	path:yli03440
yli:2909343	path:yli03440
yli:2909664	path:yli03440
yli:2910592	path:yli03440
yli:2910752	path:yli03440
yli:2910971	path:yli03440
yli:2911560	path:yli03440
yli:2912548	path:yli03440
yli:7009506	path:yli03440
yli:2907436	path:yli03450
yli:2908048	path:yli03450
yli:2910012	path:yli03450
yli:2910135	path:yli03450
yli:2910752	path:yli03450
yli:2911076	path:yli03450
yli:2912079	path:yli03450
yli:2906638	path:yli03460
yli:2907709	path:yli03460
yli:2907830	path:yli03460
yli:2908066	path:yli03460
yli:2908122	path:yli03460
yli:2908337	path:yli03460
yli:2908571	path:yli03460
yli:2908812	path:yli03460
yli:2909127	path:yli03460
yli:2909343	path:yli03460
yli:2909454	path:yli03460
yli:2909827	path:yli03460
yli:2910348	path:yli03460
yli:2910488	path:yli03460
yli:2911249	path:yli03460
yli:2911560	path:yli03460
yli:2912642	path:yli03460
yli:2912648	path:yli03460
yli:7009400	path:yli03460
yli:7009506	path:yli03460
yli:2905841	path:yli04011
yli:2906019	path:yli04011
yli:2906430	path:yli04011
yli:2906777	path:yli04011
yli:2906839	path:yli04011
yli:2906940	path:yli04011
yli:2907026	path:yli04011
yli:2907047	path:yli04011
yli:2907144	path:yli04011
yli:2907335	path:yli04011
yli:2907363	path:yli04011
yli:2907453	path:yli04011
yli:2907494	path:yli04011
yli:2907533	path:yli04011
yli:2907561	path:yli04011
yli:2907657	path:yli04011
yli:2907717	path:yli04011
yli:2907863	path:yli04011
yli:2907874	path:yli04011
yli:2907995	path:yli04011
yli:2908125	path:yli04011
yli:2908221	path:yli04011
yli:2908228	path:yli04011
yli:2908231	path:yli04011
yli:2908264	path:yli04011
yli:2908316	path:yli04011
yli:2908334	path:yli04011
yli:2908335	path:yli04011
yli:2908490	path:yli04011
yli:2908567	path:yli04011
yli:2908569	path:yli04011
yli:2908767	path:yli04011
yli:2908926	path:yli04011
yli:2908975	path:yli04011
yli:2909121	path:yli04011
yli:2909283	path:yli04011
yli:2909301	path:yli04011
yli:2909314	path:yli04011
yli:2909508	path:yli04011
yli:2909547	path:yli04011
yli:2909555	path:yli04011
yli:2909743	path:yli04011
yli:2909842	path:yli04011
yli:2909903	path:yli04011
yli:2910105	path:yli04011
yli:2910136	path:yli04011
yli:2910257	path:yli04011
yli:2910309	path:yli04011
yli:2910313	path:yli04011
yli:2910361	path:yli04011
yli:2910444	path:yli04011
yli:2910598	path:yli04011
yli:2910674	path:yli04011
yli:2910793	path:yli04011
yli:2911097	path:yli04011
yli:2911582	path:yli04011
yli:2911600	path:yli04011
yli:2911700	path:yli04011
yli:2911721	path:yli04011
yli:2911753	path:yli04011
yli:2911849	path:yli04011
yli:2911966	path:yli04011
yli:2912010	path:yli04011
yli:2912051	path:yli04011
yli:2912232	path:yli04011
yli:2912301	path:yli04011
yli:2912364	path:yli04011
yli:2912384	path:yli04011
yli:2912416	path:yli04011
yli:2912505	path:yli04011
yli:2912707	path:yli04011
yli:2912791	path:yli04011
yli:2912949	path:yli04011
yli:2912969	path:yli04011
yli:7009437	path:yli04011
yli:2906394	path:yli04070
yli:2907142	path:yli04070
yli:2907416	path:yli04070
yli:2907523	path:yli04070
yli:2907797	path:yli04070
yli:2908184	path:yli04070
yli:2908767	path:yli04070
yli:2908946	path:yli04070
yli:2908975	path:yli04070
yli:2909130	path:yli04070
yli:2909392	path:yli04070
yli:2910637	path:yli04070
yli:2910855	path:yli04070
yli:2910873	path:yli04070
yli:2911514	path:yli04070
yli:2911856	path:yli04070
yli:2911950	path:yli04070
yli:2912232	path:yli04070
yli:2912429	path:yli04070
yli:2912682	path:yli04070
yli:2905811	path:yli04081
yli:2907082	path:yli04081
yli:2909492	path:yli04081
yli:2910309	path:yli04081
yli:2911681	path:yli04081
yli:2912416	path:yli04081
yli:2912949	path:yli04081
yli:2905811	path:yli04082
yli:2908711	path:yli04082
yli:2908975	path:yli04082
yli:2909492	path:yli04082
yli:2912949	path:yli04082
yli:2905823	path:yli04111
yli:2905898	path:yli04111
yli:2905977	path:yli04111
yli:2905982	path:yli04111
yli:2906002	path:yli04111
yli:2906152	path:yli04111
yli:2906166	path:yli04111
yli:2906235	path:yli04111
yli:2906253	path:yli04111
yli:2906430	path:yli04111
yli:2906622	path:yli04111
yli:2906743	path:yli04111
yli:2906805	path:yli04111
yli:2906826	path:yli04111
yli:2906949	path:yli04111
yli:2906977	path:yli04111
yli:2907085	path:yli04111
yli:2907144	path:yli04111
yli:2907157	path:yli04111
yli:2907317	path:yli04111
yli:2907321	path:yli04111
yli:2907335	path:yli04111
yli:2907385	path:yli04111
yli:2907494	path:yli04111
yli:2907525	path:yli04111
yli:2907587	path:yli04111
yli:2907677	path:yli04111
yli:2907827	path:yli04111
yli:2907859	path:yli04111
yli:2907929	path:yli04111
yli:2908023	path:yli04111
yli:2908186	path:yli04111
yli:2908220	path:yli04111
yli:2908281	path:yli04111
yli:2908294	path:yli04111
yli:2908306	path:yli04111
yli:2908367	path:yli04111
yli:2908385	path:yli04111
yli:2908390	path:yli04111
yli:2908400	path:yli04111
yli:2908432	path:yli04111
yli:2908567	path:yli04111
yli:2908596	path:yli04111
yli:2908824	path:yli04111
yli:2908836	path:yli04111
yli:2908902	path:yli04111
yli:2909183	path:yli04111
yli:2909284	path:yli04111
yli:2909314	path:yli04111
yli:2909358	path:yli04111
yli:2909508	path:yli04111
yli:2909589	path:yli04111
yli:2909702	path:yli04111
yli:2909739	path:yli04111
yli:2909949	path:yli04111
yli:2909980	path:yli04111
yli:2910143	path:yli04111
yli:2910213	path:yli04111
yli:2910564	path:yli04111
yli:2910625	path:yli04111
yli:2910691	path:yli04111
yli:2910711	path:yli04111
yli:2910782	path:yli04111
yli:2910807	path:yli04111
yli:2910995	path:yli04111
yli:2911257	path:yli04111
yli:2911478	path:yli04111
yli:2911482	path:yli04111
yli:2911556	path:yli04111
yli:2911569	path:yli04111
yli:2911575	path:yli04111
yli:2911721	path:yli04111
yli:2911819	path:yli04111
yli:2911916	path:yli04111
yli:2911995	path:yli04111
yli:2912050	path:yli04111
yli:2912269	path:yli04111
yli:2912301	path:yli04111
yli:2912427	path:yli04111
yli:2912576	path:yli04111
yli:2912609	path:yli04111
yli:7009437	path:yli04111
yli:2905811	path:yli04113
yli:2905885	path:yli04113
yli:2905898	path:yli04113
yli:2906152	path:yli04113
yli:2906235	path:yli04113
yli:2906253	path:yli04113
yli:2906634	path:yli04113
yli:2906826	path:yli04113
yli:2906948	path:yli04113
yli:2906949	path:yli04113
yli:2906977	path:yli04113
yli:2907024	path:yli04113
yli:2907085	path:yli04113
yli:2907157	path:yli04113
yli:2907248	path:yli04113
yli:2907321	path:yli04113
yli:2907385	path:yli04113
yli:2907494	path:yli04113
yli:2907525	path:yli04113
yli:2907759	path:yli04113
yli:2907817	path:yli04113
yli:2907827	path:yli04113
yli:2907929	path:yli04113
yli:2907979	path:yli04113
yli:2908023	path:yli04113
yli:2908186	path:yli04113
yli:2908220	path:yli04113
yli:2908281	path:yli04113
yli:2908294	path:yli04113
yli:2908306	path:yli04113
yli:2908308	path:yli04113
yli:2908432	path:yli04113
yli:2908463	path:yli04113
yli:2908567	path:yli04113
yli:2908596	path:yli04113
yli:2908726	path:yli04113
yli:2908836	path:yli04113
yli:2908902	path:yli04113
yli:2908932	path:yli04113
yli:2909183	path:yli04113
yli:2909284	path:yli04113
yli:2909312	path:yli04113
yli:2909358	path:yli04113
yli:2909492	path:yli04113
yli:2909508	path:yli04113
yli:2909701	path:yli04113
yli:2909702	path:yli04113
yli:2910213	path:yli04113
yli:2910465	path:yli04113
yli:2910513	path:yli04113
yli:2910691	path:yli04113
yli:2910807	path:yli04113
yli:2910995	path:yli04113
yli:2911257	path:yli04113
yli:2911447	path:yli04113
yli:2911482	path:yli04113
yli:2911556	path:yli04113
yli:2911569	path:yli04113
yli:2911575	path:yli04113
yli:2911916	path:yli04113
yli:2911925	path:yli04113
yli:2911976	path:yli04113
yli:2912269	path:yli04113
yli:2912427	path:yli04113
yli:2912500	path:yli04113
yli:2912860	path:yli04113
yli:90949584	path:yli04113
yli:2905753	path:yli04120
yli:2905823	path:yli04120
yli:2905977	path:yli04120
yli:2906137	path:yli04120
yli:2906240	path:yli04120
yli:2906253	path:yli04120
yli:2906622	path:yli04120
yli:2906798	path:yli04120
yli:2906830	path:yli04120
yli:2906909	path:yli04120
yli:2907209	path:yli04120
yli:2907290	path:yli04120
yli:2907321	path:yli04120
yli:2907587	path:yli04120
yli:2907705	path:yli04120
yli:2907766	path:yli04120
yli:2907827	path:yli04120
yli:2907929	path:yli04120
yli:2907990	path:yli04120
yli:2908120	path:yli04120
yli:2908121	path:yli04120
yli:2908370	path:yli04120
yli:2908486	path:yli04120
yli:2908842	path:yli04120
yli:2908858	path:yli04120
yli:2908977	path:yli04120
yli:2909178	path:yli04120
yli:2909237	path:yli04120
yli:2909284	path:yli04120
yli:2909358	path:yli04120
yli:2909739	path:yli04120
yli:2909980	path:yli04120
yli:2910140	path:yli04120
yli:2910143	path:yli04120
yli:2910213	path:yli04120
yli:2910367	path:yli04120
yli:2910755	path:yli04120
yli:2910866	path:yli04120
yli:2910945	path:yli04120
yli:2911257	path:yli04120
yli:2911471	path:yli04120
yli:2911700	path:yli04120
yli:2911740	path:yli04120
yli:2911896	path:yli04120
yli:2911995	path:yli04120
yli:2912233	path:yli04120
yli:2912269	path:yli04120
yli:2912295	path:yli04120
yli:2912314	path:yli04120
yli:2912342	path:yli04120
yli:2912409	path:yli04120
yli:2912427	path:yli04120
yli:2912811	path:yli04120
yli:2912859	path:yli04120
yli:2912881	path:yli04120
yli:7009395	path:yli04120
yli:7009422	path:yli04120
yli:2906688	path:yli04122
yli:2908766	path:yli04122
yli:2909972	path:yli04122
yli:2909989	path:yli04122
yli:2911306	path:yli04122
yli:2912705	path:yli04122
yli:7009564	path:yli04122
yli:2906005	path:yli04130
yli:2906824	path:yli04130
yli:2907438	path:yli04130
yli:2907524	path:yli04130
yli:2907627	path:yli04130
yli:2908282	path:yli04130
yli:2908397	path:yli04130
yli:2909299	path:yli04130
yli:2909365	path:yli04130
yli:2909375	path:yli04130
yli:2909746	path:yli04130
yli:2909826	path:yli04130
yli:2910129	path:yli04130
yli:2910275	path:yli04130
yli:2910739	path:yli04130
yli:2911689	path:yli04130
yli:2911877	path:yli04130
yli:2911891	path:yli04130
yli:2912287	path:yli04130
yli:2912885	path:yli04130
yli:2905898	path:yli04136
yli:2906209	path:yli04136
yli:2906546	path:yli04136
yli:2907586	path:yli04136
yli:2907738	path:yli04136
yli:2908106	path:yli04136
yli:2908186	path:yli04136
yli:2908463	path:yli04136
yli:2908497	path:yli04136
yli:2908558	path:yli04136
yli:2908946	path:yli04136
yli:2909898	path:yli04136
yli:2910606	path:yli04136
yli:2910666	path:yli04136
yli:2912033	path:yli04136
yli:2912110	path:yli04136
yli:2912420	path:yli04136
yli:2912485	path:yli04136
yli:2912512	path:yli04136
yli:2912551	path:yli04136
yli:2912552	path:yli04136
yli:2905898	path:yli04138
yli:2905974	path:yli04138
yli:2906209	path:yli04138
yli:2906233	path:yli04138
yli:2906514	path:yli04138
yli:2906523	path:yli04138
yli:2906546	path:yli04138
yli:2906824	path:yli04138
yli:2906948	path:yli04138
yli:2907048	path:yli04138
yli:2907070	path:yli04138
yli:2907142	path:yli04138
yli:2907344	path:yli04138
yli:2907378	path:yli04138
yli:2907412	path:yli04138
yli:2907445	path:yli04138
yli:2907453	path:yli04138
yli:2907497	path:yli04138
yli:2907624	path:yli04138
yli:2907704	path:yli04138
yli:2907738	path:yli04138
yli:2907949	path:yli04138
yli:2907987	path:yli04138
yli:2908062	path:yli04138
yli:2908106	path:yli04138
yli:2908184	path:yli04138
yli:2908186	path:yli04138
yli:2908407	path:yli04138
yli:2908463	path:yli04138
yli:2908497	path:yli04138
yli:2908558	path:yli04138
yli:2908641	path:yli04138
yli:2908647	path:yli04138
yli:2908649	path:yli04138
yli:2908658	path:yli04138
yli:2908761	path:yli04138
yli:2908932	path:yli04138
yli:2908946	path:yli04138
yli:2909065	path:yli04138
yli:2909308	path:yli04138
yli:2909440	path:yli04138
yli:2909492	path:yli04138
yli:2909602	path:yli04138
yli:2909624	path:yli04138
yli:2909640	path:yli04138
yli:2909746	path:yli04138
yli:2909898	path:yli04138
yli:2909909	path:yli04138
yli:2910513	path:yli04138
yli:2910543	path:yli04138
yli:2910551	path:yli04138
yli:2910606	path:yli04138
yli:2910666	path:yli04138
yli:2910676	path:yli04138
yli:2910782	path:yli04138
yli:2911318	path:yli04138
yli:2911447	path:yli04138
yli:2911852	path:yli04138
yli:2911891	path:yli04138
yli:2911953	path:yli04138
yli:2912033	path:yli04138
yli:2912110	path:yli04138
yli:2912217	path:yli04138
yli:2912298	path:yli04138
yli:2912306	path:yli04138
yli:2912420	path:yli04138
yli:2912485	path:yli04138
yli:2912500	path:yli04138
yli:2912512	path:yli04138
yli:2912551	path:yli04138
yli:2912552	path:yli04138
yli:2912637	path:yli04138
yli:2912652	path:yli04138
yli:2912682	path:yli04138
yli:2912727	path:yli04138
yli:2912960	path:yli04138
yli:2906019	path:yli04139
yli:2906318	path:yli04139
yli:2906350	path:yli04139
yli:2906775	path:yli04139
yli:2907026	path:yli04139
yli:2907084	path:yli04139
yli:2907289	path:yli04139
yli:2907409	path:yli04139
yli:2907453	path:yli04139
yli:2907533	path:yli04139
yli:2907874	path:yli04139
yli:2908231	path:yli04139
yli:2908258	path:yli04139
yli:2908307	path:yli04139
yli:2908463	path:yli04139
yli:2908767	path:yli04139
yli:2908877	path:yli04139
yli:2908975	path:yli04139
yli:2909019	path:yli04139
yli:2909842	path:yli04139
yli:2910410	path:yli04139
yli:2910550	path:yli04139
yli:2910666	path:yli04139
yli:2910688	path:yli04139
yli:2910785	path:yli04139
yli:2910962	path:yli04139
yli:2911069	path:yli04139
yli:2911842	path:yli04139
yli:2911846	path:yli04139
yli:2912010	path:yli04139
yli:2912110	path:yli04139
yli:2912278	path:yli04139
yli:2912503	path:yli04139
yli:2912707	path:yli04139
yli:2905977	path:yli04141
yli:2906229	path:yli04141
yli:2906265	path:yli04141
yli:2906434	path:yli04141
yli:2906582	path:yli04141
yli:2906622	path:yli04141
yli:2906941	path:yli04141
yli:2907080	path:yli04141
yli:2907281	path:yli04141
yli:2907456	path:yli04141
yli:2907461	path:yli04141
yli:2907624	path:yli04141
yli:2907766	path:yli04141
yli:2907823	path:yli04141
yli:2907921	path:yli04141
yli:2907958	path:yli04141
yli:2907990	path:yli04141
yli:2908034	path:yli04141
yli:2908149	path:yli04141
yli:2908179	path:yli04141
yli:2908193	path:yli04141
yli:2908222	path:yli04141
yli:2908295	path:yli04141
yli:2908305	path:yli04141
yli:2908492	path:yli04141
yli:2908597	path:yli04141
yli:2908650	path:yli04141
yli:2908679	path:yli04141
yli:2908744	path:yli04141
yli:2908955	path:yli04141
yli:2909285	path:yli04141
yli:2909288	path:yli04141
yli:2909381	path:yli04141
yli:2909509	path:yli04141
yli:2909617	path:yli04141
yli:2909783	path:yli04141
yli:2909835	path:yli04141
yli:2910140	path:yli04141
yli:2910143	path:yli04141
yli:2910337	path:yli04141
yli:2910367	path:yli04141
yli:2910467	path:yli04141
yli:2910483	path:yli04141
yli:2910495	path:yli04141
yli:2910549	path:yli04141
yli:2910692	path:yli04141
yli:2910695	path:yli04141
yli:2910724	path:yli04141
yli:2910727	path:yli04141
yli:2910755	path:yli04141
yli:2910881	path:yli04141
yli:2910913	path:yli04141
yli:2910981	path:yli04141
yli:2911200	path:yli04141
yli:2911273	path:yli04141
yli:2911294	path:yli04141
yli:2911298	path:yli04141
yli:2911471	path:yli04141
yli:2911496	path:yli04141
yli:2911537	path:yli04141
yli:2911646	path:yli04141
yli:2911664	path:yli04141
yli:2911722	path:yli04141
yli:2911749	path:yli04141
yli:2911750	path:yli04141
yli:2911792	path:yli04141
yli:2912023	path:yli04141
yli:2912024	path:yli04141
yli:2912082	path:yli04141
yli:2912097	path:yli04141
yli:2912125	path:yli04141
yli:2912280	path:yli04141
yli:2912332	path:yli04141
yli:2912362	path:yli04141
yli:2912388	path:yli04141
yli:2912409	path:yli04141
yli:2912497	path:yli04141
yli:2912593	path:yli04141
yli:2912621	path:yli04141
yli:2912766	path:yli04141
yli:2912786	path:yli04141
yli:7009422	path:yli04141
yli:7009498	path:yli04141
yli:90949362	path:yli04141
yli:90949689	path:yli04141
yli:90949800	path:yli04141
yli:2905763	path:yli04142
yli:2905765	path:yli04142
yli:2905792	path:yli04142
yli:2905953	path:yli04142
yli:2906168	path:yli04142
yli:2906207	path:yli04142
yli:2906233	path:yli04142
yli:2906337	path:yli04142
yli:2906514	path:yli04142
yli:2906863	path:yli04142
yli:2907129	path:yli04142
yli:2907130	path:yli04142
yli:2907286	path:yli04142
yli:2907325	path:yli04142
yli:2907378	path:yli04142
yli:2907430	path:yli04142
yli:2907438	path:yli04142
yli:2907518	path:yli04142
yli:2907575	path:yli04142
yli:2907662	path:yli04142
yli:2907704	path:yli04142
yli:2907811	path:yli04142
yli:2907840	path:yli04142
yli:2907917	path:yli04142
yli:2907984	path:yli04142
yli:2908042	path:yli04142
yli:2908463	path:yli04142
yli:2908505	path:yli04142
yli:2908544	path:yli04142
yli:2908579	path:yli04142
yli:2908637	path:yli04142
yli:2908641	path:yli04142
yli:2908647	path:yli04142
yli:2908701	path:yli04142
yli:2908707	path:yli04142
yli:2908913	path:yli04142
yli:2909045	path:yli04142
yli:2909150	path:yli04142
yli:2909165	path:yli04142
yli:2909294	path:yli04142
yli:2909324	path:yli04142
yli:2909385	path:yli04142
yli:2909590	path:yli04142
yli:2909607	path:yli04142
yli:2909711	path:yli04142
yli:2909825	path:yli04142
yli:2909863	path:yli04142
yli:2909958	path:yli04142
yli:2910297	path:yli04142
yli:2910396	path:yli04142
yli:2910686	path:yli04142
yli:2910885	path:yli04142
yli:2910952	path:yli04142
yli:2911004	path:yli04142
yli:2911249	path:yli04142
yli:2911314	path:yli04142
yli:2911438	path:yli04142
yli:2911557	path:yli04142
yli:2911580	path:yli04142
yli:2911614	path:yli04142
yli:2911626	path:yli04142
yli:2911669	path:yli04142
yli:2911788	path:yli04142
yli:2911841	path:yli04142
yli:2911856	path:yli04142
yli:2911941	path:yli04142
yli:2912033	path:yli04142
yli:2912247	path:yli04142
yli:2912298	path:yli04142
yli:2912420	path:yli04142
yli:2912496	path:yli04142
yli:2912577	path:yli04142
yli:2912637	path:yli04142
yli:2912750	path:yli04142
yli:2912798	path:yli04142
yli:2912876	path:yli04142
yli:2912911	path:yli04142
yli:2912964	path:yli04142
yli:90949719	path:yli04142
yli:2905792	path:yli04144
yli:2905839	path:yli04144
yli:2905912	path:yli04144
yli:2905974	path:yli04144
yli:2906265	path:yli04144
yli:2906433	path:yli04144
yli:2906618	path:yli04144
yli:2906706	path:yli04144
yli:2906814	path:yli04144
yli:2906881	path:yli04144
yli:2906940	path:yli04144
yli:2907048	path:yli04144
yli:2907138	path:yli04144
yli:2907319	path:yli04144
yli:2907371	path:yli04144
yli:2907430	path:yli04144
yli:2907497	path:yli04144
yli:2907515	path:yli04144
yli:2908009	path:yli04144
yli:2908019	path:yli04144
yli:2908029	path:yli04144
yli:2908034	path:yli04144
yli:2908061	path:yli04144
yli:2908062	path:yli04144
yli:2908137	path:yli04144
yli:2908198	path:yli04144
yli:2908298	path:yli04144
yli:2908387	path:yli04144
yli:2908647	path:yli04144
yli:2908767	path:yli04144
yli:2909055	path:yli04144
yli:2909190	path:yli04144
yli:2909244	path:yli04144
yli:2909385	path:yli04144
yli:2909457	path:yli04144
yli:2909507	path:yli04144
yli:2909600	path:yli04144
yli:2909862	path:yli04144
yli:2909958	path:yli04144
yli:2910066	path:yli04144
yli:2910258	path:yli04144
yli:2910309	path:yli04144
yli:2910311	path:yli04144
yli:2910332	path:yli04144
yli:2910401	path:yli04144
yli:2910420	path:yli04144
yli:2910543	path:yli04144
yli:2910692	path:yli04144
yli:2910695	path:yli04144
yli:2910825	path:yli04144
yli:2910885	path:yli04144
yli:2910898	path:yli04144
yli:2910931	path:yli04144
yli:2911217	path:yli04144
yli:2911490	path:yli04144
yli:2911557	path:yli04144
yli:2911588	path:yli04144
yli:2911669	path:yli04144
yli:2911700	path:yli04144
yli:2911736	path:yli04144
yli:2911767	path:yli04144
yli:2911788	path:yli04144
yli:2911953	path:yli04144
yli:2911958	path:yli04144
yli:2912280	path:yli04144
yli:2912288	path:yli04144
yli:2912416	path:yli04144
yli:2912652	path:yli04144
yli:2912870	path:yli04144
yli:2912960	path:yli04144
yli:90949362	path:yli04144
yli:90949689	path:yli04144
yli:90949800	path:yli04144
yli:2905763	path:yli04145
yli:2905953	path:yli04145
yli:2906209	path:yli04145
yli:2906233	path:yli04145
yli:2906514	path:yli04145
yli:2906605	path:yli04145
yli:2906618	path:yli04145
yli:2906992	path:yli04145
yli:2907175	path:yli04145
yli:2907320	path:yli04145
yli:2907378	path:yli04145
yli:2907438	path:yli04145
yli:2907456	path:yli04145
yli:2907662	path:yli04145
yli:2907704	path:yli04145
yli:2907811	path:yli04145
yli:2907988	path:yli04145
yli:2908009	path:yli04145
yli:2908150	path:yli04145
yli:2908492	path:yli04145
yli:2908558	path:yli04145
yli:2908641	path:yli04145
yli:2908647	path:yli04145
yli:2908701	path:yli04145
yli:2908707	path:yli04145
yli:2908946	path:yli04145
yli:2909045	path:yli04145
yli:2909308	path:yli04145
yli:2909365	path:yli04145
yli:2909711	path:yli04145
yli:2909733	path:yli04145
yli:2909898	path:yli04145
yli:2910337	path:yli04145
yli:2910396	path:yli04145
yli:2910606	path:yli04145
yli:2910739	path:yli04145
yli:2910906	path:yli04145
yli:2911509	path:yli04145
yli:2911580	path:yli04145
yli:2911653	path:yli04145
yli:2911750	path:yli04145
yli:2911759	path:yli04145
yli:2911856	path:yli04145
yli:2911941	path:yli04145
yli:2912110	path:yli04145
yli:2912247	path:yli04145
yli:2912298	path:yli04145
yli:2912311	path:yli04145
yli:2912496	path:yli04145
yli:2912512	path:yli04145
yli:2912551	path:yli04145
yli:2912552	path:yli04145
yli:2912577	path:yli04145
yli:2912613	path:yli04145
yli:2912750	path:yli04145
yli:2912769	path:yli04145
yli:2912891	path:yli04145
yli:7009498	path:yli04145
yli:2905879	path:yli04146
yli:2906012	path:yli04146
yli:2906089	path:yli04146
yli:2906787	path:yli04146
yli:2906793	path:yli04146
yli:2906892	path:yli04146
yli:2907154	path:yli04146
yli:2907243	path:yli04146
yli:2907361	path:yli04146
yli:2907421	path:yli04146
yli:2907615	path:yli04146
yli:2907652	path:yli04146
yli:2907657	path:yli04146
yli:2907702	path:yli04146
yli:2907870	path:yli04146
yli:2907872	path:yli04146
yli:2907946	path:yli04146
yli:2908085	path:yli04146
yli:2908512	path:yli04146
yli:2908530	path:yli04146
yli:2908531	path:yli04146
yli:2908532	path:yli04146
yli:2909003	path:yli04146
yli:2909057	path:yli04146
yli:2909235	path:yli04146
yli:2909290	path:yli04146
yli:2909502	path:yli04146
yli:2909503	path:yli04146
yli:2909504	path:yli04146
yli:2909505	path:yli04146
yli:2909597	path:yli04146
yli:2909628	path:yli04146
yli:2909682	path:yli04146
yli:2909768	path:yli04146
yli:2909798	path:yli04146
yli:2909875	path:yli04146
yli:2910308	path:yli04146
yli:2910372	path:yli04146
yli:2910470	path:yli04146
yli:2910631	path:yli04146
yli:2911089	path:yli04146
yli:2911130	path:yli04146
yli:2911255	path:yli04146
yli:2911508	path:yli04146
yli:2911586	path:yli04146
yli:2911630	path:yli04146
yli:2911786	path:yli04146
yli:2911832	path:yli04146
yli:2912000	path:yli04146
yli:2912002	path:yli04146
yli:2912003	path:yli04146
yli:2912051	path:yli04146
yli:2912130	path:yli04146
yli:2912364	path:yli04146
yli:2912402	path:yli04146
yli:2912435	path:yli04146
yli:2912532	path:yli04146
yli:2912814	path:yli04146
yli:2906233	path:yli04148
yli:2906354	path:yli04148
yli:2906514	path:yli04148
yli:2906755	path:yli04148
yli:2906996	path:yli04148
yli:2907378	path:yli04148
yli:2907614	path:yli04148
yli:2907704	path:yli04148
yli:2907987	path:yli04148
yli:2908009	path:yli04148
yli:2908036	path:yli04148
yli:2908116	path:yli04148
yli:2908628	path:yli04148
yli:2908641	path:yli04148
yli:2908647	path:yli04148
yli:2909640	path:yli04148
yli:2910485	path:yli04148
yli:2912298	path:yli04148
yli:2912301	path:yli04148
yli:2912445	path:yli04148
yli:2912613	path:yli04148
yli:2912707	path:yli04148
yli:2912896	path:yli04148
yli:2905853	path:yli04149
yli:2905879	path:yli04149
yli:2905939	path:yli04149
yli:2906012	path:yli04149
yli:2906381	path:yli04149
yli:2906577	path:yli04149
yli:2906632	path:yli04149
yli:2906777	path:yli04149
yli:2906787	path:yli04149
yli:2906848	path:yli04149
yli:2907149	path:yli04149
yli:2907243	path:yli04149
yli:2907353	path:yli04149
yli:2907409	path:yli04149
yli:2907615	path:yli04149
yli:2907650	path:yli04149
yli:2907657	path:yli04149
yli:2907678	path:yli04149
yli:2907702	path:yli04149
yli:2907870	path:yli04149
yli:2907872	path:yli04149
yli:2908085	path:yli04149
yli:2908233	path:yli04149
yli:2908492	path:yli04149
yli:2908530	path:yli04149
yli:2908531	path:yli04149
yli:2908532	path:yli04149
yli:2908547	path:yli04149
yli:2908652	path:yli04149
yli:2908742	path:yli04149
yli:2908877	path:yli04149
yli:2909057	path:yli04149
yli:2909235	path:yli04149
yli:2909277	path:yli04149
yli:2909502	path:yli04149
yli:2909503	path:yli04149
yli:2909504	path:yli04149
yli:2909505	path:yli04149
yli:2909670	path:yli04149
yli:2909682	path:yli04149
yli:2909798	path:yli04149
yli:2910208	path:yli04149
yli:2910216	path:yli04149
yli:2910294	path:yli04149
yli:2910302	path:yli04149
yli:2910305	path:yli04149
yli:2910308	path:yli04149
yli:2910311	path:yli04149
yli:2910337	path:yli04149
yli:2910397	path:yli04149
yli:2910470	path:yli04149
yli:2910631	path:yli04149
yli:2910925	path:yli04149
yli:2910962	path:yli04149
yli:2911066	path:yli04149
yli:2911089	path:yli04149
yli:2911130	path:yli04149
yli:2911154	path:yli04149
yli:2911503	path:yli04149
yli:2911508	path:yli04149
yli:2911562	path:yli04149
yli:2911572	path:yli04149
yli:2911586	path:yli04149
yli:2911696	path:yli04149
yli:2911750	path:yli04149
yli:2911997	path:yli04149
yli:2912000	path:yli04149
yli:2912002	path:yli04149
yli:2912003	path:yli04149
yli:2912051	path:yli04149
yli:2912112	path:yli04149
yli:2912118	path:yli04149
yli:2912130	path:yli04149
yli:2912364	path:yli04149
yli:2912402	path:yli04149
yli:2912435	path:yli04149
yli:2912532	path:yli04149
yli:2912850	path:yli04149
yli:2912854	path:yli04149
yli:2912887	path:yli04149
yli:7009498	path:yli04149
yli:2905898	path:yli04382
yli:2907213	path:yli04382
yli:2907264	path:yli04382
yli:2908186	path:yli04382
yli:2908220	path:yli04382
yli:2908365	path:yli04382
yli:2908459	path:yli04382
yli:2908658	path:yli04382
yli:2909065	path:yli04382
yli:2909628	path:yli04382
yli:2911572	path:yli04382
yli:2911786	path:yli04382
yli:2912860	path:yli04382
yli:2905974	path:yli04517
yli:2906706	path:yli04517
yli:2906940	path:yli04517
yli:2907048	path:yli04517
yli:2907363	path:yli04517
yli:2907497	path:yli04517
yli:2907876	path:yli04517
yli:2908046	path:yli04517
yli:2908062	path:yli04517
yli:2908782	path:yli04517
yli:2908975	path:yli04517
yli:2910066	path:yli04517
yli:2910309	path:yli04517
yli:2910543	path:yli04517
yli:2910716	path:yli04517
yli:2910906	path:yli04517
yli:2911759	path:yli04517
yli:2911953	path:yli04517
yli:2912301	path:yli04517
yli:2912416	path:yli04517
yli:2912613	path:yli04517
yli:2912652	path:yli04517
yli:2912707	path:yli04517
yli:2912769	path:yli04517
yli:2912891	path:yli04517
yli:2906940	path:yli04518
yli:2908463	path:yli04518
yli:2910716	path:yli04518
yli:2912613	path:yli04518
yli:2905885	path:yli04519
yli:2905974	path:yli04519
yli:2906839	path:yli04519
yli:2906940	path:yli04519
yli:2906948	path:yli04519
yli:2907048	path:yli04519
yli:2907497	path:yli04519
yli:2908062	path:yli04519
yli:2908926	path:yli04519
yli:2910105	path:yli04519
yli:2910309	path:yli04519
yli:2910543	path:yli04519
yli:2910711	path:yli04519
yli:2910716	path:yli04519
yli:2911447	path:yli04519
yli:2911925	path:yli04519
yli:2911953	path:yli04519
yli:2911976	path:yli04519
yli:2912078	path:yli04519
yli:2912301	path:yli04519
yli:2912416	path:yli04519
yli:2912500	path:yli04519
yli:2912613	path:yli04519
yli:2912652	path:yli04519
yli:2912707	path:yli04519
yli:2912301	path:yli04620
yli:2912613	path:yli04620
yli:2912707	path:yli04620
yli:2905839	path:yli04814
yli:2906605	path:yli04814
yli:2906992	path:yli04814
yli:2907175	path:yli04814
yli:2907195	path:yli04814
yli:2907320	path:yli04814
yli:2907876	path:yli04814
yli:2907903	path:yli04814
yli:2907948	path:yli04814
yli:2908046	path:yli04814
yli:2908150	path:yli04814
yli:2908581	path:yli04814
yli:2909516	path:yli04814
yli:2909733	path:yli04814
yli:2909862	path:yli04814
yli:2910906	path:yli04814
yli:2911067	path:yli04814
yli:2911759	path:yli04814
yli:2912078	path:yli04814
yli:2912288	path:yli04814
yli:2912311	path:yli04814
yli:2912443	path:yli04814
yli:2912769	path:yli04814
yli:2912861	path:yli04814
yli:2912891	path:yli04814
yli:2907876	path:yli04820
yli:2907992	path:yli04820
yli:2909862	path:yli04820
yli:2912288	path:yli04820
yli:2912781	path:yli04820
yli:2906474	path:yli04981
yli:2906737	path:yli04981
yli:2907923	path:yli04981
yli:2908091	path:yli04981
yli:2908192	path:yli04981
yli:2909366	path:yli04981
yli:2909513	path:yli04981
yli:2909985	path:yli04981
yli:2910453	path:yli04981
yli:2910775	path:yli04981
yli:2911018	path:yli04981
yli:2911591	path:yli04981
yli:2912509	path:yli04981
yli:2912550	path:yli04981
yli:2912574	path:yli04981
yli:2912704	path:yli04981
yli:2912710	path:yli04981
yli:2905792	path:yli05100
yli:2905974	path:yli05100
yli:2906706	path:yli05100
yli:2906940	path:yli05100
yli:2907048	path:yli05100
yli:2907497	path:yli05100
yli:2908062	path:yli05100
yli:2909853	path:yli05100
yli:2910309	path:yli05100
yli:2910543	path:yli05100
yli:2911953	path:yli05100
yli:2912416	path:yli05100
yli:2912613	path:yli05100
yli:2912652	path:yli05100
