yli:90949324	CDS	A:733..1665	YALI2_A00001g; ATP-dependent DNA helicase PIF7
yli:90949397	CDS	A:complement(join(1982..2082,2235..3967,4072..4100))	YALI2_A00694g; ATP-dependent DNA helicase RecQ
yli:90949396	CDS	A:complement(join(4173..4890,5063..7624,7998..8048,8096..8187))	YALI2_A00693g; Anti-sigma-I factor RsgI2
yli:90949325	rRNA	A:complement(10473..12153)	YALI2_A00001r; 18S ribosomal RNA
yli:90949326	rRNA	A:complement(24317..24432)	YALI2_A00002r; 5S ribosomal RNA
yli:2906259	CDS	A:32103..34721	YALI2_A00002g; Oligopeptide transporter 2
yli:2906265	CDS	A:36489..38324	YALI2_A00003g; Ribosome-associated molecular chaperone SSB1
yli:2906274	CDS	A:40999..42093	YALI2_A00004g; Hypothetical protein
yli:2906266	CDS	A:45294..47915	YALI2_A00005g; Threonine-rich protein
yli:2906334	CDS	A:complement(49583..50293)	YALI2_A00692g; Hypothetical protein
yli:2905847	CDS	A:join(51442..52421,52761..52803)	YALI2_A00006g; Hypothetical protein
yli:2906275	tRNA	A:complement(join(53286..53321,53339..53374))	YALI2_A00001t; tRNA-Arg
yli:2905904	CDS	A:complement(53844..57086)	YALI2_A00691g; Putative isoleucine--tRNA ligase, cytoplasmic
yli:2905939	CDS	A:58736..59842	YALI2_A00007g; Ribosome-interacting GTPase 1
yli:2906599	CDS	A:complement(63097..63747)	YALI2_A00690g; Hypothetical protein
yli:2905756	CDS	A:join(66837..66840,67226..69750)	YALI2_A00008g; Elongation factor 2
yli:2906297	CDS	A:complement(70142..70936)	YALI2_A00689g; Hypothetical protein
yli:2905998	CDS	A:complement(72134..73096)	YALI2_A00688g; Hypothetical protein
yli:2905829	CDS	A:complement(75107..76624)	YALI2_A00687g; Hypothetical protein
yli:2906299	CDS	A:complement(78408..80027)	YALI2_A00686g; Riboflavin transporter MCH5
yli:2905836	CDS	A:82043..82567	YALI2_A00009g; Hypothetical protein
yli:2906349	tRNA	A:join(84092..84127,84142..84177)	YALI2_A00002t; tRNA-Pro
yli:2905928	CDS	A:86274..89099	YALI2_A00010g; Serine/threonine-protein kinase haspin hrk1
yli:2905963	CDS	A:complement(90707..92296)	YALI2_A00685g; Putative MFS-type transporter
yli:2906441	CDS	A:94545..96140	YALI2_A00011g; Hypothetical protein
yli:2906241	CDS	A:complement(96253..97656)	YALI2_A00684g; Hypothetical protein
yli:2906083	CDS	A:complement(99537..100826)	YALI2_A00683g; Zuotin
yli:2906235	CDS	A:complement(join(101540..105094,105354..105368))	YALI2_A00682g; Structural maintenance of chromosomes protein 3
yli:2905995	CDS	A:106340..107011	YALI2_A00012g; Alpha N-terminal protein methyltransferase 1
yli:2905993	CDS	A:complement(108543..109223)	YALI2_A00681g; Hypothetical protein
yli:90949395	CDS	A:complement(join(112449..112489,113410..114301))	YALI2_A00680g; uncharacterized protein
yli:2905966	CDS	A:114507..115331	YALI2_A00013g; Hypothetical protein
yli:2905988	tRNA	A:complement(join(118270..118305,118315..118351))	YALI2_A00003t; tRNA-Lys
yli:2905982	CDS	A:join(119680..119693,120559..120575,120663..123619)	YALI2_A00014g; Ankyrin repeat protein nuc-2
yli:2905934	CDS	A:complement(123977..124570)	YALI2_A00679g; Thioredoxin domain-containing protein plp1
yli:2905777	CDS	A:complement(129185..132325)	YALI2_A00678g; Eukaryotic translation initiation factor 5B
yli:90949327	CDS	A:134159..134398	YALI2_A00015g; Hypothetical protein
yli:2905911	CDS	A:135691..137088	YALI2_A00016g; Hypothetical protein
yli:2906327	CDS	A:complement(137629..138672)	YALI2_A00677g; Putative voltage-gated potassium channel subunit beta
yli:2906329	CDS	A:complement(139308..140861)	YALI2_A00676g; Putative transporter
yli:2905898	CDS	A:complement(142414..143436)	YALI2_A00675g; Serine/threonine-protein phosphatase PP2A-1 catalytic subunit
yli:2906289	CDS	A:146332..148590	YALI2_A00017g; Nucleoside-diphosphatase mig-23
yli:2906313	CDS	A:complement(150970..151422)	YALI2_A00674g; Putative N-acetyltransferase YjaB
yli:2905808	CDS	A:153205..154653	YALI2_A00018g; Zinc-regulated transporter 3
yli:2906324	CDS	A:156310..157392	YALI2_A00019g; Vacuolar ATPase assembly integral membrane protein VPH2
yli:2906594	CDS	A:165897..169133	YALI2_A00020g; Sodium transport ATPase 5
yli:2905757	CDS	A:173211..174326	YALI2_A00021g; uncharacterized protein
yli:2906201	CDS	A:complement(176494..176955)	YALI2_A00673g; AN1-type zinc finger protein TMC1
yli:2906591	CDS	A:180077..181966	YALI2_A00022g; Hypothetical protein
yli:2906456	CDS	A:complement(183549..184076)	YALI2_A00672g; Putative allantoinase 1
yli:2905815	CDS	A:complement(184951..186591)	YALI2_A00671g; Uroporphyrinogen-III C-methyltransferase
yli:2905732	CDS	A:189231..190457	YALI2_A00023g; Acyltransferase LovD
yli:2906070	tRNA	A:join(190594..190631,190646..190689)	YALI2_A00004t; tRNA-Leu
yli:2906598	tRNA	A:complement(join(191694..191737,191756..191793))	YALI2_A00005t; tRNA-Leu
yli:2906072	CDS	A:193269..194765	YALI2_A00024g; Hypothetical protein
yli:2906068	tRNA	A:join(195228..195265,195283..195326)	YALI2_A00006t; tRNA-Leu
yli:2906271	CDS	A:complement(196826..198019)	YALI2_A00670g; Histone acetyltransferase type B subunit 2
yli:2906152	CDS	A:complement(200625..202859)	YALI2_A00669g; DNA replication licensing factor mcm5
yli:2906074	CDS	A:complement(join(203346..204034,204414..204522))	YALI2_A00668g; Histone chaperone ASF1
yli:2906040	CDS	A:join(205741..208513,208645..208691)	YALI2_A00025g; Guanine nucleotide exchange factor subunit Rich
yli:2906039	CDS	A:complement(join(208720..208731,209658..210020))	YALI2_A00667g; NADH-ubiquinone oxidoreductase 14.8 kDa subunit
yli:2906065	CDS	A:210534..211598	YALI2_A00026g; Bifunctional epoxide hydrolase 2
yli:7009333	CDS	A:complement(212396..212704)	YALI2_A00666g; uncharacterized protein
yli:2906038	CDS	A:complement(213664..215088)	YALI2_A00665g; Hypothetical protein
yli:2906035	CDS	A:complement(215688..216773)	YALI2_A00664g; NADPH dehydrogenase 2
yli:2906062	CDS	A:225727..226248	YALI2_A00027g; Hypothetical protein
yli:90949328	CDS	A:226383..226814	YALI2_A00028g; uncharacterized protein
yli:2906054	CDS	A:230295..233648	YALI2_A00029g; Structural maintenance of chromosomes protein 5
yli:2905820	CDS	A:join(236122..237072,237125..239431)	YALI2_A00030g; Structural maintenance of chromosomes protein 6
yli:2906527	CDS	A:complement(243890..244465)	YALI2_A00663g; Hypothetical protein
yli:2906044	tRNA	A:join(246992..247029,247048..247083)	YALI2_A00007t; tRNA-Asn
yli:2905735	CDS	A:complement(247204..248694)	YALI2_A00662g; Hypothetical protein
yli:2906100	CDS	A:complement(join(249205..249588,250170..250178))	YALI2_A00661g; Prefoldin subunit 4
yli:2905799	CDS	A:250888..252168	YALI2_A00031g; tRNA(Ile)-lysidine synthase
yli:2905722	CDS	A:complement(253310..254455)	YALI2_A00660g; Hypothetical protein
yli:2906553	tRNA	A:complement(255076..255149)	YALI2_A00008t; tRNA-Val
yli:2906556	CDS	A:256361..258139	YALI2_A00032g; Hypothetical protein
yli:2906533	CDS	A:261171..262130	YALI2_A00033g; Endochitinase
yli:2906526	CDS	A:267789..269828	YALI2_A00034g; Phosphatidylinositol 3-phosphate-binding protein 2
yli:2906579	tRNA	A:complement(join(273018..273052,273063..273098))	YALI2_A00009t; tRNA-Gly
yli:2906123	CDS	A:274758..276359	YALI2_A00035g; Putative quinate permease
yli:2905738	CDS	A:277793..279349	YALI2_A00036g; Double-strand-break repair protein rad21
yli:2905730	CDS	A:280697..282022	YALI2_A00037g; Putative aspartic-type endopeptidase OpsB
yli:90949394	CDS	A:complement(join(282870..282953,282994..283046,283344..283833))	YALI2_A00659g; Hypothetical protein
yli:2906549	CDS	A:complement(284548..285522)	YALI2_A00658g; Oxidoreductase BOA17
yli:2906372	CDS	A:complement(286254..287330)	YALI2_A00657g; Putative replication factor C subunit 5
yli:2906557	CDS	A:288219..290141	YALI2_A00038g; Calcium influx-promoting protein ehs1
yli:2906308	CDS	A:291063..291437	YALI2_A00039g; Succinate dehydrogenase assembly factor 4
yli:2906551	CDS	A:complement(291641..295738)	YALI2_A00656g; Nucleoporin NSP1
yli:2906585	CDS	A:join(296405..296575,296632..296856)	YALI2_A00040g; Hypothetical protein
yli:2906574	CDS	A:complement(296913..297350)	YALI2_A00655g; Ribonucleases P/MRP protein subunit POP7
yli:2906137	CDS	A:298005..300272	YALI2_A00041g; Cullin-4
yli:2906193	CDS	A:complement(300425..302677)	YALI2_A00654g; RHO GTPase-activating protein RGD1
yli:2906457	CDS	A:306611..308236	YALI2_A00042g; Ammonium transporter 2
yli:2906473	CDS	A:309962..312670	YALI2_A00043g; PKS-NRPS hybrid synthetase
yli:2906376	CDS	A:314077..316566	YALI2_A00044g; Hypothetical protein
yli:2906446	CDS	A:join(318836..318871,319417..320871)	YALI2_A00045g; UTP--glucose-1-phosphate uridylyltransferase
yli:2906387	CDS	A:complement(321102..322577)	YALI2_A00653g; Hypothetical protein
yli:2906365	CDS	A:join(324622..324658,324857..326304)	YALI2_A00046g; Oxysterol-binding protein
yli:90949329	CDS	A:326663..326911	YALI2_A00047g; Hypothetical protein
yli:90949330	CDS	A:join(328523..328700,328796..329394)	YALI2_A00048g; Hypothetical protein
yli:2906151	CDS	A:330719..331627	YALI2_A00049g; Ribonuclease H1
yli:2906348	CDS	A:complement(join(334848..335865,335907..335947))	YALI2_A00652g; Hypothetical protein
yli:2906394	CDS	A:complement(336277..338565)	YALI2_A00651g; Phosphatidylinositol 4-kinase type 2-beta
yli:2906380	CDS	A:340897..341487	YALI2_A00050g; Hypothetical protein
yli:2905748	CDS	A:join(344021..344686,344772..344897,345054..345137,345194..345217)	YALI2_A00051g; Hypothetical protein
yli:2906386	CDS	A:complement(345679..347958)	YALI2_A00650g; Folate synthesis bifunctional protein
yli:2906344	CDS	A:complement(join(348928..349164,349623..349946))	YALI2_A00649g; Coenzyme Q-binding protein COQ10
yli:2906350	CDS	A:350204..351226	YALI2_A00052g; Mitochondrial distribution and morphology protein 12
yli:2906436	CDS	A:complement(351358..352644)	YALI2_A00648g; N-carbamoyl-L-amino-acid hydrolase
yli:2906423	CDS	A:complement(354431..354781)	YALI2_A00647g; Hypothetical protein
yli:2906157	CDS	A:join(356342..356374,356751..357266)	YALI2_A00053g; NADH-ubiquinone oxidoreductase 21.3 kDa subunit
yli:2906503	CDS	A:358089..358874	YALI2_A00054g; Putative methyltransferase-like
yli:2906022	CDS	A:359647..360660	YALI2_A00055g; Eukaryotic translation initiation factor 3 subunit I
yli:2905739	CDS	A:complement(361391..362350)	YALI2_A00646g; D-glycerate 3-kinase, chloroplastic
yli:2905896	tRNA	A:complement(join(365027..365062,365081..365118))	YALI2_A00010t; tRNA-Ile
yli:2905725	CDS	A:complement(366269..366808)	YALI2_A00645g; Hypothetical protein
yli:2905980	tRNA	A:complement(join(368213..368247,368258..368293))	YALI2_A00011t; tRNA-Gly
yli:2905972	CDS	A:368806..369231	YALI2_A00056g; mitochondrial 54S ribosomal protein mL41
yli:2906078	CDS	A:complement(join(369874..369886,369941..370123,370167..370192))	YALI2_A00644g; Ubiquitin-like modifier HUB1
yli:2906353	CDS	A:370993..372612	YALI2_A00057g; uncharacterized protein
yli:2906354	CDS	A:373195..373872	YALI2_A00058g; Cytochrome b-c1 complex subunit Rieske
yli:2906463	CDS	A:complement(375434..376093)	YALI2_A00643g; Nuclear transcription factor Y subunit C-2
yli:2906371	CDS	A:join(376470..376480,376529..378824)	YALI2_A00059g; Putative chloride channel protein
yli:2906021	CDS	A:complement(join(379509..380563,380936..380954))	YALI2_A00642g; Serine/arginine-rich splicing factor SR45a
yli:2905958	CDS	A:381197..381706	YALI2_A00060g; mitochondrial 37S ribosomal protein uS12m
yli:2905974	CDS	A:complement(382238..383206)	YALI2_A00641g; Actin-related protein 2/3 complex subunit 2
yli:2905961	tRNA	A:384663..384735	YALI2_A00012t; tRNA-Pro
yli:2906286	CDS	A:386032..387537	YALI2_A00061g; Hypothetical protein
yli:2906005	CDS	A:complement(389375..389722)	YALI2_A00640g; Synaptobrevin 1
yli:2906600	CDS	A:392115..393749	YALI2_A00062g; GABA-specific permease
yli:2906385	tRNA	A:complement(393829..393910)	YALI2_A00013t; tRNA-Ser
yli:2906343	CDS	A:complement(395178..395846)	YALI2_A00639g; Hypothetical protein
yli:2906452	CDS	A:397848..398819	YALI2_A00063g; Hypothetical protein
yli:90949393	CDS	A:complement(400077..400454)	YALI2_A00638g; uncharacterized protein
yli:2906467	CDS	A:complement(401780..403429)	YALI2_A00637g; Serine/threonine-protein phosphatase 2B catalytic subunit
yli:2905976	tRNA	A:join(403698..403735,403755..403790)	YALI2_A00014t; tRNA-Asn
yli:2905955	tRNA	A:complement(join(404125..404160,404173..404208))	YALI2_A00015t; tRNA-Thr
yli:2905919	tRNA	A:join(405316..405353,405372..405415)	YALI2_A00016t; tRNA-Leu
yli:2905967	CDS	A:complement(405800..407803)	YALI2_A00636g; Hypothetical protein
yli:2905992	CDS	A:complement(409493..410011)	YALI2_A00635g; Hypothetical protein
yli:2906047	CDS	A:complement(411440..413257)	YALI2_A00634g; Sorting nexin MVP1
yli:2906048	tRNA	A:join(414381..414417,414444..414479)	YALI2_A00017t; tRNA-Lys
yli:2905997	CDS	A:complement(414722..416827)	YALI2_A00633g; Nucleolar protein 4
yli:2906004	CDS	A:417502..418722	YALI2_A00064g; Hypothetical protein
yli:2906233	CDS	A:complement(join(419004..421504,421549..421570))	YALI2_A00632g; Putative vacuolar protein sorting-associated protein 16
yli:2906240	CDS	A:422109..422426	YALI2_A00065g; Elongin-C
yli:2906236	CDS	A:complement(423384..424862)	YALI2_A00631g; 1,3-beta-glucanosyltransferase gel2
yli:2906247	CDS	A:426813..427841	YALI2_A00066g; Hypothetical protein
yli:2906252	CDS	A:complement(428420..429451)	YALI2_A00630g; Hypothetical protein
yli:90949332	CDS	A:431126..431578	YALI2_A00067g; Hypothetical protein
yli:2906280	CDS	A:431894..432445	YALI2_A00068g; Hypothetical protein
yli:2906284	tRNA	A:complement(join(434358..434393,434406..434444))	YALI2_A00018t; tRNA-Tyr
yli:2906264	CDS	A:434931..436394	YALI2_A00069g; Cellular nucleic acid-binding protein
yli:2906278	CDS	A:complement(436558..437550)	YALI2_A00629g; Nucleolar protein 13
yli:2906298	CDS	A:441783..442415	YALI2_A00070g; Hypothetical protein
yli:2906001	CDS	A:443371..444933	YALI2_A00071g; Eukaryotic translation initiation factor 2 subunit gamma
yli:2906215	CDS	A:complement(445818..447719)	YALI2_A00628g; Histone acetyltransferase mst2
yli:2906204	CDS	A:complement(448148..451522)	YALI2_A00627g; Nucleoporin NSP1
yli:2906197	CDS	A:452464..453429	YALI2_A00072g; Ribosome biogenesis protein RPF2
yli:7009339	rRNA	A:complement(456004..456119)	YALI2_A00003r; 5S ribosomal RNA
yli:2906212	CDS	A:458358..460667	YALI2_A00073g; ATP-dependent DNA helicase pfh1
yli:2906185	CDS	A:466725..469436	YALI2_A00074g; Oligopeptide transporter 2
yli:2906217	CDS	A:471508..473208	YALI2_A00075g; Hypothetical protein
yli:2906182	CDS	A:complement(473249..473809)	YALI2_A00626g; Hypothetical protein
yli:2906188	tRNA	A:join(474430..474466,474482..474516)	YALI2_A00019t; tRNA-Gln
yli:2906053	CDS	A:474715..476364	YALI2_A00076g; Hypothetical protein
yli:2906562	tRNA	A:complement(join(476450..476484,476494..476530))	YALI2_A00020t; tRNA-Glu
yli:90949333	CDS	A:join(479269..479313,479379..480104)	YALI2_A00077g; Acid extracellular protease
yli:2906119	tRNA	A:complement(join(480308..480342,480367..480403))	YALI2_A00021t; tRNA-His
yli:2906234	CDS	A:complement(480918..482060)	YALI2_A00625g; Hypothetical protein
yli:7009340	rRNA	A:complement(484258..484373)	YALI2_A00004r; 5S ribosomal RNA
yli:2906226	tRNA	A:complement(484382..484452)	YALI2_A00022t; tRNA-Gly
yli:2906243	tRNA	A:join(485176..485212,485232..485267)	YALI2_A00023t; tRNA-Phe
yli:2906258	CDS	A:complement(join(485911..486805,486996..488128))	YALI2_A00624g; Putative ATP-dependent helicase
yli:2906293	CDS	A:complement(join(489281..490294,490459..490512))	YALI2_A00623g; Hypothetical protein
yli:2906273	CDS	A:complement(493081..493929)	YALI2_A00622g; Hypothetical protein
yli:2906359	CDS	A:complement(495609..496670)	YALI2_A00621g; Cell division control protein 73
yli:2906287	CDS	A:complement(497574..498203)	YALI2_A00620g; Ras-like GTP-binding protein RYL2
yli:2906593	tRNA	A:complement(join(500676..500720,500731..500767))	YALI2_A00024t; tRNA-Ser
yli:2906375	tRNA	A:complement(501652..501723)	YALI2_A00025t; tRNA-Glu
yli:2906373	CDS	A:502585..503193	YALI2_A00078g; Hypothetical protein
yli:2906379	tRNA	A:505119..505192	YALI2_A00026t; tRNA-Met
yli:90949334	CDS	A:505835..506086	YALI2_A00079g; Hypothetical protein
yli:2906084	CDS	A:508180..508911	YALI2_A00080g; Hypothetical protein
yli:2905737	tRNA	A:510519..510592	YALI2_A00027t; tRNA-Met
yli:2906339	tRNA	A:511525..511595	YALI2_A00028t; tRNA-Gly
yli:7009341	rRNA	A:511604..511719	YALI2_A00005r; 5S ribosomal RNA
yli:2906571	CDS	A:512084..512542	YALI2_A00081g; Hypothetical protein
yli:2906041	CDS	A:514798..518445	YALI2_A00082g; Bud site selection protein RAX2
yli:2906603	CDS	A:complement(518744..520036)	YALI2_A00619g; Hypothetical protein
yli:2906077	CDS	A:complement(join(520518..521939,521994..521999))	YALI2_A00618g; WD repeat-containing protein 70
yli:2905776	CDS	A:522279..522818	YALI2_A00083g; Diphosphoinositol polyphosphate phosphohydrolase DDP1
yli:2906596	CDS	A:complement(523017..525374)	YALI2_A00617g; Serine/threonine-protein kinase nrc-2
yli:2905979	CDS	A:529882..531870	YALI2_A00084g; Spindle pole body component
yli:2905813	tRNA	A:532166..532239	YALI2_A00029t; tRNA-Ala
yli:2906227	CDS	A:complement(532367..533299)	YALI2_A00616g; Hypothetical protein
yli:90949335	CDS	A:join(534442..534519,534621..535214)	YALI2_A00085g; Ribonuclease H1
yli:2905900	tRNA	A:complement(join(536259..536294,536313..536350))	YALI2_A00030t; tRNA-Asn
yli:2905902	CDS	A:complement(536792..538144)	YALI2_A00615g; Hypothetical protein
yli:2906213	CDS	A:540936..541505	YALI2_A00086g; Phosphatidylglycerol/phosphatidylinositol transfer protein
yli:2905908	CDS	A:complement(542520..543740)	YALI2_A00614g; High affinity iron permease FtrA
yli:2906531	CDS	A:545820..548816	YALI2_A00087g; ATP-dependent RNA helicase MAK5
yli:2906194	CDS	A:complement(join(549306..549658,550558..550607,550652..550665))	YALI2_A00613g; Small nuclear ribonucleoprotein Sm D1
yli:2906140	CDS	A:552155..553138	YALI2_A00088g; Very-long-chain enoyl-CoA reductase
yli:90949392	CDS	A:complement(553406..553744)	YALI2_A00612g; uncharacterized protein
yli:2905834	CDS	A:complement(553906..554847)	YALI2_A00611g; Hypothetical protein
yli:2905838	CDS	A:complement(556847..557248)	YALI2_A00610g; Hypothetical protein
yli:2905805	tRNA	A:join(559261..559297,559308..559343)	YALI2_A00031t; tRNA-Lys
yli:2905835	tRNA	A:complement(559553..559624)	YALI2_A00032t; tRNA-Thr
yli:2905810	CDS	A:complement(560802..561686)	YALI2_A00609g; Hypothetical protein
yli:2905827	CDS	A:complement(join(562460..562709,563326..563396))	YALI2_A00608g; Cytochrome c oxidase assembly factor 3
yli:2905846	CDS	A:563581..564438	YALI2_A00089g; Hypothetical protein
yli:2906142	CDS	A:complement(564707..566101)	YALI2_A00607g; Ribosome biogenesis protein NOP53
yli:2905971	CDS	A:566585..568672	YALI2_A00090g; Fibrinogen- and Ig-binding protein
yli:2905841	CDS	A:complement(569981..574213)	YALI2_A00606g; MAP kinase kinase kinase wis4
yli:2905954	CDS	A:581123..582091	YALI2_A00091g; Putative serine/threonine-protein phosphatase
yli:2905952	CDS	A:complement(583601..585961)	YALI2_A00605g; Aminodeoxychorismate synthase
yli:2905945	CDS	A:587752..588243	YALI2_A00092g; DNA polymerase epsilon subunit D
yli:2905947	CDS	A:complement(join(589256..589564,590253..590255))	YALI2_A00604g; Small nuclear ribonucleoprotein F
yli:2905950	tRNA	A:complement(join(590369..590404,590422..590458))	YALI2_A00033t; tRNA-Phe
yli:2905933	tRNA	A:join(590889..590926,590945..590980)	YALI2_A00034t; tRNA-Ile
yli:2905930	CDS	A:593261..596185	YALI2_A00093g; Pro-apoptotic serine protease
yli:2905922	CDS	A:complement(596414..597511)	YALI2_A00603g; RNA 3'-terminal phosphate cyclase-like protein
yli:2905916	CDS	A:600966..603890	YALI2_A00094g; Protein SPT23
yli:2905918	tRNA	A:604118..604189	YALI2_A00035t; tRNA-Thr
yli:2905925	tRNA	A:complement(join(604288..604323,604334..604370))	YALI2_A00036t; tRNA-Lys
yli:2905801	CDS	A:complement(605191..606684)	YALI2_A00602g; Hypothetical protein
yli:2906139	tRNA	A:join(608763..608800,608820..608855)	YALI2_A00037t; tRNA-Ile
yli:2906126	tRNA	A:complement(join(609671..609705,609715..609751))	YALI2_A00038t; tRNA-Glu
yli:2905791	CDS	A:complement(610146..610490)	YALI2_A00601g; Hypothetical protein
yli:2906120	tRNA	A:join(612146..612183,612201..612236)	YALI2_A00039t; tRNA-Asn
yli:2905769	tRNA	A:complement(612573..612646)	YALI2_A00040t; tRNA-Val
yli:2905788	tRNA	A:614852..614925	YALI2_A00041t; tRNA-Met
yli:2906170	CDS	A:complement(615734..617821)	YALI2_A00600g; Hypothetical protein
yli:2905724	CDS	A:complement(618543..619886)	YALI2_A00599g; Nitrosoguanidine resistance protein SNG1
yli:2906218	CDS	A:622507..623364	YALI2_A00095g; Exosome complex component CSL4
yli:2906403	CDS	A:complement(627475..628515)	YALI2_A00598g; Hypothetical protein
yli:90949391	CDS	A:complement(630394..630789)	YALI2_A00597g; Hypothetical protein
yli:90949390	CDS	A:complement(631265..631447)	YALI2_A00596g; uncharacterized protein
yli:2905981	tRNA	A:join(633689..633726,633741..633784)	YALI2_A00042t; tRNA-Leu
yli:2905970	tRNA	A:635695..635766	YALI2_A00043t; tRNA-Thr
yli:2905816	CDS	A:complement(638194..639375)	YALI2_A00595g; Histone H4
yli:7009343	rRNA	A:complement(642132..642247)	YALI2_A00006r; 5S ribosomal RNA
yli:2905985	tRNA	A:complement(642256..642326)	YALI2_A00044t; tRNA-Gly
yli:2906525	tRNA	A:join(642773..642809,642827..642862)	YALI2_A00045t; tRNA-Phe
yli:2905819	tRNA	A:join(643571..643606,643624..643659)	YALI2_A00046t; tRNA-Arg
yli:2905796	CDS	A:645498..646430	YALI2_A00096g; Hypothetical protein
yli:2906143	CDS	A:complement(646624..647619)	YALI2_A00594g; Growth regulation protein
yli:2906146	tRNA	A:complement(join(648350..648384,648397..648433))	YALI2_A00047t; tRNA-Gln
yli:2906523	CDS	A:complement(648873..650288)	YALI2_A00593g; Cerevisin
yli:2905978	CDS	A:651841..652485	YALI2_A00097g; Hypothetical protein
yli:2905831	CDS	A:653136..654680	YALI2_A00098g; Ribosome assembly protein 4
yli:2905999	CDS	A:655208..655771	YALI2_A00099g; Hypothetical protein
yli:2906024	CDS	A:complement(656113..657222)	YALI2_A00592g; Ribonuclease H1
yli:90949389	CDS	A:complement(658014..658301)	YALI2_A00591g; Hypothetical protein
yli:2906099	tRNA	A:join(659328..659364,659375..659410)	YALI2_A00048t; tRNA-Lys
yli:2905891	CDS	A:663223..664677	YALI2_A00100g; Glycolipid 2-alpha-mannosyltransferase 1
yli:2905884	CDS	A:complement(666670..668991)	YALI2_A00590g; Mitochondrial group I intron splicing factor CCM1
yli:7009344	rRNA	A:complement(672853..672968)	YALI2_A00007r; 5S ribosomal RNA
yli:2905879	CDS	A:complement(673641..676433)	YALI2_A00589g; Peroxisomal long-chain fatty acid import protein 2
yli:2906163	CDS	A:complement(677357..678448)	YALI2_A00588g; Hypothetical protein
yli:2905881	CDS	A:679936..680436	YALI2_A00101g; Guanine nucleotide-binding protein subunit gamma
yli:2905874	CDS	A:complement(680573..680992)	YALI2_A00587g; Hypothetical protein
yli:2905868	CDS	A:complement(681198..681884)	YALI2_A00586g; Disulfide-bond oxidoreductase YfcG
yli:7009345	rRNA	A:complement(682537..682652)	YALI2_A00008r; 5S ribosomal RNA
yli:2905873	CDS	A:complement(682927..683724)	YALI2_A00585g; Mitochondrial acidic protein MAM33
yli:2906116	CDS	A:complement(684292..685461)	YALI2_A00584g; Very-long-chain 3-oxoacyl-CoA reductase
yli:2905887	CDS	A:join(687642..687959,688046..688111)	YALI2_A00102g; Hypothetical protein
yli:2906406	CDS	A:complement(688238..689125)	YALI2_A00583g; Hypothetical protein
yli:90949388	CDS	A:complement(join(689613..690391,690435..694977,695025..695177))	YALI2_A00582g; Hypothetical protein
yli:2906595	CDS	A:complement(697317..698462)	YALI2_A00581g; Hypothetical protein
yli:2906499	CDS	A:698698..699207	YALI2_A00103g; ADP-ribose 1''-phosphate phosphatase
yli:2906588	CDS	A:complement(699522..700547)	YALI2_A00580g; Hypothetical protein
yli:2906404	CDS	A:703202..704320	YALI2_A00104g; Putative dioxygenase
yli:2906117	CDS	A:complement(704692..705792)	YALI2_A00579g; Cyclin CCL1
yli:2905766	CDS	A:706472..709894	YALI2_A00105g; Actin cytoskeleton-regulatory complex protein SLA1
yli:2905856	tRNA	A:710254..710325	YALI2_A00049t; tRNA-Met
yli:2906494	CDS	A:711352..712323	YALI2_A00106g; Putative protein ely5
yli:2905859	CDS	A:complement(713070..713564)	YALI2_A00578g; Mitochondrial import receptor subunit tom20
yli:90949387	CDS	A:complement(714611..714886)	YALI2_A00577g; uncharacterized protein
yli:2905882	CDS	A:717021..719654	YALI2_A00107g; Calcium channel YVC1
yli:2905857	CDS	A:complement(join(724200..725694,725750..726453))	YALI2_A00576g; Putative endo-1,3(4)-beta-glucanase 2
yli:2906109	tRNA	A:join(727436..727473,727492..727535)	YALI2_A00050t; tRNA-Leu
yli:2905867	tRNA	A:complement(join(727879..727914,727932..727967))	YALI2_A00051t; tRNA-Arg
yli:7009346	rRNA	A:complement(731842..731957)	YALI2_A00009r; 5S ribosomal RNA
yli:2905861	tRNA	A:complement(731966..732036)	YALI2_A00052t; tRNA-Gly
yli:2905865	tRNA	A:732730..732801	YALI2_A00053t; tRNA-Thr
yli:2906037	tRNA	A:complement(join(732959..732994,733004..733040))	YALI2_A00054t; tRNA-Lys
yli:2906096	tRNA	A:complement(join(734813..734848,734863..734898))	YALI2_A00055t; tRNA-Pro
yli:2906091	CDS	A:735195..735803	YALI2_A00108g; Rho GDP-dissociation inhibitor
yli:2906130	CDS	A:complement(736185..738059)	YALI2_A00575g; FAD-binding monooxygenase KtnD
yli:2906101	CDS	A:complement(738722..740512)	YALI2_A00574g; Putative MFS-type transporter
yli:2906097	tRNA	A:join(742972..743008,743019..743054)	YALI2_A00056t; tRNA-Lys
yli:2906567	tRNA	A:complement(join(743503..743538,743556..743591))	YALI2_A00057t; tRNA-Arg
yli:2906492	CDS	A:744185..746143	YALI2_A00109g; Hypothetical protein
yli:2905893	CDS	A:complement(747773..749356)	YALI2_A00573g; GABA-specific permease
yli:2906094	CDS	A:complement(750555..752711)	YALI2_A00572g; Hypothetical protein
yli:2905903	CDS	A:759076..760470	YALI2_A00110g; Hypothetical protein
yli:2905890	CDS	A:complement(763362..765668)	YALI2_A00571g; Hypothetical protein
yli:2906089	CDS	A:767928..768761	YALI2_A00111g; Delta(3,5)-Delta(2,4)-dienoyl-CoA isomerase
yli:2905888	CDS	A:complement(769111..769866)	YALI2_A00570g; Hypothetical protein
yli:2905895	CDS	A:770741..771154	YALI2_A00112g; Hypothetical protein
yli:2905747	CDS	A:join(771600..771660,771726..772021)	YALI2_A00113g; Mitochondrial zinc maintenance protein 1
yli:2906115	CDS	A:complement(772464..773915)	YALI2_A00569g; Mitosis inhibitor nif1
yli:2906111	CDS	A:777453..779123	YALI2_A00114g; Transcription factor VHR1
yli:2906113	CDS	A:779452..779910	YALI2_A00115g; Hypothetical protein
yli:2906118	CDS	A:complement(780042..780842)	YALI2_A00568g; Hypothetical protein
yli:2905892	tRNA	A:join(781115..781153,781168..781203)	YALI2_A00058t; tRNA-Tyr
yli:2906112	tRNA	A:join(781500..781536,781546..781581)	YALI2_A00059t; tRNA-Lys
yli:2906145	CDS	A:complement(join(781994..786219,787006..787105))	YALI2_A00567g; HMG2-induced ER-remodeling protein 1
yli:90949336	CDS	A:join(788470..788497,789346..789548)	YALI2_A00116g; uncharacterized protein
yli:2906092	CDS	A:792881..794290	YALI2_A00117g; Hypothetical protein
yli:2906114	CDS	A:796550..798430	YALI2_A00118g; cAMP-specific 3',5'-cyclic phosphodiesterase 4B
yli:2906106	CDS	A:complement(800089..801402)	YALI2_A00566g; Protein VTS1
yli:2905885	CDS	A:join(803979..804158,804829..805632)	YALI2_A00119g; Serine/threonine-protein phosphatase PP1
yli:2905872	CDS	A:805878..807077	YALI2_A00120g; Histone chaperone
yli:2905880	CDS	A:810161..811087	YALI2_A00121g; Deoxyhypusine hydroxylase
yli:2906107	CDS	A:complement(join(811732..811988,812606..812723))	YALI2_A00565g; DNA-directed RNA polymerase I subunit RPA12
yli:2905866	CDS	A:join(815765..817564,817932..820430)	YALI2_A00122g; Hypothetical protein
yli:2905876	CDS	A:821906..822391	YALI2_A00123g; Hypothetical protein
yli:7009347	rRNA	A:823131..823246	YALI2_A00010r; 5S ribosomal RNA
yli:90949386	CDS	A:complement(823638..823937)	YALI2_A00564g; uncharacterized protein
yli:2905877	CDS	A:complement(826526..827575)	YALI2_A00563g; Acid phosphatase
yli:2906105	CDS	A:complement(831140..832555)	YALI2_A00562g; Putative globin-like protein
yli:2906511	CDS	A:join(836550..837183,837298..840620)	YALI2_A00124g; Protein BNI4
yli:2905858	tRNA	A:complement(join(841468..841502,841517..841553))	YALI2_A00060t; tRNA-Asp
yli:2905894	CDS	A:846284..847885	YALI2_A00125g; Alkaline extracellular protease
yli:90949337	CDS	A:join(848725..848757,848863..849402)	YALI2_A00126g; Glutathione reductase
yli:90949338	CDS	A:849683..850162	YALI2_A00127g; Glutathione reductase
yli:2906103	CDS	A:complement(853255..856473)	YALI2_A00561g; DNA polymerase delta catalytic subunit
yli:2905746	CDS	A:859490..860482	YALI2_A00128g; Phosphatidylinositol transfer protein PDR16
yli:90949339	CDS	A:871418..871735	YALI2_A00129g; Autophagy-related protein 11
yli:90949385	CDS	A:complement(873050..874741)	YALI2_A00560g; Caffeine resistance protein 5
yli:2905729	tRNA	A:complement(join(875597..875640,875660..875697))	YALI2_A00061t; tRNA-Leu
yli:2905871	CDS	A:875977..877821	YALI2_A00130g; GPI transamidase component GAA1
yli:2905870	CDS	A:complement(878093..878629)	YALI2_A00559g; Hypothetical protein
yli:2905883	CDS	A:879156..880190	YALI2_A00131g; Postreplication repair E3 ubiquitin-protein ligase RAD18
yli:2906578	tRNA	A:complement(880524..880597)	YALI2_A00062t; tRNA-Ala
yli:2906108	CDS	A:880934..881332	YALI2_A00132g; Hypothetical protein
yli:2906582	CDS	A:complement(join(881545..882513,882677..882796))	YALI2_A00558g; Guanine nucleotide-exchange factor SEC12
yli:2905869	CDS	A:883486..884418	YALI2_A00133g; Putative pyridoxal kinase BUD16
yli:2906102	tRNA	A:complement(join(886441..886476,886491..886526))	YALI2_A00063t; tRNA-Pro
yli:2905862	CDS	A:886906..888252	YALI2_A00134g; Putative aminotransferase
yli:2906497	tRNA	A:complement(join(889646..889681,889696..889731))	YALI2_A00064t; tRNA-Trp
yli:2906419	CDS	A:complement(892479..893591)	YALI2_A00557g; Putative vacuolar protease A
yli:2906095	tRNA	A:join(894217..894253,894268..894312)	YALI2_A00065t; tRNA-Ser
yli:2906110	CDS	A:894497..894745	YALI2_A00135g; Protein SDS23
yli:7009349	rRNA	A:complement(898149..898264)	YALI2_A00011r; 5S ribosomal RNA
yli:90949331	tRNA	A:complement(898273..898343)	YALI2_A00066t; tRNA-Gly
yli:2906104	CDS	A:899631..901358	YALI2_A00136g; Sugar transporter STL1
yli:2906438	CDS	A:complement(join(901533..905707,905749..905770))	YALI2_A00556g; Membrane-anchored lipid-binding protein SIP3
yli:2906060	CDS	A:complement(909217..910614)	YALI2_A00555g; Ubiquinone biosynthesis monooxygenase COQ6
yli:2906528	CDS	A:911162..912553	YALI2_A00137g; Membrane protein TMS1
yli:2906560	CDS	A:complement(914803..915249)	YALI2_A00554g; Hypothetical protein
yli:2906135	CDS	A:complement(917053..918081)	YALI2_A00553g; Peptidyl-prolyl cis-trans isomerase H
yli:2906558	tRNA	A:complement(919735..919806)	YALI2_A00067t; tRNA-Thr
yli:2905740	tRNA	A:join(921512..921547,921565..921600)	YALI2_A00068t; tRNA-Arg
yli:2905741	CDS	A:922618..922818	YALI2_A00138g; uncharacterized protein
yli:2906580	tRNA	A:join(927604..927641,927661..927696)	YALI2_A00069t; tRNA-Ile
yli:2906030	CDS	A:complement(928964..930598)	YALI2_A00552g; Alkaline extracellular protease
yli:2905897	CDS	A:complement(932611..933498)	YALI2_A00551g; Phosphatidylglycerol/phosphatidylinositol transfer protein
yli:2905803	CDS	A:complement(937369..938934)	YALI2_A00550g; Putative transporter
yli:2905906	CDS	A:complement(941247..942545)	YALI2_A00549g; Hypothetical protein
yli:2905780	CDS	A:944635..946020	YALI2_A00139g; Threonine--tRNA ligase
yli:7009355	CDS	A:join(946382..946588,947187..947315)	YALI2_A00140g; Hypothetical protein
yli:90949340	CDS	A:947541..947744	YALI2_A00141g; Hypothetical protein
yli:2905932	CDS	A:949231..949941	YALI2_A00142g; Isoamyl acetate-hydrolyzing esterase 1
yli:2905850	CDS	A:join(951626..951898,952174..952410)	YALI2_A00143g; Hypothetical protein
yli:2905821	CDS	A:954367..958737	YALI2_A00144g; BTB/POZ domain-containing protein 1
yli:2905771	CDS	A:965082..966290	YALI2_A00145g; Hypothetical protein
yli:2905811	CDS	A:969786..971114	YALI2_A00146g; Guanine nucleotide-binding protein alpha-3 subunit
yli:2905826	CDS	A:complement(971391..972146)	YALI2_A00548g; Hypothetical protein
yli:2905822	CDS	A:complement(972522..973343)	YALI2_A00547g; Protein N-terminal and lysine N-methyltransferase EFM7
yli:2905823	CDS	A:974780..976525	YALI2_A00147g; F-box/WD repeat-containing protein 7
yli:2905812	CDS	A:977136..978161	YALI2_A00148g; Hypothetical protein
yli:2905795	CDS	A:979328..981445	YALI2_A00149g; TATA element modulatory factor
yli:2906382	CDS	A:complement(981783..984755)	YALI2_A00546g; DNA mismatch repair protein MSH3
yli:2905800	CDS	A:985084..985644	YALI2_A00150g; DNA replication complex GINS protein PSF1
yli:2905790	CDS	A:987876..988829	YALI2_A00151g; Thiamine thiazole synthase
yli:2906546	CDS	A:complement(989051..990187)	YALI2_A00545g; Type 2A phosphatase-associated protein 42
yli:2905786	CDS	A:991874..993247	YALI2_A00152g; Protein-glutamate O-methyltransferase
yli:2905773	CDS	A:complement(993775..995187)	YALI2_A00544g; Protein MPE1
yli:7009357	CDS	A:join(996390..996422,996473..996514,996995..997453)	YALI2_A00153g; Prenylated Rab acceptor 1
yli:90949384	CDS	A:complement(join(998971..999028,999183..999223))	YALI2_A00543g; uncharacterized protein
yli:2905991	CDS	A:1001964..1004948	YALI2_A00154g; Glycine dehydrogenase (decarboxylating)
yli:2905763	CDS	A:complement(join(1007485..1009323,1009828..1009830))	YALI2_A00542g; V-type proton ATPase catalytic subunit A
yli:90949383	CDS	A:complement(1010798..1011313)	YALI2_A00541g; Hypothetical protein
yli:2905984	CDS	A:join(1012370..1012372,1012767..1013135)	YALI2_A00155g; 60S ribosomal protein uL29
yli:2905768	CDS	A:1018170..1020500	YALI2_A00156g; Mitochondrial intermediate peptidase
yli:2906532	CDS	A:complement(1020782..1021657)	YALI2_A00540g; Phytanoyl-CoA dioxygenase domain-containing protein 1
yli:2905762	CDS	A:complement(1022483..1023703)	YALI2_A00539g; Putative dihydrofolate synthetase
yli:2906604	CDS	A:complement(1025129..1026466)	YALI2_A00538g; Squalene synthase
yli:2905765	CDS	A:1027741..1028451	YALI2_A00157g; GTP-binding protein GTR1
yli:90949341	CDS	A:1029429..1029860	YALI2_A00158g; uncharacterized protein
yli:2906472	CDS	A:complement(1032489..1034039)	YALI2_A00537g; Hypothetical protein
yli:2906465	CDS	A:1034707..1036071	YALI2_A00159g; PCI domain-containing protein 2
yli:2906565	CDS	A:1039743..1041002	YALI2_A00160g; Alkaline extracellular protease
yli:2905994	CDS	A:complement(1041114..1043036)	YALI2_A00536g; Nitrogen permease reactivator protein
yli:2905987	CDS	A:complement(1045431..1046654)	YALI2_A00535g; Pre-rRNA-processing protein ipi1
yli:2906059	CDS	A:join(1047172..1047212,1047263..1047725)	YALI2_A00161g; ER membrane protein complex subunit 4
yli:2905989	CDS	A:complement(join(1048787..1052475,1052594..1052897))	YALI2_A00534g; Putative UDP-N-acetylglucosamine--peptide N-acetylglucosaminyltransferase SEC
yli:2906347	CDS	A:complement(1057016..1057921)	YALI2_A00533g; GTP cyclohydrolase 1
yli:2905944	CDS	A:1059299..1062337	YALI2_A00162g; Hypothetical protein
yli:2905959	tRNA	A:1063445..1063517	YALI2_A00070t; tRNA-Pro
yli:2905951	CDS	A:1064412..1066949	YALI2_A00163g; Glycerol-3-phosphate acyltransferase
yli:2905948	CDS	A:1069144..1070196	YALI2_A00164g; Lipase A
yli:2905942	CDS	A:complement(1077793..1079319)	YALI2_A00532g; Hypothetical protein
yli:90949382	CDS	A:complement(join(1079469..1079708,1079753..1079869))	YALI2_A00531g; uncharacterized protein
yli:7009364	rRNA	A:1080553..1080668	YALI2_A00012r; 5S ribosomal RNA
yli:2905936	CDS	A:1083328..1084407	YALI2_A00165g; Endoplasmic reticulum junction formation protein lunapark
yli:2905923	CDS	A:complement(1084786..1085265)	YALI2_A00530g; Putative N-acetyltransferase san
yli:2905931	CDS	A:complement(1086999..1088909)	YALI2_A00529g; MFS siderochrome iron transporter C
yli:90949381	CDS	A:complement(1093835..1097677)	YALI2_A00528g; LINE-1 retrotransposable element ORF2 protein
yli:90949380	CDS	A:complement(1097740..1099884)	YALI2_A00527g; Hypothetical protein
yli:2905774	CDS	A:1100740..1103142	YALI2_A00166g; Mitochondrial respiratory chain complexes assembly protein YTA12
yli:2905921	CDS	A:complement(1103525..1106047)	YALI2_A00526g; Putative transcriptional regulatory protein
yli:2906577	CDS	A:complement(1108763..1109671)	YALI2_A00525g; ADP/ATP carrier protein
yli:2905910	CDS	A:complement(1116139..1117314)	YALI2_A00524g; Hypothetical protein
yli:2905840	CDS	A:1118682..1119788	YALI2_A00167g; Hypothetical protein
yli:2906411	CDS	A:complement(1121046..1121624)	YALI2_A00523g; 40S ribosomal protein eS7
yli:90949342	CDS	A:1122143..1124287	YALI2_A00168g; Hypothetical protein
yli:90949343	CDS	A:1124401..1128192	YALI2_A00169g; LINE-1 retrotransposable element ORF2 protein
yli:2905949	CDS	A:1131202..1131555	YALI2_A00170g; Hypothetical protein
yli:2906448	CDS	A:complement(join(1132241..1133722,1133780..1135504))	YALI2_A00522g; Hypothetical protein
yli:2906362	CDS	A:1136153..1136947	YALI2_A00171g; Ribosome-recycling factor
yli:2905937	tRNA	A:join(1137569..1137606,1137626..1137661)	YALI2_A00071t; tRNA-Ile
yli:2905977	CDS	A:complement(1138337..1138825)	YALI2_A00521g; E3 ubiquitin ligase complex SCF subunit sconC
yli:7009365	rRNA	A:complement(1139673..1139788)	YALI2_A00013r; 5S ribosomal RNA
yli:2905899	CDS	A:complement(1148325..1149668)	YALI2_A00520g; Putative kinetochore protein NUF2
yli:2905804	CDS	A:1153292..1153765	YALI2_A00172g; Hypothetical protein
yli:2905818	CDS	A:complement(1154994..1156814)	YALI2_A00519g; Hypothetical protein
yli:2905828	tRNA	A:join(1163604..1163640,1163658..1163693)	YALI2_A00072t; tRNA-Phe
yli:2905849	CDS	A:1163951..1164835	YALI2_A00173g; Putative family 17 glucosidase SCW11
yli:2905839	CDS	A:complement(1165230..1167605)	YALI2_A00518g; Kinesin heavy chain
yli:2905760	CDS	A:complement(1168404..1168925)	YALI2_A00517g; Hypothetical protein
yli:2905953	CDS	A:complement(1170463..1171614)	YALI2_A00516g; V-type proton ATPase subunit C
yli:2905851	CDS	A:join(1172946..1173192,1173252..1174330)	YALI2_A00174g; ATP-dependent RNA helicase SUB2
yli:2905759	CDS	A:1177550..1179754	YALI2_A00175g; Hypothetical protein
yli:2906049	CDS	A:complement(1180517..1181152)	YALI2_A00515g; Hypothetical protein
yli:2906222	tRNA	A:join(1181433..1181469,1181485..1181519)	YALI2_A00073t; tRNA-Asp
yli:2905752	tRNA	A:join(1185175..1185211,1185229..1185264)	YALI2_A00074t; tRNA-Phe
yli:2906564	CDS	A:complement(1185403..1187280)	YALI2_A00514g; Kelch repeat-containing protein 3
yli:2906224	tRNA	A:complement(join(1187479..1187514,1187534..1187570))	YALI2_A00075t; tRNA-Phe
yli:2906177	CDS	A:1189685..1193449	YALI2_A00176g; Multidrug resistance protein SirA
yli:90949379	CDS	A:complement(1194024..1196759)	YALI2_A00513g; LINE-1 retrotransposable element ORF2 protein
yli:2906390	tRNA	A:complement(1196998..1197071)	YALI2_A00076t; tRNA-Ala
yli:2906545	CDS	A:complement(1197993..1198991)	YALI2_A00512g; Hypothetical protein
yli:2906189	CDS	A:1199553..1202444	YALI2_A00177g; ATP-dependent DNA helicase PIF1
yli:2906453	CDS	A:complement(1208458..1210167)	YALI2_A00511g; Hypothetical protein
yli:90949344	CDS	A:1212630..1213013	YALI2_A00178g; uncharacterized protein
yli:2906402	CDS	A:1214368..1215972	YALI2_A00179g; Putative MFS-type transporter
yli:2906356	CDS	A:complement(1216101..1216613)	YALI2_A00510g; Hypothetical protein
yli:90949345	CDS	A:join(1218512..1218560,1218654..1218832)	YALI2_A00180g; uncharacterized protein
yli:90949378	CDS	A:complement(1220934..1221152)	YALI2_A00509g; Hypothetical protein
yli:2906178	CDS	A:complement(join(1226131..1227692,1227735..1228737))	YALI2_A00508g; Chitinase-like protein PB1E7.04c
yli:2906208	tRNA	A:complement(join(1236852..1236886,1236899..1236935))	YALI2_A00077t; tRNA-Gln
yli:2906216	CDS	A:join(1239481..1239567,1239785..1239851,1240169..1240602)	YALI2_A00181g; Hypothetical protein
yli:2906442	CDS	A:complement(1242491..1244350)	YALI2_A00507g; Hypothetical protein
yli:2906421	CDS	A:1246122..1248119	YALI2_A00182g; Histone H4
yli:2906392	CDS	A:join(1248565..1248570,1248923..1250056)	YALI2_A00183g; Putative oxidoreductase
yli:2906155	CDS	A:1252305..1256087	YALI2_A00184g; Antiviral helicase SKI2
yli:2906515	CDS	A:join(1258606..1258829,1259361..1259823)	YALI2_A00185g; Hypothetical protein
yli:2906407	tRNA	A:complement(join(1259995..1260029,1260039..1260075))	YALI2_A00078t; tRNA-Glu
yli:2906154	CDS	A:complement(1260840..1264877)	YALI2_A00506g; DNA-directed RNA polymerase
yli:2906519	CDS	A:1266963..1267841	YALI2_A00186g; Tethering factor for nuclear proteasome STS1
yli:2906195	CDS	A:complement(1270398..1270895)	YALI2_A00505g; 6,7-dimethyl-8-ribityllumazine synthase
yli:2906398	CDS	A:1272802..1273422	YALI2_A00187g; Regulator of ribosome biosynthesis
yli:2905731	CDS	A:complement(1276530..1278209)	YALI2_A00504g; Rho GTPase-activating protein 1
yli:2906192	CDS	A:complement(1281473..1282915)	YALI2_A00503g; ATP-dependent rRNA helicase RRP3
yli:2905854	CDS	A:1283665..1284891	YALI2_A00188g; Brix domain-containing protein
yli:2906437	CDS	A:complement(1285136..1286284)	YALI2_A00502g; Putative alpha-ketoglutarate-dependent sulfonate dioxygenase
yli:2906183	CDS	A:1289174..1289989	YALI2_A00189g; Hypothetical protein
yli:2906368	CDS	A:1290149..1292272	YALI2_A00190g; Hypothetical protein
yli:2906435	CDS	A:1292886..1295333	YALI2_A00191g; Hypothetical protein
yli:2906244	tRNA	A:complement(join(1295594..1295637,1295652..1295689))	YALI2_A00079t; tRNA-Leu
yli:2906088	CDS	A:1296675..1297781	YALI2_A00192g; Formate dehydrogenase
yli:2906202	tRNA	A:join(1302323..1302358,1302369..1302403)	YALI2_A00080t; tRNA-Gly
yli:2906181	CDS	A:1302754..1303182	YALI2_A00193g; Hypothetical protein
yli:2906031	CDS	A:complement(1303244..1304257)	YALI2_A00501g; Hypothetical protein
yli:7009371	rRNA	A:complement(1305410..1305525)	YALI2_A00014r; 5S ribosomal RNA
yli:2906277	tRNA	A:complement(join(1305534..1305568,1305578..1305614))	YALI2_A00081t; tRNA-Glu
yli:2906127	CDS	A:1306352..1307080	YALI2_A00194g; Hypothetical protein
yli:2906384	tRNA	A:join(1310139..1310174,1310189..1310224)	YALI2_A00082t; tRNA-Pro
yli:2906361	CDS	A:1311373..1313274	YALI2_A00195g; Putative acid phosphatase
yli:2906363	CDS	A:1314493..1315857	YALI2_A00196g; Smr domain-containing protein
yli:2906219	tRNA	A:join(1316936..1316971,1316982..1317016)	YALI2_A00083t; tRNA-Gly
yli:2906225	CDS	A:1317187..1318017	YALI2_A00197g; Ribonuclease H
yli:2906169	CDS	A:complement(1318159..1318851)	YALI2_A00500g; Ribonuclease H1
yli:2906351	tRNA	A:join(1322748..1322784,1322794..1322829)	YALI2_A00084t; tRNA-Lys
yli:90949377	CDS	A:complement(1323593..1327435)	YALI2_A00499g; LINE-1 retrotransposable element ORF2 protein
yli:90949376	CDS	A:complement(1327498..1329642)	YALI2_A00498g; Hypothetical protein
yli:2906416	tRNA	A:1331943..1332013	YALI2_A00085t; tRNA-Gly
yli:7009372	rRNA	A:1332022..1332137	YALI2_A00015r; 5S ribosomal RNA
yli:2906378	tRNA	A:complement(1332943..1333014)	YALI2_A00086t; tRNA-Cys
yli:2906397	CDS	A:1333739..1334722	YALI2_A00198g; Hypothetical protein
yli:2906415	tRNA	A:join(1335795..1335833,1335847..1335882)	YALI2_A00087t; tRNA-Tyr
yli:2906374	CDS	A:1341255..1342415	YALI2_A00199g; Hypothetical protein
yli:2906399	tRNA	A:complement(1342711..1342782)	YALI2_A00088t; tRNA-Gln
yli:2906389	CDS	A:complement(1346290..1347252)	YALI2_A00497g; Non-structural maintenance of chromosomes element 4
yli:2906420	tRNA	A:1347866..1347936	YALI2_A00089t; tRNA-Gly
yli:7009374	rRNA	A:1347945..1348060	YALI2_A00016r; 5S ribosomal RNA
yli:2906232	CDS	A:1350233..1351372	YALI2_A00200g; Putative aspartic-type endopeptidase OpsB
yli:2906417	CDS	A:complement(1351980..1352465)	YALI2_A00496g; Hypothetical protein
yli:2906246	CDS	A:1352914..1355361	YALI2_A00201g; Ribonuclease Z
yli:2906449	CDS	A:complement(1355740..1357839)	YALI2_A00495g; Hypothetical protein
yli:2906455	CDS	A:1358282..1360858	YALI2_A00202g; Nuclear cap-binding protein subunit 1
yli:2906447	tRNA	A:complement(1361024..1361097)	YALI2_A00090t; tRNA-Ala
yli:90949346	CDS	A:1363878..1364231	YALI2_A00203g; Hypothetical protein
yli:2906285	tRNA	A:complement(join(1365123..1365158,1365176..1365211))	YALI2_A00091t; tRNA-Arg
yli:2905907	CDS	A:complement(1366564..1370496)	YALI2_A00494g; Hypothetical protein
yli:2906199	CDS	A:1376967..1377212	YALI2_A00204g; Hypothetical protein
yli:90949347	CDS	A:1378818..1380962	YALI2_A00205g; Hypothetical protein
yli:90949348	CDS	A:1381076..1384867	YALI2_A00206g; LINE-1 retrotransposable element ORF2 protein
yli:90949349	CDS	A:1388317..1388565	YALI2_A00207g; Hypothetical protein
yli:2906209	CDS	A:1389429..1391066	YALI2_A00208g; Putative cysteine protease ATG4
yli:2906187	CDS	A:complement(1391330..1392826)	YALI2_A00493g; Guanine nucleotide exchange factor SRM1
yli:2906174	CDS	A:1395836..1397347	YALI2_A00209g; UPF0662 protein
yli:2906294	tRNA	A:join(1397832..1397869,1397887..1397922)	YALI2_A00092t; tRNA-Ile
yli:2906288	CDS	A:1400080..1401774	YALI2_A00210g; Asparagine synthetase [glutamine-hydrolyzing] 2
yli:2906172	tRNA	A:join(1403658..1403695,1403715..1403750)	YALI2_A00093t; tRNA-Ile
yli:7009375	rRNA	A:complement(1404233..1404348)	YALI2_A00017r; 5S ribosomal RNA
yli:2906162	tRNA	A:complement(join(1404357..1404391,1404408..1404444))	YALI2_A00094t; tRNA-Asp
yli:2906176	CDS	A:complement(1404967..1405482)	YALI2_A00492g; Hypothetical protein
yli:2906279	CDS	A:complement(1406419..1410162)	YALI2_A00491g; Antiviral helicase SKI2
yli:2906206	CDS	A:join(1411267..1411767,1411937..1412455)	YALI2_A00211g; mitochondrial 37S ribosomal protein mS45
yli:2906207	CDS	A:1414292..1416199	YALI2_A00212g; Sphingomyelin phosphodiesterase 2
yli:2906179	CDS	A:1419674..1421407	YALI2_A00213g; Alpha-1,2-mannosyltransferase MNN21
yli:2906167	CDS	A:1422938..1423201	YALI2_A00214g; Hypothetical protein
yli:2906203	tRNA	A:join(1423610..1423645,1423660..1423695)	YALI2_A00095t; tRNA-Trp
yli:2906269	CDS	A:complement(1424638..1426125)	YALI2_A00490g; Hypothetical protein
yli:2906366	CDS	A:complement(1426364..1429858)	YALI2_A00489g; Hypothetical protein
yli:90949350	CDS	A:join(1432130..1432211,1432255..1432367,1432779..1433246)	YALI2_A00215g; Hypothetical protein
yli:2906272	tRNA	A:join(1438075..1438111,1438128..1438162)	YALI2_A00096t; tRNA-Asp
yli:2906450	tRNA	A:complement(join(1438560..1438595,1438606..1438642))	YALI2_A00097t; tRNA-Lys
yli:2906358	tRNA	A:complement(join(1438978..1439013,1439029..1439064))	YALI2_A00098t; tRNA-Pro
yli:90949351	CDS	A:1440359..1440760	YALI2_A00216g; Hypothetical protein
yli:2906268	tRNA	A:join(1441215..1441251,1441270..1441305)	YALI2_A00099t; tRNA-Phe
yli:2906262	CDS	A:1442652..1443227	YALI2_A00217g; Hypothetical protein
yli:2906256	tRNA	A:complement(join(1443412..1443447,1443462..1443497))	YALI2_A00100t; tRNA-Trp
yli:2906261	tRNA	A:1443745..1443818	YALI2_A00101t; tRNA-Val
yli:2906462	tRNA	A:join(1447118..1447154,1447168..1447202)	YALI2_A00102t; tRNA-Gln
yli:2906468	CDS	A:1451050..1451841	YALI2_A00218g; Hypothetical protein
yli:2906257	tRNA	A:complement(1452104..1452175)	YALI2_A00103t; tRNA-Met
yli:2906461	tRNA	A:join(1453057..1453093,1453112..1453147)	YALI2_A00104t; tRNA-Phe
yli:2906466	CDS	A:complement(1453571..1454152)	YALI2_A00488g; Phosphatidylglycerophosphatase GEP4
yli:2906459	tRNA	A:complement(join(1454369..1454413,1454428..1454464))	YALI2_A00105t; tRNA-Ser
yli:90949352	CDS	A:1455141..1455383	YALI2_A00219g; uncharacterized protein
yli:2906470	CDS	A:1457183..1458700	YALI2_A00220g; General alpha-glucoside permease
yli:2906493	CDS	A:complement(1460906..1462558)	YALI2_A00487g; Acyl-CoA ligase AzaF
yli:2906148	CDS	A:1464615..1465553	YALI2_A00221g; Hypothetical protein
yli:2906254	tRNA	A:join(1466527..1466562,1466578..1466613)	YALI2_A00106t; tRNA-Pro
yli:2906502	CDS	A:complement(1469880..1470932)	YALI2_A00486g; Hypothetical protein
yli:2906251	tRNA	A:1471773..1471844	YALI2_A00107t; tRNA-Met
yli:2905727	CDS	A:complement(1473069..1473647)	YALI2_A00485g; Hypothetical protein
yli:2906249	CDS	A:1474650..1475684	YALI2_A00222g; Hypothetical protein
yli:2906161	tRNA	A:complement(join(1476142..1476176,1476193..1476229))	YALI2_A00108t; tRNA-Asp
yli:2906341	CDS	A:complement(1476674..1477531)	YALI2_A00484g; Insulin-induced gene 2 protein
yli:2906444	CDS	A:complement(1479563..1480621)	YALI2_A00483g; Hypothetical protein
yli:2906238	CDS	A:1483400..1483921	YALI2_A00223g; 1,2-dihydroxy-3-keto-5-methylthiopentene dioxygenase
yli:2906425	CDS	A:1485355..1486683	YALI2_A00224g; Hypothetical protein
yli:2906430	CDS	A:1489355..1491298	YALI2_A00225g; Transcriptional repressor rco-1
yli:2906200	CDS	A:1491704..1492402	YALI2_A00226g; Hypothetical protein
yli:2906296	CDS	A:1493853..1495760	YALI2_A00227g; Chromatin-remodeling complexes subunit NGG1
yli:2906196	CDS	A:1506195..1509812	YALI2_A00228g; Hypothetical protein
yli:2906150	CDS	A:complement(join(1509968..1511628,1512209..1512218))	YALI2_A00482g; Putative RING finger membrane protein
yli:2906165	tRNA	A:complement(1513360..1513433)	YALI2_A00109t; tRNA-Val
yli:2906166	CDS	A:complement(join(1515553..1520633,1520680..1520785))	YALI2_A00481g; Sister chromatid cohesion protein mis4
yli:2906230	CDS	A:1521854..1523218	YALI2_A00229g; PXA domain protein 1
yli:2906211	CDS	A:1525083..1525766	YALI2_A00230g; COP9 signalosome complex subunit 7
yli:2906248	CDS	A:complement(join(1526431..1526928,1527222..1527281))	YALI2_A00480g; Succinate dehydrogenase [ubiquinone] cytochrome b small subunit
yli:2906239	CDS	A:1528363..1529787	YALI2_A00231g; Mitochondrial-processing peptidase subunit beta
yli:2906229	CDS	A:1533118..1536684	YALI2_A00232g; Serine/threonine-protein kinase ppk4
yli:2906413	CDS	A:1537906..1541148	YALI2_A00233g; Hypothetical protein
yli:2906429	CDS	A:1543517..1545442	YALI2_A00234g; Siderophore iron transporter MirC
yli:7009376	rRNA	A:1545787..1545902	YALI2_A00018r; 5S ribosomal RNA
yli:2906220	CDS	A:complement(1546268..1547356)	YALI2_A00479g; Hypothetical protein
yli:90949375	CDS	A:complement(join(1548390..1548734,1549030..1549275))	YALI2_A00478g; Hypothetical protein
yli:2909571	CDS	A:complement(join(1555785..1558133,1558631..1558774))	YALI2_A00477g; Putative MutA transposase
yli:90949353	CDS	A:1560029..1560538	YALI2_A00235g; Hypothetical protein
yli:90949354	CDS	A:1560555..1561637	YALI2_A00236g; Hypothetical protein
yli:2906075	CDS	A:complement(1561794..1562609)	YALI2_A00476g; Ribonuclease H1
yli:2906566	CDS	A:1563270..1563935	YALI2_A00237g; Putative acetyltransferase
yli:2906601	CDS	A:1565793..1567556	YALI2_A00238g; 4-coumarate--CoA ligase 3
yli:2906592	CDS	A:1568535..1570268	YALI2_A00239g; Inorganic phosphate transporter PHO84
yli:2905743	CDS	A:1577900..1578946	YALI2_A00240g; Alcohol dehydrogenase 2
yli:90949374	CDS	A:complement(1580953..1581330)	YALI2_A00475g; uncharacterized protein
yli:2906080	CDS	A:1582605..1584005	YALI2_A00241g; Hypothetical protein
yli:2906086	tRNA	A:1584864..1584945	YALI2_A00110t; tRNA-Ser
yli:2906003	tRNA	A:complement(join(1585398..1585433,1585448..1585483))	YALI2_A00111t; tRNA-Trp
yli:90949373	CDS	A:complement(1585758..1586258)	YALI2_A00474g; Hypothetical protein
yli:2906055	CDS	A:complement(1588161..1589981)	YALI2_A00473g; Hypothetical protein
yli:2906015	tRNA	A:join(1593383..1593421,1593436..1593471)	YALI2_A00112t; tRNA-Tyr
yli:2906573	tRNA	A:complement(1594227..1594298)	YALI2_A00113t; tRNA-Ala
yli:7009377	rRNA	A:complement(1594783..1594901)	YALI2_A00019r; 5S ribosomal RNA
yli:2906011	CDS	A:1596563..1598446	YALI2_A00242g; Hypothetical protein
yli:90949372	CDS	A:complement(1600366..1602618)	YALI2_A00472g; Copia protein
yli:2906317	CDS	A:complement(1603282..1603767)	YALI2_A00471g; Hypothetical protein
yli:2906572	CDS	A:complement(1605304..1605837)	YALI2_A00470g; Hypothetical protein
yli:2906008	CDS	A:complement(1606754..1607431)	YALI2_A00469g; Hypothetical protein
yli:7009378	CDS	A:complement(1608155..1608409)	YALI2_A00468g; Electron transfer flavoprotein regulatory factor 1
yli:2906160	CDS	A:1609166..1609705	YALI2_A00243g; Hypothetical protein
yli:2906581	CDS	A:1610528..1611058	YALI2_A00244g; Hypothetical protein
yli:2906559	CDS	A:1612140..1613720	YALI2_A00245g; Cytochrome P450 52A12
yli:2906584	tRNA	A:complement(join(1613980..1614023,1614042..1614079))	YALI2_A00114t; tRNA-Leu
yli:2906302	CDS	A:complement(1614230..1616023)	YALI2_A00467g; Hypothetical protein
yli:2906314	CDS	A:complement(1618218..1620137)	YALI2_A00466g; Multidrug transporter
yli:2906500	tRNA	A:complement(1625839..1625920)	YALI2_A00115t; tRNA-Ser
yli:2906529	CDS	A:complement(1626810..1629755)	YALI2_A00465g; RNA polymerase-associated protein CTR9
yli:2906487	CDS	A:1629954..1631489	YALI2_A00246g; 60S ribosome subunit biogenesis protein NOP8
yli:2906321	tRNA	A:complement(1631628..1631699)	YALI2_A00116t; tRNA-Thr
yli:2906307	CDS	A:1634297..1634668	YALI2_A00247g; Hypothetical protein
yli:2906575	CDS	A:complement(1634747..1636138)	YALI2_A00464g; Putative membrane protein
yli:2906569	CDS	A:complement(1636385..1639642)	YALI2_A00463g; Hypothetical protein
yli:2906014	tRNA	A:complement(join(1641732..1641767,1641786..1641823))	YALI2_A00117t; tRNA-Ile
yli:2906570	tRNA	A:1642632..1642703	YALI2_A00118t; tRNA-Cys
yli:2906159	CDS	A:1642959..1643657	YALI2_A00248g; Putative kinetochore protein SPC25
yli:2906478	CDS	A:1644669..1645598	YALI2_A00249g; D-galacturonate reductase
yli:2906524	tRNA	A:complement(1645906..1645979)	YALI2_A00119t; tRNA-Met
yli:2905745	CDS	A:1646316..1648883	YALI2_A00250g; Histidine biosynthesis trifunctional protein
yli:2906186	CDS	A:1650833..1651849	YALI2_A00251g; Fructose-1,6-bisphosphatase
yli:2906491	tRNA	A:1653704..1653777	YALI2_A00120t; tRNA-Val
yli:2906124	CDS	A:complement(1656218..1657099)	YALI2_A00462g; Hypothetical protein
yli:2906009	CDS	A:1658836..1660296	YALI2_A00252g; Putative transporter MCH1
yli:2906013	CDS	A:complement(1660659..1661174)	YALI2_A00461g; Ribonuclease H1
yli:2906498	tRNA	A:join(1663532..1663568,1663579..1663614)	YALI2_A00121t; tRNA-Lys
yli:90949371	CDS	A:complement(1666206..1666442)	YALI2_A00460g; uncharacterized protein
yli:2905855	CDS	A:complement(1667058..1667984)	YALI2_A00459g; Hypothetical protein
yli:2906019	CDS	A:complement(1669553..1670644)	YALI2_A00458g; Hypothetical protein
yli:90949370	CDS	A:complement(join(1673325..1673988,1674441..1675156))	YALI2_A00457g; Hypothetical protein
yli:90949369	CDS	A:complement(1675318..1676457)	YALI2_A00456g; Hypothetical protein
yli:2905843	CDS	A:complement(1677599..1680034)	YALI2_A00455g; Putative membrane protein
yli:90949355	CDS	A:1683589..1683792	YALI2_A00253g; uncharacterized protein
yli:2906134	tRNA	A:complement(join(1685809..1685843,1685860..1685896))	YALI2_A00122t; tRNA-Asp
yli:2906568	CDS	A:1687720..1688769	YALI2_A00254g; Alcohol dehydrogenase 2
yli:2906550	CDS	A:complement(1694965..1698333)	YALI2_A00454g; Hypothetical protein
yli:2906052	CDS	A:1701454..1703469	YALI2_A00255g; Copper amine oxidase 1
yli:2906543	CDS	A:complement(join(1704962..1705261,1705353..1705388))	YALI2_A00453g; Mitochondrial intermembrane space cysteine motif-containing protein MIX14
yli:2906026	CDS	A:join(1705811..1706819,1707749..1708274,1708334..1708649)	YALI2_A00256g; Queuosine salvage protein
yli:2905913	CDS	A:complement(join(1709077..1709334,1709793..1709795))	YALI2_A00452g; Hypothetical protein
yli:2906544	CDS	A:join(1710114..1710208,1710706..1715509)	YALI2_A00257g; THO complex subunit 2
yli:2906168	CDS	A:complement(1719143..1720948)	YALI2_A00451g; Putative sphingomyelin phosphodiesterase asm-3
yli:2906401	tRNA	A:join(1721936..1721972,1721982..1722017)	YALI2_A00123t; tRNA-Lys
yli:2906471	tRNA	A:complement(1722485..1722558)	YALI2_A00124t; tRNA-Met
yli:2906518	CDS	A:1723392..1724510	YALI2_A00258g; Methylthioribose-1-phosphate isomerase
yli:2905734	CDS	A:complement(1725326..1727332)	YALI2_A00450g; Hypothetical protein
yli:90949368	CDS	A:complement(join(1729282..1729632,1729728..1729925,1729977..1730087))	YALI2_A00449g; Hypothetical protein
yli:2906164	CDS	A:complement(join(1732586..1732944,1733160..1733235))	YALI2_A00448g; Sm-like protein LSm1
yli:2905912	CDS	A:complement(1733518..1735416)	YALI2_A00447g; Sorting nexin-1
yli:2906333	CDS	A:1737094..1738467	YALI2_A00259g; Candidapepsin-3
yli:2906312	CDS	A:complement(1754091..1754990)	YALI2_A00446g; Folate transporter 1, chloroplastic
yli:7009381	CDS	A:complement(join(1755425..1755452,1755883..1755919,1756036..1756141))	YALI2_A00445g; Tom7
yli:2905802	tRNA	A:join(1756985..1757020,1757038..1757073)	YALI2_A00125t; tRNA-Arg
yli:2905817	tRNA	A:1759734..1759807	YALI2_A00126t; tRNA-Val
yli:2905825	tRNA	A:complement(join(1759947..1759990,1760009..1760046))	YALI2_A00127t; tRNA-Leu
yli:2905905	CDS	A:complement(join(1760613..1764118,1764175..1764667))	YALI2_A00444g; Hypothetical protein
yli:2906081	CDS	A:complement(1766897..1767220)	YALI2_A00443g; Hypothetical protein
yli:2906184	CDS	A:complement(1767713..1768057)	YALI2_A00442g; DASH complex subunit DAD2
yli:2906315	tRNA	A:join(1768359..1768394,1768405..1768439)	YALI2_A00128t; tRNA-Gly
yli:2905792	CDS	A:complement(join(1768613..1773428,1773815..1773930))	YALI2_A00441g; Clathrin heavy chain
yli:2906330	CDS	A:complement(1777126..1779099)	YALI2_A00440g; MFS siderochrome iron transporter C
yli:2906323	CDS	A:complement(join(1780505..1784578,1784879..1785010))	YALI2_A00439g; ABC transporter C family member 13
yli:2906306	CDS	A:1788506..1790032	YALI2_A00260g; Hypothetical protein
yli:2906304	CDS	A:1790984..1791502	YALI2_A00261g; Hypothetical protein
yli:2906128	CDS	A:complement(1793543..1793986)	YALI2_A00438g; Hypothetical protein
yli:2905830	CDS	A:complement(1795225..1795821)	YALI2_A00437g; Hypothetical protein
yli:2905920	CDS	A:complement(1796534..1797538)	YALI2_A00436g; Putative protein YcjY
yli:2905901	CDS	A:complement(1797934..1798989)	YALI2_A00435g; Protein AIR1
yli:2906171	CDS	A:complement(1799542..1800699)	YALI2_A00434g; Peptidyl-prolyl cis-trans isomerase D
yli:2906190	CDS	A:complement(join(1802169..1802946,1802991..1803013))	YALI2_A00433g; CBK1 kinase activator protein MOB2
yli:2906513	CDS	A:1804334..1805833	YALI2_A00262g; Tubulin-specific chaperone E
yli:2906305	CDS	A:complement(1806037..1806579)	YALI2_A00432g; Translation machinery-associated protein 20
yli:2905842	tRNA	A:1806722..1806793	YALI2_A00129t; tRNA-Glu
yli:2905837	CDS	A:1807191..1808666	YALI2_A00263g; Polyadenylation factor subunit 2
yli:2905797	CDS	A:complement(join(1809416..1810150,1810286..1810612))	YALI2_A00431g; Hypothetical protein
yli:2906335	CDS	A:complement(1811400..1812242)	YALI2_A00430g; Cytochrome c1, heme protein
yli:2905806	CDS	A:1813834..1815657	YALI2_A00264g; Chromatin modification-related protein png1
yli:2905848	CDS	A:complement(1815909..1817558)	YALI2_A00429g; Dolichyl pyrophosphate Glc1Man9GlcNAc2 alpha-1,3-glucosyltransferase
yli:2905946	CDS	A:complement(1817884..1819407)	YALI2_A00428g; Putative MFS-type transporter
yli:2906310	CDS	A:1820634..1821269	YALI2_A00265g; Hypothetical protein
yli:2906338	CDS	A:1822688..1826377	YALI2_A00266g; Type II inositol 1,4,5-trisphosphate 5-phosphatase
yli:2906175	CDS	A:complement(1826595..1827608)	YALI2_A00427g; ER-derived vesicles protein 41
yli:2905929	tRNA	A:complement(join(1828716..1828751,1828771..1828808))	YALI2_A00130t; tRNA-Ile
yli:2905852	CDS	A:1830499..1832046	YALI2_A00267g; MFS transporter PrlL
yli:2905809	tRNA	A:complement(1832147..1832218)	YALI2_A00131t; tRNA-Cys
yli:2906309	tRNA	A:join(1833686..1833722,1833732..1833767)	YALI2_A00132t; tRNA-Lys
yli:2906301	tRNA	A:complement(1834319..1834392)	YALI2_A00133t; tRNA-Ala
yli:2906316	CDS	A:complement(1835076..1839350)	YALI2_A00426g; Hypothetical protein
yli:90949356	CDS	A:1840433..1840759	YALI2_A00268g; uncharacterized protein
yli:2906320	CDS	A:complement(1841097..1843733)	YALI2_A00425g; Hypothetical protein
yli:2905726	CDS	A:1846689..1847297	YALI2_A00269g; Hypothetical protein
yli:2905940	CDS	A:complement(1850851..1854684)	YALI2_A00424g; Topoisomerase 1-associated factor 2
yli:2905787	CDS	A:complement(1855695..1857296)	YALI2_A00423g; Aldehyde dehydrogenase family 3 member B1
yli:2906326	CDS	A:complement(1858133..1858699)	YALI2_A00422g; Hypothetical protein
yli:2906300	CDS	A:join(1864268..1864280,1864659..1866019)	YALI2_A00270g; Protein TOS1
yli:2906445	CDS	A:1867397..1869247	YALI2_A00271g; Translation initiation factor RLI1
yli:7009383	CDS	A:join(1869622..1869628,1869760..1870031)	YALI2_A00272g; NADH-ubiquinone oxidoreductase 12 kDa subunit
yli:2906010	CDS	A:1872710..1872994	YALI2_A00273g; Hypothetical protein
yli:2906434	CDS	A:complement(1875983..1877932)	YALI2_A00421g; Protein translocation protein SEC63
yli:2906541	CDS	A:1879481..1881076	YALI2_A00274g; mRNA export factor MEX67
yli:2905755	CDS	A:complement(1881814..1882362)	YALI2_A00420g; Hypothetical protein
yli:2906079	CDS	A:complement(1883781..1885304)	YALI2_A00419g; Cytochrome P450 61
yli:2906410	tRNA	A:complement(join(1888388..1888422,1888432..1888468))	YALI2_A00134t; tRNA-Glu
yli:2906554	CDS	A:complement(1889719..1892049)	YALI2_A00418g; Hypothetical protein
yli:2906276	CDS	A:complement(1893316..1894473)	YALI2_A00417g; RNA-binding protein rnc1
yli:2906132	CDS	A:complement(1900315..1901949)	YALI2_A00416g; Choline transport protein
yli:2906125	CDS	A:join(1906228..1906314,1907040..1907765)	YALI2_A00275g; 40S ribosomal protein uS2
yli:2906138	CDS	A:complement(1911873..1912736)	YALI2_A00415g; Protein BIM1
yli:2906504	CDS	A:1916583..1917617	YALI2_A00276g; Hypothetical protein
yli:2906064	CDS	A:1925873..1928788	YALI2_A00277g; Hypothetical protein
yli:2906141	CDS	A:complement(1930012..1931169)	YALI2_A00414g; Putative tRNA-splicing endonuclease subunit sen54
yli:2906484	CDS	A:1932413..1933024	YALI2_A00278g; SAGA-associated factor 11
yli:2906144	CDS	A:complement(1934450..1935133)	YALI2_A00413g; Acyl-protein thioesterase 1
yli:2906495	CDS	A:complement(1939312..1940460)	YALI2_A00412g; Arrestin family protein 1
yli:2906036	CDS	A:1942260..1945088	YALI2_A00279g; LIM and senescent cell antigen-like-containing domain protein 2
yli:2906477	CDS	A:1953555..1955363	YALI2_A00280g; Hypothetical protein
yli:2906260	CDS	A:complement(1956190..1957791)	YALI2_A00411g; Dimethyl-sulfide monooxygenase
yli:2906050	CDS	A:complement(1971454..1972983)	YALI2_A00410g; Homeobox protein HOY1
yli:2906501	CDS	A:complement(1989787..1990785)	YALI2_A00409g; Hypothetical protein
yli:2906496	CDS	A:1992892..1993242	YALI2_A00281g; Hypothetical protein
yli:2905736	CDS	A:1993821..1994891	YALI2_A00282g; Peptidyl-prolyl isomerase CWC27
yli:2905941	CDS	A:complement(1995360..1996820)	YALI2_A00408g; Serine/threonine-protein kinase SKY1
yli:2906051	CDS	A:1999247..2000032	YALI2_A00283g; 26S proteasome regulatory subunit RPN12
yli:2906066	CDS	A:complement(2000982..2002505)	YALI2_A00407g; Hypothetical protein
yli:2906147	CDS	A:join(2003600..2003824,2004244..2004294)	YALI2_A00284g; Dolichol-phosphate mannosyltransferase subunit 3
yli:2906237	CDS	A:complement(join(2005204..2005793,2005843..2005936))	YALI2_A00406g; UPF0651 protein
yli:2906255	CDS	A:2007451..2009439	YALI2_A00285g; TBC domain-containing protein
yli:2906433	CDS	A:complement(2009694..2010404)	YALI2_A00405g; Vacuolar protein sorting-associated protein 28
yli:2906292	CDS	A:complement(join(2014906..2018470,2018730..2018863))	YALI2_A00404g; Maintenance of telomere capping protein 5
yli:2906507	CDS	A:complement(2020905..2023508)	YALI2_A00403g; Vacuolar protein-sorting protein BRO1
yli:2906488	CDS	A:2024272..2025444	YALI2_A00286g; Protein RMD5
yli:2906337	CDS	A:2026969..2028450	YALI2_A00287g; Carboxypeptidase Y
yli:2906482	CDS	A:complement(2028806..2030524)	YALI2_A00402g; Peptide transporter PTR2
yli:2906281	tRNA	A:join(2033248..2033283,2033302..2033337)	YALI2_A00135t; tRNA-Thr
yli:2906282	CDS	A:2033987..2035393	YALI2_A00288g; Protein ssh4
yli:2906122	CDS	A:complement(2035661..2037166)	YALI2_A00401g; Efflux pump atB
yli:2906325	CDS	A:complement(2039042..2039602)	YALI2_A00400g; Hypothetical protein
yli:2906480	CDS	A:2040885..2041484	YALI2_A00289g; Hypothetical protein
yli:2906370	CDS	A:complement(join(2041921..2043528,2043796..2043861))	YALI2_A00399g; Membrane protein PTM1
yli:2906514	CDS	A:complement(2044743..2047589)	YALI2_A00398g; Vacuolar protein sorting-associated protein 18
yli:2906318	CDS	A:join(2048535..2048579,2048680..2048740,2049157..2049368)	YALI2_A00290g; Small nuclear ribonucleoprotein Sm D3
yli:2906032	CDS	A:2050022..2052715	YALI2_A00291g; Exocyst complex component SEC5
yli:2906486	CDS	A:complement(join(2053120..2057395,2057457..2057855,2058549..2058580))	YALI2_A00397g; Glycogen debranching enzyme
yli:2906490	CDS	A:2060046..2060987	YALI2_A00292g; Mesaconyl-C(4)-CoA hydratase
yli:2906156	CDS	A:2062473..2063039	YALI2_A00293g; Hypothetical protein
yli:2906071	CDS	A:complement(2063225..2064007)	YALI2_A00396g; Protein CMS1
yli:2906481	CDS	A:2064325..2065809	YALI2_A00294g; Inner kinetochore subunit cnp20
yli:2906046	CDS	A:2066142..2067152	YALI2_A00295g; Protein interacting with Hsp90 1
yli:2906058	CDS	A:complement(join(2067339..2068576,2069020..2069053))	YALI2_A00395g; Glutamate 5-kinase
yli:2906029	CDS	A:2071211..2072578	YALI2_A00296g; Ammonium transporter 1
yli:2906508	CDS	A:2073210..2073851	YALI2_A00297g; Hypothetical protein
yli:2906028	CDS	A:2074087..2074599	YALI2_A00298g; Hypothetical protein
yli:2906489	CDS	A:complement(join(2074921..2075186,2076477..2076840))	YALI2_A00394g; Hypothetical protein
yli:2906476	CDS	A:complement(2077640..2079328)	YALI2_A00393g; Hypothetical protein
yli:2906332	CDS	A:complement(join(2080760..2082971,2083018..2086576,2086733..2086790))	YALI2_A00392g; Helicase SEN1
yli:2906475	CDS	A:complement(2087344..2088012)	YALI2_A00391g; Peroxiredoxin PRX1
yli:2906069	CDS	A:complement(2089391..2090791)	YALI2_A00390g; Aldehyde dehydrogenase
yli:2906242	CDS	A:join(2091739..2091743,2091882..2091968,2092273..2094337)	YALI2_A00299g; Coronin-like protein crn1
yli:2906521	CDS	A:complement(join(2094669..2095094,2095345..2095390,2095441..2095472))	YALI2_A00389g; Signal peptidase complex subunit SPC2
yli:2906270	CDS	A:2096302..2098059	YALI2_A00300g; RING-finger protein MAG2
yli:2906328	CDS	A:complement(2098363..2099415)	YALI2_A00388g; Putative oxidoreductase
yli:2906322	CDS	A:complement(2102056..2103705)	YALI2_A00387g; GABA-specific permease
yli:2906474	CDS	A:join(2106737..2106748,2106794..2110693)	YALI2_A00301g; Canalicular multispecific organic anion transporter 1
yli:2906479	CDS	A:join(2111149..2111239,2111374..2111717)	YALI2_A00302g; FK506-binding protein 2
yli:2906512	CDS	A:join(2112034..2112266,2112724..2113249)	YALI2_A00303g; Putative nicotinamide mononucleotide adenylyltransferase
yli:2906311	CDS	A:2114036..2115967	YALI2_A00304g; Protein bir1
yli:2906295	CDS	A:complement(join(2116997..2119468,2119696..2119872))	YALI2_A00386g; Pumilio domain-containing protein
yli:2906245	CDS	A:2124910..2125482	YALI2_A00305g; Hypothetical protein
yli:2906253	CDS	A:complement(2128417..2130285)	YALI2_A00385g; Protein BimA
yli:2906522	CDS	A:complement(join(2131706..2133214,2133310..2133384))	YALI2_A00384g; Hypothetical protein
yli:2906025	CDS	A:complement(join(2135486..2135872,2135970..2135972))	YALI2_A00383g; U6 snRNA-associated Sm-like protein LSm4
yli:2906002	CDS	A:2136440..2138338	YALI2_A00306g; Cell division cycle-related protein res2/pct1
yli:2905969	CDS	A:complement(join(2138425..2139388,2139483..2139541,2139589..2139636))	YALI2_A00382g; Hypothetical protein
yli:2906045	CDS	A:complement(2139954..2141168)	YALI2_A00381g; Hypothetical protein
yli:2906067	CDS	A:2144725..2146857	YALI2_A00307g; White collar 1 protein
yli:2906073	CDS	A:complement(2147061..2147510)	YALI2_A00380g; Hypothetical protein
yli:2906136	CDS	A:complement(2149256..2150491)	YALI2_A00379g; Meiotically up-regulated protein
yli:2906121	CDS	A:2151006..2151869	YALI2_A00308g; Putative oxidoreductase
yli:2906027	CDS	A:complement(2152498..2153031)	YALI2_A00378g; Hypothetical protein
yli:2905964	CDS	A:complement(2153508..2154953)	YALI2_A00377g; 2-(3-amino-3-carboxypropyl)histidine synthase subunit 2
yli:2906561	CDS	A:2155229..2155750	YALI2_A00309g; Calcineurin subunit B
yli:2906393	CDS	A:2156811..2159666	YALI2_A00310g; Hypothetical protein
yli:90949357	CDS	A:2159914..2161023	YALI2_A00311g; Hypothetical protein
yli:2906043	CDS	A:2163073..2164332	YALI2_A00312g; Protein phosphatase methylesterase 1
yli:2906552	CDS	A:complement(2164449..2166566)	YALI2_A00376g; Glutamine-dependent NAD(+) synthetase
yli:2906076	CDS	A:complement(2166938..2168503)	YALI2_A00375g; Cytochrome P450 52A12
yli:2905798	CDS	A:complement(2168755..2171283)	YALI2_A00374g; Elongation factor 2
yli:2906020	CDS	A:2174658..2177060	YALI2_A00313g; Hypothetical protein
yli:2906000	CDS	A:2177522..2178316	YALI2_A00314g; Enoyl-CoA delta isomerase 1, peroxisomal
yli:2906536	tRNA	A:join(2178672..2178709,2178727..2178762)	YALI2_A00136t; tRNA-Ile
yli:2906537	CDS	A:2179280..2181367	YALI2_A00315g; Laccase-1
yli:2906534	CDS	A:join(2181991..2181994,2182091..2182737)	YALI2_A00316g; 2',3'-cyclic-nucleotide 3'-phosphodiesterase
yli:2906391	CDS	A:complement(2183214..2185436)	YALI2_A00373g; ATP-dependent RNA helicase DBP4
yli:2905927	CDS	A:2188141..2189145	YALI2_A00317g; Putative lipase
yli:2905753	CDS	A:complement(2189238..2191850)	YALI2_A00372g; Putative E3 ubiquitin-protein ligase HUL5
yli:2906133	CDS	A:complement(2192517..2192993)	YALI2_A00371g; Damage response protein 1
yli:2906509	CDS	A:complement(2193493..2195883)	YALI2_A00370g; Putative glutamate carboxypeptidase VP8
yli:90949367	CDS	A:complement(2197540..2198004)	YALI2_A00369g; Reverse transcriptase
yli:2906340	CDS	A:join(2200255..2201729,2202068..2202098)	YALI2_A00318g; Mannan endo-1,6-alpha-mannosidase DCW1
yli:2906395	CDS	A:2202473..2203108	YALI2_A00319g; Hypothetical protein
yli:2906583	CDS	A:2203423..2204727	YALI2_A00320g; Phosphatidylinositol N-acetylglucosaminyltransferase gpi3 subunit
yli:2906605	CDS	A:complement(2204729..2207554)	YALI2_A00368g; Dynactin
yli:2906540	CDS	A:join(2207986..2208448,2208508..2208548)	YALI2_A00321g; Cell division control protein 31
yli:2906267	CDS	A:2209066..2209971	YALI2_A00322g; mitochondrial 54S ribosomal protein uL24m
yli:2906412	CDS	A:2211984..2213174	YALI2_A00323g; Hypothetical protein
yli:2906597	CDS	A:complement(2213258..2214208)	YALI2_A00367g; Fluoride export protein 1
yli:2906063	CDS	A:2214600..2215253	YALI2_A00324g; Conserved oligomeric Golgi complex subunit 2
yli:2905832	CDS	A:2215486..2216967	YALI2_A00325g; Putative WD repeat-containing protein
yli:2905824	CDS	A:2217950..2220616	YALI2_A00326g; DNA polymerase alpha-binding protein
yli:2905807	CDS	A:complement(2220743..2222173)	YALI2_A00366g; Hypothetical protein
yli:2905789	CDS	A:complement(2223159..2223626)	YALI2_A00365g; NADH-ubiquinone oxidoreductase 20.8 kDa subunit
yli:2905785	CDS	A:2224531..2226117	YALI2_A00327g; Nucleoporin nup44
yli:90949366	CDS	A:complement(join(2226255..2226292,2226449..2226557))	YALI2_A00364g; Tom5
yli:2905784	CDS	A:2227098..2228342	YALI2_A00328g; Transcription factor IWS1
yli:2905782	CDS	A:complement(join(2229659..2230031,2230409..2230473))	YALI2_A00363g; 40S ribosomal protein uS12
yli:2905781	CDS	A:2232224..2235076	YALI2_A00329g; 116 kDa U5 small nuclear ribonucleoprotein component
yli:2905779	CDS	A:complement(2235124..2236653)	YALI2_A00362g; Hypothetical protein
yli:2905775	CDS	A:complement(2238201..2239667)	YALI2_A00361g; Hypothetical protein
yli:2905772	CDS	A:complement(2241617..2243653)	YALI2_A00360g; Histone deacetylase HOS3
yli:7009386	CDS	A:join(2244466..2244744,2245594..2245764,2245978..2246199)	YALI2_A00330g; mRNA export protein mlo3
yli:2905764	CDS	A:2247089..2248957	YALI2_A00331g; Protein MesA
yli:2905761	CDS	A:2249582..2250802	YALI2_A00332g; GPI mannosyltransferase 1
yli:2906012	CDS	A:complement(2250943..2251842)	YALI2_A00359g; Peroxisomal membrane protein PMP47B
yli:2905853	CDS	A:2253391..2253801	YALI2_A00333g; Hypothetical protein
yli:2905723	CDS	A:complement(2253909..2254862)	YALI2_A00358g; Mitochondrial substrate carrier family protein L
yli:2905742	CDS	A:join(2255240..2255329,2255407..2255670)	YALI2_A00334g; ER membrane protein complex subunit 6
yli:90949365	CDS	A:complement(2255967..2256359)	YALI2_A00357g; Rhomboid protein 1
yli:90949364	CDS	A:complement(2256390..2256893)	YALI2_A00356g; Hypothetical protein
yli:2905845	CDS	A:complement(join(2257261..2259845,2260019..2260142))	YALI2_A00355g; Cargo-transport protein YPP1
yli:2906458	CDS	A:complement(2261325..2261819)	YALI2_A00354g; Nuclear import protein mog1
yli:2906454	CDS	A:complement(2262259..2263050)	YALI2_A00353g; Hypothetical protein
yli:2906443	CDS	A:2263602..2265233	YALI2_A00335g; Hypothetical protein
yli:2906381	CDS	A:2265423..2266034	YALI2_A00336g; Nicotinamidase
yli:2906383	CDS	A:2266261..2268027	YALI2_A00337g; Hypothetical protein
yli:2906346	CDS	A:2268265..2270349	YALI2_A00338g; Ribosome biogenesis protein ENP2
yli:2906357	CDS	A:2271731..2273461	YALI2_A00339g; Hypothetical protein
yli:2906352	CDS	A:complement(2273719..2275299)	YALI2_A00352g; D-arabinono-1,4-lactone oxidase
yli:2906364	CDS	A:2276091..2277404	YALI2_A00340g; Hypothetical protein
yli:2906409	CDS	A:complement(2278285..2280012)	YALI2_A00351g; Inorganic phosphate transporter PHO84
yli:90949363	CDS	A:complement(join(2285209..2285646,2285804..2285854))	YALI2_A00350g; Hypothetical protein
yli:2906408	CDS	A:complement(2290606..2291799)	YALI2_A00349g; Hypothetical protein
yli:2906427	CDS	A:2296441..2297511	YALI2_A00341g; Low-specificity L-threonine aldolase
yli:2906426	CDS	A:2297901..2299019	YALI2_A00342g; Alpha-ketoglutarate-dependent sulfonate dioxygenase
yli:2906396	CDS	A:complement(2300271..2302082)	YALI2_A00348g; IML2-like protein
yli:90949362	CDS	A:complement(2304450..2306381)	YALI2_A00347g; Heat shock protein 70 1
yli:90949358	CDS	A:join(2307525..2307533,2307655..2308485)	YALI2_A00343g; Clustered mitochondria protein
yli:90949359	CDS	A:join(2321201..2321292,2321340..2321390,2321764..2324992)	YALI2_A00344g; Anti-sigma-I factor RsgI2
yli:90949360	CDS	A:2325947..2327158	YALI2_A00345g; ATP-dependent DNA helicase RecQ
yli:90949361	CDS	A:complement(2327186..2328655)	YALI2_A00346g; ATP-dependent DNA helicase PIF1
yli:90949399	rRNA	B:complement(410..2062)	YALI2_B00001r; 18S ribosomal RNA
yli:90949400	rRNA	B:complement(4916..8165)	YALI2_B00002r; 26S ribosomal RNA
yli:90949401	rRNA	B:complement(8227..9881)	YALI2_B00003r; 18S ribosomal RNA
yli:90949402	rRNA	B:complement(12739..15970)	YALI2_B00004r; 26S ribosomal RNA
yli:90949403	rRNA	B:complement(16032..17692)	YALI2_B00005r; 18S ribosomal RNA
yli:90949404	rRNA	B:complement(20546..23696)	YALI2_B00006r; 26S ribosomal RNA
yli:90949405	rRNA	B:complement(23758..25428)	YALI2_B00007r; 18S ribosomal RNA
yli:90949406	rRNA	B:complement(28196..31413)	YALI2_B00008r; 26S ribosomal RNA
yli:90949407	rRNA	B:complement(31475..33126)	YALI2_B00009r; 18S ribosomal RNA
yli:90949408	rRNA	B:complement(35990..39223)	YALI2_B00010r; 26S ribosomal RNA
yli:90949410	rRNA	B:complement(39284..40949)	YALI2_B00011r; 18S ribosomal RNA
yli:90949411	rRNA	B:complement(43806..47054)	YALI2_B00012r; 26S ribosomal RNA
yli:90949412	rRNA	B:complement(47114..48778)	YALI2_B00013r; 18S ribosomal RNA
yli:90949413	rRNA	B:complement(51646..54874)	YALI2_B00014r; 26S ribosomal RNA
yli:90949414	rRNA	B:complement(54935..56586)	YALI2_B00015r; 18S ribosomal RNA
yli:90949415	rRNA	B:complement(59467..62701)	YALI2_B00016r; 26S ribosomal RNA
yli:90949416	rRNA	B:complement(62762..64389)	YALI2_B00017r; 18S ribosomal RNA
yli:90949417	rRNA	B:complement(67249..70499)	YALI2_B00018r; 26S ribosomal RNA
yli:90949418	rRNA	B:complement(70561..72219)	YALI2_B00019r; 18S ribosomal RNA
yli:90949419	rRNA	B:complement(75115..78352)	YALI2_B00020r; 26S ribosomal RNA
yli:90949420	rRNA	B:complement(78414..80083)	YALI2_B00021r; 18S ribosomal RNA
yli:90949421	rRNA	B:complement(82956..86220)	YALI2_B00022r; 26S ribosomal RNA
yli:90949422	rRNA	B:complement(86282..87949)	YALI2_B00023r; 18S ribosomal RNA
yli:90949423	rRNA	B:complement(90841..94097)	YALI2_B00024r; 26S ribosomal RNA
yli:90949424	rRNA	B:complement(94159..95828)	YALI2_B00025r; 18S ribosomal RNA
yli:90949425	rRNA	B:complement(98717..101980)	YALI2_B00026r; 26S ribosomal RNA
yli:90949426	rRNA	B:complement(102042..103712)	YALI2_B00027r; 18S ribosomal RNA
yli:90949427	rRNA	B:complement(106605..109862)	YALI2_B00028r; 26S ribosomal RNA
yli:90949428	rRNA	B:complement(109924..111595)	YALI2_B00029r; 18S ribosomal RNA
yli:90949429	rRNA	B:complement(114485..117748)	YALI2_B00030r; 26S ribosomal RNA
yli:90949430	rRNA	B:complement(117810..119480)	YALI2_B00031r; 18S ribosomal RNA
yli:90949431	rRNA	B:complement(122369..125626)	YALI2_B00032r; 26S ribosomal RNA
yli:90949432	rRNA	B:complement(125688..127358)	YALI2_B00033r; 18S ribosomal RNA
yli:90949433	rRNA	B:complement(130248..133518)	YALI2_B00034r; 26S ribosomal RNA
yli:90949434	rRNA	B:complement(133580..135251)	YALI2_B00035r; 18S ribosomal RNA
yli:90949435	rRNA	B:complement(138142..141410)	YALI2_B00036r; 26S ribosomal RNA
yli:90949436	rRNA	B:complement(141472..143141)	YALI2_B00037r; 18S ribosomal RNA
yli:90949437	rRNA	B:complement(146032..149300)	YALI2_B00038r; 26S ribosomal RNA
yli:90949438	rRNA	B:complement(149362..151031)	YALI2_B00039r; 18S ribosomal RNA
yli:90949439	rRNA	B:complement(153922..157199)	YALI2_B00040r; 26S ribosomal RNA
yli:90949440	rRNA	B:complement(157263..158937)	YALI2_B00041r; 18S ribosomal RNA
yli:90949441	rRNA	B:complement(161828..165106)	YALI2_B00042r; 26S ribosomal RNA
yli:90949442	rRNA	B:complement(165168..166841)	YALI2_B00043r; 18S ribosomal RNA
yli:90949443	rRNA	B:complement(169657..172936)	YALI2_B00044r; 26S ribosomal RNA
yli:90949444	rRNA	B:complement(172998..174672)	YALI2_B00045r; 18S ribosomal RNA
yli:90949445	rRNA	B:complement(177571..180851)	YALI2_B00046r; 26S ribosomal RNA
yli:90949446	rRNA	B:complement(180913..182592)	YALI2_B00047r; 18S ribosomal RNA
yli:90949447	rRNA	B:complement(185492..188776)	YALI2_B00048r; 26S ribosomal RNA
yli:90949448	rRNA	B:complement(188838..190517)	YALI2_B00049r; 18S ribosomal RNA
yli:90949449	rRNA	B:complement(193569..196859)	YALI2_B00050r; 26S ribosomal RNA
yli:90949450	rRNA	B:complement(196921..198599)	YALI2_B00051r; 18S ribosomal RNA
yli:90949451	rRNA	B:complement(201497..204783)	YALI2_B00052r; 26S ribosomal RNA
yli:90949452	rRNA	B:complement(204845..206524)	YALI2_B00053r; 18S ribosomal RNA
yli:90949453	rRNA	B:complement(209433..212719)	YALI2_B00054r; 26S ribosomal RNA
yli:90949454	rRNA	B:complement(212781..214459)	YALI2_B00055r; 18S ribosomal RNA
yli:90949455	rRNA	B:complement(217233..220524)	YALI2_B00056r; 26S ribosomal RNA
yli:90949456	rRNA	B:complement(220586..222262)	YALI2_B00057r; 18S ribosomal RNA
yli:90949457	rRNA	B:complement(225162..228452)	YALI2_B00058r; 26S ribosomal RNA
yli:90949458	rRNA	B:complement(228514..230194)	YALI2_B00059r; 18S ribosomal RNA
yli:90949459	rRNA	B:complement(241420..241535)	YALI2_B00060r; 5S ribosomal RNA
yli:90949398	CDS	B:245174..246259	YALI2_B00001g; Hypothetical protein
yli:2907562	CDS	B:246593..247123	YALI2_B00002g; E3 ubiquitin-protein ligase complex SLX5-SLX8 subunit SLX8
yli:2906607	CDS	B:complement(248293..249723)	YALI2_B00653g; Acid protease
yli:2906715	CDS	B:254495..256066	YALI2_B00003g; Hypothetical protein
yli:2907572	tRNA	B:257701..257774	YALI2_B00001t; tRNA-Ala
yli:2906883	CDS	B:complement(258009..260924)	YALI2_B00652g; Importin beta-like protein
yli:2907065	CDS	B:complement(261403..262647)	YALI2_B00651g; Nicotinate phosphoribosyltransferase
yli:2907585	CDS	B:265962..266753	YALI2_B00004g; NifU-like protein
yli:2907597	CDS	B:complement(267376..269115)	YALI2_B00650g; Endoplasmic reticulum membrane protein 65
yli:2907145	CDS	B:269767..270516	YALI2_B00005g; RNA polymerase II subunit B1 CTD phosphatase RTR1
yli:2907278	tRNA	B:join(271519..271555,271565..271599)	YALI2_B00002t; tRNA-Glu
yli:7009391	rRNA	B:271608..271723	YALI2_B00061r; 5S ribosomal RNA
yli:2907315	CDS	B:complement(273526..274695)	YALI2_B00649g; Candidapepsin-3
yli:2907568	CDS	B:complement(290241..291428)	YALI2_B00648g; Hypothetical protein
yli:2907560	CDS	B:join(298894..299010,299498..299797)	YALI2_B00006g; NADH dehydrogenase [ubiquinone] 1 alpha subcomplex subunit N7BM
yli:90949523	CDS	B:complement(join(305349..305731,306675..306707,307237..307267))	YALI2_B00647g; UPF0768 protein
yli:90949522	CDS	B:complement(310083..310910)	YALI2_B00646g; Hypothetical protein
yli:90949521	CDS	B:complement(315528..316568)	YALI2_B00645g; Deoxyhypusine synthase
yli:2907170	CDS	B:complement(join(317988..319711,320015..320060))	YALI2_B00644g; Polyadenylate-binding protein, cytoplasmic and nuclear
yli:2907598	CDS	B:complement(327928..328335)	YALI2_B00643g; L-amino acid N-acyltransferase MnaT
yli:2907377	CDS	B:329168..330226	YALI2_B00007g; Zinc finger protein
yli:2907279	CDS	B:complement(338082..338585)	YALI2_B00642g; Hypothetical protein
yli:2907367	CDS	B:complement(346596..347351)	YALI2_B00641g; Adenylate kinase
yli:2907505	CDS	B:352513..353553	YALI2_B00008g; Deoxyhypusine synthase
yli:2907444	CDS	B:358171..358998	YALI2_B00009g; Hypothetical protein
yli:2907550	CDS	B:join(361816..361846,362376..362408,363351..363733)	YALI2_B00010g; UPF0768 protein
yli:90949520	CDS	B:complement(join(369287..369586,370074..370190))	YALI2_B00640g; NADH dehydrogenase [ubiquinone] 1 alpha subcomplex subunit N7BM
yli:90949409	CDS	B:join(377662..377897,377938..378850)	YALI2_B00011g; Hypothetical protein
yli:2906609	CDS	B:complement(394092..395204)	YALI2_B00639g; Ribose-phosphate pyrophosphokinase B
yli:2906766	CDS	B:398746..399543	YALI2_B00012g; High mobility group protein 1
yli:2906620	CDS	B:complement(401687..403429)	YALI2_B00638g; Putative serine/threonine-protein kinase RTK1
yli:2906884	CDS	B:407613..408926	YALI2_B00013g; Nuclear distribution protein PAC1
yli:2907043	CDS	B:410202..410675	YALI2_B00014g; Hypothetical protein
yli:2907148	CDS	B:complement(413598..415145)	YALI2_B00637g; Nucleolar protein 58
yli:2907073	CDS	B:416785..418278	YALI2_B00015g; Transcription initiation factor TFIID subunit 7
yli:2907239	CDS	B:complement(420304..422229)	YALI2_B00636g; Nucleolar GTP-binding protein 1
yli:2907302	CDS	B:423494..424057	YALI2_B00016g; Hypothetical protein
yli:2907624	CDS	B:complement(426647..427588)	YALI2_B00635g; Eukaryotic translation initiation factor 2 subunit alpha
yli:2907384	CDS	B:complement(430605..433715)	YALI2_B00634g; PX domain-containing protein
yli:2907399	CDS	B:436286..439006	YALI2_B00017g; Periodic tryptophan protein 2
yli:2906772	CDS	B:complement(join(442440..442556,442595..442762,442923..443000))	YALI2_B00633g; Putative peptide chain release factor C12orf65
yli:2907522	CDS	B:complement(447015..448682)	YALI2_B00632g; F-box protein
yli:2907443	CDS	B:join(453563..454349,455571..455758,455822..456101,456185..456287,456668..457975,458110..458140)	YALI2_B00018g; Hypothetical protein
yli:2906845	CDS	B:join(461559..461738,462265..466305)	YALI2_B00019g; Transcription elongation factor SPT6
yli:2906614	CDS	B:complement(466741..467307)	YALI2_B00631g; UPF0157 protein YqkA
yli:2906673	CDS	B:complement(468992..470005)	YALI2_B00630g; Bifunctional protein RIB2
yli:2906667	CDS	B:471809..473398	YALI2_B00020g; Aldehyde dehydrogenase, dimeric NADP-preferring
yli:2906768	CDS	B:475230..477788	YALI2_B00021g; Hypothetical protein
yli:2906708	CDS	B:complement(479075..480739)	YALI2_B00629g; High-affinity glucose transporter
yli:2907408	CDS	B:complement(484650..486941)	YALI2_B00628g; 3-isopropylmalate dehydratase
yli:2906775	CDS	B:489996..492122	YALI2_B00022g; Mitochondrial inner membrane I-AAA protease supercomplex subunit YME1
yli:2907575	CDS	B:complement(join(492339..493300,493356..493998))	YALI2_B00627g; Carboxypeptidase Y
yli:2907576	CDS	B:495435..497048	YALI2_B00023g; Hypothetical protein
yli:2906977	CDS	B:complement(497537..498934)	YALI2_B00626g; Origin recognition complex subunit 5
yli:2906934	CDS	B:499614..500447	YALI2_B00024g; DNA repair protein RAD14
yli:2906641	tRNA	B:join(500647..500682,500701..500736)	YALI2_B00003t; tRNA-Arg
yli:2906637	CDS	B:complement(join(501101..501169,501302..501439,501850..501852))	YALI2_B00625g; Cytochrome b-c1 complex subunit 9
yli:2906703	CDS	B:502179..502913	YALI2_B00025g; Hypothetical protein
yli:2906774	CDS	B:503038..504168	YALI2_B00026g; Hypothetical protein
yli:2906795	CDS	B:complement(504596..505741)	YALI2_B00624g; Palmitoyltransferase SWF1
yli:2906898	CDS	B:507430..510333	YALI2_B00027g; GTPase-activating protein GYP2
yli:2906956	CDS	B:complement(512400..512831)	YALI2_B00623g; Thiosulfate:glutathione sulfurtransferase
yli:2906957	CDS	B:complement(514861..516150)	YALI2_B00622g; Putative mannosyltransferase YUR1
yli:2907351	CDS	B:516638..518512	YALI2_B00028g; ABC1 family protein MCP2
yli:2906905	CDS	B:519580..520254	YALI2_B00029g; uncharacterized protein
yli:2907353	CDS	B:complement(520783..521913)	YALI2_B00621g; Reticulon-like protein
yli:2907352	CDS	B:join(524117..524168,524236..524723)	YALI2_B00030g; Tyrosine--tRNA ligase, cytoplasmic
yli:7009393	CDS	B:525673..527319	YALI2_B00031g; Lysophospholipase 3
yli:2907132	CDS	B:complement(527642..528955)	YALI2_B00620g; Proline iminopeptidase
yli:2907133	CDS	B:530442..531296	YALI2_B00032g; Topoisomerase I damage affected protein 4
yli:2907158	CDS	B:complement(532373..532900)	YALI2_B00619g; Riboflavin kinase
yli:2907511	CDS	B:535714..537294	YALI2_B00033g; Cytochrome P450 52A12
yli:2907152	CDS	B:complement(537886..539745)	YALI2_B00618g; Nucleoporin GLE1
yli:2907255	CDS	B:540696..541589	YALI2_B00034g; mitochondrial 54S ribosomal protein uL5m
yli:90949519	CDS	B:complement(541864..542310)	YALI2_B00617g; Putative transporter SEO1
yli:2907174	CDS	B:complement(join(542344..543120,543167..543505))	YALI2_B00616g; Putative transporter SEO1
yli:2907451	tRNA	B:complement(join(544643..544678,544697..544734))	YALI2_B00004t; tRNA-Asn
yli:2907452	CDS	B:545603..546937	YALI2_B00035g; Mitochondrial transcription factor 1
yli:2907180	CDS	B:complement(547812..551597)	YALI2_B00615g; Hypothetical protein
yli:2907427	CDS	B:554614..555282	YALI2_B00036g; Hypothetical protein
yli:2907566	CDS	B:complement(555373..556536)	YALI2_B00614g; Hypothetical protein
yli:2907557	CDS	B:556791..557375	YALI2_B00037g; Mediator of RNA polymerase II transcription subunit 8
yli:2906647	CDS	B:complement(join(558302..559762,559902..560948))	YALI2_B00613g; Oligopeptide transporter 5
yli:2906666	CDS	B:564514..565107	YALI2_B00038g; Hypothetical protein
yli:2906758	CDS	B:569220..569555	YALI2_B00039g; Hypothetical protein
yli:2906682	CDS	B:572164..573465	YALI2_B00040g; Aspartate aminotransferase
yli:2906683	CDS	B:complement(573959..574912)	YALI2_B00612g; Hypothetical protein
yli:2906933	CDS	B:complement(583316..583801)	YALI2_B00611g; Adrenodoxin
yli:2906824	CDS	B:join(585939..586038,586483..586541,586693..587193)	YALI2_B00041g; t-SNARE VTI1
yli:2906914	CDS	B:complement(590063..592852)	YALI2_B00610g; Repressor of filamentous growth 1
yli:2907540	CDS	B:complement(join(613871..616864,617330..617404))	YALI2_B00609g; Hypothetical protein
yli:2907394	tRNA	B:complement(620845..620916)	YALI2_B00005t; tRNA-Met
yli:2907523	CDS	B:complement(621451..624333)	YALI2_B00608g; Phosphatidylinositol 4-kinase PIK1
yli:2906606	CDS	B:complement(625919..628549)	YALI2_B00607g; Oligopeptide transporter 2
yli:7009394	CDS	B:632111..632359	YALI2_B00042g; Hypothetical protein
yli:2906848	CDS	B:633315..634016	YALI2_B00043g; Glutathione S-transferase omega-like 2
yli:2906849	CDS	B:join(635611..636368,636616..636814)	YALI2_B00044g; Meiosis protein mei2
yli:2906646	CDS	B:637758..638441	YALI2_B00045g; Hypothetical protein
yli:2906771	tRNA	B:join(639088..639124,639138..639173)	YALI2_B00006t; tRNA-Thr
yli:2906684	CDS	B:complement(join(639429..643336,643632..644181))	YALI2_B00606g; Multidrug resistance protein CDR1
yli:2906687	CDS	B:complement(646960..648669)	YALI2_B00605g; Protein ZRG17
yli:2907569	CDS	B:650265..652556	YALI2_B00046g; Mitochondrial respiratory chain complexes assembly protein YTA12
yli:2906958	CDS	B:653197..654435	YALI2_B00047g; Hypothetical protein
yli:2907200	tRNA	B:complement(join(654542..654577,654596..654632))	YALI2_B00007t; tRNA-Phe
yli:2907201	CDS	B:655570..657546	YALI2_B00048g; Hypothetical protein
yli:2906896	CDS	B:659181..662810	YALI2_B00049g; Copper-transporting ATPase RAN1
yli:2906997	CDS	B:complement(663077..664672)	YALI2_B00604g; Nucleoporin NSP1
yli:2907141	CDS	B:666253..666996	YALI2_B00050g; Phosphoglycerate mutase
yli:2907254	CDS	B:complement(join(667640..672402,672668..672866))	YALI2_B00603g; Nucleoporin
yli:2907316	CDS	B:673596..674894	YALI2_B00051g; Serine/threonine-protein phosphatase 2A activator 1
yli:2907380	CDS	B:join(675173..675334,675550..676476)	YALI2_B00052g; Subtilase-type proteinase RRT12
yli:2907453	CDS	B:677148..678665	YALI2_B00053g; Mitogen-activated protein kinase SLT2/MPK1
yli:2907543	CDS	B:679781..682402	YALI2_B00054g; Putative dipeptidyl-aminopeptidase B
yli:2907509	CDS	B:complement(join(682847..683254,683345..683452))	YALI2_B00602g; 3-hydroxyanthranilate 3,4-dioxygenase
yli:2907541	CDS	B:684458..687397	YALI2_B00055g; 26S proteasome regulatory subunit rpn-1
yli:2907542	CDS	B:complement(687686..689338)	YALI2_B00601g; Hypothetical protein
yli:90949518	CDS	B:complement(689762..691447)	YALI2_B00600g; Multidrug resistance protein fnx1
yli:2906777	CDS	B:join(695713..695834,696426..697461)	YALI2_B00056g; Glycerol-3-phosphate dehydrogenase [NAD(+)] 1
yli:2906789	CDS	B:complement(join(698580..699191,699239..699241))	YALI2_B00599g; Hypothetical protein
yli:2906790	CDS	B:699436..699993	YALI2_B00057g; Presequence translocated-associated motor subunit PAM17
yli:2906794	CDS	B:complement(700376..701968)	YALI2_B00598g; Hypothetical protein
yli:2906953	CDS	B:702544..703242	YALI2_B00058g; Pre-mRNA-splicing factor SYF2
yli:2906897	CDS	B:complement(703390..704703)	YALI2_B00597g; Hypothetical protein
yli:2906872	CDS	B:complement(join(705533..706390,706889..706906))	YALI2_B00596g; Fumarylacetoacetate hydrolase domain-containing protein 2
yli:2906873	CDS	B:708257..709384	YALI2_B00059g; Hypothetical protein
yli:2906895	CDS	B:711245..712018	YALI2_B00060g; Putative catechol O-methyltransferase 2
yli:2906995	CDS	B:complement(join(715035..716084,716158..716775))	YALI2_B00595g; Meiotic coiled-coil protein 2
yli:90949460	CDS	B:721585..722676	YALI2_B00061g; Hypothetical protein
yli:2907075	CDS	B:complement(726208..727110)	YALI2_B00594g; Putative oxidoreductase
yli:2907119	CDS	B:join(727627..727705,727753..727791,728007..728493,728576..728664,728723..729021)	YALI2_B00062g; Hypothetical protein
yli:2907216	CDS	B:complement(729207..730172)	YALI2_B00593g; Deoxynucleotidyltransferase terminal-interacting protein 2
yli:2907217	CDS	B:730894..731835	YALI2_B00063g; Putative RING finger protein P8B7.23
yli:2907265	CDS	B:732641..733360	YALI2_B00064g; Transcriptional activator HAP5
yli:2907253	CDS	B:735468..736403	YALI2_B00065g; Mitochondrial dicarboxylate transporter
yli:2907454	CDS	B:complement(join(737089..737664,738199..738207))	YALI2_B00592g; Carboxypeptidase Y inhibitor
yli:2907496	CDS	B:739826..740917	YALI2_B00066g; ASTRA-associated protein 1
yli:2907064	CDS	B:complement(741176..742423)	YALI2_B00591g; SWI5-dependent HO expression protein 3
yli:2906742	tRNA	B:complement(join(743323..743358,743369..743405))	YALI2_B00008t; tRNA-Lys
yli:2906743	CDS	B:complement(744152..746371)	YALI2_B00590g; Condensin complex subunit 2
yli:2907327	CDS	B:747675..749438	YALI2_B00067g; N6-adenosine-methyltransferase IME4
yli:2906798	CDS	B:750066..752402	YALI2_B00068g; Cullin-3
yli:2906831	CDS	B:complement(join(752693..753195,753285..753429))	YALI2_B00589g; Hypothetical protein
yli:2906812	CDS	B:755105..756046	YALI2_B00069g; Glucan 1,3-beta-glucosidase BGL2
yli:7009395	CDS	B:757046..757690	YALI2_B00070g; Ubiquitin-conjugating enzyme E2 S
yli:2906610	tRNA	B:join(757970..758006,758027..758062)	YALI2_B00009t; tRNA-Lys
yli:2906611	CDS	B:complement(758673..759884)	YALI2_B00588g; Ribonucleoside-diphosphate reductase small chain
yli:2907041	CDS	B:763246..763992	YALI2_B00071g; Protein ROT1
yli:2907579	tRNA	B:join(764987..765022,765038..765073)	YALI2_B00010t; tRNA-Pro
yli:2907580	CDS	B:complement(join(765782..771405,771450..771459))	YALI2_B00587g; E3 ubiquitin-protein ligase ubr11
yli:2906890	tRNA	B:complement(772734..772805)	YALI2_B00011t; tRNA-Met
yli:2907007	CDS	B:complement(773252..775276)	YALI2_B00586g; CAP1-binding-protein
yli:2907010	CDS	B:776920..777762	YALI2_B00072g; rRNA biogenesis protein RRP36
yli:2907102	tRNA	B:complement(join(779188..779223,779235..779271))	YALI2_B00012t; tRNA-Lys
yli:2907115	tRNA	B:complement(join(781389..781424,781443..781480))	YALI2_B00013t; tRNA-Ile
yli:2907105	CDS	B:782196..782759	YALI2_B00073g; Peptide methionine sulfoxide reductase MsrA
yli:2907106	CDS	B:complement(782851..784020)	YALI2_B00585g; Hypothetical protein
yli:2907116	CDS	B:complement(785114..787705)	YALI2_B00584g; Nuclease domain-containing protein 1
yli:2907185	CDS	B:join(789155..789285,789718..789739,790059..791435)	YALI2_B00074g; ATP synthase subunit beta
yli:2907206	CDS	B:complement(791675..793087)	YALI2_B00583g; Putative transporter MCH4
yli:2907438	CDS	B:join(794891..794912,794968..795626)	YALI2_B00075g; Vesicle-associated membrane protein
yli:2907371	CDS	B:complement(join(795836..796687,796746..796766))	YALI2_B00582g; IST1
yli:2906618	CDS	B:798222..799919	YALI2_B00076g; Vacuolar protein sorting-associated protein 27
yli:2906619	CDS	B:complement(800234..801145)	YALI2_B00581g; Hypothetical protein
yli:2906867	CDS	B:802531..802980	YALI2_B00077g; Protein PBDC1
yli:2907052	CDS	B:complement(803842..804816)	YALI2_B00580g; Pre-rRNA-processing protein ESF2
yli:2906762	CDS	B:805032..806762	YALI2_B00078g; ATP-dependent ClpX-like chaperone
yli:2907184	CDS	B:complement(806968..809850)	YALI2_B00579g; Alanine--tRNA ligase
yli:2907479	CDS	B:813799..816015	YALI2_B00079g; Urea active transporter
yli:2907480	CDS	B:join(817491..817494,817805..818121)	YALI2_B00080g; 60S ribosomal protein eL42
yli:2907430	CDS	B:join(821862..821936,822082..822441)	YALI2_B00081g; AP-2 complex subunit sigma
yli:2907431	CDS	B:823936..825702	YALI2_B00082g; Serine/threonine-protein kinase CBK1
yli:2906755	CDS	B:complement(826495..829017)	YALI2_B00578g; Dual specificity protein phosphatase PPS1
yli:2906699	CDS	B:832609..834201	YALI2_B00083g; Inositol-3-phosphate synthase
yli:2906835	CDS	B:835931..839239	YALI2_B00084g; [NU+] prion formation protein 1
yli:2907251	CDS	B:841868..842749	YALI2_B00085g; uncharacterized protein
yli:2907466	CDS	B:complement(844124..847405)	YALI2_B00577g; Vacuolar cation-chloride cotransporter 1
yli:2907467	CDS	B:complement(848306..849112)	YALI2_B00576g; Mannose-P-dolichol utilization defect 1 protein
yli:2907205	CDS	B:849876..851102	YALI2_B00086g; Protein TED1
yli:2906707	CDS	B:join(852266..852443,852665..853065)	YALI2_B00087g; SRP-independent targeting protein 3
yli:2906640	CDS	B:complement(853603..854217)	YALI2_B00575g; Kinetochore-associated protein NSL1
yli:2907488	CDS	B:join(855487..855830,856146..860244)	YALI2_B00088g; Ras GTPase-activating-like protein IQG1
yli:2907563	CDS	B:complement(862746..863186)	YALI2_B00574g; Putative transcriptional regulatory protein
yli:90949517	CDS	B:complement(863226..863735)	YALI2_B00573g; Hypothetical protein
yli:2906686	CDS	B:complement(875736..877211)	YALI2_B00572g; Cytosolic Fe-S cluster assembly factor NAR1
yli:2906710	CDS	B:complement(881526..884300)	YALI2_B00571g; Autophagy-related protein 11
yli:2907042	CDS	B:884955..885323	YALI2_B00089g; Hypothetical protein
yli:2907049	CDS	B:886724..889384	YALI2_B00090g; Oligopeptide transporter 2
yli:2906920	tRNA	B:892569..892639	YALI2_B00014t; tRNA-Gly
yli:7009396	rRNA	B:892649..892764	YALI2_B00062r; 5S ribosomal RNA
yli:2906921	CDS	B:complement(895564..897483)	YALI2_B00570g; Hypothetical protein
yli:2906947	tRNA	B:899642..899713	YALI2_B00015t; tRNA-Cys
yli:2906935	CDS	B:complement(901029..901502)	YALI2_B00569g; Ribonuclease P/MRP protein subunit POP5
yli:2906917	CDS	B:join(901699..901810,902246..903507)	YALI2_B00091g; Trimethylguanosine synthase
yli:2906918	CDS	B:complement(912622..913404)	YALI2_B00568g; Protein MTH1
yli:2907581	tRNA	B:921945..922018	YALI2_B00016t; tRNA-Val
yli:2907582	CDS	B:923369..924442	YALI2_B00092g; Serine/threonine-protein kinase ENV7
yli:90949482	CDS	B:join(925379..925412,925495..925554,925730..925834,926211..926266)	YALI2_B00093g; Protein transport protein yos1
yli:7009397	CDS	B:complement(join(926322..926390,927149..927295))	YALI2_B00567g; DNA-directed RNA polymerases I, II, and III subunit RPABC5
yli:2907549	CDS	B:927485..930082	YALI2_B00094g; U3 small nucleolar RNA-associated protein 17
yli:2907280	CDS	B:complement(join(930333..930453,930520..931412))	YALI2_B00566g; Pirin
yli:2907109	CDS	B:complement(932082..933815)	YALI2_B00565g; Acyl-CoA dehydrogenase family member 11
yli:2907434	CDS	B:936795..937340	YALI2_B00095g; Iron sulfur cluster assembly protein 1
yli:2909428	CDS	B:join(938898..939838,940001..941204)	YALI2_B00096g; Putative tubulin--tyrosine ligase PBY1
yli:2909429	CDS	B:complement(join(941346..942163,942537..942571,942616..942647))	YALI2_B00564g; Hypothetical protein
yli:2909430	CDS	B:complement(943285..943869)	YALI2_B00563g; N-alpha-acetyltransferase 30
yli:2909431	CDS	B:944220..947156	YALI2_B00097g; Transcription elongation factor SPT5
yli:2909432	CDS	B:complement(join(947479..949296,949608..949673))	YALI2_B00562g; Protein BZZ1
yli:2909433	CDS	B:join(951072..951078,951123..951487)	YALI2_B00098g; Nuclear transport factor 2
yli:2909263	CDS	B:954266..956308	YALI2_B00099g; Ubiquitin carboxyl-terminal hydrolase 16
yli:2909264	CDS	B:complement(join(956792..957060,957393..957453))	YALI2_B00561g; Non-histone chromosomal protein 6
yli:2909265	CDS	B:complement(960281..961468)	YALI2_B00560g; Oxysterol-binding protein 4
yli:2909266	CDS	B:963284..964990	YALI2_B00100g; Pre-mRNA-processing protein 45
yli:2909267	tRNA	B:complement(join(965269..965304,965323..965360))	YALI2_B00017t; tRNA-Ile
yli:90949491	CDS	B:965958..966176	YALI2_B00101g; uncharacterized protein
yli:2909268	CDS	B:966818..967687	YALI2_B00102g; Hypothetical protein
yli:2909269	CDS	B:complement(970958..971965)	YALI2_B00559g; Inorganic pyrophosphatase
yli:2909270	CDS	B:complement(973316..975679)	YALI2_B00558g; Hypothetical protein
yli:2909272	CDS	B:980237..982528	YALI2_B00103g; Transcriptional regulatory protein moc3
yli:2909273	CDS	B:complement(984364..985113)	YALI2_B00557g; Ribulose-phosphate 3-epimerase
yli:2909274	tRNA	B:join(986703..986741,986756..986791)	YALI2_B00018t; tRNA-Tyr
yli:2909275	CDS	B:988372..990183	YALI2_B00104g; Exocyst complex protein EXO70
yli:2910109	CDS	B:994265..994699	YALI2_B00105g; Hypothetical protein
yli:2910110	tRNA	B:complement(995797..995870)	YALI2_B00019t; tRNA-Val
yli:2910111	CDS	B:complement(998085..1000007)	YALI2_B00556g; Nuclear control of ATPase protein 2
yli:2910112	CDS	B:1008318..1008842	YALI2_B00106g; Non-classical export protein
yli:2910113	CDS	B:complement(1013482..1015608)	YALI2_B00555g; Endo-1,3(4)-beta-glucanase 1
yli:2910114	tRNA	B:1017102..1017183	YALI2_B00020t; tRNA-Ser
yli:2910115	CDS	B:complement(1017353..1019257)	YALI2_B00554g; Hypothetical protein
yli:2909574	CDS	B:complement(1024515..1026251)	YALI2_B00553g; Cytochrome P450 52A5
yli:2910116	CDS	B:1028222..1029382	YALI2_B00107g; DNA-(apurinic or apyrimidinic site) lyase 1
yli:2910117	CDS	B:complement(1030623..1031009)	YALI2_B00552g; Hypothetical protein
yli:2910119	CDS	B:join(1032811..1032825,1033562..1033789)	YALI2_B00108g; Hypothetical protein
yli:2910120	CDS	B:1039495..1040817	YALI2_B00109g; MFS transporter AsaE
yli:2910121	CDS	B:1041877..1043151	YALI2_B00110g; Metal tolerance protein 2
yli:2910122	CDS	B:1046969..1048495	YALI2_B00111g; Phosphatidate cytidylyltransferase
yli:2910123	tRNA	B:1049111..1049181	YALI2_B00021t; tRNA-Gly
yli:7009451	rRNA	B:1049190..1049305	YALI2_B00063r; 5S ribosomal RNA
yli:2910124	tRNA	B:1051663..1051736	YALI2_B00022t; tRNA-Ala
yli:2910125	CDS	B:complement(1062686..1064308)	YALI2_B00551g; Chromatin structure-remodeling complex subunit rsc7
yli:2909380	CDS	B:1069209..1069829	YALI2_B00112g; Transcriptional regulator NRG1
yli:2909381	CDS	B:1079833..1080927	YALI2_B00113g; Protein disulfide-isomerase erp38
yli:2909382	CDS	B:1081209..1081616	YALI2_B00114g; Hypothetical protein
yli:2909383	CDS	B:complement(1082172..1084055)	YALI2_B00550g; Putative protein slp1
yli:90949516	CDS	B:complement(join(1086803..1087174,1087879..1087881))	YALI2_B00549g; Hypothetical protein
yli:2909385	CDS	B:complement(join(1089113..1089131,1089996..1091206,1091964..1092086))	YALI2_B00548g; AP-2 complex subunit mu
yli:2909386	CDS	B:complement(1092438..1093193)	YALI2_B00547g; Cell division control protein 14
yli:2909387	CDS	B:complement(join(1093959..1094126,1094668..1095129))	YALI2_B00546g; Hypothetical protein
yli:2909389	CDS	B:complement(1095498..1096049)	YALI2_B00545g; Hypothetical protein
yli:2909390	CDS	B:complement(1097381..1099570)	YALI2_B00544g; Hypothetical protein
yli:2909506	CDS	B:complement(1100155..1101198)	YALI2_B00543g; Putative aryl-alcohol dehydrogenase
yli:2909507	CDS	B:complement(1102044..1103111)	YALI2_B00542g; Vacuolar protein sorting-associated protein VTA1
yli:2909508	CDS	B:1105099..1107294	YALI2_B00115g; Start control protein cdc10
yli:2909509	CDS	B:join(1107904..1108013,1108656..1112958)	YALI2_B00116g; UDP-glucose:glycoprotein glucosyltransferase
yli:2909510	tRNA	B:join(1113284..1113320,1113330..1113365)	YALI2_B00023t; tRNA-Lys
yli:2909512	CDS	B:complement(1114710..1116311)	YALI2_B00541g; tRNA pseudouridine synthase 1
yli:2909513	CDS	B:complement(1117236..1117805)	YALI2_B00540g; Dihydrofolate reductase
yli:2909514	CDS	B:1118032..1118568	YALI2_B00117g; DNA-directed RNA polymerase II subunit RPB4
yli:2909515	tRNA	B:complement(join(1118924..1118959,1118970..1119006))	YALI2_B00024t; tRNA-Lys
yli:2909516	CDS	B:complement(1119609..1121930)	YALI2_B00539g; Kinesin-like protein KlpA
yli:2909517	CDS	B:1122627..1123367	YALI2_B00118g; Ribosomal RNA-processing protein 15
yli:2909518	CDS	B:join(1124274..1124291,1124792..1125700)	YALI2_B00119g; Cytochrome c heme lyase
yli:2909519	CDS	B:complement(1128116..1130476)	YALI2_B00538g; Hypothetical protein
yli:2909521	CDS	B:complement(1131757..1132956)	YALI2_B00537g; Acid protease
yli:90949515	CDS	B:complement(1139637..1139939)	YALI2_B00536g; uncharacterized protein
yli:2909523	CDS	B:join(1144217..1144395,1144973..1145003)	YALI2_B00120g; Hypothetical protein
yli:2909524	tRNA	B:complement(join(1146490..1146525,1146542..1146579))	YALI2_B00025t; tRNA-Ile
yli:2909558	CDS	B:complement(1147157..1148587)	YALI2_B00535g; Galactokinase
yli:2909525	CDS	B:1149919..1151124	YALI2_B00121g; ER-derived vesicles protein ERV46
yli:2909526	tRNA	B:complement(join(1151724..1151759,1151775..1151810))	YALI2_B00026t; tRNA-Pro
yli:2909527	CDS	B:complement(1162743..1163939)	YALI2_B00534g; Hypothetical protein
yli:2909528	tRNA	B:join(1166993..1167031,1167045..1167080)	YALI2_B00027t; tRNA-Tyr
yli:2909529	CDS	B:complement(1169591..1170802)	YALI2_B00533g; Hypothetical protein
yli:2909530	tRNA	B:complement(join(1175486..1175529,1175544..1175581))	YALI2_B00028t; tRNA-Leu
yli:2909531	CDS	B:1177233..1180265	YALI2_B00122g; mRNA-decapping enzyme subunit 2
yli:2909533	CDS	B:complement(1182161..1182775)	YALI2_B00532g; Thymidylate kinase
yli:2909534	tRNA	B:1184042..1184115	YALI2_B00029t; tRNA-Ala
yli:2909536	CDS	B:complement(1188375..1189910)	YALI2_B00531g; PH domain-containing protein
yli:2909537	CDS	B:complement(1196480..1198048)	YALI2_B00530g; Hypothetical protein
yli:2909202	CDS	B:1200414..1201355	YALI2_B00123g; D-galacturonate reductase
yli:2909203	CDS	B:join(1203556..1203575,1203823..1203901,1204614..1205069)	YALI2_B00124g; GTP-binding protein rho2
yli:2909204	CDS	B:1206656..1208563	YALI2_B00125g; Hypothetical protein
yli:2909205	CDS	B:complement(1208641..1210128)	YALI2_B00529g; Putative transporter
yli:2909206	CDS	B:complement(1211390..1212124)	YALI2_B00528g; Ribosomal RNA-processing protein 7
yli:2909207	CDS	B:1213034..1214863	YALI2_B00126g; mRNA cap guanine-N7 methyltransferase
yli:2909208	tRNA	B:complement(join(1215536..1215570,1215586..1215622))	YALI2_B00030t; tRNA-Gln
yli:2909209	tRNA	B:complement(1215635..1215708)	YALI2_B00031t; tRNA-Val
yli:2909210	CDS	B:1217400..1218629	YALI2_B00127g; mitochondrial 37S ribosomal protein mS29
yli:7009453	rRNA	B:1221821..1221936	YALI2_B00064r; 5S ribosomal RNA
yli:2909212	CDS	B:1232106..1233095	YALI2_B00128g; C2H2 type master regulator of conidiophore development BrlA
yli:2909213	tRNA	B:1244733..1244806	YALI2_B00032t; tRNA-Ala
yli:2909214	CDS	B:1248363..1249484	YALI2_B00129g; Hypothetical protein
yli:2909716	CDS	B:complement(join(1251262..1251562,1252347..1252492))	YALI2_B00527g; Golgi apparatus membrane protein TVP18
yli:90949492	CDS	B:join(1256289..1256360,1256577..1256708)	YALI2_B00130g; Hypothetical protein
yli:90949493	CDS	B:join(1259849..1259952,1260466..1260541)	YALI2_B00131g; Tom6
yli:90949494	CDS	B:join(1261961..1262017,1262481..1262666)	YALI2_B00132g; Hypothetical protein
yli:2909718	CDS	B:complement(join(1265293..1266733,1267537..1267580))	YALI2_B00526g; Putative RNA-binding protein
yli:2909719	CDS	B:1267820..1269124	YALI2_B00133g; tRNA (guanine(10)-N2)-methyltransferase
yli:2909720	CDS	B:1269686..1273480	YALI2_B00134g; Transcription initiation factor TFIID subunit 2
yli:2909721	CDS	B:complement(1279298..1280413)	YALI2_B00525g; G1/S-specific cyclin CCN1
yli:2909723	CDS	B:complement(1289986..1291887)	YALI2_B00524g; Muscle M-line assembly protein unc-89
yli:2909724	CDS	B:1294178..1295821	YALI2_B00135g; Hypothetical protein
yli:2909725	CDS	B:complement(1296160..1297077)	YALI2_B00523g; Hypothetical protein
yli:2909726	CDS	B:1298003..1299121	YALI2_B00136g; Lysophosphatidylcholine acyltransferase
yli:2909727	CDS	B:1300666..1301973	YALI2_B00137g; Transcriptional coactivator HFI1/ADA1
yli:2909728	tRNA	B:join(1302395..1302432,1302447..1302490)	YALI2_B00033t; tRNA-Leu
yli:2909729	CDS	B:complement(1302778..1303275)	YALI2_B00522g; Zinc finger HIT domain-containing protein 2
yli:2909730	CDS	B:1303850..1304845	YALI2_B00138g; Hypothetical protein
yli:2909731	CDS	B:join(1306459..1306498,1306672..1307216)	YALI2_B00139g; Ras-related protein RABA4d
yli:2909732	CDS	B:1310851..1312827	YALI2_B00140g; Beta-glucan synthesis-associated protein KRE6
yli:2910050	tRNA	B:1313745..1313818	YALI2_B00034t; tRNA-Val
yli:2910052	CDS	B:1315422..1317224	YALI2_B00141g; PAN2-PAN3 deadenylation complex subunit PAN3
yli:2910053	tRNA	B:join(1317778..1317815,1317830..1317873)	YALI2_B00035t; tRNA-Leu
yli:2910054	CDS	B:complement(1318224..1319384)	YALI2_B00521g; 2-methyl-aconitate isomerase
yli:2910055	CDS	B:complement(1321339..1322445)	YALI2_B00520g; Formate dehydrogenase
yli:2910056	tRNA	B:complement(1323045..1323115)	YALI2_B00036t; tRNA-Gly
yli:2910057	CDS	B:complement(1324089..1324886)	YALI2_B00519g; Putative methyltransferase
yli:2910058	CDS	B:1326788..1328269	YALI2_B00142g; Hypothetical protein
yli:90949514	CDS	B:complement(1329211..1331067)	YALI2_B00518g; Siderophore iron transporter MirC
yli:2910061	CDS	B:complement(join(1333592..1335058,1335497..1335655))	YALI2_B00517g; Hypothetical protein
yli:2910062	CDS	B:join(1336922..1336979,1337664..1338514)	YALI2_B00143g; Mitochondrial GTP/GDP carrier protein 1
yli:2910063	CDS	B:1339471..1340403	YALI2_B00144g; Monoglyceride lipase
yli:2910064	CDS	B:complement(1341050..1342642)	YALI2_B00516g; Hypothetical protein
yli:2910065	CDS	B:complement(1344317..1345063)	YALI2_B00515g; Hypothetical protein
yli:2910066	CDS	B:join(1347895..1347924,1348504..1349052)	YALI2_B00145g; ADP-ribosylation factor 6
yli:2909733	CDS	B:complement(1349466..1350011)	YALI2_B00514g; Dynactin subunit 5
yli:2909734	CDS	B:1353555..1354244	YALI2_B00146g; Hypothetical protein
yli:2909735	CDS	B:1356773..1357657	YALI2_B00147g; Hypothetical protein
yli:2909736	CDS	B:complement(1357806..1358837)	YALI2_B00513g; Hypothetical protein
yli:2909737	CDS	B:1360040..1360693	YALI2_B00148g; Hypothetical protein
yli:2909738	CDS	B:complement(1360908..1362335)	YALI2_B00512g; Protein arginine N-methyltransferase 2
yli:2909739	CDS	B:1366270..1368573	YALI2_B00149g; SCF E3 ubiquitin ligase complex F-box protein GrrA
yli:2909741	CDS	B:join(1371799..1372257,1373880..1375604)	YALI2_B00150g; Transcriptional repressor OPI1
yli:2909742	CDS	B:1377047..1378987	YALI2_B00151g; Putative electron transfer flavoprotein-ubiquinone oxidoreductase
yli:2909743	CDS	B:complement(1379573..1381882)	YALI2_B00511g; Rho guanine nucleotide exchange factor scd1
yli:2909338	tRNA	B:1384747..1384819	YALI2_B00037t; tRNA-Arg
yli:2909339	CDS	B:complement(1387057..1389903)	YALI2_B00510g; Hypothetical protein
yli:90949513	CDS	B:complement(1392974..1396015)	YALI2_B00509g; Hypothetical protein
yli:2909342	CDS	B:complement(1399521..1400864)	YALI2_B00508g; Putative aspartic-type endopeptidase OpsB
yli:2909343	CDS	B:complement(1404207..1406060)	YALI2_B00507g; Crossover junction endonuclease MUS81
yli:90949512	CDS	B:complement(join(1406987..1407182,1407300..1407499))	YALI2_B00506g; Hypothetical protein
yli:2909344	tRNA	B:complement(1416318..1416399)	YALI2_B00038t; tRNA-Ser
yli:2909345	CDS	B:complement(1417777..1418322)	YALI2_B00505g; Hypothetical protein
yli:2909346	CDS	B:1427231..1428031	YALI2_B00152g; Hypothetical protein
yli:2909347	CDS	B:complement(1430592..1433378)	YALI2_B00504g; Putative ribonuclease
yli:2909348	CDS	B:1434161..1436830	YALI2_B00153g; Stress response protein NST1
yli:2909349	CDS	B:complement(1439013..1439879)	YALI2_B00503g; Hypothetical protein
yli:2909350	CDS	B:complement(1444181..1445266)	YALI2_B00502g; G1/S-specific cyclin CCN1
yli:2909351	CDS	B:1451026..1452564	YALI2_B00154g; Hypothetical protein
yli:2909352	CDS	B:1455049..1457595	YALI2_B00155g; Putative transcriptional regulatory protein
yli:2909353	CDS	B:complement(1457756..1458937)	YALI2_B00501g; Tyrosine--tRNA ligase, cytoplasmic
yli:2909354	CDS	B:complement(1463702..1464670)	YALI2_B00500g; Altered inheritance of mitochondria protein 32
yli:2909355	CDS	B:1468077..1468904	YALI2_B00156g; Hypothetical protein
yli:2909356	CDS	B:complement(join(1469207..1470276,1470535..1470541))	YALI2_B00499g; Obg-like ATPase 1
yli:2909403	CDS	B:join(1473129..1473161,1473247..1473414)	YALI2_B00157g; uncharacterized protein
yli:7009457	CDS	B:complement(join(1473740..1473828,1474010..1474126,1474177..1474183))	YALI2_B00498g; mitochondrial 54S ribosomal protein bL33m
yli:2909404	CDS	B:1474323..1476452	YALI2_B00158g; RINT1-like protein
yli:2909502	CDS	B:join(1478624..1478719,1478994..1482164)	YALI2_B00159g; Peroxisome biosynthesis protein PAS1
yli:2909405	CDS	B:1482702..1483517	YALI2_B00160g; Hypothetical protein
yli:2909406	CDS	B:1485735..1488089	YALI2_B00161g; RNA-binding protein MRN1
yli:2909407	CDS	B:complement(1488322..1489311)	YALI2_B00497g; Hypothetical protein
yli:2909408	CDS	B:1492971..1494407	YALI2_B00162g; AGC family protein serine/threonine kinase domain-containing protein
yli:2909409	CDS	B:complement(1494896..1496134)	YALI2_B00496g; Hypothetical protein
yli:2909410	CDS	B:complement(1497026..1498525)	YALI2_B00495g; Carboxylic acid transporter protein
yli:90949511	CDS	B:complement(1500218..1501528)	YALI2_B00494g; Hypothetical protein
yli:2909412	CDS	B:complement(1509956..1511491)	YALI2_B00493g; Putative thiamine biosynthetic bifunctional enzyme
yli:2909413	CDS	B:1525111..1526109	YALI2_B00163g; uncharacterized protein
yli:2909416	tRNA	B:1535028..1535101	YALI2_B00039t; tRNA-Val
yli:2909417	CDS	B:1539648..1541564	YALI2_B00164g; Peptidylprolyl isomerase domain and WD repeat-containing protein 1
yli:2909434	tRNA	B:complement(join(1541697..1541732,1541742..1541778))	YALI2_B00040t; tRNA-Lys
yli:90949510	CDS	B:complement(join(1546266..1547156,1547240..1550550,1550681..1552547))	YALI2_B00492g; Transposon TX1
yli:90949509	CDS	B:complement(1552610..1554754)	YALI2_B00491g; Hypothetical protein
yli:2909438	CDS	B:complement(1562486..1564699)	YALI2_B00490g; Urea active transporter
yli:2909439	CDS	B:join(1571100..1571108,1571252..1571584)	YALI2_B00165g; Putative prefoldin subunit 1
yli:2909440	CDS	B:complement(1572115..1572945)	YALI2_B00489g; Autophagy-related protein 27
yli:2909441	CDS	B:complement(1574175..1575140)	YALI2_B00488g; rRNA methyltransferase NOP1
yli:2909442	CDS	B:1581626..1582180	YALI2_B00166g; 60S ribosomal protein uL22
yli:2909443	CDS	B:join(1583840..1583843,1583897..1584072,1584508..1584612)	YALI2_B00167g; Hypothetical protein
yli:2909444	CDS	B:complement(1587908..1589041)	YALI2_B00487g; Hypothetical protein
yli:2909445	tRNA	B:join(1591055..1591092,1591111..1591146)	YALI2_B00041t; tRNA-Asn
yli:2909243	CDS	B:complement(1592809..1593402)	YALI2_B00486g; Hypothetical protein
yli:2909244	CDS	B:1594436..1595083	YALI2_B00168g; Vacuolar-sorting protein SNF7
yli:2909245	CDS	B:1596849..1597496	YALI2_B00169g; Elongation factor 1-gamma-A
yli:2909251	CDS	B:1603854..1605167	YALI2_B00170g; Hypothetical protein
yli:2909253	CDS	B:1606412..1607698	YALI2_B00171g; Hypothetical protein
yli:2909254	CDS	B:1608247..1609770	YALI2_B00172g; Ribosome assembly protein RRB1
yli:2909255	CDS	B:complement(1610115..1611971)	YALI2_B00485g; MFS siderochrome iron transporter C
yli:2909256	CDS	B:1614277..1618017	YALI2_B00173g; Hypothetical protein
yli:90949508	CDS	B:complement(join(1621026..1621200,1621353..1621452,1621497..1621707))	YALI2_B00484g; Hypothetical protein
yli:2909261	CDS	B:join(1624571..1624598,1625329..1630097)	YALI2_B00174g; Bud site selection protein 3
yli:2909744	CDS	B:join(1630485..1630489,1630690..1631647)	YALI2_B00175g; U2 snRNP component IST3
yli:2909745	CDS	B:complement(join(1632445..1636155,1636394..1637257))	YALI2_B00483g; Jumonji/ARID domain-containing protein 2
yli:2909746	CDS	B:complement(1638297..1639283)	YALI2_B00482g; Vacuolar morphogenesis protein 7
yli:2909747	CDS	B:1640242..1640808	YALI2_B00176g; Guanylate kinase
yli:2909748	CDS	B:join(1641481..1641524,1642253..1642631)	YALI2_B00177g; Respiratory supercomplex factor 1
yli:2909749	CDS	B:complement(1643286..1643726)	YALI2_B00481g; mitochondrial 54S ribosomal protein mL40
yli:2909750	CDS	B:complement(join(1644073..1645001,1645653..1645746))	YALI2_B00480g; Elongin-A
yli:90949495	CDS	B:1646720..1649710	YALI2_B00178g; LINE-1 retrotransposable element ORF2 protein
yli:2909751	CDS	B:1652955..1654691	YALI2_B00179g; Sugar transporter STL1
yli:2909752	CDS	B:1655166..1655423	YALI2_B00180g; Hypothetical protein
yli:2909753	CDS	B:complement(join(1658587..1663626,1663959..1664084,1664283..1664315,1664375..1664428))	YALI2_B00479g; DNA-directed RNA polymerase II subunit RPB1
yli:2909290	CDS	B:complement(join(1666092..1666661,1667236..1667274))	YALI2_B00478g; Superoxide dismutase [Mn]
yli:2909291	CDS	B:1668457..1671714	YALI2_B00181g; DNA excision repair protein CSB
yli:2909292	CDS	B:complement(1671998..1674712)	YALI2_B00477g; Dual specificity protein kinase YAK1
yli:2909293	CDS	B:1675575..1676096	YALI2_B00182g; Nuclear movement protein NudC
yli:2909294	CDS	B:complement(join(1676267..1680277,1680325..1680408))	YALI2_B00476g; Regulator of V-ATPase in vacuolar membrane protein 1
yli:2909295	CDS	B:join(1680781..1680791,1680960..1681308)	YALI2_B00183g; Mitochondrial protein
yli:2909296	CDS	B:complement(1681639..1683132)	YALI2_B00475g; L-aspartate decarboxylase dtxS4
yli:2909297	CDS	B:complement(1684408..1685511)	YALI2_B00474g; Peptidyl-prolyl cis-trans isomerase D
yli:2909298	CDS	B:complement(join(1686343..1687911,1689094..1689117))	YALI2_B00473g; Acyl-CoA dehydrogenase ApdG
yli:2909299	CDS	B:1691776..1692696	YALI2_B00184g; Integral membrane protein sed5
yli:2909300	CDS	B:join(1694078..1694087,1694513..1698948)	YALI2_B00185g; Meiotically up-regulated gene 65 protein
yli:2909301	CDS	B:complement(1699300..1701039)	YALI2_B00472g; Transcription factor atf1
yli:2909302	CDS	B:join(1704351..1704384,1705032..1706653)	YALI2_B00186g; Isocitrate lyase
yli:2909303	CDS	B:complement(1707811..1709442)	YALI2_B00471g; Putative transporter
yli:2909304	CDS	B:1712980..1714677	YALI2_B00187g; Glycerophosphocholine permease GIT4
yli:2910078	CDS	B:1719146..1720741	YALI2_B00188g; Glycerophosphodiester transporter GIT2
yli:2910079	CDS	B:complement(1722038..1723234)	YALI2_B00470g; Survival factor 1
yli:2910080	CDS	B:1729586..1731256	YALI2_B00189g; Phosphoenolpyruvate carboxykinase (ATP)
yli:2910081	CDS	B:1732909..1733844	YALI2_B00190g; Karyogamy protein KAR4
yli:2910082	CDS	B:complement(1734801..1735199)	YALI2_B00469g; Hypothetical protein
yli:2910083	CDS	B:1736285..1738087	YALI2_B00191g; Poly [ADP-ribose] polymerase
yli:2910084	CDS	B:1738893..1740773	YALI2_B00192g; Pre-rRNA-processing protein ESF1
yli:2910085	CDS	B:1741730..1743331	YALI2_B00193g; Putative MFS-type transporter
yli:2910086	tRNA	B:1743583..1743664	YALI2_B00042t; tRNA-Ser
yli:2910087	tRNA	B:join(1743804..1743840,1743851..1743886)	YALI2_B00043t; tRNA-Lys
yli:2910088	CDS	B:complement(1744090..1745469)	YALI2_B00468g; Hypothetical protein
yli:2910089	CDS	B:1746208..1747635	YALI2_B00194g; Hypothetical protein
yli:2910090	CDS	B:1749723..1751480	YALI2_B00195g; General amino-acid permease GAP2
yli:2910091	tRNA	B:1752601..1752674	YALI2_B00044t; tRNA-Ala
yli:90949507	CDS	B:complement(1753172..1757074)	YALI2_B00467g; LINE-1 retrotransposable element ORF2 protein
yli:90949506	CDS	B:complement(1757249..1758781)	YALI2_B00466g; Hypothetical protein
yli:2910092	CDS	B:1760547..1762220	YALI2_B00196g; Putative transporter SEO1
yli:2910093	CDS	B:complement(1762407..1764062)	YALI2_B00465g; Putative transporter SEO1
yli:2910094	CDS	B:join(1765417..1765419,1765467..1766336)	YALI2_B00197g; Putative proteasome subunit alpha type-6
yli:2910069	CDS	B:complement(join(1768233..1770137,1770450..1770488))	YALI2_B00464g; Heat shock protein SSC1
yli:2910067	CDS	B:1772382..1774478	YALI2_B00198g; 1-aminocyclopropane-1-carboxylate oxidase
yli:2910068	CDS	B:complement(join(1774643..1774833,1775387..1775405))	YALI2_B00463g; Cytochrome c oxidase copper chaperone
yli:90949496	CDS	B:join(1776158..1776475,1776712..1776954)	YALI2_B00199g; Hypothetical protein
yli:2910073	tRNA	B:complement(join(1777857..1777892,1777913..1777949))	YALI2_B00045t; tRNA-Lys
yli:2910074	CDS	B:complement(1778615..1780363)	YALI2_B00462g; Centromere protein I
yli:2910072	CDS	B:complement(1783519..1784751)	YALI2_B00461g; Phosphatidylinositol transfer protein CSR1
yli:2910075	CDS	B:complement(1787969..1788805)	YALI2_B00460g; uncharacterized protein
yli:2910076	CDS	B:complement(1791323..1792489)	YALI2_B00459g; Hypothetical protein
yli:2910077	tRNA	B:1793355..1793425	YALI2_B00046t; tRNA-Gly
yli:7009463	rRNA	B:1793434..1793549	YALI2_B00065r; 5S ribosomal RNA
yli:2909997	CDS	B:1795112..1796806	YALI2_B00200g; Hypothetical protein
yli:2909998	tRNA	B:1797062..1797133	YALI2_B00047t; tRNA-Thr
yli:2910002	tRNA	B:1797561..1797642	YALI2_B00048t; tRNA-Ser
yli:2910003	tRNA	B:complement(1798113..1798186)	YALI2_B00049t; tRNA-Ala
yli:2910000	tRNA	B:join(1798920..1798957,1798972..1799015)	YALI2_B00050t; tRNA-Leu
yli:2910001	tRNA	B:join(1800043..1800080,1800098..1800133)	YALI2_B00051t; tRNA-Ile
yli:2910006	CDS	B:complement(1801103..1802578)	YALI2_B00458g; Glutathione synthetase
yli:2910004	CDS	B:1802985..1804499	YALI2_B00201g; Bud site selection protein 22
yli:2910008	CDS	B:complement(1805803..1806576)	YALI2_B00457g; Glucose-induced degradation protein 4
yli:2910009	CDS	B:1809054..1810673	YALI2_B00202g; Putative guanosine-diphosphatase
yli:2910010	CDS	B:complement(1810914..1812515)	YALI2_B00456g; Putative metal chaperone YciC
yli:2910011	tRNA	B:join(1814659..1814696,1814715..1814758)	YALI2_B00052t; tRNA-Leu
yli:2909987	CDS	B:1816888..1818369	YALI2_B00203g; Carotenoid cleavage oxygenase
yli:2909985	CDS	B:join(1818793..1819008,1819073..1823539)	YALI2_B00204g; ATP-binding cassette transporter abc3
yli:2909986	CDS	B:join(1824148..1824271,1824525..1825045)	YALI2_B00205g; Protein ERP1
yli:2909989	CDS	B:1825464..1826654	YALI2_B00206g; Adenylyltransferase and sulfurtransferase UBA4
yli:2909988	CDS	B:complement(1826696..1828543)	YALI2_B00455g; Transcription factor tau 91 kDa subunit
yli:2909992	CDS	B:complement(join(1829094..1829731,1829988..1830018))	YALI2_B00454g; mitochondrial 54S ribosomal protein uL16m
yli:2909990	CDS	B:1830432..1831355	YALI2_B00207g; Translation initiation factor eIF-2B subunit alpha
yli:2909991	CDS	B:complement(1831543..1833369)	YALI2_B00453g; Hypothetical protein
yli:2909994	CDS	B:complement(1834098..1834997)	YALI2_B00452g; 2-methoxy-6-polyprenyl-1,4-benzoquinol methylase
yli:2909993	CDS	B:complement(1835533..1836447)	YALI2_B00451g; Protein CBP3
yli:2909995	CDS	B:1837591..1838196	YALI2_B00208g; Hypothetical protein
yli:2909996	CDS	B:join(1838889..1839849,1839994..1840173,1840299..1840305,1840406..1840424)	YALI2_B00209g; Hypothetical protein
yli:2909974	CDS	B:join(1845011..1847621,1847668..1848414,1848461..1849666,1849713..1850972,1851019..1854056)	YALI2_B00210g; Hypothetical protein
yli:90949505	CDS	B:complement(1854569..1858411)	YALI2_B00450g; LINE-1 retrotransposable element ORF2 protein
yli:90949504	CDS	B:complement(1858474..1860618)	YALI2_B00449g; Hypothetical protein
yli:2909556	CDS	B:complement(1860996..1863011)	YALI2_B00448g; Copper amine oxidase 1
yli:2909973	CDS	B:complement(1865513..1867906)	YALI2_B00447g; Putative zinc transporter MSC2
yli:2909977	CDS	B:complement(1868395..1869393)	YALI2_B00446g; Putative cytosolic iron-sulfur protein assembly protein 1
yli:2909976	CDS	B:1869933..1871357	YALI2_B00211g; Cytochrome c mitochondrial import factor CYC2
yli:2909978	CDS	B:1871602..1872714	YALI2_B00212g; Tryptophan--tRNA ligase
yli:2909979	CDS	B:complement(join(1872823..1873947,1874156..1874239))	YALI2_B00445g; Septin spn3
yli:2909980	CDS	B:1874702..1876612	YALI2_B00213g; Fizzy-related protein
yli:2909981	CDS	B:1882498..1885287	YALI2_B00214g; Oligopeptide transporter 2
yli:2909982	CDS	B:1887674..1888420	YALI2_B00215g; GrpE protein
yli:2909983	CDS	B:complement(1888695..1890032)	YALI2_B00444g; Phenylalanine--tRNA ligase
yli:2909984	CDS	B:1890751..1893216	YALI2_B00216g; Ribosome-releasing factor 2
yli:2909957	tRNA	B:complement(join(1893469..1893504,1893519..1893554))	YALI2_B00053t; tRNA-Trp
yli:2909958	CDS	B:join(1894732..1894837,1894931..1897692)	YALI2_B00217g; AP-2 complex subunit alpha-2
yli:2909959	CDS	B:1899522..1902446	YALI2_B00218g; Transcriptional activator ARO80
yli:2909960	CDS	B:complement(1903007..1905490)	YALI2_B00443g; Arabinolytic transcriptional activator AraR
yli:2909504	CDS	B:complement(1906627..1909701)	YALI2_B00442g; Peroxisomal biogenesis factor 6
yli:2909961	CDS	B:complement(join(1910418..1910862,1910930..1910964))	YALI2_B00441g; Putative membrane protein
yli:2909962	CDS	B:complement(join(1911326..1911607,1911655..1911705))	YALI2_B00440g; Mitochondrial import inner membrane translocase subunit TIM14
yli:2909963	CDS	B:complement(1912194..1913552)	YALI2_B00439g; Putative hexaprenyl pyrophosphate synthase
yli:2909964	CDS	B:1914551..1914877	YALI2_B00219g; Hypothetical protein
yli:2909965	CDS	B:1915450..1916253	YALI2_B00220g; Dehydrodolichyl diphosphate synthase complex subunit RER2
yli:2909966	CDS	B:1916904..1918703	YALI2_B00221g; Protein CASP
yli:7009466	rRNA	B:complement(1919919..1920034)	YALI2_B00066r; 5S ribosomal RNA
yli:2909418	tRNA	B:complement(join(1920746..1920780,1920790..1920826))	YALI2_B00054t; tRNA-Glu
yli:2909967	tRNA	B:complement(join(1921407..1921451,1921462..1921498))	YALI2_B00055t; tRNA-Ser
yli:2909968	tRNA	B:complement(join(1921570..1921604,1921622..1921657))	YALI2_B00056t; tRNA-Gly
yli:2909969	CDS	B:1922431..1922949	YALI2_B00222g; Hypothetical protein
yli:2909970	CDS	B:complement(1924013..1925698)	YALI2_B00438g; Signal recognition particle subunit SRP68
yli:2909971	CDS	B:1926491..1926826	YALI2_B00223g; Hypothetical protein
yli:2909972	CDS	B:1928580..1929968	YALI2_B00224g; Cysteine desulfurase
yli:2909946	CDS	B:1934169..1935731	YALI2_B00225g; C6 finger domain transcription factor NosA
yli:2909945	CDS	B:complement(1938559..1939488)	YALI2_B00437g; 6-phosphogluconolactonase-like protein 1
yli:7009467	CDS	B:complement(1944714..1945004)	YALI2_B00436g; Hypothetical protein
yli:2909948	CDS	B:1949584..1950033	YALI2_B00226g; Hypothetical protein
yli:2909949	CDS	B:join(1952615..1953634,1953886..1957686)	YALI2_B00227g; Structural maintenance of chromosomes protein 4
yli:2909947	CDS	B:join(1961896..1961918,1962043..1964803)	YALI2_B00228g; Transcriptional activator protein acu-15
yli:2909951	tRNA	B:complement(1966031..1966112)	YALI2_B00057t; tRNA-Ser
yli:2909950	CDS	B:join(1966618..1966650,1966779..1967594)	YALI2_B00229g; Putative mitochondrial carrier protein PET8
yli:2909954	CDS	B:complement(1968796..1969824)	YALI2_B00435g; Sister chromatid cohesion protein DCC1
yli:2909953	CDS	B:complement(1971698..1973431)	YALI2_B00434g; Hypothetical protein
yli:2909955	CDS	B:complement(1974208..1974636)	YALI2_B00433g; Hypothetical protein
yli:2909956	CDS	B:1977777..1978499	YALI2_B00230g; Hypothetical protein
yli:2909935	CDS	B:complement(1980911..1981663)	YALI2_B00432g; Proteasome subunit alpha type-3
yli:2909937	CDS	B:1982987..1984372	YALI2_B00231g; Hypothetical protein
yli:2909936	CDS	B:1984591..1987242	YALI2_B00232g; Pre-mRNA-splicing factor prp1
yli:2909940	CDS	B:complement(1988090..1988959)	YALI2_B00431g; Protein atp12
yli:2909938	tRNA	B:join(1989932..1989969,1989990..1990025)	YALI2_B00058t; tRNA-Ile
yli:2909939	tRNA	B:join(1990109..1990145,1990168..1990203)	YALI2_B00059t; tRNA-Phe
yli:7009468	rRNA	B:complement(1990747..1990862)	YALI2_B00067r; 5S ribosomal RNA
yli:2909942	CDS	B:1992524..1993129	YALI2_B00233g; Hypothetical protein
yli:2909943	CDS	B:1994332..1995336	YALI2_B00234g; Carboxylesterase NlhH
yli:2909941	CDS	B:complement(1995560..1996699)	YALI2_B00430g; Hypothetical protein
yli:2909944	CDS	B:complement(1997464..1998594)	YALI2_B00429g; Enoyl-[acyl-carrier-protein] reductase
yli:2909922	CDS	B:complement(1999980..2000585)	YALI2_B00428g; Protoplast secreted protein 2
yli:2909923	CDS	B:2002177..2003244	YALI2_B00235g; Protoplast secreted protein 2
yli:2909921	CDS	B:complement(2004273..2005892)	YALI2_B00427g; F-box protein
yli:2909925	CDS	B:2006532..2006885	YALI2_B00236g; Hypothetical protein
yli:2909924	CDS	B:complement(2008838..2010748)	YALI2_B00426g; Golgi apyrase
yli:2909928	CDS	B:complement(2014214..2014816)	YALI2_B00425g; Hypothetical protein
yli:2909926	CDS	B:2015772..2017568	YALI2_B00237g; Hypothetical protein
yli:2909931	CDS	B:2018878..2021916	YALI2_B00238g; Hypothetical protein
yli:2909929	CDS	B:2022972..2023370	YALI2_B00239g; Hypothetical protein
yli:2909930	CDS	B:2025553..2026503	YALI2_B00240g; Hypothetical protein
yli:2909933	CDS	B:complement(2026648..2027709)	YALI2_B00424g; Acid phosphatase
yli:2909932	CDS	B:complement(join(2029474..2029968,2030266..2030652))	YALI2_B00423g; Hypothetical protein
yli:2909892	CDS	B:2031155..2031979	YALI2_B00241g; 3-oxoacyl-[acyl-carrier-protein] reductase FabG
yli:2909893	CDS	B:2033579..2034496	YALI2_B00242g; OTU domain-containing protein 2
yli:2909894	tRNA	B:complement(join(2035337..2035371,2035387..2035423))	YALI2_B00060t; tRNA-Gln
yli:2909895	CDS	B:2037369..2040494	YALI2_B00243g; H(+)/Cl(-) exchange transporter 3
yli:90949503	CDS	B:complement(2042719..2042958)	YALI2_B00422g; Hypothetical protein
yli:2909896	CDS	B:join(2044086..2044287,2045210..2045229)	YALI2_B00244g; DNA-directed RNA polymerases I, II, and III subunit RPABC4
yli:2909897	CDS	B:complement(2046551..2047126)	YALI2_B00421g; Hypothetical protein
yli:2909898	CDS	B:complement(2050656..2052452)	YALI2_B00420g; Ubiquitin-like modifier-activating enzyme ATG7
yli:2909899	CDS	B:join(2054372..2054406,2055059..2055578)	YALI2_B00245g; Protein UPS1
yli:2909900	tRNA	B:join(2056872..2056908,2056923..2056957)	YALI2_B00061t; tRNA-Asp
yli:2909901	CDS	B:complement(2057635..2061042)	YALI2_B00419g; Hypothetical protein
yli:2909903	CDS	B:complement(2063514..2064530)	YALI2_B00418g; Putative NADPH-dependent methylglyoxal reductase GRP2
yli:2909904	CDS	B:join(2069246..2069825,2070053..2073882)	YALI2_B00246g; ZEB2-regulated ABC transporter 1
yli:2909905	CDS	B:complement(2074073..2075230)	YALI2_B00417g; Candidapepsin-8
yli:2909906	CDS	B:2077895..2078599	YALI2_B00247g; Copper transport protein CTR1
yli:2909877	CDS	B:2079462..2080277	YALI2_B00248g; GPN-loop GTPase 3
yli:2909878	CDS	B:complement(2080685..2081623)	YALI2_B00416g; Meiotic recombination protein rec14
yli:2909879	CDS	B:complement(2082092..2083525)	YALI2_B00415g; Bypass of stop codon protein 6
yli:2909880	CDS	B:2084777..2085097	YALI2_B00249g; Hypothetical protein
yli:90949502	CDS	B:complement(2085286..2085561)	YALI2_B00414g; uncharacterized protein
yli:2909881	CDS	B:2086332..2087186	YALI2_B00250g; S-formylglutathione hydrolase
yli:2909882	CDS	B:complement(2087258..2087974)	YALI2_B00413g; Methylthioribulose-1-phosphate dehydratase
yli:2909883	CDS	B:complement(2088827..2089597)	YALI2_B00412g; Putative electron transfer flavoprotein subunit beta
yli:2909884	CDS	B:2093367..2095319	YALI2_B00251g; Hypothetical protein
yli:2909885	tRNA	B:join(2095580..2095618,2095634..2095669)	YALI2_B00062t; tRNA-Tyr
yli:2909886	tRNA	B:complement(join(2095926..2095960,2095970..2096006))	YALI2_B00063t; tRNA-Glu
yli:2909887	tRNA	B:complement(join(2096311..2096346,2096366..2096403))	YALI2_B00064t; tRNA-Ile
yli:2909889	CDS	B:complement(join(2096705..2097565,2098110..2099309,2099357..2099398))	YALI2_B00411g; Putative carboxymethylenebutenolidase
yli:2909890	CDS	B:2100432..2102150	YALI2_B00252g; Glutathione hydrolase-like YwrD proenzyme
yli:2909891	CDS	B:2104627..2106165	YALI2_B00253g; Alkaline extracellular protease
yli:2909862	CDS	B:complement(join(2108035..2108814,2108929..2108931))	YALI2_B00410g; F-actin-capping protein subunit beta
yli:2909863	CDS	B:2109870..2113589	YALI2_B00254g; NPC intracellular cholesterol transporter 1-related protein 1
yli:2909864	CDS	B:2114976..2118839	YALI2_B00255g; Hypothetical protein
yli:2909866	CDS	B:complement(2120190..2122838)	YALI2_B00409g; Oligopeptide transporter 2
yli:7009472	rRNA	B:complement(2124146..2124261)	YALI2_B00068r; 5S ribosomal RNA
yli:2909867	tRNA	B:complement(join(2124270..2124304,2124314..2124350))	YALI2_B00065t; tRNA-Glu
yli:2909868	CDS	B:complement(2124698..2126020)	YALI2_B00408g; E3 ubiquitin-protein ligase itt1
yli:2909869	CDS	B:complement(2126543..2127778)	YALI2_B00407g; Hypothetical protein
yli:7009473	rRNA	B:2130478..2130593	YALI2_B00069r; 5S ribosomal RNA
yli:2909870	CDS	B:join(2134521..2134654,2134700..2137337)	YALI2_B00256g; ATP-dependent DNA helicase mph1
yli:2909871	CDS	B:2137938..2139011	YALI2_B00257g; Hypothetical protein
yli:2909872	CDS	B:2140304..2141458	YALI2_B00258g; Hypothetical protein
yli:2909873	CDS	B:complement(2141747..2143411)	YALI2_B00406g; Putative T-complex protein 1 subunit eta
yli:2909874	CDS	B:2144825..2145496	YALI2_B00259g; Disulfide-bond oxidoreductase YfcG
yli:2909875	CDS	B:complement(2145720..2146283)	YALI2_B00405g; Peroxisomal membrane associated protein 20
yli:2909876	CDS	B:complement(2146997..2148640)	YALI2_B00404g; Glycogenin-2
yli:2909853	CDS	B:complement(2151203..2152315)	YALI2_B00403g; Septin spn2
yli:2909851	CDS	B:2153028..2153588	YALI2_B00260g; mitochondrial 54S ribosomal protein bL32m
yli:2909852	CDS	B:2154055..2156223	YALI2_B00261g; THO complex subunit 1
yli:90949497	CDS	B:join(2158257..2158275,2158747..2159240)	YALI2_B00262g; Hypothetical protein
yli:2909858	CDS	B:complement(join(2160041..2164366,2164570..2164947))	YALI2_B00402g; Hypothetical protein
yli:90949498	CDS	B:2168452..2168691	YALI2_B00263g; Hypothetical protein
yli:2909860	CDS	B:complement(2172186..2172719)	YALI2_B00401g; Hypothetical protein
yli:2909839	CDS	B:2173764..2174285	YALI2_B00264g; Hypothetical protein
yli:90949501	CDS	B:complement(join(2174624..2174737,2174934..2175206))	YALI2_B00400g; Hypothetical protein
yli:2909840	CDS	B:2176449..2177501	YALI2_B00265g; Hypothetical protein
yli:2909838	CDS	B:2178519..2180801	YALI2_B00266g; Hypothetical protein
yli:2909842	CDS	B:2183293..2186379	YALI2_B00267g; Histidine protein kinase SLN1
yli:2909841	CDS	B:2188952..2190076	YALI2_B00268g; Flavohemoprotein
yli:2909845	CDS	B:2192097..2193668	YALI2_B00269g; Carboxylic acid transporter protein
yli:2909843	CDS	B:complement(2194535..2195821)	YALI2_B00399g; Hypothetical protein
yli:2909848	CDS	B:2196727..2197686	YALI2_B00270g; MEMO1 family protein
yli:2909846	CDS	B:complement(2198276..2200132)	YALI2_B00398g; ATP-dependent RNA helicase DED1
yli:2909847	CDS	B:join(2203173..2203277,2203536..2204969)	YALI2_B00271g; Sphingolipid C9-methyltransferase
yli:2909850	CDS	B:2205998..2207263	YALI2_B00272g; Hypothetical protein
yli:2909849	CDS	B:complement(join(2207594..2214528,2214972..2215419))	YALI2_B00397g; Hypothetical protein
yli:2909823	CDS	B:2219318..2220481	YALI2_B00273g; 60S ribosomal protein uL3
yli:7009474	rRNA	B:2221687..2221802	YALI2_B00070r; 5S ribosomal RNA
yli:2909824	CDS	B:join(2223694..2223697,2224624..2224630,2224937..2226323)	YALI2_B00274g; [Pyruvate dehydrogenase (acetyl-transferring)] kinase
yli:2909825	CDS	B:complement(2226715..2228226)	YALI2_B00396g; Carboxypeptidase Y
yli:2909826	CDS	B:complement(2229500..2230300)	YALI2_B00395g; Hypothetical protein
yli:2909827	CDS	B:2230899..2234915	YALI2_B00275g; DNA polymerase zeta catalytic subunit
yli:2909829	CDS	B:complement(2235574..2236620)	YALI2_B00394g; Replication factor C subunit 5
yli:2909830	tRNA	B:2237179..2237250	YALI2_B00066t; tRNA-Glu
yli:2909832	CDS	B:2240528..2243431	YALI2_B00276g; Fatty acyl-CoA synthetase and RNA processing-associated kinase 1
yli:2909833	CDS	B:complement(2245875..2246204)	YALI2_B00393g; Mitochondrial import inner membrane translocase subunit tim10
yli:7009475	CDS	B:complement(join(2246810..2247025,2247458..2247505))	YALI2_B00392g; Hypothetical protein
yli:2909834	CDS	B:complement(join(2248081..2250702,2250749..2250766))	YALI2_B00391g; Coatomer subunit beta'
yli:2909835	CDS	B:join(2251437..2251455,2251928..2252481)	YALI2_B00277g; Small COPII coat GTPase SAR1
yli:2909836	CDS	B:complement(2253156..2256509)	YALI2_B00390g; Ribosome biogenesis protein bms1
yli:2909837	CDS	B:2257159..2258520	YALI2_B00278g; RuvB-like helicase 1
yli:2909812	CDS	B:2259071..2260273	YALI2_B00279g; Eukaryotic translation initiation factor 3 subunit M
yli:2909813	CDS	B:complement(2261201..2261986)	YALI2_B00389g; Hypothetical protein
yli:2909811	CDS	B:2263909..2264649	YALI2_B00280g; Pyridoxal phosphate homeostasis protein
yli:2909816	CDS	B:complement(2264999..2267125)	YALI2_B00388g; Large subunit GTPase 1
yli:2909815	CDS	B:complement(2269645..2270364)	YALI2_B00387g; Glutathione-independent glyoxalase HSP31
yli:2909817	CDS	B:complement(2273082..2274971)	YALI2_B00386g; Hypothetical protein
yli:2909818	CDS	B:complement(2275694..2277667)	YALI2_B00385g; Hypothetical protein
yli:2909819	CDS	B:2278447..2281095	YALI2_B00281g; Meiotically up-regulated gene 87 protein
yli:2909820	CDS	B:complement(2281248..2282390)	YALI2_B00384g; Putative trans-sulfuration enzyme
yli:2909822	CDS	B:complement(join(2283555..2283800,2283957..2284328))	YALI2_B00383g; Hypothetical protein
yli:2909686	CDS	B:2286107..2288572	YALI2_B00282g; Hypothetical protein
yli:2909687	CDS	B:complement(2288730..2289809)	YALI2_B00382g; Sterol-4-alpha-carboxylate 3-dehydrogenase, decarboxylating
yli:2909688	CDS	B:2290779..2291777	YALI2_B00283g; Protein BIG1
yli:2909689	CDS	B:2292551..2293750	YALI2_B00284g; Protein ESC2
yli:2909690	CDS	B:complement(join(2295638..2299758,2300276..2300339))	YALI2_B00381g; Transcription factor tau subunit
yli:2909691	CDS	B:2301359..2302999	YALI2_B00285g; Hypothetical protein
yli:2909692	CDS	B:join(2303736..2304360,2304590..2304744,2304830..2304841)	YALI2_B00286g; Syntaxin PEP12
yli:2909694	CDS	B:join(2306654..2306739,2307148..2307841)	YALI2_B00287g; Protein-lysine N-methyltransferase EFM5
yli:2909695	CDS	B:2308498..2310201	YALI2_B00288g; Restriction of telomere capping protein 5
yli:2909696	CDS	B:complement(2311098..2312699)	YALI2_B00380g; MFS transporter PrlL
yli:2909697	CDS	B:complement(2315470..2317362)	YALI2_B00379g; Serine/threonine-protein kinase RIO1
yli:2909662	CDS	B:complement(2324458..2326104)	YALI2_B00378g; Protein LDB17
yli:2909660	CDS	B:2327827..2328597	YALI2_B00289g; Pre-mRNA-splicing factor CWC24
yli:2909661	CDS	B:complement(2329916..2331319)	YALI2_B00377g; Hypothetical protein
yli:2909664	CDS	B:complement(join(2332135..2332274,2332702..2332786))	YALI2_B00376g; Hypothetical protein
yli:2909663	CDS	B:join(2334293..2334302,2334611..2339037)	YALI2_B00290g; DNA-directed RNA polymerase III subunit RPC1
yli:2909667	CDS	B:2342355..2343188	YALI2_B00291g; Hypothetical protein
yli:2909665	CDS	B:complement(2344571..2346208)	YALI2_B00375g; MFS transporter PrlL
yli:2909501	CDS	B:2349853..2352363	YALI2_B00292g; Sexual differentiation process protein isp4
yli:2909669	CDS	B:2357587..2359296	YALI2_B00293g; Putative transporter
yli:2909668	CDS	B:complement(2360998..2362887)	YALI2_B00374g; Transcriptional regulator GZF3
yli:2909670	CDS	B:2365832..2367529	YALI2_B00294g; Mitochondrial division protein 1
yli:7009478	CDS	B:complement(join(2371945..2372536,2374933..2375090))	YALI2_B00373g; Reverse transcriptase
yli:2909671	CDS	B:complement(2376491..2377666)	YALI2_B00372g; Hypothetical protein
yli:2909672	CDS	B:2379585..2380772	YALI2_B00295g; Acyltransferase LovD
yli:2909555	CDS	B:complement(2381156..2383921)	YALI2_B00371g; Serine/threonine-protein kinase CLA4
yli:2909633	CDS	B:2389792..2391882	YALI2_B00296g; Copper amine oxidase 1
yli:7009479	rRNA	B:complement(2392321..2392436)	YALI2_B00071r; 5S ribosomal RNA
yli:2909635	tRNA	B:complement(2392445..2392515)	YALI2_B00067t; tRNA-Gly
yli:2909636	CDS	B:complement(2393418..2393618)	YALI2_B00370g; uncharacterized protein
yli:2909634	CDS	B:complement(join(2395136..2396340,2396406..2396475))	YALI2_B00369g; Set1 complex component swd1
yli:2909637	CDS	B:2403071..2405362	YALI2_B00297g; Hypothetical protein
yli:2909640	CDS	B:join(2406580..2406661,2406766..2411813)	YALI2_B00298g; Vacuolar protein sorting-associated protein 8
yli:2909641	CDS	B:complement(join(2412220..2413945,2414138..2414145))	YALI2_B00368g; TBC1 domain family member 5
yli:2909639	CDS	B:complement(2414648..2417179)	YALI2_B00367g; Activator of stress genes 1
yli:2909642	tRNA	B:complement(2418392..2418465)	YALI2_B00068t; tRNA-Val
yli:2909643	CDS	B:complement(2419302..2421467)	YALI2_B00366g; NAD-dependent protein deacetylase hst4
yli:2909622	CDS	B:join(2423306..2423308,2423428..2426337)	YALI2_B00299g; Imitation switch two complex protein 1
yli:2909621	CDS	B:complement(2426713..2427411)	YALI2_B00365g; FAD-linked sulfhydryl oxidase ERV2
yli:2909624	CDS	B:2428548..2429324	YALI2_B00300g; Type 2A phosphatase activator tip41
yli:2909625	CDS	B:complement(2429559..2430260)	YALI2_B00364g; Putative hydrolase
yli:2909623	CDS	B:complement(join(2431152..2435649,2435928..2436010))	YALI2_B00363g; 5'-3' exoribonuclease 1
yli:2909627	CDS	B:2437584..2438954	YALI2_B00301g; Nucleoporin NUP49/NSP49
yli:2909626	CDS	B:2439549..2440337	YALI2_B00302g; TPR repeat protein oca3
yli:2909630	CDS	B:complement(2440747..2441679)	YALI2_B00362g; Deoxycytidylate deaminase
yli:2909628	CDS	B:2442029..2443075	YALI2_B00303g; Bifunctional epoxide hydrolase 2
yli:2909629	CDS	B:2443460..2445859	YALI2_B00304g; Cleavage factor two protein 2
yli:2909632	CDS	B:2446520..2447065	YALI2_B00305g; Hypothetical protein
yli:2909631	CDS	B:complement(2447379..2449139)	YALI2_B00361g; Protein ssh4
yli:2909605	CDS	B:complement(2449670..2450458)	YALI2_B00360g; Glyoxylate pathway regulator
yli:2909606	CDS	B:2452262..2452918	YALI2_B00306g; Mediator of RNA polymerase II transcription subunit 20
yli:2909607	CDS	B:complement(2452952..2454157)	YALI2_B00359g; Equilibrative nucleoside transporter 1
yli:2909608	CDS	B:complement(2454715..2456943)	YALI2_B00358g; Dolichyl-phosphate-mannose--protein mannosyltransferase 2
yli:7009480	CDS	B:complement(2458820..2460892)	YALI2_B00357g; Spermatogenesis-associated protein 20
yli:2909609	CDS	B:complement(2461616..2463850)	YALI2_B00356g; Elongator complex protein 2
yli:2909610	CDS	B:complement(join(2464220..2465924,2466036..2466052))	YALI2_B00355g; Dihydroxy-acid dehydratase
yli:2909611	CDS	B:2467754..2470240	YALI2_B00307g; Hypothetical protein
yli:2909612	CDS	B:complement(2471101..2473599)	YALI2_B00354g; Pollen-specific leucine-rich repeat extensin-like protein 1
yli:2909613	CDS	B:complement(join(2476273..2477523,2477618..2479012))	YALI2_B00353g; Hypothetical protein
yli:2909614	CDS	B:complement(join(2480609..2480733,2481541..2481595,2481679..2481923,2481978..2482005))	YALI2_B00352g; Hypothetical protein
yli:2909615	CDS	B:2484502..2485638	YALI2_B00308g; Hypothetical protein
yli:2909616	CDS	B:complement(2486240..2486653)	YALI2_B00351g; Hypothetical protein
yli:2909617	CDS	B:2487923..2488993	YALI2_B00309g; Peptide-N(4)-(N-acetyl-beta-glucosaminyl)asparagine amidase
yli:90949499	CDS	B:2490091..2493252	YALI2_B00310g; ABC transporter G family member
yli:2909559	CDS	B:2499298..2500110	YALI2_B00311g; Glyoxylate pathway regulator
yli:2909620	CDS	B:2501660..2504071	YALI2_B00312g; ATP-dependent DNA helicase CHL1
yli:2909590	CDS	B:2505079..2506455	YALI2_B00313g; Carboxypeptidase Y
yli:2909591	CDS	B:complement(2508277..2508942)	YALI2_B00350g; Pre-mRNA-splicing factor CWC26
yli:2909592	CDS	B:complement(2509243..2510484)	YALI2_B00349g; Hypothetical protein
yli:2909593	CDS	B:2512045..2513268	YALI2_B00314g; Hypothetical protein
yli:2909594	CDS	B:2515657..2516808	YALI2_B00315g; Protein MSP1
yli:2909595	CDS	B:2517209..2517895	YALI2_B00316g; Hypothetical protein
yli:2909596	CDS	B:complement(2518117..2519553)	YALI2_B00348g; GPI-anchored wall transfer protein 1
yli:2909597	CDS	B:2520850..2521458	YALI2_B00317g; Protein SYM1
yli:2909598	CDS	B:complement(2521593..2522351)	YALI2_B00347g; Hypothetical protein
yli:2909505	CDS	B:complement(2525083..2527182)	YALI2_B00346g; Acyl-coenzyme A oxidase 3
yli:2909599	CDS	B:complement(2528814..2530010)	YALI2_B00345g; Hypothetical protein
yli:2909600	CDS	B:2530725..2534588	YALI2_B00318g; EH domain-containing and endocytosis protein 1
yli:2909601	CDS	B:complement(2534920..2535213)	YALI2_B00344g; Hypothetical protein
yli:2909602	CDS	B:2536030..2536908	YALI2_B00319g; Vesicular-fusion protein SEC17
yli:2909603	CDS	B:2539050..2542451	YALI2_B00320g; Carbamoyl-phosphate synthase arginine-specific large chain
yli:2909604	CDS	B:2544032..2545252	YALI2_B00321g; Ribonuclease T2-like
yli:2909575	CDS	B:2545753..2546901	YALI2_B00322g; MIOREX complex component 8
yli:2909576	CDS	B:2547146..2547457	YALI2_B00323g; Hypothetical protein
yli:2909577	CDS	B:complement(2547724..2548329)	YALI2_B00343g; H/ACA ribonucleoprotein complex subunit GAR1
yli:2909578	CDS	B:join(2548508..2548662,2548721..2552228)	YALI2_B00324g; RNA helicase aquarius
yli:2909579	CDS	B:join(2553759..2553891,2554161..2557603)	YALI2_B00325g; Pyruvate carboxylase
yli:2909580	CDS	B:2557882..2558592	YALI2_B00326g; Inner kinetochore subunit MCM21
yli:2909581	CDS	B:complement(2558743..2559921)	YALI2_B00342g; FIT family protein scs3
yli:2909582	CDS	B:join(2560260..2560358,2560433..2560816)	YALI2_B00327g; Mediator of RNA polymerase II transcription subunit 31
yli:2909583	CDS	B:complement(2560958..2562946)	YALI2_B00341g; Hypothetical protein
yli:2909584	CDS	B:2564228..2565133	YALI2_B00328g; Hypothetical protein
yli:2909585	CDS	B:2565601..2566986	YALI2_B00329g; Serine O-succinyltransferase
yli:2909586	CDS	B:2568462..2569361	YALI2_B00330g; Putative pyridoxal 5'-phosphate synthase subunit PDX1
yli:2909587	CDS	B:2569925..2570902	YALI2_B00331g; mitochondrial 37S ribosomal protein uS15m
yli:2909588	CDS	B:2571751..2572749	YALI2_B00332g; Hypothetical protein
yli:2909589	CDS	B:complement(2572879..2573835)	YALI2_B00340g; Serine/threonine-protein kinase csk1
yli:2909567	CDS	B:2573983..2575356	YALI2_B00333g; TBC1 domain family member 20
yli:2909566	CDS	B:complement(2575439..2579119)	YALI2_B00339g; Chitin synthase 3
yli:2909570	CDS	B:complement(2580360..2581412)	YALI2_B00338g; Hypothetical protein
yli:2909568	CDS	B:complement(2582202..2582999)	YALI2_B00337g; High mobility group protein 1
yli:2909569	CDS	B:2584384..2585589	YALI2_B00334g; elongation factor 1 gamma domain-containing protein
yli:90949500	CDS	B:2590203..2590457	YALI2_B00335g; Hypothetical protein
yli:90949461	rRNA	B:2593892..2594007	YALI2_B00072r; 5S ribosomal RNA
yli:90949462	rRNA	B:2605422..2607102	YALI2_B00073r; 18S ribosomal RNA
yli:90949463	rRNA	B:2607164..2613316	YALI2_B00074r; 26S ribosomal RNA
yli:90949464	rRNA	B:2614168..2615847	YALI2_B00075r; 18S ribosomal RNA
yli:90949465	rRNA	B:2615909..2622062	YALI2_B00076r; 26S ribosomal RNA
yli:90949466	rRNA	B:2622913..2624592	YALI2_B00077r; 18S ribosomal RNA
yli:90949467	rRNA	B:2624654..2630802	YALI2_B00078r; 26S ribosomal RNA
yli:90949468	rRNA	B:2631654..2633332	YALI2_B00079r; 18S ribosomal RNA
yli:90949469	rRNA	B:2633394..2639545	YALI2_B00080r; 26S ribosomal RNA
yli:90949470	rRNA	B:2640397..2642075	YALI2_B00081r; 18S ribosomal RNA
yli:90949471	rRNA	B:2642137..2648283	YALI2_B00082r; 26S ribosomal RNA
yli:90949472	rRNA	B:2649135..2650808	YALI2_B00083r; 18S ribosomal RNA
yli:90949473	rRNA	B:2650870..2657004	YALI2_B00084r; 26S ribosomal RNA
yli:90949474	rRNA	B:2657848..2659519	YALI2_B00085r; 18S ribosomal RNA
yli:90949475	rRNA	B:2659581..2665714	YALI2_B00086r; 26S ribosomal RNA
yli:90949476	rRNA	B:2666566..2668231	YALI2_B00087r; 18S ribosomal RNA
yli:90949477	rRNA	B:2668293..2674426	YALI2_B00088r; 26S ribosomal RNA
yli:90949478	rRNA	B:2675274..2676946	YALI2_B00089r; 18S ribosomal RNA
yli:90949479	rRNA	B:2677008..2683135	YALI2_B00090r; 26S ribosomal RNA
yli:90949480	rRNA	B:2683978..2685651	YALI2_B00091r; 18S ribosomal RNA
yli:90949481	rRNA	B:2685713..2691831	YALI2_B00092r; 26S ribosomal RNA
yli:90949483	rRNA	B:2692666..2694328	YALI2_B00093r; 18S ribosomal RNA
yli:90949484	rRNA	B:2694389..2700423	YALI2_B00094r; 26S ribosomal RNA
yli:90949485	rRNA	B:2701268..2702934	YALI2_B00095r; 18S ribosomal RNA
yli:90949486	rRNA	B:2702990..2708975	YALI2_B00096r; 26S ribosomal RNA
yli:90949487	rRNA	B:2709811..2711428	YALI2_B00097r; 18S ribosomal RNA
yli:90949488	rRNA	B:2711490..2714688	YALI2_B00098r; 26S ribosomal RNA
yli:90949489	rRNA	B:2718199..2719821	YALI2_B00099r; 18S ribosomal RNA
yli:90949490	rRNA	B:2719883..2722980	YALI2_B00100r; 26S ribosomal RNA
yli:90949524	CDS	C:1027..1959	YALI2_C00001g; ATP-dependent DNA helicase pfh1
yli:90949608	CDS	C:complement(join(2277..2377,2531..7920,8294..8344,8392..8483))	YALI2_C01212g; ATP-dependent DNA helicase RecQ
yli:7009483	rRNA	C:complement(19059..19174)	YALI2_C00001r; 5S ribosomal RNA
yli:2909401	CDS	C:22413..23612	YALI2_C00002g; Hypothetical protein
yli:90949607	CDS	C:complement(23633..25264)	YALI2_C01211g; Putative transporter
yli:2909190	CDS	C:complement(25879..27216)	YALI2_C01210g; AMSH-like protease sst2
yli:2909191	CDS	C:complement(29224..31728)	YALI2_C01209g; Putative O-acetyltransferase CAS1
yli:2909192	CDS	C:33848..36031	YALI2_C00003g; Putative acyltransferase
yli:2909193	CDS	C:36659..38095	YALI2_C00004g; Lipase 1
yli:2909194	CDS	C:complement(join(38271..40194,40660..40781))	YALI2_C01208g; Acetolactate synthase catalytic subunit
yli:2909195	CDS	C:complement(42439..43986)	YALI2_C01207g; Hypothetical protein
yli:2909196	CDS	C:44354..45139	YALI2_C00005g; Hypothetical protein
yli:2909197	CDS	C:complement(45275..46129)	YALI2_C01206g; Putative oxidoreductase
yli:2909198	CDS	C:47643..48881	YALI2_C00006g; Hypothetical protein
yli:2909199	CDS	C:complement(join(48956..53110,53242..53244))	YALI2_C01205g; Chromo domain-containing protein 1
yli:2909200	CDS	C:55031..56479	YALI2_C00007g; Hypothetical protein
yli:2909561	CDS	C:57311..58447	YALI2_C00008g; 3-isopropylmalate dehydrogenase
yli:2909201	CDS	C:61214..62716	YALI2_C00009g; SNF1 protein kinase subunit beta-2
yli:2909175	CDS	C:complement(64166..65893)	YALI2_C01204g; Dicarboxylic amino acid permease
yli:2909176	CDS	C:complement(70524..72341)	YALI2_C01203g; Oxidant-induced cell-cycle arrest protein 5
yli:2909174	CDS	C:complement(join(75820..80262,80393..81253))	YALI2_C01202g; Phospholipid-transporting ATPase DNF2
yli:2909179	tRNA	C:84028..84099	YALI2_C00001t; tRNA-Met
yli:2909177	CDS	C:84772..86709	YALI2_C00010g; Polyadenylate-binding protein, cytoplasmic and nuclear
yli:7009429	CDS	C:complement(join(87316..87486,87818..87937))	YALI2_C01201g; Hypothetical protein
yli:2909178	CDS	C:88086..88538	YALI2_C00011g; Ubiquitin-conjugating enzyme E2 13
yli:2909180	CDS	C:complement(join(90434..91029,91371..91395))	YALI2_C01200g; Nascent polypeptide-associated complex subunit alpha
yli:2909184	CDS	C:complement(91770..93449)	YALI2_C01199g; Putative transporter SEO1
yli:2909182	CDS	C:94916..95734	YALI2_C00012g; Hypothetical protein
yli:90949606	CDS	C:complement(98139..98375)	YALI2_C01198g; Hypothetical protein
yli:2909183	CDS	C:complement(100379..102193)	YALI2_C01197g; Cell division control protein 18
yli:2909186	CDS	C:complement(join(105837..105853,106383..106560))	YALI2_C01196g; Hypothetical protein
yli:2909185	CDS	C:107065..107295	YALI2_C00013g; DASH complex subunit DAD4
yli:2909166	CDS	C:110756..113317	YALI2_C00014g; Na(+)/H(+) antiporter
yli:90949525	CDS	C:114440..116584	YALI2_C00015g; Hypothetical protein
yli:90949526	CDS	C:116647..120489	YALI2_C00016g; LINE-1 retrotransposable element ORF2 protein
yli:2909167	CDS	C:121630..123171	YALI2_C00017g; Hypothetical protein
yli:2909165	CDS	C:124790..126115	YALI2_C00018g; Carboxypeptidase Y
yli:2909168	CDS	C:127970..129385	YALI2_C00019g; MFS transporter AsaE
yli:2909170	CDS	C:130234..131769	YALI2_C00020g; Quinidine resistance protein 1
yli:2909171	CDS	C:complement(131852..133432)	YALI2_C01195g; Hypothetical protein
yli:2909169	CDS	C:141149..142987	YALI2_C00021g; Serine/threonine-protein kinase hal4
yli:2909173	CDS	C:complement(144380..147118)	YALI2_C01194g; U3 small nucleolar RNA-associated protein 12
yli:2909172	CDS	C:complement(147556..149580)	YALI2_C01193g; E3 ubiquitin-protein ligase HEL2
yli:2909150	CDS	C:151411..153318	YALI2_C00022g; Putative sphingomyelin phosphodiesterase asm-3
yli:2909151	CDS	C:155235..155678	YALI2_C00023g; Hypothetical protein
yli:2909503	CDS	C:complement(156842..157906)	YALI2_C01192g; Peroxisome biogenesis factor 10
yli:2909152	CDS	C:159630..163310	YALI2_C00024g; Hypothetical protein
yli:2909153	CDS	C:complement(164390..165394)	YALI2_C01191g; Hypothetical protein
yli:2909154	CDS	C:166424..166855	YALI2_C00025g; Hypothetical protein
yli:2909155	CDS	C:complement(167607..168293)	YALI2_C01190g; Riboflavin synthase
yli:2909156	CDS	C:169796..172765	YALI2_C00026g; Vacuolar membrane protease
yli:2909157	CDS	C:complement(173091..173963)	YALI2_C01189g; Hypothetical protein
yli:2909158	CDS	C:175935..176759	YALI2_C00027g; Hypothetical protein
yli:2909159	CDS	C:complement(182786..183646)	YALI2_C01188g; Hypothetical protein
yli:2909160	CDS	C:complement(187680..188366)	YALI2_C01187g; Ankyrin repeat-containing protein
yli:2909161	CDS	C:complement(join(191651..195232,195531..195656))	YALI2_C01186g; Nuclear protein STH1/NPS1
yli:2909163	CDS	C:196343..197023	YALI2_C00028g; Putative tRNA 2'-phosphotransferase
yli:2909164	CDS	C:join(197372..197446,197655..198044)	YALI2_C00029g; Hypothetical protein
yli:2909120	CDS	C:complement(198173..198910)	YALI2_C01185g; Protein IMPACT
yli:2909119	CDS	C:201197..203434	YALI2_C00030g; Hypothetical protein
yli:2909123	CDS	C:join(203891..203915,203966..204885)	YALI2_C00031g; U box-containing protein 1
yli:2909121	CDS	C:complement(join(204943..210687,211087..211104))	YALI2_C01184g; 1,3-beta-glucan synthase component bgs2
yli:2909122	CDS	C:212820..213641	YALI2_C00032g; Glucosamine-6-phosphate isomerase
yli:2909125	CDS	C:215622..216860	YALI2_C00033g; Hypothetical protein
yli:2909124	CDS	C:221571..224189	YALI2_C00034g; Forkhead protein sep1
yli:2909128	CDS	C:224891..226423	YALI2_C00035g; GPI mannosyltransferase 4
yli:2909129	CDS	C:complement(226554..227852)	YALI2_C01183g; Hypothetical protein
yli:2909126	tRNA	C:complement(join(228735..228769,228779..228815))	YALI2_C00002t; tRNA-Glu
yli:2909127	CDS	C:complement(229580..231436)	YALI2_C01182g; N-acetyltransferase eso1
yli:2909131	CDS	C:complement(join(233075..235443,235499..235502))	YALI2_C01181g; Exocyst complex component SEC10
yli:2909130	CDS	C:complement(236669..237868)	YALI2_C01180g; Hypothetical protein
yli:90949537	CDS	C:241093..243102	YALI2_C00036g; Beta-glucan synthesis-associated protein KRE6
yli:2909109	tRNA	C:244810..244883	YALI2_C00003t; tRNA-Ala
yli:2909110	CDS	C:complement(245949..249515)	YALI2_C01179g; Hypothetical protein
yli:2909112	CDS	C:complement(254256..255368)	YALI2_C01178g; Uroporphyrinogen decarboxylase
yli:2909111	CDS	C:256542..257852	YALI2_C00037g; Ribosome assembly protein SQT1
yli:2909114	CDS	C:260426..261019	YALI2_C00038g; Hypothetical protein
yli:2909115	CDS	C:complement(263967..265052)	YALI2_C01177g; Hypothetical protein
yli:2909113	tRNA	C:267022..267092	YALI2_C00004t; tRNA-Gly
yli:7009430	rRNA	C:267101..267216	YALI2_C00002r; 5S ribosomal RNA
yli:2909117	CDS	C:complement(267378..268379)	YALI2_C01176g; Hypothetical protein
yli:2909116	CDS	C:complement(269617..271206)	YALI2_C01175g; Methylmalonate-semialdehyde dehydrogenase [acylating]
yli:2909093	tRNA	C:complement(273149..273222)	YALI2_C00005t; tRNA-Ala
yli:2909094	CDS	C:complement(274018..274986)	YALI2_C01174g; Hypothetical protein
yli:2909095	CDS	C:complement(276349..277347)	YALI2_C01173g; Hypothetical protein
yli:2909097	CDS	C:complement(278952..280094)	YALI2_C01172g; Hypothetical protein
yli:2909098	CDS	C:complement(281809..284769)	YALI2_C01171g; Hypothetical protein
yli:2909099	tRNA	C:285842..285913	YALI2_C00006t; tRNA-Cys
yli:2909100	tRNA	C:286619..286690	YALI2_C00007t; tRNA-Cys
yli:2909101	CDS	C:complement(join(288124..299325,299599..299762,300293..300356))	YALI2_C01170g; Transcription-associated protein 1
yli:2909102	tRNA	C:complement(join(301038..301072,301082..301118))	YALI2_C00008t; tRNA-Glu
yli:2909103	tRNA	C:complement(join(301857..301892,301907..301942))	YALI2_C00009t; tRNA-Trp
yli:2909105	tRNA	C:complement(304407..304478)	YALI2_C00010t; tRNA-Cys
yli:2909106	CDS	C:complement(304984..306618)	YALI2_C01169g; Protein FMP42
yli:2909107	CDS	C:319855..320529	YALI2_C00039g; Hypothetical protein
yli:2909108	CDS	C:complement(337928..338320)	YALI2_C01168g; Hypothetical protein
yli:2909079	tRNA	C:complement(join(338733..338768,338777..338813))	YALI2_C00011t; tRNA-Val
yli:2909080	CDS	C:complement(339665..340798)	YALI2_C01167g; Arginine-hydroxylase NDUFAF5
yli:2909078	CDS	C:complement(342445..343446)	YALI2_C01166g; Hypothetical protein
yli:90949542	CDS	C:join(344022..344037,344283..345808)	YALI2_C00040g; Reverse transcriptase
yli:2909083	CDS	C:complement(347726..351718)	YALI2_C01165g; Putative ATP-dependent RNA helicase ucp12
yli:2909081	CDS	C:353175..353588	YALI2_C00041g; Basic helix-loop-helix transcription factor Yas1p
yli:2909082	CDS	C:356043..358337	YALI2_C00042g; Flavin carrier protein 2
yli:2909085	CDS	C:complement(358800..359744)	YALI2_C01164g; Mitochondrial carnitine carrier
yli:2909084	CDS	C:complement(join(362272..364351,365254..365279))	YALI2_C01163g; Hypothetical protein
yli:2909087	CDS	C:complement(366068..367753)	YALI2_C01162g; Putative Dol-P-Man:Man(7)GlcNAc(2)-PP-Dol alpha-1,6-mannosyltransferase
yli:2909086	CDS	C:complement(368686..369534)	YALI2_C01161g; Hypothetical protein
yli:2909089	CDS	C:complement(369943..371529)	YALI2_C01160g; Hypothetical protein
yli:2909090	CDS	C:373268..375163	YALI2_C00043g; MFS siderochrome iron transporter C
yli:2909088	CDS	C:complement(375456..376430)	YALI2_C01159g; Transcription initiation factor IIB
yli:2909067	CDS	C:377886..378584	YALI2_C00044g; Putative protein YpgQ
yli:2909091	CDS	C:complement(379265..379768)	YALI2_C01158g; Hypothetical protein
yli:2909092	CDS	C:385671..387332	YALI2_C00045g; Transcriptional regulatory protein TOD6
yli:2909069	CDS	C:complement(390335..391807)	YALI2_C01157g; ISWI one complex protein 4
yli:2909068	tRNA	C:join(393466..393502,393518..393552)	YALI2_C00012t; tRNA-Gln
yli:2909071	CDS	C:complement(393897..395642)	YALI2_C01156g; Ubiquitin carboxyl-terminal hydrolase 1
yli:90949605	CDS	C:complement(400659..400901)	YALI2_C01155g; uncharacterized protein
yli:2909072	tRNA	C:complement(401167..401240)	YALI2_C00013t; tRNA-Met
yli:2909070	CDS	C:complement(401634..402473)	YALI2_C01154g; Hypothetical protein
yli:2909074	CDS	C:403107..404735	YALI2_C00046g; Putative transporter
yli:2909075	CDS	C:complement(404863..405714)	YALI2_C01153g; Rhamnolipids biosynthesis 3-oxoacyl-[acyl-carrier-protein] reductase
yli:2909073	CDS	C:407031..407948	YALI2_C00047g; Hypothetical protein
yli:2909077	CDS	C:409681..411078	YALI2_C00048g; Nuclear envelope morphology protein 1
yli:2909076	CDS	C:complement(join(411342..411559,411749..411782))	YALI2_C01152g; Succinate dehydrogenase assembly factor 1
yli:2909052	CDS	C:complement(411848..412225)	YALI2_C01151g; Hypothetical protein
yli:2909053	CDS	C:join(413002..413020,413067..414022)	YALI2_C00049g; Hypothetical protein
yli:2909054	CDS	C:complement(414293..415141)	YALI2_C01150g; Protein BIG1
yli:2909055	CDS	C:complement(415695..417047)	YALI2_C01149g; Hypothetical protein
yli:2909056	CDS	C:421362..421976	YALI2_C00050g; Cell wall mannoprotein
yli:2909057	CDS	C:424716..425594	YALI2_C00051g; Peroxisomal 2,4-dienoyl-CoA reductase SPS19
yli:2909058	CDS	C:complement(425852..427342)	YALI2_C01148g; Potassium-activated aldehyde dehydrogenase
yli:2909059	CDS	C:429674..430513	YALI2_C00052g; Hypothetical protein
yli:2909060	CDS	C:complement(431338..432339)	YALI2_C01147g; Protein URE2
yli:2909061	CDS	C:434389..434796	YALI2_C00053g; Hypothetical protein
yli:2909062	tRNA	C:435247..435317	YALI2_C00014t; tRNA-Gly
yli:7009431	rRNA	C:435326..435441	YALI2_C00003r; 5S ribosomal RNA
yli:2909063	CDS	C:438114..441002	YALI2_C00054g; Hypothetical protein
yli:2909064	tRNA	C:442069..442142	YALI2_C00015t; tRNA-Ala
yli:2909065	CDS	C:complement(442819..444456)	YALI2_C01146g; Serine palmitoyltransferase 1
yli:2909066	CDS	C:complement(join(445988..446076,447118..447292))	YALI2_C01145g; NADH dehydrogenase [ubiquinone] 1 alpha subcomplex subunit 2
yli:2909277	CDS	C:448232..448636	YALI2_C00055g; Mitochondrial pyruvate carrier 3
yli:2909278	CDS	C:join(450361..450364,451279..452435)	YALI2_C00056g; Protein IVY1
yli:2909276	CDS	C:complement(453120..453641)	YALI2_C01144g; Hypothetical protein
yli:2909281	tRNA	C:join(454463..454500,454519..454562)	YALI2_C00016t; tRNA-Leu
yli:2909279	CDS	C:complement(455106..457064)	YALI2_C01143g; Transcription initiation factor TFIID subunit 12
yli:2909280	CDS	C:458274..459458	YALI2_C00057g; Obg-like ATPase 1
yli:2909284	CDS	C:complement(460127..461779)	YALI2_C01142g; WD repeat-containing protein slp1
yli:2909283	CDS	C:467236..469830	YALI2_C00058g; Protein phosphatase 2C
yli:90949604	CDS	C:complement(470145..471308)	YALI2_C01141g; 5'-AMP-activated protein kinase subunit gamma
yli:2909285	CDS	C:complement(473051..473500)	YALI2_C01140g; Heat shock protein 42
yli:2909288	CDS	C:475211..475690	YALI2_C00059g; 22.7 kDa class IV heat shock protein
yli:2909289	CDS	C:complement(477328..478824)	YALI2_C01139g; Putative WD repeat-containing protein
yli:2909287	CDS	C:complement(479499..480692)	YALI2_C01138g; Hypothetical protein
yli:2909907	CDS	C:complement(482213..483376)	YALI2_C01137g; Hypothetical protein
yli:2909908	CDS	C:complement(join(486667..487530,488110..488682))	YALI2_C01136g; Hypothetical protein
yli:2909909	CDS	C:complement(489753..491522)	YALI2_C01135g; Autophagy-related protein 22
yli:2909910	CDS	C:493526..494956	YALI2_C00060g; Hypothetical protein
yli:2909911	CDS	C:complement(495580..497220)	YALI2_C01134g; NEDD8-specific protease 2
yli:2909912	CDS	C:500134..502515	YALI2_C00061g; Glutamine--tRNA ligase
yli:2909913	CDS	C:complement(join(504089..504406,504896..504994))	YALI2_C01133g; Yippee-like protein
yli:2909914	CDS	C:508052..508942	YALI2_C00062g; Protein-lysine N-methyltransferase rrg1
yli:2909915	tRNA	C:509615..509686	YALI2_C00017t; tRNA-Thr
yli:2909916	CDS	C:complement(509810..511030)	YALI2_C01132g; Putative lipoate-protein ligase A
yli:2909917	CDS	C:511494..512351	YALI2_C00063g; Ribonuclease P protein subunit
yli:2909918	CDS	C:complement(513676..514086)	YALI2_C01131g; Hypothetical protein
yli:2909919	CDS	C:complement(join(515944..520731,521112..521423))	YALI2_C01130g; Proteasome component ECM29
yli:2909920	CDS	C:complement(522381..524435)	YALI2_C01129g; Nucleoporin nup61
yli:2909673	CDS	C:join(525025..525034,525322..525644)	YALI2_C00064g; 40S ribosomal protein S25-B
yli:2909674	CDS	C:complement(527894..528625)	YALI2_C01128g; Hypothetical protein
yli:90949560	CDS	C:528684..529898	YALI2_C00065g; uncharacterized protein
yli:2909675	CDS	C:join(532282..532343,532402..535804)	YALI2_C00066g; Hypothetical protein
yli:2909676	tRNA	C:complement(join(536048..536091,536110..536147))	YALI2_C00018t; tRNA-Leu
yli:2909677	CDS	C:complement(536528..536941)	YALI2_C01127g; Pre-mRNA-processing factor 19
yli:2909678	CDS	C:538317..539738	YALI2_C00067g; Mannan polymerase II complex ANP1 subunit
yli:2909679	CDS	C:541579..543048	YALI2_C00068g; Dimethyl-sulfide monooxygenase
yli:90949603	CDS	C:complement(544363..544632)	YALI2_C01126g; Hypothetical protein
yli:2909680	CDS	C:complement(545358..546650)	YALI2_C01125g; Hypothetical protein
yli:2909681	CDS	C:complement(547241..548950)	YALI2_C01124g; Transcription factor SPT20
yli:2909682	CDS	C:complement(549809..550510)	YALI2_C01123g; Peroxisomal membrane protein PMP30A
yli:2909683	CDS	C:complement(553363..554280)	YALI2_C01122g; Class E vacuolar protein-sorting machinery protein HSE1
yli:2909684	CDS	C:complement(join(554822..564595,564904..565059))	YALI2_C01121g; Putative GPI-anchored protein pfl2
yli:2909685	CDS	C:complement(join(568137..570088,570301..570322))	YALI2_C01120g; Serine/threonine-protein kinase YPK2/YKR2
yli:2909392	CDS	C:571678..574545	YALI2_C00069g; 1-phosphatidylinositol 4,5-bisphosphate phosphodiesterase 1
yli:2909395	CDS	C:complement(576962..578233)	YALI2_C01119g; Hypothetical protein
yli:2909393	CDS	C:579502..579840	YALI2_C00070g; Hypothetical protein
yli:2909394	CDS	C:complement(join(585511..585685,586235..586269))	YALI2_C01118g; Non-classical export protein 1
yli:2909397	CDS	C:complement(586863..588011)	YALI2_C01117g; Aspartic proteinase MKC7
yli:2909396	CDS	C:590317..592080	YALI2_C00071g; Hypothetical protein
yli:2909400	CDS	C:593496..594965	YALI2_C00072g; Hypothetical protein
yli:2909398	CDS	C:complement(595198..595986)	YALI2_C01116g; Ribosomal RNA-processing protein 17
yli:2909399	CDS	C:596633..597655	YALI2_C00073g; General transcription and DNA repair factor IIH subunit TFB4
yli:2909644	CDS	C:complement(599619..600005)	YALI2_C01115g; Hypothetical protein
yli:2909645	CDS	C:602661..604370	YALI2_C00074g; Manganese transporter pdt1
yli:2909646	CDS	C:605419..606717	YALI2_C00075g; Ornithine aminotransferase
yli:2909647	CDS	C:complement(606972..607757)	YALI2_C01114g; Hypothetical protein
yli:2909648	CDS	C:complement(610121..611761)	YALI2_C01113g; Cycloheximide resistance protein
yli:2909649	CDS	C:complement(613550..615133)	YALI2_C01112g; Transporter mfs1
yli:90949602	CDS	C:complement(join(616529..616837,616908..617072))	YALI2_C01111g; Hypothetical protein
yli:2909650	CDS	C:617740..618270	YALI2_C00076g; Hypothetical protein
yli:2909651	CDS	C:618742..620586	YALI2_C00077g; Ribosome quality control complex subunit 1
yli:2909652	CDS	C:complement(620758..621675)	YALI2_C01110g; Hypothetical protein
yli:2909653	CDS	C:complement(623229..625181)	YALI2_C01109g; Dual specificity protein kinase KNS1
yli:2909655	CDS	C:628253..630997	YALI2_C00078g; Eukaryotic translation initiation factor 4 gamma
yli:2909656	tRNA	C:complement(join(632305..632339,632355..632391))	YALI2_C00019t; tRNA-Gln
yli:90949561	CDS	C:633674..635485	YALI2_C00079g; Sugar transporter STL1
yli:2909659	CDS	C:636781..638526	YALI2_C00080g; Sugar transporter STL1
yli:2909540	tRNA	C:638876..638946	YALI2_C00020t; tRNA-Gly
yli:7009432	rRNA	C:638955..639070	YALI2_C00004r; 5S ribosomal RNA
yli:2909541	CDS	C:complement(join(639285..640385,641172..641234))	YALI2_C01108g; Septin spn3
yli:2909542	CDS	C:complement(642561..644345)	YALI2_C01107g; Putative membrane protein
yli:2909543	CDS	C:complement(645552..647258)	YALI2_C01106g; Intramembrane protease 2
yli:2909544	tRNA	C:complement(join(648597..648632,648643..648679))	YALI2_C00021t; tRNA-Lys
yli:2909545	CDS	C:651334..652158	YALI2_C00081g; Putative membrane protein
yli:90949527	tRNA	C:join(652904..652940,652967..653005)	YALI2_C00022t; tRNA-Leu
yli:2909546	CDS	C:complement(join(653523..653940,654413..654429))	YALI2_C01105g; Hypothetical protein
yli:2909547	CDS	C:655950..656432	YALI2_C00082g; Phosphorelay intermediate protein YPD1
yli:2909548	tRNA	C:complement(join(656961..656996,657016..657053))	YALI2_C00023t; tRNA-Ile
yli:2909549	tRNA	C:join(658017..658055,658069..658104)	YALI2_C00024t; tRNA-Tyr
yli:2909550	CDS	C:complement(658484..660364)	YALI2_C01104g; ATPase WRNIP1
yli:2909551	CDS	C:complement(661354..663138)	YALI2_C01103g; Transcriptional activator PtaB
yli:2909552	CDS	C:complement(join(665276..665571,666098..666134))	YALI2_C01102g; 60S ribosomal protein eL34
yli:2909553	CDS	C:complement(667426..667728)	YALI2_C01101g; Cytochrome C oxidase chaperone PET117
yli:2909554	CDS	C:669339..671201	YALI2_C00083g; PHO85 cyclin-6
yli:2909370	CDS	C:complement(join(674005..674211,674681..674683))	YALI2_C01100g; 40S ribosomal protein eS28
yli:2909557	CDS	C:677089..677979	YALI2_C00084g; ATP phosphoribosyltransferase
yli:2909369	tRNA	C:join(678847..678882,678899..678934)	YALI2_C00025t; tRNA-Trp
yli:2909373	CDS	C:complement(680949..682547)	YALI2_C01099g; Aromatic amino acid aminotransferase
yli:2909371	CDS	C:683922..684992	YALI2_C00085g; tRNA N6-adenosine threonylcarbamoyltransferase
yli:2909375	CDS	C:complement(685144..686109)	YALI2_C01098g; Hypothetical protein
yli:90949562	CDS	C:686846..687115	YALI2_C00086g; Hypothetical protein
yli:7009433	rRNA	C:687991..688106	YALI2_C00005r; 5S ribosomal RNA
yli:2909374	CDS	C:complement(690104..691456)	YALI2_C01097g; Protein RIK
yli:2909376	CDS	C:complement(699929..701377)	YALI2_C01096g; Transcription initiation factor TFIID subunit 6
yli:90949563	CDS	C:702260..702607	YALI2_C00087g; uncharacterized protein
yli:2909377	CDS	C:complement(703149..706073)	YALI2_C01095g; Pre-mRNA-processing ATP-dependent RNA helicase PRP5
yli:90949564	CDS	C:707248..708462	YALI2_C00088g; Hypothetical protein
yli:2910095	tRNA	C:join(708694..708731,708746..708789)	YALI2_C00026t; tRNA-Leu
yli:2910096	CDS	C:complement(709171..709488)	YALI2_C01094g; Glutaredoxin-2
yli:2910097	CDS	C:711628..713115	YALI2_C00089g; Protein lsb5
yli:7009434	CDS	C:complement(join(713283..713740,714259..714334))	YALI2_C01093g; Hypothetical protein
yli:2910098	CDS	C:complement(715729..717159)	YALI2_C01092g; CRAL-TRIO domain-containing protein
yli:2910099	CDS	C:complement(721488..721997)	YALI2_C01091g; Peptide methionine sulfoxide reductase B5
yli:7009435	rRNA	C:complement(722898..723013)	YALI2_C00006r; 5S ribosomal RNA
yli:2910100	CDS	C:complement(724244..725194)	YALI2_C01090g; U5 small nuclear ribonucleoprotein 40 kDa protein
yli:2910101	CDS	C:complement(join(725575..725865,726402..726408,726744..726850))	YALI2_C01089g; Golgi apparatus membrane protein tvp15
yli:2910102	CDS	C:728031..729485	YALI2_C00090g; Putative metalloprotease ARX1
yli:2910103	CDS	C:complement(join(731149..731283,731899..732015))	YALI2_C01088g; ATPase inhibitor
yli:2910104	CDS	C:join(734163..734334,735131..735705)	YALI2_C00091g; SAGA-associated factor 73
yli:2910105	CDS	C:complement(join(737516..738285,739098))	YALI2_C01087g; 14-3-3 protein 7
yli:2910106	CDS	C:complement(743107..743775)	YALI2_C01086g; Hypothetical protein
yli:2910107	CDS	C:750433..751869	YALI2_C00092g; Putative aminotransferase
yli:2910108	CDS	C:complement(752787..754001)	YALI2_C01085g; Hypothetical protein
yli:2909799	CDS	C:756684..757694	YALI2_C00093g; Putative mitochondrial phosphate carrier protein
yli:2909798	CDS	C:759402..760640	YALI2_C00094g; Peroxisomal membrane protein PEX13
yli:2909801	CDS	C:complement(761027..762445)	YALI2_C01084g; Hypothetical protein
yli:2909802	CDS	C:763852..765006	YALI2_C00095g; Chaperone protein DnaJ
yli:2909800	CDS	C:766194..766853	YALI2_C00096g; Hypothetical protein
yli:2909805	CDS	C:complement(767328..767669)	YALI2_C01083g; Hypothetical protein
yli:2909803	CDS	C:770633..772357	YALI2_C00097g; 4-coumarate--CoA ligase-like 2
yli:2909804	CDS	C:complement(773012..773596)	YALI2_C01082g; Hypothetical protein
yli:2909807	CDS	C:complement(774770..775726)	YALI2_C01081g; Protein-lysine N-methyltransferase EFM3
yli:2909806	CDS	C:778292..779740	YALI2_C00098g; Acyl-CoA desaturase
yli:2909808	CDS	C:781421..782419	YALI2_C00099g; Hypothetical protein
yli:2909809	CDS	C:786578..789466	YALI2_C00100g; Zinc finger protein
yli:2909810	CDS	C:complement(789777..790175)	YALI2_C01080g; Hypothetical protein
yli:2909233	CDS	C:complement(join(790669..791396,791490..791496))	YALI2_C01079g; Proteasome subunit alpha type-1
yli:2909232	CDS	C:792425..793726	YALI2_C00101g; Putative histone deacetylase HOS2
yli:2909236	CDS	C:796072..797763	YALI2_C00102g; 5-aminolevulinate synthase
yli:2909234	CDS	C:803785..805674	YALI2_C00103g; MFS siderochrome iron transporter C
yli:2909235	CDS	C:complement(808091..809158)	YALI2_C01078g; Peroxisomal adenine nucleotide transporter 1
yli:2909237	CDS	C:join(812311..812397,812805..812888,813416..813949)	YALI2_C00104g; Ubiquitin-conjugating enzyme E2-34 kDa
yli:90949601	CDS	C:complement(816213..816677)	YALI2_C01077g; Reverse transcriptase
yli:2909238	CDS	C:817287..818309	YALI2_C00105g; Putative NADP-dependent oxidoreductase YfmJ
yli:2909239	CDS	C:join(819585..819675,819788..820560)	YALI2_C00106g; Putative membrane protein
yli:2909240	CDS	C:complement(821211..822053)	YALI2_C01076g; Fe-S cluster assembly protein DRE2
yli:2909241	CDS	C:826135..826416	YALI2_C00107g; Hypothetical protein
yli:2909242	CDS	C:830733..831095	YALI2_C00108g; Hypothetical protein
yli:2909305	CDS	C:complement(831433..832899)	YALI2_C01075g; Protein SIS2
yli:2909306	CDS	C:complement(join(834221..835329,835525..835582))	YALI2_C01074g; Ethanolamine-phosphate cytidylyltransferase
yli:2909307	CDS	C:complement(836684..837472)	YALI2_C01073g; Putative protein YpgQ
yli:2909308	CDS	C:complement(838173..839801)	YALI2_C01072g; Vacuolar fusion protein MON1
yli:2909309	CDS	C:join(841877..841924,842071..843039)	YALI2_C00109g; Glyceraldehyde-3-phosphate dehydrogenase
yli:2909310	CDS	C:join(846603..849617,849663..863660)	YALI2_C00110g; Serine-rich adhesin for platelets
yli:2909312	CDS	C:866590..868137	YALI2_C00111g; High-affinity glucose transporter SNF3
yli:90949600	CDS	C:complement(868989..872780)	YALI2_C01071g; LINE-1 retrotransposable element ORF2 protein
yli:90949599	CDS	C:complement(872894..875038)	YALI2_C01070g; Hypothetical protein
yli:2909313	CDS	C:875622..877247	YALI2_C00112g; D-2-hydroxyglutarate--pyruvate transhydrogenase DLD2
yli:2909314	CDS	C:complement(join(879349..880852,881234..881361))	YALI2_C01069g; M-phase inducer phosphatase
yli:2909315	tRNA	C:889712..889785	YALI2_C00027t; tRNA-Ala
yli:2909316	CDS	C:complement(890003..891094)	YALI2_C01068g; Mannose-1-phosphate guanyltransferase
yli:2909317	CDS	C:complement(894309..895862)	YALI2_C01067g; Pantothenate transporter liz1
yli:2909318	CDS	C:complement(896296..896610)	YALI2_C01066g; Hypothetical protein
yli:2909319	CDS	C:join(898577..898579,899064..899116,899429..899470,900031..901729)	YALI2_C00113g; F-box protein
yli:2909320	CDS	C:complement(902088..904298)	YALI2_C01065g; Solute carrier family 28 member 3
yli:2909215	CDS	C:complement(908642..909157)	YALI2_C01064g; Hypothetical protein
yli:2909216	CDS	C:910285..911556	YALI2_C00114g; Hypothetical protein
yli:2909217	CDS	C:complement(join(911883..913238,913289..913414,913504..913611))	YALI2_C01063g; 1,3-beta-glucanosyltransferase GAS4
yli:2909218	tRNA	C:complement(join(914653..914687,914704..914740))	YALI2_C00028t; tRNA-Asp
yli:7009436	rRNA	C:complement(914969..915084)	YALI2_C00007r; 5S ribosomal RNA
yli:2909219	CDS	C:916230..917915	YALI2_C00115g; Hypothetical protein
yli:2909220	CDS	C:complement(918286..919170)	YALI2_C01062g; Kynurenine formamidase
yli:2909221	CDS	C:921817..922962	YALI2_C00116g; Hypothetical protein
yli:2909222	CDS	C:924238..925707	YALI2_C00117g; Fumarate hydratase
yli:2909223	CDS	C:complement(926057..928132)	YALI2_C01061g; 1,4-alpha-glucan-branching enzyme
yli:2909224	CDS	C:930272..931363	YALI2_C00118g; 60S ribosomal protein uL4
yli:7009437	CDS	C:complement(join(933645..934398,935826..935895,936416..936464))	YALI2_C01060g; Transcription factor of morphogenesis MCM1
yli:2909226	CDS	C:940892..941950	YALI2_C00119g; Hypothetical protein
yli:2909227	CDS	C:complement(join(943410..943868,944311..944325))	YALI2_C01059g; Eukaryotic translation initiation factor 5A
yli:2909228	CDS	C:946838..947344	YALI2_C00120g; Hypothetical protein
yli:2909229	CDS	C:complement(947626..949380)	YALI2_C01058g; 3-phytase A
yli:2909230	CDS	C:complement(join(950631..951722,952878..952892))	YALI2_C01057g; Phospho-2-dehydro-3-deoxyheptonate aldolase, tyrosine-inhibited
yli:2909231	CDS	C:join(955192..955206,955642..957057)	YALI2_C00121g; SAM50-like protein SPAC17C9.06
yli:2910038	CDS	C:complement(957938..958939)	YALI2_C01056g; Hypothetical protein
yli:2910039	CDS	C:959949..960464	YALI2_C00122g; Peptidyl-prolyl cis-trans isomerase cyp3
yli:2910040	CDS	C:962415..964244	YALI2_C00123g; Nuclear and cytoplasmic polyadenylated RNA-binding protein PUB1
yli:2910041	CDS	C:complement(965545..966021)	YALI2_C01055g; Hypothetical protein
yli:2910042	tRNA	C:join(967128..967165,967189..967232)	YALI2_C00029t; tRNA-Leu
yli:2910043	CDS	C:967700..969361	YALI2_C00124g; Imidazole glycerol phosphate synthase hisHF
yli:2910044	CDS	C:join(969842..971651,971739..973245,973322..973444,973521..975351)	YALI2_C00125g; Putative ATP-dependent helicase
yli:2910045	CDS	C:976224..978695	YALI2_C00126g; Hypothetical protein
yli:2910046	CDS	C:join(980832..980844,981626..983235)	YALI2_C00127g; MFS transporter AsaE
yli:2910047	tRNA	C:983580..983650	YALI2_C00030t; tRNA-Gly
yli:7009438	rRNA	C:983659..983774	YALI2_C00008r; 5S ribosomal RNA
yli:2910048	CDS	C:complement(984315..984836)	YALI2_C01054g; Hypothetical protein
yli:2910023	CDS	C:987517..988113	YALI2_C00128g; Hypothetical protein
yli:2910024	CDS	C:990479..991822	YALI2_C00129g; GCR1-dependent translation factor 1
yli:2910025	CDS	C:992656..994182	YALI2_C00130g; Putative cardiolipin-specific deacylase
yli:2910026	CDS	C:complement(994275..995852)	YALI2_C01053g; Pantothenate transporter liz1
yli:2910027	tRNA	C:join(996419..996456,996475..996518)	YALI2_C00031t; tRNA-Leu
yli:2910028	CDS	C:complement(997218..998024)	YALI2_C01052g; NADP-dependent 3-hydroxy acid dehydrogenase
yli:2910029	CDS	C:999422..1001170	YALI2_C00131g; DNA-(apurinic or apyrimidinic site) lyase 2
yli:2909402	CDS	C:complement(1003518..1006679)	YALI2_C01051g; Endocytosis protein end4
yli:2910030	CDS	C:join(1009214..1009247,1009530..1009828)	YALI2_C00132g; Eukaryotic translation initiation factor eIF-1
yli:2910031	CDS	C:complement(1010575..1012023)	YALI2_C01050g; Dimethyl-sulfide monooxygenase
yli:2910032	CDS	C:complement(1013087..1015945)	YALI2_C01049g; Putative PH domain-containing protein
yli:2910033	CDS	C:complement(1017201..1018454)	YALI2_C01048g; Arsenite resistance protein ArsB
yli:90949598	CDS	C:complement(1021009..1022250)	YALI2_C01047g; Arsenite resistance protein ArsB
yli:2910034	CDS	C:1030225..1031250	YALI2_C00133g; Hypothetical protein
yli:2910035	CDS	C:1035450..1035710	YALI2_C00134g; Hypothetical protein
yli:2910036	CDS	C:1038390..1039202	YALI2_C00135g; Hypothetical protein
yli:2910037	CDS	C:complement(1039566..1041356)	YALI2_C01046g; General amino acid permease AGP2
yli:2909772	CDS	C:complement(1043660..1045231)	YALI2_C01045g; RING finger protein ETP1
yli:2909773	CDS	C:complement(1045629..1047317)	YALI2_C01044g; Caffeine resistance protein 5
yli:2909774	CDS	C:complement(join(1048266..1049892,1049954..1050192))	YALI2_C01043g; Hypothetical protein
yli:2909776	CDS	C:complement(1050681..1052555)	YALI2_C01042g; Hypothetical protein
yli:2909777	CDS	C:1056510..1058297	YALI2_C00136g; Hypothetical protein
yli:2909778	CDS	C:complement(1061836..1064298)	YALI2_C01041g; Dilute domain-containing protein
yli:2909779	CDS	C:complement(1065182..1066090)	YALI2_C01040g; UPF0665 family protein
yli:2909780	CDS	C:complement(1066533..1067231)	YALI2_C01039g; mitochondrial 37S ribosomal protein uS17m
yli:2909781	CDS	C:1067845..1070574	YALI2_C00137g; Transport and Golgi organization protein 6
yli:2909783	CDS	C:1073574..1075688	YALI2_C00138g; Heat shock protein 90
yli:2909784	CDS	C:1079027..1082914	YALI2_C00139g; Protein transport protein sec73
yli:2909785	CDS	C:complement(join(1083164..1083298,1083537..1083728))	YALI2_C01038g; PHD finger-like domain-containing protein 5A
yli:2909480	CDS	C:join(1084482..1084499,1085255..1086175)	YALI2_C00140g; 66S preribosome component MAK16
yli:2909481	CDS	C:complement(1086718..1087824)	YALI2_C01037g; Formate dehydrogenase
yli:2909482	CDS	C:complement(1088715..1092173)	YALI2_C01036g; Chitin synthase regulatory factor 3
yli:2909483	CDS	C:complement(1096762..1097553)	YALI2_C01035g; Protein hob3
yli:2909484	CDS	C:1110556..1111632	YALI2_C00141g; Hypothetical protein
yli:2909485	CDS	C:complement(1118101..1118994)	YALI2_C01034g; Hypothetical protein
yli:2909486	CDS	C:complement(1119748..1121145)	YALI2_C01033g; Something about silencing protein 4
yli:2909487	CDS	C:join(1121542..1121574,1122231..1122420,1122541..1123013)	YALI2_C00142g; Protein cwh43
yli:2909488	CDS	C:complement(1123346..1124704)	YALI2_C01032g; Putative membrane protein
yli:90949565	CDS	C:1129102..1131246	YALI2_C00143g; Hypothetical protein
yli:90949566	CDS	C:1131309..1135151	YALI2_C00144g; LINE-1 retrotransposable element ORF2 protein
yli:90949567	CDS	C:1136949..1137176	YALI2_C00145g; uncharacterized protein
yli:2909491	CDS	C:complement(1140434..1141558)	YALI2_C01031g; Candidapepsin-1
yli:2909492	CDS	C:1145309..1146301	YALI2_C00146g; cAMP-dependent protein kinase type 2
yli:2909321	CDS	C:1156424..1158340	YALI2_C00147g; cAMP-independent regulatory protein pac2
yli:2909322	CDS	C:complement(join(1161434..1162698,1162752..1164912))	YALI2_C01030g; Hypothetical protein
yli:2909323	CDS	C:complement(1167134..1168279)	YALI2_C01029g; Protein ERD1 1
yli:2909324	CDS	C:1170319..1172346	YALI2_C00148g; Putative sphingomyelin phosphodiesterase asm-3
yli:2909325	CDS	C:complement(1172553..1173392)	YALI2_C01028g; Hypothetical protein
yli:2909326	CDS	C:complement(1174565..1176349)	YALI2_C01027g; Hypothetical protein
yli:2909327	CDS	C:1177115..1177810	YALI2_C00149g; Hypothetical protein
yli:2909328	CDS	C:join(1184212..1185871,1185952..1188296)	YALI2_C00150g; Cell wall protein DAN4
yli:90949597	CDS	C:complement(1188472..1188882)	YALI2_C01026g; Protein IMPACT-A
yli:2909329	CDS	C:1189677..1191086	YALI2_C00151g; Cell division control protein 1
yli:2909330	tRNA	C:join(1191458..1191494,1191511..1191545)	YALI2_C00032t; tRNA-Asp
yli:2909331	CDS	C:1192638..1193795	YALI2_C00152g; Candidapepsin-3
yli:2909332	CDS	C:complement(1194016..1195536)	YALI2_C01025g; MFS transporter PrlL
yli:2909333	CDS	C:complement(1197732..1199942)	YALI2_C01024g; Protein NNF2
yli:2909334	CDS	C:1201696..1202022	YALI2_C00153g; Hypothetical protein
yli:2909335	CDS	C:1204261..1205037	YALI2_C00154g; Protein vip1
yli:2909336	CDS	C:1206579..1207946	YALI2_C00155g; Putative RNA exonuclease NGL3
yli:2909337	CDS	C:1208360..1208728	YALI2_C00156g; Hypothetical protein
yli:2910012	CDS	C:complement(1208942..1210699)	YALI2_C01023g; ATP-dependent DNA helicase II subunit 1
yli:2910013	CDS	C:1211137..1211394	YALI2_C00157g; mitochondrial 54S ribosomal protein uL30m
yli:90949568	CDS	C:1212551..1212784	YALI2_C00158g; uncharacterized protein
yli:2910014	CDS	C:complement(join(1213032..1213549,1214111..1214369))	YALI2_C01022g; Hypothetical protein
yli:2910015	CDS	C:1215160..1218156	YALI2_C00159g; Tubulin-specific chaperone D
yli:2910016	CDS	C:complement(join(1218354..1218866,1219444..1219503))	YALI2_C01021g; Trafficking protein particle complex subunit BET3
yli:2910017	CDS	C:1220603..1221526	YALI2_C00160g; Putative 3-hydroxybutyryl-CoA dehydrogenase
yli:2910018	CDS	C:1221953..1222537	YALI2_C00161g; Hypothetical protein
yli:2910019	CDS	C:1223767..1224639	YALI2_C00162g; Hypothetical protein
yli:2910020	CDS	C:1225653..1227338	YALI2_C00163g; Eukaryotic translation initiation factor 2A
yli:2910021	CDS	C:complement(1227712..1228734)	YALI2_C01020g; Candidapepsin-2
yli:2910022	CDS	C:1231079..1231516	YALI2_C00164g; Hypothetical protein
yli:2909701	CDS	C:complement(1232078..1233562)	YALI2_C01019g; High-affinity glucose transporter SNF3
yli:2909702	CDS	C:complement(join(1235520..1239860,1239930..1240529))	YALI2_C01018g; Separin
yli:2909703	CDS	C:1243354..1243815	YALI2_C00165g; Hypothetical protein
yli:2909704	CDS	C:join(1244847..1244861,1245337..1247049)	YALI2_C00166g; Heat shock protein STI1
yli:7009441	rRNA	C:1248669..1248784	YALI2_C00009r; 5S ribosomal RNA
yli:2909705	CDS	C:complement(join(1251018..1252226,1252333..1252416))	YALI2_C01017g; Hypothetical protein
yli:2909706	CDS	C:join(1260977..1262138,1262193..1265335)	YALI2_C00167g; Glycoprotein gp2
yli:2909707	tRNA	C:1266711..1266781	YALI2_C00033t; tRNA-Gly
yli:7009442	rRNA	C:1266791..1266906	YALI2_C00010r; 5S ribosomal RNA
yli:2909708	tRNA	C:join(1267746..1267781,1267799..1267834)	YALI2_C00034t; tRNA-Arg
yli:2909709	CDS	C:complement(1268968..1269900)	YALI2_C01016g; D-galacturonate reductase
yli:2909710	CDS	C:complement(join(1270785..1272164,1272287..1272289))	YALI2_C01015g; Elongation factor 1-alpha
yli:2909711	CDS	C:1277458..1278156	YALI2_C00168g; Putative mannose 6-phosphate receptor-like protein
yli:2909712	CDS	C:1280474..1282768	YALI2_C00169g; Fork-head transcriptional regulator 2
yli:90949596	CDS	C:complement(1283022..1283474)	YALI2_C01014g; Hypothetical protein
yli:2909714	CDS	C:join(1286785..1286818,1287331..1287899)	YALI2_C00170g; 60S ribosomal protein uL13
yli:2909715	CDS	C:1292529..1294103	YALI2_C00171g; Protein STB3
yli:2909755	CDS	C:complement(1295591..1296307)	YALI2_C01013g; Hypothetical protein
yli:2909756	CDS	C:complement(join(1297233..1298027,1298990..1299004))	YALI2_C01012g; Hypothetical protein
yli:2909757	CDS	C:1302210..1303967	YALI2_C00172g; Acetate/butyrate--CoA ligase AAE7, peroxisomal
yli:90949569	CDS	C:1305722..1306609	YALI2_C00173g; Lysophospholipase 1
yli:2909760	CDS	C:complement(1306994..1308028)	YALI2_C01011g; Small glutamine-rich tetratricopeptide repeat-containing protein 2
yli:2909761	CDS	C:1308727..1309254	YALI2_C00174g; Cytochrome c oxidase assembly protein COX20
yli:2909762	CDS	C:1310655..1311398	YALI2_C00175g; Hypothetical protein
yli:2909763	CDS	C:1311830..1312603	YALI2_C00176g; Hypothetical protein
yli:7009443	rRNA	C:complement(1315051..1315166)	YALI2_C00011r; 5S ribosomal RNA
yli:2909764	tRNA	C:complement(1315176..1315246)	YALI2_C00035t; tRNA-Gly
yli:2909765	CDS	C:complement(1315739..1317319)	YALI2_C01010g; Ubiquitin carboxyl-terminal hydrolase 23
yli:2909766	CDS	C:1318740..1320674	YALI2_C00177g; NADPH-dependent diflavin oxidoreductase 1
yli:2909767	CDS	C:join(1324296..1324376,1324426..1325277)	YALI2_C00178g; Hypothetical protein
yli:2909768	CDS	C:join(1326723..1326831,1327731..1328341)	YALI2_C00179g; Peroxisomal membrane protein 4
yli:2909769	CDS	C:complement(1329657..1330820)	YALI2_C01009g; Putative HTH La-type RNA-binding protein
yli:2909770	CDS	C:1332154..1332570	YALI2_C00180g; Succinate dehydrogenase assembly factor 3
yli:2909771	CDS	C:1334154..1335137	YALI2_C00181g; Bifunctional protein GAL10
yli:2909786	CDS	C:complement(1336163..1336459)	YALI2_C01008g; Hypothetical protein
yli:2909787	CDS	C:1338243..1340867	YALI2_C00182g; Hypothetical protein
yli:2909788	CDS	C:1343549..1344415	YALI2_C00183g; Acetolactate synthase small subunit
yli:2909789	CDS	C:complement(1348261..1349031)	YALI2_C01007g; Ribonuclease H
yli:2909790	CDS	C:complement(1351818..1353365)	YALI2_C01006g; Putative glycosidase CRH1
yli:90949595	CDS	C:complement(1358348..1358734)	YALI2_C01005g; Hypothetical protein
yli:2909793	CDS	C:join(1360486..1360561,1361397..1361698)	YALI2_C00184g; Protein MMF1
yli:2909794	CDS	C:complement(1361847..1364111)	YALI2_C01004g; Spindle pole body component alp6
yli:2909795	CDS	C:complement(1370028..1372256)	YALI2_C01003g; Factor arrest protein 11
yli:2909796	CDS	C:1373220..1373576	YALI2_C00185g; Cytochrome c oxidase assembly protein COX16
yli:2909797	CDS	C:1377002..1378570	YALI2_C00186g; Vitamin H transporter 1
yli:2909446	CDS	C:complement(1380288..1380632)	YALI2_C01002g; Hypothetical protein
yli:2909447	CDS	C:complement(1382981..1384744)	YALI2_C01001g; General amino-acid permease GAP2
yli:2909448	CDS	C:complement(join(1386000..1389731,1389839..1389853))	YALI2_C01000g; Hypothetical protein
yli:2909449	CDS	C:join(1391788..1391820,1392108..1394387)	YALI2_C00187g; Hypothetical protein
yli:90949570	CDS	C:1396536..1396904	YALI2_C00188g; Hypothetical protein
yli:2909452	CDS	C:1397003..1397533	YALI2_C00189g; Peptidyl-prolyl cis-trans isomerase
yli:2909453	CDS	C:1405301..1406890	YALI2_C00190g; Bifunctional transcriptional activator/DNA repair enzyme Ada
yli:2909454	CDS	C:complement(1413962..1415932)	YALI2_C00999g; Putative MutL protein 1
yli:2909455	CDS	C:complement(1417074..1418639)	YALI2_C00998g; Cytochrome P450 52A3-B
yli:2909456	CDS	C:1420634..1422223	YALI2_C00191g; Hypothetical protein
yli:2909457	CDS	C:complement(join(1424419..1424967,1425857..1425892))	YALI2_C00997g; Vacuolar protein-sorting-associated protein 46
yli:2909458	CDS	C:1426550..1427254	YALI2_C00192g; Hypothetical protein
yli:7009445	CDS	C:1430955..1432190	YALI2_C00193g; Putative aspartic-type endopeptidase OpsB
yli:2909459	CDS	C:complement(1433579..1435384)	YALI2_C00996g; Hypothetical protein
yli:2909460	tRNA	C:join(1437084..1437119,1437160..1437194)	YALI2_C00036t; tRNA-Pro
yli:2909461	CDS	C:1444977..1446314	YALI2_C00194g; Hypothetical protein
yli:7009446	rRNA	C:1448336..1448451	YALI2_C00012r; 5S ribosomal RNA
yli:2909462	CDS	C:1453125..1453616	YALI2_C00195g; Peptidyl-prolyl cis-trans isomerase
yli:2909463	CDS	C:complement(1455616..1457835)	YALI2_C00995g; Vacuolar transporter chaperone 2
yli:90949571	CDS	C:join(1459674..1459703,1459757..1459828,1460325..1460453)	YALI2_C00196g; Sm protein G
yli:2909465	CDS	C:complement(join(1465353..1467844,1469332..1469335))	YALI2_C00994g; High affinity potassium transporter
yli:90949572	CDS	C:1473045..1473491	YALI2_C00197g; Hypothetical protein
yli:2909467	tRNA	C:join(1473915..1473950,1473965..1474000)	YALI2_C00037t; tRNA-Pro
yli:7009448	rRNA	C:complement(1477182..1477297)	YALI2_C00013r; 5S ribosomal RNA
yli:2909468	tRNA	C:complement(1477307..1477377)	YALI2_C00038t; tRNA-Gly
yli:2909469	CDS	C:complement(1477965..1479098)	YALI2_C00993g; Hypothetical protein
yli:2909470	CDS	C:1482019..1484160	YALI2_C00198g; Hypothetical protein
yli:2909471	CDS	C:complement(1484867..1485616)	YALI2_C00992g; Transcription initiation factor IIA large subunit
yli:2909472	CDS	C:1486863..1488344	YALI2_C00199g; Vacuolar aminopeptidase 1
yli:2909473	CDS	C:complement(1488507..1490018)	YALI2_C00991g; Cyclin pch1
yli:90949573	CDS	C:join(1492438..1493040,1493088..1493579)	YALI2_C00200g; Alpha-glucosides permease MPH3
yli:2909477	CDS	C:complement(1495545..1496693)	YALI2_C00990g; Trimethyllysine dioxygenase
yli:2909478	CDS	C:1501342..1502403	YALI2_C00201g; Hypothetical protein
yli:7009449	rRNA	C:1503208..1503323	YALI2_C00014r; 5S ribosomal RNA
yli:2909357	CDS	C:complement(join(1503535..1510607,1511543..1513097))	YALI2_C00989g; Pre-mRNA-processing-splicing factor 8
yli:2909358	CDS	C:complement(1514262..1515881)	YALI2_C00988g; Anaphase-promoting complex subunit 8
yli:2909359	CDS	C:1516842..1517909	YALI2_C00202g; Hypothetical protein
yli:2909360	CDS	C:complement(1517957..1518715)	YALI2_C00987g; MIOREX complex component 11
yli:2909361	CDS	C:join(1520063..1520704,1521002..1522915)	YALI2_C00203g; Hypothetical protein
yli:2909362	CDS	C:complement(1523269..1526187)	YALI2_C00986g; Isoleucine--tRNA ligase
yli:2909363	CDS	C:1526837..1527529	YALI2_C00204g; mitochondrial 54S ribosomal protein uL10m
yli:2909364	CDS	C:complement(1527767..1528327)	YALI2_C00985g; Hypothetical protein
yli:2909365	CDS	C:complement(1528840..1529856)	YALI2_C00984g; Syntaxin UFE1
yli:2909366	CDS	C:1531078..1531968	YALI2_C00205g; Thymidylate synthase
yli:2909367	CDS	C:1533604..1534854	YALI2_C00206g; Acid protease
yli:2909368	CDS	C:complement(1535104..1537314)	YALI2_C00983g; Vacuolar transporter chaperone 4
yli:2909134	CDS	C:1541141..1542358	YALI2_C00207g; Serine/threonine-protein kinase SSN3
yli:2909135	CDS	C:join(1543359..1543408,1543657..1544791)	YALI2_C00208g; Cholinephosphotransferase 1
yli:2909136	CDS	C:complement(1545388..1545849)	YALI2_C00982g; Mitochondrial import receptor subunit tom22
yli:2909137	CDS	C:1547925..1549367	YALI2_C00209g; Putative tyrosine-protein phosphatase TPTE
yli:2909138	CDS	C:complement(1549615..1550262)	YALI2_C00981g; Hypothetical protein
yli:2909139	CDS	C:1550725..1552554	YALI2_C00210g; Hypothetical protein
yli:90949594	CDS	C:complement(1553490..1554008)	YALI2_C00980g; Formate dehydrogenase
yli:2909144	CDS	C:complement(1559015..1562038)	YALI2_C00979g; Hypothetical protein
yli:2909145	tRNA	C:1565862..1565932	YALI2_C00039t; tRNA-Gly
yli:7009450	rRNA	C:1565942..1566057	YALI2_C00015r; 5S ribosomal RNA
yli:2909146	CDS	C:complement(1568054..1568395)	YALI2_C00978g; Hypothetical protein
yli:2909147	CDS	C:1569696..1571051	YALI2_C00211g; Histone acetyltransferase type B catalytic subunit
yli:2909148	CDS	C:1571731..1574385	YALI2_C00212g; Oligopeptide transporter 2
yli:2909419	CDS	C:complement(join(1576962..1576980,1577539..1578563))	YALI2_C00977g; Putative diacylglycerol pyrophosphate phosphatase 1
yli:2909420	CDS	C:complement(join(1580604..1581300,1581626..1581633))	YALI2_C00976g; Hypothetical protein
yli:2909421	CDS	C:complement(join(1583374..1584188,1585089..1585206))	YALI2_C00975g; Sphingolipid long chain base-responsive protein PIL1
yli:2909422	CDS	C:complement(1593495..1594991)	YALI2_C00974g; Glutathione hydrolase proenzyme
yli:2909423	CDS	C:join(1595380..1595387,1595467..1595770)	YALI2_C00213g; Histone H4.2
yli:2909424	CDS	C:join(1598078..1598118,1598225..1598390,1598751..1605344)	YALI2_C00214g; Acetyl-CoA carboxylase
yli:2909425	CDS	C:complement(1605565..1606968)	YALI2_C00973g; Ribonuclease 3
yli:2909426	CDS	C:1608069..1608599	YALI2_C00215g; Putative NADPH-dependent methylglyoxal reductase GRP2
yli:2909427	CDS	C:join(1609842..1609893,1610181..1610545)	YALI2_C00216g; 40S ribosomal protein eS10
yli:2906748	CDS	C:1612906..1613565	YALI2_C00217g; Hypothetical protein
yli:2906677	CDS	C:join(1614733..1615018,1615167..1616485)	YALI2_C00218g; Hypothetical protein
yli:2906981	tRNA	C:1617389..1617462	YALI2_C00040t; tRNA-Val
yli:2906663	CDS	C:1620926..1623274	YALI2_C00219g; Sterol uptake control protein 2
yli:90949574	CDS	C:join(1631523..1631530,1632341..1632359,1633135..1633809,1633861..1634376)	YALI2_C00220g; Putative aspartic-type endopeptidase OpsB
yli:2906730	CDS	C:complement(1634581..1635798)	YALI2_C00972g; Leucine aminopeptidase 1
yli:2906856	CDS	C:1637566..1639137	YALI2_C00221g; Lanosterol 14-alpha demethylase
yli:2906857	CDS	C:complement(1639270..1641594)	YALI2_C00971g; Manganese resistance protein MNR2
yli:2906626	CDS	C:1644458..1646170	YALI2_C00222g; Pheromone-processing carboxypeptidase KEX1
yli:2907559	CDS	C:complement(1653003..1655279)	YALI2_C00970g; Putative glutamate carboxypeptidase
yli:2906712	CDS	C:complement(1655749..1656534)	YALI2_C00969g; Bax inhibitor 1
yli:2907045	CDS	C:1657698..1659134	YALI2_C00223g; Acyl-coenzyme A thioesterase 9
yli:2907001	CDS	C:1661234..1661860	YALI2_C00224g; Hypothetical protein
yli:2907099	CDS	C:complement(join(1663020..1664713,1664774..1664798))	YALI2_C00968g; CTP synthase
yli:2907605	CDS	C:1665566..1666798	YALI2_C00225g; Sporulation protein RMD1
yli:2907274	CDS	C:complement(1667325..1668050)	YALI2_C00967g; Hypothetical protein
yli:2907275	CDS	C:1669450..1670067	YALI2_C00226g; Hypothetical protein
yli:2907314	CDS	C:complement(1670363..1672588)	YALI2_C00966g; Acyl-CoA ligase SidI
yli:2907318	CDS	C:complement(1677156..1678211)	YALI2_C00965g; Transcription factor STP2
yli:2907632	CDS	C:complement(join(1681744..1681923,1682081..1682161,1682320..1682322))	YALI2_C00964g; Dolichol-phosphate mannose synthase subunit 2
yli:2907621	CDS	C:1683087..1684517	YALI2_C00227g; Aspartyl aminopeptidase 4
yli:2907362	CDS	C:complement(1684726..1685931)	YALI2_C00963g; Hypothetical protein
yli:2907363	CDS	C:join(1687933..1689933,1690020..1692647)	YALI2_C00228g; Serine/threonine-protein kinase PKH2
yli:2907413	CDS	C:join(1693357..1693620,1693836..1693886)	YALI2_C00229g; 10 kDa heat shock protein
yli:2907450	CDS	C:complement(1694079..1695638)	YALI2_C00962g; U4/U5/U6 small nuclear ribonucleoprotein prp3
yli:2907455	CDS	C:1697801..1698994	YALI2_C00230g; Acid extracellular protease
yli:2907634	CDS	C:complement(1699952..1701673)	YALI2_C00961g; Protein AHC1
yli:90949575	CDS	C:1703180..1703533	YALI2_C00231g; uncharacterized protein
yli:2907573	CDS	C:1705197..1706042	YALI2_C00232g; Transport protein particle subunit trs31
yli:2907619	CDS	C:complement(1706272..1706859)	YALI2_C00960g; N-terminal acetyltransferase A complex catalytic subunit ARD1
yli:2907620	CDS	C:complement(1707991..1709193)	YALI2_C00959g; Putative oxidoreductase TDA3
yli:2907627	CDS	C:complement(1711865..1712524)	YALI2_C00958g; t-SNARE affecting a late Golgi compartment protein 1
yli:2907207	CDS	C:complement(1712923..1713429)	YALI2_C00957g; UPF0303
yli:2907599	CDS	C:1713609..1713983	YALI2_C00233g; COMPASS component SDC1
yli:2907601	CDS	C:1714686..1716071	YALI2_C00234g; Mitochondrial fusion and transport protein ugo1
yli:2906888	CDS	C:complement(join(1716197..1719758,1720162..1720190))	YALI2_C00956g; Hypothetical protein
yli:2907215	CDS	C:join(1721861..1721894,1722235..1722617)	YALI2_C00235g; 60S ribosomal protein eL27
yli:2907208	CDS	C:1723894..1725306	YALI2_C00236g; Serine--tRNA ligase
yli:2907209	CDS	C:join(1726490..1726537,1726606..1736391)	YALI2_C00237g; E3 ubiquitin-protein ligase TOM1
yli:2907637	CDS	C:complement(1736696..1737553)	YALI2_C00955g; Hypothetical protein
yli:2907089	tRNA	C:1739170..1739241	YALI2_C00041t; tRNA-Thr
yli:2907224	CDS	C:complement(1739464..1740486)	YALI2_C00954g; Pantoate--beta-alanine ligase
yli:2907225	CDS	C:complement(1741126..1741602)	YALI2_C00953g; Hypothetical protein
yli:2907296	tRNA	C:join(1742519..1742555,1742565..1742600)	YALI2_C00042t; tRNA-Lys
yli:2907604	CDS	C:1743774..1746275	YALI2_C00238g; Putative phospholipase
yli:7009400	CDS	C:join(1746678..1746713,1746857..1747105)	YALI2_C00239g; Inner kinetochore subunit mhf1
yli:2906656	CDS	C:1747492..1748451	YALI2_C00240g; mitochondrial 37S ribosomal protein uS9m
yli:90949576	CDS	C:join(1749574..1749627,1750080..1750295)	YALI2_C00241g; Hypothetical protein
yli:2907611	CDS	C:complement(1753984..1754514)	YALI2_C00952g; Hypothetical protein
yli:2907577	tRNA	C:complement(join(1757676..1757711,1757734..1757769))	YALI2_C00043t; tRNA-Arg
yli:2907458	CDS	C:1760350..1761888	YALI2_C00242g; Cytochrome P450 52A13
yli:2907603	CDS	C:1768641..1769867	YALI2_C00243g; Hypothetical protein
yli:2907157	CDS	C:complement(1769992..1771980)	YALI2_C00951g; Cell division control protein 45
yli:2907283	CDS	C:complement(1772627..1774264)	YALI2_C00950g; High-affinity glucose transporter
yli:2907588	CDS	C:1777522..1778673	YALI2_C00244g; NADPH dehydrogenase 2
yli:2907589	CDS	C:complement(1779427..1781256)	YALI2_C00949g; Hypothetical protein
yli:2907602	CDS	C:1782212..1785373	YALI2_C00245g; Topoisomerase 1-associated factor 1
yli:2907044	CDS	C:complement(1785865..1786158)	YALI2_C00948g; U6 snRNA-associated Sm-like protein LSm8
yli:2907409	CDS	C:complement(join(1789302..1789741,1790292..1790316))	YALI2_C00947g; Mitochondrial fission 1 protein
yli:2906804	CDS	C:join(1790855..1790905,1791546..1791965)	YALI2_C00246g; mitochondrial 37S ribosomal protein uS13m
yli:2906941	CDS	C:1793150..1795915	YALI2_C00247g; Glucosidase 2 subunit alpha
yli:2907071	tRNA	C:complement(join(1796092..1796127,1796145..1796180))	YALI2_C00044t; tRNA-Arg
yli:2907072	CDS	C:complement(1796883..1798085)	YALI2_C00946g; Hypothetical protein
yli:2907595	CDS	C:complement(1799579..1800358)	YALI2_C00945g; Hypothetical protein
yli:2907596	CDS	C:complement(1802304..1803992)	YALI2_C00944g; pH-response regulator protein PalH/RIM21
yli:2907196	CDS	C:1806550..1807704	YALI2_C00248g; Putative magnesium transporter NIPA4
yli:2907468	CDS	C:1808365..1809558	YALI2_C00249g; DNA damage-inducible protein 1
yli:2907469	CDS	C:1809958..1811877	YALI2_C00250g; Hypothetical protein
yli:2907473	CDS	C:complement(1812172..1813251)	YALI2_C00943g; Hypothetical protein
yli:2907546	CDS	C:complement(join(1816108..1816620,1817260..1817277))	YALI2_C00942g; ATP synthase subunit D
yli:2907565	CDS	C:1817914..1820253	YALI2_C00251g; Proline utilization trans-activator
yli:2906608	CDS	C:complement(join(1820929..1825584,1825642..1825809))	YALI2_C00941g; Nucleolar pre-ribosomal-associated protein 1
yli:2906648	CDS	C:1825978..1827927	YALI2_C00252g; DNA polymerase alpha-associated DNA helicase A
yli:2906649	CDS	C:join(1828348..1828522,1828574..1829736)	YALI2_C00253g; Hypothetical protein
yli:2906709	CDS	C:complement(1829862..1830593)	YALI2_C00940g; Ribose-5-phosphate isomerase
yli:2906799	CDS	C:1832547..1833986	YALI2_C00254g; Serine/threonine-protein phosphatase T
yli:2907035	CDS	C:complement(join(1834404..1834446,1834537..1835357))	YALI2_C00939g; Hypothetical protein
yli:2906932	CDS	C:1837460..1838071	YALI2_C00255g; Protoplast secreted protein 2
yli:2906915	CDS	C:1840121..1840732	YALI2_C00256g; Protoplast secreted protein 2
yli:2906916	CDS	C:1841608..1842132	YALI2_C00257g; Hypothetical protein
yli:2907586	CDS	C:complement(join(1842909..1843474,1843524..1843581))	YALI2_C00938g; Hypothetical protein
yli:2907077	CDS	C:1844559..1845800	YALI2_C00258g; RNA polymerase-associated protein LEO1
yli:2907198	CDS	C:1849679..1850608	YALI2_C00259g; D-galacturonate reductase
yli:7009405	rRNA	C:complement(1852115..1852230)	YALI2_C00016r; 5S ribosomal RNA
yli:2907199	tRNA	C:complement(1852242..1852313)	YALI2_C00045t; tRNA-Thr
yli:2907405	CDS	C:complement(1853320..1854237)	YALI2_C00937g; rRNA-processing protein EFG1
yli:2907188	CDS	C:join(1855094..1855106,1855174..1855541)	YALI2_C00260g; Profilin
yli:2907189	CDS	C:complement(join(1856099..1856401,1856660..1856724,1856980..1857006,1857083..1857101))	YALI2_C00936g; Protein transport protein GOT1
yli:2907406	CDS	C:1858344..1859096	YALI2_C00261g; Isoamyl acetate-hydrolyzing esterase
yli:2907381	CDS	C:join(1859406..1859535,1859661..1859896)	YALI2_C00262g; Long chronological lifespan protein 2
yli:2907538	CDS	C:complement(1860699..1861520)	YALI2_C00935g; tRNA-splicing endonuclease subunit SEN2
yli:2907166	tRNA	C:complement(join(1862341..1862375,1862392..1862428))	YALI2_C00046t; tRNA-Gln
yli:2907167	CDS	C:complement(1864301..1865161)	YALI2_C00934g; Omega-amidase NIT3
yli:2907195	CDS	C:complement(1871858..1873222)	YALI2_C00933g; Tubulin gamma chain
yli:2907140	CDS	C:1878606..1879232	YALI2_C00263g; Hypothetical protein
yli:2907168	CDS	C:complement(1884595..1885164)	YALI2_C00932g; Protein rer1
yli:2907169	CDS	C:1887685..1889412	YALI2_C00264g; 2-isopropylmalate synthase
yli:2906738	tRNA	C:join(1895558..1895594,1895617..1895651)	YALI2_C00047t; tRNA-His
yli:2907387	CDS	C:complement(1896819..1899242)	YALI2_C00931g; DNA repair protein rhp54
yli:2906714	CDS	C:complement(join(1901523..1909121,1909322..1909471,1910054..1910101))	YALI2_C00930g; Inhibitory regulator protein IRA2
yli:2907143	CDS	C:join(1912200..1912446,1912989..1915090)	YALI2_C00265g; HBS1-like protein
yli:2907144	CDS	C:1917862..1920549	YALI2_C00266g; General transcriptional corepressor ssn6
yli:90949577	CDS	C:1924944..1925144	YALI2_C00267g; uncharacterized protein
yli:2906721	CDS	C:complement(1927001..1927888)	YALI2_C00929g; SUR7 family protein pun1
yli:2906744	CDS	C:1931730..1935302	YALI2_C00268g; Bud site selection protein BUD4
yli:2906763	CDS	C:1937977..1939470	YALI2_C00269g; Hypothetical protein
yli:2907223	CDS	C:1941558..1942760	YALI2_C00270g; N-(5'-phosphoribosyl)anthranilate isomerase
yli:2906951	CDS	C:1943186..1945399	YALI2_C00271g; RNA exonuclease 3
yli:2906952	CDS	C:complement(1945975..1946454)	YALI2_C00928g; Hypothetical protein
yli:2907252	CDS	C:1951665..1953461	YALI2_C00272g; Putative 4-coumarate--CoA ligase-like 8
yli:2907256	CDS	C:complement(join(1954505..1954935,1955030..1955534,1956064..1956361,1956731..1956813))	YALI2_C00927g; Retrovirus-related Pol polyprotein
yli:90949578	CDS	C:1958032..1958352	YALI2_C00273g; Oligopeptide transporter 2
yli:90949579	CDS	C:join(1958499..1958947,1958986..1959427)	YALI2_C00274g; Sexual differentiation process protein isp4
yli:2906700	CDS	C:1964519..1967209	YALI2_C00275g; Oligopeptide transporter 2
yli:90949580	CDS	C:1970898..1971212	YALI2_C00276g; Hypothetical protein
yli:90949581	CDS	C:join(1971249..1971488,1971871..1972107)	YALI2_C00277g; Oligopeptide transporter 2
yli:90949582	CDS	C:join(1972556..1972732,1973062..1973178)	YALI2_C00278g; Oligopeptide transporter 2
yli:2906943	CDS	C:join(1973408..1973758,1974175..1974216)	YALI2_C00279g; Hypothetical protein
yli:2907630	CDS	C:complement(1974672..1976168)	YALI2_C00926g; Lipase 3
yli:2907000	CDS	C:complement(1979938..1980582)	YALI2_C00925g; Putative NADPH-dependent methylglyoxal reductase GRP2
yli:2907442	CDS	C:complement(1982746..1983645)	YALI2_C00924g; mitochondrial 54S ribosomal protein bL28m
yli:2906999	CDS	C:complement(1984216..1986828)	YALI2_C00923g; FAS1 domain-containing protein
yli:2906983	CDS	C:complement(1988575..1989297)	YALI2_C00922g; Altered inheritance of mitochondria protein 34
yli:2906800	CDS	C:1992046..1992813	YALI2_C00280g; Phosphoadenosine phosphosulfate reductase
yli:2907036	CDS	C:complement(2007383..2009101)	YALI2_C00921g; Sulfate adenylyltransferase
yli:90949593	CDS	C:complement(2015567..2021416)	YALI2_C00920g; Copia protein
yli:2907407	CDS	C:2024298..2025533	YALI2_C00281g; Copper resistance protein CRF1
yli:2906664	CDS	C:complement(2032410..2034197)	YALI2_C00919g; Ran-specific GTPase-activating protein 30
yli:2907269	CDS	C:2043289..2045475	YALI2_C00282g; Eukaryotic peptide chain release factor GTP-binding subunit
yli:2906665	CDS	C:2048066..2050636	YALI2_C00283g; Regulator of the glycerol channel 1
yli:2907104	CDS	C:complement(2051114..2051674)	YALI2_C00918g; Putative magnesium-dependent phosphatase
yli:2907022	CDS	C:join(2052579..2052617,2053332..2053715)	YALI2_C00284g; Hypothetical protein
yli:2907095	CDS	C:join(2053891..2053893,2054506..2054592,2054711..2054759,2055088..2069156)	YALI2_C00285g; Midasin
yli:7009407	rRNA	C:2070792..2070907	YALI2_C00017r; 5S ribosomal RNA
yli:2907118	CDS	C:complement(2072485..2073624)	YALI2_C00917g; Hypothetical protein
yli:2907221	CDS	C:complement(2074112..2074534)	YALI2_C00916g; Hypothetical protein
yli:2907236	CDS	C:2075048..2076157	YALI2_C00286g; Hypothetical protein
yli:2907237	CDS	C:complement(2076352..2076867)	YALI2_C00915g; Hypothetical protein
yli:2907304	CDS	C:complement(2078002..2079645)	YALI2_C00914g; Putative MFS-type transporter
yli:2907317	CDS	C:complement(2081557..2083188)	YALI2_C00913g; Cohesin subunit rad21
yli:2907376	CDS	C:2084301..2085161	YALI2_C00287g; Hypothetical protein
yli:2907382	CDS	C:complement(2085880..2086779)	YALI2_C00912g; Exosome complex component RRP45
yli:2907383	CDS	C:join(2088004..2088109,2088532..2089604)	YALI2_C00288g; Acetyl-CoA acetyltransferase IB
yli:2907245	CDS	C:2095607..2096857	YALI2_C00289g; Negative regulator of sexual conjugation and meiosis
yli:2906832	tRNA	C:complement(join(2098664..2098708,2098723..2098759))	YALI2_C00048t; tRNA-Ser
yli:2906769	CDS	C:2099684..2101156	YALI2_C00290g; Ribosomal lysine N-methyltransferase 3
yli:2906770	tRNA	C:join(2101432..2101468,2101478..2101512)	YALI2_C00049t; tRNA-Glu
yli:2906844	CDS	C:complement(2102035..2102904)	YALI2_C00911g; Hypothetical protein
yli:2906788	CDS	C:complement(2105270..2106319)	YALI2_C00910g; Phosphoenolpyruvate/phosphate translocator 2, chloroplastic
yli:2906968	CDS	C:complement(2110841..2111971)	YALI2_C00909g; Cytoplasmic 60S subunit biogenesis factor REI1
yli:2906969	CDS	C:complement(2113505..2113675)	YALI2_C00908g; 40S ribosomal protein uS14
yli:2906889	CDS	C:2114308..2116452	YALI2_C00291g; Ribosome biogenesis protein tsr1
yli:2907080	CDS	C:complement(2117109..2120132)	YALI2_C00907g; Heat shock protein 70
yli:2906841	CDS	C:2122992..2124272	YALI2_C00292g; Hypothetical protein
yli:2907612	CDS	C:complement(2125836..2126402)	YALI2_C00906g; Putative prefoldin subunit 3
yli:2907613	CDS	C:join(2128234..2128345,2128645..2129093)	YALI2_C00293g; 60S ribosomal protein eL18
yli:2907110	CDS	C:complement(2130321..2130833)	YALI2_C00905g; Putative mitochondrial outer membrane protein
yli:2907361	CDS	C:2133275..2133964	YALI2_C00294g; Superoxide dismutase [Mn]
yli:2906655	CDS	C:2135933..2137249	YALI2_C00295g; Tryptophan--tRNA ligase, cytoplasmic
yli:2906813	CDS	C:complement(join(2138448..2139019,2139078..2139120))	YALI2_C00904g; 3,4-dihydroxy-2-butanone 4-phosphate synthase
yli:2906814	CDS	C:2140535..2141164	YALI2_C00296g; Charged multivesicular body protein 5
yli:2906923	CDS	C:2144951..2148268	YALI2_C00297g; Flavin carrier protein 2
yli:2906982	CDS	C:2150265..2150897	YALI2_C00298g; Hypothetical protein
yli:2906946	CDS	C:complement(2151134..2154367)	YALI2_C00903g; Pre-mRNA-splicing factor ATP-dependent RNA helicase PRP16
yli:2907234	CDS	C:2155275..2155811	YALI2_C00299g; mitochondrial 54S ribosomal protein mL58
yli:2907235	tRNA	C:2157422..2157493	YALI2_C00050t; tRNA-Thr
yli:7009408	rRNA	C:2158078..2158193	YALI2_C00018r; 5S ribosomal RNA
yli:2907306	CDS	C:complement(2158364..2159590)	YALI2_C00902g; 20S rRNA accumulation protein 4
yli:2907297	CDS	C:complement(2160294..2162024)	YALI2_C00901g; Hypothetical protein
yli:2907298	CDS	C:complement(2163437..2164816)	YALI2_C00900g; Putative acid phosphatase
yli:2907303	tRNA	C:complement(join(2167227..2167261,2167277..2167313))	YALI2_C00051t; tRNA-Asp
yli:2907390	CDS	C:complement(2168181..2169086)	YALI2_C00899g; Pdp3-interacting factor 1
yli:2907500	CDS	C:complement(2171433..2172755)	YALI2_C00898g; Hypothetical protein
yli:2907501	CDS	C:2176207..2177409	YALI2_C00300g; Vacuolar calcium ion transporter
yli:2907499	CDS	C:2178051..2178926	YALI2_C00301g; Elongator complex protein 5
yli:2906612	CDS	C:complement(join(2179271..2179660,2179732..2179821))	YALI2_C00897g; CinA-like protein
yli:2906894	CDS	C:join(2180410..2180834,2181074..2181494)	YALI2_C00302g; Proteasomal ubiquitin receptor ADRM1
yli:2907631	CDS	C:2184257..2185372	YALI2_C00303g; Lipase A
yli:2906727	CDS	C:join(2187255..2187386,2187969..2197445)	YALI2_C00304g; Nuclear migration protein NUM1
yli:2907284	tRNA	C:complement(2197778..2197849)	YALI2_C00052t; tRNA-Glu
yli:2907285	CDS	C:2198244..2200394	YALI2_C00305g; Cys-Gly metallodipeptidase dug1
yli:2907606	CDS	C:complement(2200523..2202631)	YALI2_C00896g; Protein ZGRF1
yli:2907590	CDS	C:2204019..2205014	YALI2_C00306g; Hypothetical protein
yli:90949583	CDS	C:join(2206371..2206432,2206522..2207482)	YALI2_C00307g; Enoate reductase 1
yli:2907623	CDS	C:complement(2207788..2209158)	YALI2_C00895g; Putative ethanolamine kinase A
yli:2907567	CDS	C:complement(2211353..2213041)	YALI2_C00894g; Putative proline-specific permease put4
yli:2906810	CDS	C:complement(2217509..2219611)	YALI2_C00893g; E3 ubiquitin-protein ligase BRE1
yli:2906811	CDS	C:2221629..2222192	YALI2_C00308g; Hypothetical protein
yli:2906984	CDS	C:join(2225500..2225529,2225839..2225856,2226547..2228613)	YALI2_C00309g; Clathrin coat assembly protein
yli:2907162	CDS	C:complement(2229980..2231488)	YALI2_C00892g; Proline dehydrogenase
yli:2907124	CDS	C:2234196..2235914	YALI2_C00310g; Delta-1-pyrroline-5-carboxylate dehydrogenase
yli:2907264	CDS	C:complement(2237364..2238764)	YALI2_C00891g; Ceramide glucosyltransferase
yli:2907471	CDS	C:2242200..2244446	YALI2_C00311g; Pyrimidine pathway regulatory protein 1
yli:2907472	CDS	C:complement(2244667..2246475)	YALI2_C00890g; Hypothetical protein
yli:2907400	CDS	C:complement(2246983..2247453)	YALI2_C00889g; Hypothetical protein
yli:2907475	CDS	C:complement(2248322..2248888)	YALI2_C00888g; ribosome biogenesis protein RLP24
yli:2907628	tRNA	C:join(2250062..2250098,2250113..2250147)	YALI2_C00053t; tRNA-Asp
yli:2907629	CDS	C:2250251..2251474	YALI2_C00312g; Hypothetical protein
yli:2907502	CDS	C:complement(join(2251838..2253033,2253939..2253975))	YALI2_C00887g; Pyruvate dehydrogenase complex protein X component
yli:2906645	CDS	C:join(2258137..2258289,2258609..2262878,2262940..2263976)	YALI2_C00313g; Dentin sialophosphoprotein
yli:2906985	CDS	C:2264237..2265733	YALI2_C00314g; Hypothetical protein
yli:2907592	tRNA	C:complement(join(2265836..2265871,2265886..2265921))	YALI2_C00054t; tRNA-Pro
yli:2907593	CDS	C:complement(2266389..2268038)	YALI2_C00886g; Hypothetical protein
yli:2907587	CDS	C:2271071..2273110	YALI2_C00315g; Putative E3 ubiquitin ligase complex SCF subunit scon-2
yli:7009410	rRNA	C:2274067..2274182	YALI2_C00019r; 5S ribosomal RNA
yli:2906975	CDS	C:join(2279082..2279607,2280061..2282924)	YALI2_C00316g; Protein phosphatase 1 regulatory subunit 3C
yli:2906976	CDS	C:2283499..2284533	YALI2_C00317g; Putative nitronate monooxygenase
yli:2907242	CDS	C:2288838..2290532	YALI2_C00318g; 60S ribosomal export protein NMD3
yli:2906919	CDS	C:2290867..2293485	YALI2_C00319g; Putative GPI inositol-deacylase C
yli:2907173	CDS	C:2293826..2295751	YALI2_C00320g; U3 small nucleolar ribonucleoprotein mpp10
yli:2907448	CDS	C:2296584..2297921	YALI2_C00321g; Hypothetical protein
yli:2907449	CDS	C:2299302..2300204	YALI2_C00322g; Hypothetical protein
yli:2906842	CDS	C:2301447..2302103	YALI2_C00323g; Hypothetical protein
yli:2906773	CDS	C:complement(2303899..2305158)	YALI2_C00885g; Delta(12) fatty acid desaturase
yli:2906782	CDS	C:2307567..2308595	YALI2_C00324g; 2-methylene-furan-3-one reductase
yli:2906808	CDS	C:2308994..2311918	YALI2_C00325g; DNA mismatch repair protein MSH1
yli:2906809	CDS	C:complement(2312973..2315141)	YALI2_C00884g; H/ACA ribonucleoprotein complex non-core subunit NAF1
yli:2907561	CDS	C:join(2317942..2318019,2318073..2318127,2318184..2322154)	YALI2_C00326g; Rho-type GTPase-activating protein 1
yli:2906688	CDS	C:complement(2322531..2323805)	YALI2_C00883g; Cytoplasmic tRNA 2-thiolation protein 2
yli:2906838	CDS	C:join(2323982..2324305,2324364..2324408)	YALI2_C00327g; Cytochrome c oxidase-assembly factor COX23
yli:2906718	CDS	C:complement(2324764..2326542)	YALI2_C00882g; Hypothetical protein
yli:2906786	CDS	C:join(2326826..2326859,2326923..2327458)	YALI2_C00328g; Trafficking protein particle complex subunit 1
yli:2906787	CDS	C:complement(2328051..2329934)	YALI2_C00881g; Carnitine O-acetyltransferase
yli:2907578	CDS	C:2332436..2334286	YALI2_C00329g; Mitochondrial import receptor subunit tom70
yli:2906931	CDS	C:complement(2334637..2335965)	YALI2_C00880g; Hypothetical protein
yli:2906871	CDS	C:2339962..2340921	YALI2_C00330g; Putative enoyl-CoA hydratase
yli:2906900	CDS	C:2341616..2345494	YALI2_C00331g; Hypothetical protein
yli:2906901	CDS	C:2347435..2347866	YALI2_C00332g; FK506-binding protein 1
yli:2907096	CDS	C:complement(2348809..2349903)	YALI2_C00879g; Chromatin modification-related protein EAF7
yli:2907600	CDS	C:2350206..2351921	YALI2_C00333g; mitochondrial 37S ribosomal protein uS4m
yli:2907112	CDS	C:complement(join(2352282..2353842,2353892..2353947))	YALI2_C00878g; Adenylyl cyclase-associated protein
yli:2907117	CDS	C:2354585..2356759	YALI2_C00334g; Actin-related protein 5
yli:2907607	CDS	C:complement(2356936..2358765)	YALI2_C00877g; 25S rRNA (cytosine(2870)-C(5))-methyltransferase
yli:2907608	CDS	C:2358942..2360417	YALI2_C00335g; tRNA (adenine(58)-N(1))-methyltransferase non-catalytic subunit TRM6
yli:2907633	CDS	C:complement(2360470..2361897)	YALI2_C00876g; Dimethyl-sulfide monooxygenase
yli:2907197	CDS	C:complement(2362488..2364404)	YALI2_C00875g; Hypothetical protein
yli:2907312	tRNA	C:complement(join(2367403..2367437,2367448..2367483))	YALI2_C00055t; tRNA-Gly
yli:2907313	CDS	C:2367795..2369663	YALI2_C00336g; U4/U6.U5 tri-snRNP-associated protein snu66
yli:2907640	CDS	C:2370676..2372238	YALI2_C00337g; Putative transporter
yli:2907495	CDS	C:complement(join(2372494..2373300,2373597..2373633,2373973..2374064))	YALI2_C00874g; Citrate/oxoglutarate carrier protein
yli:2907494	CDS	C:complement(join(2375995..2376899,2377295..2377340))	YALI2_C00873g; Cyclin-dependent kinase 1
yli:2907524	CDS	C:complement(join(2378299..2379250,2379580..2379602))	YALI2_C00872g; Protein SSO2
yli:2906685	CDS	C:complement(2381338..2384373)	YALI2_C00871g; Hypothetical protein
yli:2906815	CDS	C:complement(2386278..2386832)	YALI2_C00870g; RNA exonuclease 4
yli:2906816	CDS	C:2389489..2391606	YALI2_C00338g; Ferric/cupric reductase transmembrane component 2
yli:2906818	tRNA	C:2392082..2392155	YALI2_C00056t; tRNA-Val
yli:2906819	CDS	C:2392473..2394902	YALI2_C00339g; LEC14B protein
yli:2907040	CDS	C:join(2395113..2395145,2395223..2395999)	YALI2_C00340g; Protein AF-9
yli:2906877	CDS	C:2396662..2398056	YALI2_C00341g; Actin-like protein ARP9
yli:2906878	CDS	C:complement(2398252..2399583)	YALI2_C00869g; Putative membrane protein
yli:2906879	CDS	C:2401070..2401645	YALI2_C00342g; Mitochondrial inner membrane protease subunit 2
yli:2906875	CDS	C:complement(2402080..2403102)	YALI2_C00868g; mitochondrial 54S ribosomal protein uL29m
yli:2906876	CDS	C:join(2403706..2403822,2403977..2404144)	YALI2_C00343g; Putative U6 snRNA-associated Sm-like protein LSm3
yli:2906874	CDS	C:complement(join(2404496..2408474,2408582..2408886))	YALI2_C00867g; Lysophospholipase NTE1
yli:2906922	CDS	C:2410283..2412538	YALI2_C00344g; Hypothetical protein
yli:2906936	CDS	C:complement(join(2412608..2412635,2413132..2414507))	YALI2_C00866g; Hypothetical protein
yli:2906973	tRNA	C:complement(2415198..2415270)	YALI2_C00057t; tRNA-Arg
yli:2906974	CDS	C:2415542..2416003	YALI2_C00345g; Hypothetical protein
yli:2906996	CDS	C:join(2417806..2417869,2417943..2417984,2418064..2419391)	YALI2_C00346g; Sphingoid long chain base kinase 5
yli:2906998	CDS	C:2419720..2420382	YALI2_C00347g; Putative acetyltransferase
yli:2907078	CDS	C:complement(join(2420468..2423357,2423442..2424385))	YALI2_C00865g; Hypothetical protein
yli:2907082	CDS	C:2427543..2428961	YALI2_C00348g; Hypothetical protein
yli:2907134	CDS	C:2430107..2430586	YALI2_C00349g; Hypothetical protein
yli:90949592	CDS	C:complement(join(2431007..2431087,2431310..2431543))	YALI2_C00864g; Hypothetical protein
yli:2907142	CDS	C:2432952..2434028	YALI2_C00350g; Inositol polyphosphate multikinase
yli:2907259	CDS	C:join(2434441..2434446,2434496..2434705)	YALI2_C00351g; 60S ribosomal protein eL38
yli:2907614	CDS	C:complement(2435273..2436622)	YALI2_C00863g; Ornithine decarboxylase
yli:2907260	CDS	C:complement(2439032..2442367)	YALI2_C00862g; Pre-mRNA-splicing factor ATP-dependent RNA helicase prp22
yli:2907307	CDS	C:complement(2443665..2444324)	YALI2_C00861g; Putative proteasome subunit beta type-4
yli:2907483	CDS	C:2446101..2447540	YALI2_C00352g; DNA primase small subunit
yli:2907484	CDS	C:complement(2447821..2450241)	YALI2_C00860g; Putative glycosyl hydrolase
yli:2907489	CDS	C:complement(2452512..2453033)	YALI2_C00859g; UDP-N-acetylglucosamine transferase subunit ALG14
yli:2907490	CDS	C:2454388..2458638	YALI2_C00353g; Hypothetical protein
yli:2907491	CDS	C:2458902..2460410	YALI2_C00354g; Hypothetical protein
yli:2907492	CDS	C:2462702..2464477	YALI2_C00355g; Hypothetical protein
yli:2907493	CDS	C:complement(2465594..2465935)	YALI2_C00858g; Hypothetical protein
yli:2907378	CDS	C:2466215..2469256	YALI2_C00356g; Vacuolar morphogenesis protein 6
yli:2907379	CDS	C:join(2469759..2470552,2470795..2471107)	YALI2_C00357g; Tyrosine-protein phosphatase YVH1
yli:2907372	CDS	C:2473194..2475902	YALI2_C00358g; Aminopeptidase 2
yli:90949591	CDS	C:complement(2476053..2478071)	YALI2_C00857g; Cobalt/magnesium transport protein CorA
yli:2907358	CDS	C:complement(2481053..2481589)	YALI2_C00856g; Hypothetical protein
yli:2907518	CDS	C:2482324..2483676	YALI2_C00359g; AP-1 complex subunit mu
yli:2907179	CDS	C:complement(2484130..2484990)	YALI2_C00855g; Protein NIF3
yli:2907178	CDS	C:2486186..2488669	YALI2_C00360g; General transcription and DNA repair factor IIH helicase subunit XPB
yli:2907232	CDS	C:complement(2489331..2490065)	YALI2_C00854g; Hypothetical protein
yli:2907233	CDS	C:complement(2491368..2492819)	YALI2_C00853g; Suppressor protein SRP40
yli:2907231	CDS	C:2493361..2494398	YALI2_C00361g; Hypothetical protein
yli:2907301	CDS	C:complement(2494609..2496504)	YALI2_C00852g; Putative kinetochore protein NDC80
yli:2907299	CDS	C:complement(2497206..2499635)	YALI2_C00851g; N-terminal acetyltransferase B complex subunit arm1
yli:2907300	CDS	C:2501133..2502182	YALI2_C00362g; Putative feruloyl esterase A
yli:2907418	CDS	C:2503314..2504174	YALI2_C00363g; ribosome biogenesis protein BRX1
yli:2907417	CDS	C:join(2504716..2506426,2506782..2506831)	YALI2_C00364g; Hypothetical protein
yli:7009411	CDS	C:complement(join(2507251..2507415,2507941..2507988))	YALI2_C00850g; Hypothetical protein
yli:2907508	CDS	C:2508325..2510742	YALI2_C00365g; Target of rapamycin complex 2 subunit sin1
yli:2907506	CDS	C:complement(2511554..2513347)	YALI2_C00849g; Rab GTPase-activating protein 1-like
yli:2907507	CDS	C:complement(2516634..2519330)	YALI2_C00848g; Putative ATP-dependent RNA helicase DHR2
yli:2907539	tRNA	C:complement(join(2520082..2520116,2520133..2520169))	YALI2_C00058t; tRNA-Asp
yli:2907002	CDS	C:complement(2521782..2522990)	YALI2_C00847g; Hypothetical protein
yli:2907003	CDS	C:complement(2523440..2524864)	YALI2_C00846g; Putative solute carrier family 35 member
yli:2907081	CDS	C:complement(2526103..2527080)	YALI2_C00845g; Methylenetetrahydrofolate dehydrogenase [NAD(+)]
yli:2907404	CDS	C:join(2528414..2528425,2528705..2530177)	YALI2_C00366g; GTPase-activating protein gyp1
yli:2907175	CDS	C:complement(join(2530392..2530715,2530775..2530816))	YALI2_C00844g; Dynein light chain Tctex-type
yli:2907176	CDS	C:complement(2531299..2533059)	YALI2_C00843g; Hypothetical protein
yli:2907617	CDS	C:2533911..2534369	YALI2_C00367g; Putative multi-protein-binding factor 1
yli:2907177	CDS	C:2536486..2540400	YALI2_C00368g; Sophorolipid transporter
yli:2907163	CDS	C:2541109..2542269	YALI2_C00369g; Ran GTPase-activating protein 1
yli:2907165	CDS	C:complement(join(2542414..2543060,2543108..2543354))	YALI2_C00842g; Lysocardiolipin acyltransferase 1
yli:2907128	CDS	C:2545367..2547853	YALI2_C00370g; Multiple RNA-binding domain-containing protein 1
yli:2907129	CDS	C:complement(2548224..2550143)	YALI2_C00841g; Sphingomyelin phosphodiesterase 2
yli:2907122	CDS	C:complement(2552139..2553674)	YALI2_C00840g; Ribosome biogenesis protein YTM1
yli:2907123	CDS	C:complement(2554446..2558255)	YALI2_C00839g; Ankyrin and IPT/TIG repeat-containing protein
yli:2907013	CDS	C:join(2561990..2562066,2562537..2563206)	YALI2_C00371g; Pre-mRNA-splicing factor srp1
yli:2907014	CDS	C:complement(2564250..2565263)	YALI2_C00838g; Quinone oxidoreductase PIG3
yli:2907015	CDS	C:2566393..2568909	YALI2_C00372g; UBA domain-containing protein 7
yli:2906909	CDS	C:complement(2570764..2571864)	YALI2_C00837g; F-box/WD repeat-containing protein 7
yli:2906910	CDS	C:complement(2573677..2575293)	YALI2_C00836g; General transcription and DNA repair factor IIH subunit TFB1
yli:2906868	CDS	C:2576190..2577800	YALI2_C00373g; Ribosome-associated complex subunit SSZ1
yli:2906869	CDS	C:2578935..2580326	YALI2_C00374g; Poly(A) ribonuclease pop2
yli:2907625	CDS	C:2581994..2583007	YALI2_C00375g; Mannan polymerase complex subunit MNN9
yli:2906870	CDS	C:join(2584708..2584765,2585228..2586336)	YALI2_C00376g; Protein cps3
yli:2907027	CDS	C:complement(join(2587699..2588705,2588873..2589041,2589168..2589197))	YALI2_C00835g; elongation factor 1 gamma domain-containing protein
yli:2907028	CDS	C:2592688..2595204	YALI2_C00377g; Enhancer of polycomb-like protein 1
yli:2907053	CDS	C:2599117..2600391	YALI2_C00378g; Hypothetical protein
yli:2907054	CDS	C:complement(2601382..2603043)	YALI2_C00834g; Elongator complex protein 3
yli:2906817	CDS	C:join(2603467..2603510,2604849..2611224)	YALI2_C00379g; COPII coat assembly protein SEC16
yli:2907055	tRNA	C:complement(join(2603877..2603920,2603944..2603981))	YALI2_C00059t; tRNA-Leu
yli:2906724	CDS	C:complement(join(2614050..2614231,2614273..2614996))	YALI2_C00833g; Transcriptional activator HAC1
yli:2906725	CDS	C:2620533..2623520	YALI2_C00380g; Hypothetical protein
yli:2906726	CDS	C:2626491..2627090	YALI2_C00381g; Hypothetical protein
yli:2906722	CDS	C:2628597..2630090	YALI2_C00382g; Protein SIP5
yli:2906723	CDS	C:join(2631019..2631135,2631511..2631708)	YALI2_C00383g; ribosomal protein P1
yli:2906719	CDS	C:complement(join(2633229..2633848,2634170..2634173))	YALI2_C00832g; 60S ribosomal protein eL13
yli:2906720	CDS	C:join(2635006..2635023,2635536..2635943)	YALI2_C00384g; 40S ribosomal protein uS9
yli:2906668	CDS	C:complement(2636916..2638127)	YALI2_C00831g; N-glycosylase/DNA lyase
yli:2906669	CDS	C:2639287..2642628	YALI2_C00385g; ATP-dependent DNA helicase PIF1
yli:2906670	CDS	C:complement(2642815..2644773)	YALI2_C00830g; Hypothetical protein
yli:2906858	CDS	C:2645402..2646517	YALI2_C00386g; Ribosome-interacting GTPase 2
yli:2906859	CDS	C:complement(2646989..2647435)	YALI2_C00829g; Mitochondrial import inner membrane translocase subunit TIM14
yli:2906860	CDS	C:join(2649785..2650373,2650456..2654264)	YALI2_C00387g; ZEB2-regulated ABC transporter 1
yli:2906846	tRNA	C:2657034..2657104	YALI2_C00060t; tRNA-Gly
yli:7009413	rRNA	C:2657113..2657228	YALI2_C00020r; 5S ribosomal RNA
yli:2906847	CDS	C:complement(2658174..2660333)	YALI2_C00828g; Putative ferric reductase transmembrane component
yli:2907535	CDS	C:complement(2667141..2669300)	YALI2_C00827g; Ferric/cupric reductase transmembrane component 1
yli:2907536	CDS	C:complement(2671523..2673634)	YALI2_C00826g; Ferric/cupric reductase transmembrane component 1
yli:2907537	CDS	C:complement(2675032..2677098)	YALI2_C00825g; Ferric/cupric reductase transmembrane component 1
yli:2907456	CDS	C:complement(2680495..2682243)	YALI2_C00824g; Calnexin
yli:2907533	CDS	C:2685154..2686485	YALI2_C00388g; MAP kinase kinase MKK1/SSP32
yli:2907534	CDS	C:complement(2688019..2689938)	YALI2_C00823g; Hypothetical protein
yli:2907530	CDS	C:2691714..2694533	YALI2_C00389g; mRNA degradation protein
yli:2907531	tRNA	C:join(2694946..2694983,2695002..2695037)	YALI2_C00061t; tRNA-Asn
yli:2907532	CDS	C:complement(2695383..2698556)	YALI2_C00822g; Hypothetical protein
yli:2907527	CDS	C:2701992..2703659	YALI2_C00390g; Putative metallocarboxypeptidase ecm14
yli:2907528	CDS	C:2704872..2705747	YALI2_C00391g; Transmembrane protein
yli:2907529	CDS	C:complement(2708569..2709846)	YALI2_C00821g; Transcription factor AP-4
yli:2907525	CDS	C:2713041..2714783	YALI2_C00392g; Hypothetical protein
yli:2907526	CDS	C:2716295..2717047	YALI2_C00393g; Monothiol glutaredoxin-3
yli:2907414	CDS	C:complement(2718654..2719586)	YALI2_C00820g; S-methyl-5'-thioadenosine phosphorylase
yli:2907415	CDS	C:complement(join(2720692..2723472,2723523..2723621))	YALI2_C00819g; WD repeat-containing protein 36
yli:2907416	CDS	C:2725190..2728090	YALI2_C00394g; Inositol hexakisphosphate and diphosphoinositol-pentakisphosphate kinase
yli:2907439	CDS	C:complement(2728260..2729108)	YALI2_C00818g; Hypothetical protein
yli:2907440	CDS	C:2729464..2729916	YALI2_C00395g; Histone H3-like centromeric protein CSE4
yli:2907401	CDS	C:complement(2730312..2731730)	YALI2_C00817g; Mannan endo-1,6-alpha-mannosidase DCW1
yli:2907402	CDS	C:2733920..2735410	YALI2_C00396g; Ribose-phosphate pyrophosphokinase 1
yli:2907403	tRNA	C:complement(join(2736173..2736208,2736228..2736264))	YALI2_C00062t; tRNA-Phe
yli:2907309	CDS	C:complement(2737412..2739562)	YALI2_C00816g; Putative flavin carrier protein 3
yli:2907295	CDS	C:complement(2744495..2746252)	YALI2_C00815g; pH-response transcription factor
yli:2907310	CDS	C:2751711..2752505	YALI2_C00397g; GTP-binding protein RhoC
yli:2907311	CDS	C:complement(2752896..2753162)	YALI2_C00814g; DASH complex subunit DAD1
yli:2907305	CDS	C:2753371..2754939	YALI2_C00398g; Pre-mRNA-processing factor 31
yli:2907086	CDS	C:2756262..2757281	YALI2_C00399g; Sphingoid long-chain base transporter RSB1
yli:2907087	CDS	C:complement(2757458..2758687)	YALI2_C00813g; Histone-binding protein RBBP4
yli:2907088	CDS	C:join(2759194..2759460,2759924..2760016)	YALI2_C00400g; Mitochondrial import protein 1
yli:2907056	CDS	C:complement(2760402..2761781)	YALI2_C00812g; Ammonium transporter 1
yli:2907635	CDS	C:2763816..2765375	YALI2_C00401g; Cytochrome P450 52A12
yli:2907636	CDS	C:2767322..2768917	YALI2_C00402g; Cytochrome P450 52A12
yli:2907057	CDS	C:2769511..2769852	YALI2_C00403g; Splicing factor 3B subunit 6-like protein
yli:2907016	CDS	C:complement(2770427..2771053)	YALI2_C00811g; Putative membrane protein
yli:2907017	CDS	C:complement(join(2772455..2777755,2777803..2778192))	YALI2_C00810g; Antiviral helicase SLH1
yli:2907018	CDS	C:2778652..2779374	YALI2_C00404g; Putative tyrosine-protein phosphatase OCA6
yli:2907008	CDS	C:complement(2779502..2779861)	YALI2_C00809g; Hypothetical protein
yli:2907009	CDS	C:complement(2780715..2782553)	YALI2_C00808g; Glycerol-3-phosphate dehydrogenase
yli:2906989	CDS	C:2786225..2787922	YALI2_C00405g; Myb-like DNA-binding protein BAS1
yli:2906990	CDS	C:2789876..2791705	YALI2_C00406g; Dehydrogenase mpl7
yli:2906991	CDS	C:complement(2792720..2793343)	YALI2_C00807g; Polyamine N-acetyltransferase 1
yli:2906954	CDS	C:join(2793930..2794166,2794238..2794258)	YALI2_C00407g; U6 snRNA-associated Sm-like protein LSm5
yli:2906955	CDS	C:complement(2794716..2795753)	YALI2_C00806g; DNA-3-methyladenine glycosylase
yli:2907029	CDS	C:2797229..2799742	YALI2_C00408g; Actin-binding protein
yli:2907030	CDS	C:complement(2799923..2801362)	YALI2_C00805g; Putative lipase
yli:2907031	CDS	C:complement(2802413..2803357)	YALI2_C00804g; 60S ribosomal protein uL10
yli:2907571	CDS	C:complement(2804137..2805375)	YALI2_C00803g; Hypothetical protein
yli:2906805	CDS	C:2806775..2808517	YALI2_C00409g; Serine/threonine-protein kinase DBF20
yli:2906806	CDS	C:2809043..2810047	YALI2_C00410g; Phosphatidylinositol N-acetylglucosaminyltransferase GPI2 subunit
yli:2906807	CDS	C:complement(2810266..2812491)	YALI2_C00802g; Transcription initiation factor TFIID subunit 5
yli:2906802	CDS	C:complement(join(2813053..2813747,2813973..2813992,2814049..2814083))	YALI2_C00801g; Proteasome subunit alpha type-4
yli:2906803	CDS	C:complement(2814592..2817201)	YALI2_C00800g; Beta-glucosidase 1
yli:2906651	CDS	C:complement(2818580..2821291)	YALI2_C00799g; Beta-glucosidase
yli:2906652	CDS	C:complement(2821775..2822833)	YALI2_C00798g; Protein phosphatase 1 regulatory subunit SDS22
yli:2906839	CDS	C:join(2825705..2825716,2826368..2827186)	YALI2_C00411g; 14-3-3 protein
yli:2906840	CDS	C:2828157..2829056	YALI2_C00412g; Pyrroline-5-carboxylate reductase
yli:2906735	CDS	C:complement(2829264..2829641)	YALI2_C00797g; Hypothetical protein
yli:2906736	CDS	C:2830218..2832653	YALI2_C00413g; Lysine-specific demethylase 5C
yli:2906737	CDS	C:complement(2832925..2834802)	YALI2_C00796g; Methylenetetrahydrofolate reductase 1
yli:2907638	CDS	C:complement(2835822..2837093)	YALI2_C00795g; Nucleosome assembly protein
yli:2907639	CDS	C:complement(join(2839484..2840603,2840850..2840890))	YALI2_C00794g; S-adenosylmethionine synthase
yli:2907435	CDS	C:complement(2842520..2843356)	YALI2_C00793g; Diacylglycerol pyrophosphate phosphatase 1
yli:2907436	CDS	C:2844666..2846771	YALI2_C00414g; Double-strand break repair protein MRE11
yli:2907622	CDS	C:complement(2847287..2847943)	YALI2_C00792g; Hypothetical protein
yli:2907261	CDS	C:complement(2848789..2852418)	YALI2_C00791g; Ubiquitin carboxyl-terminal hydrolase 12
yli:2907262	CDS	C:2854420..2856597	YALI2_C00415g; Methylcrotonoyl-CoA carboxylase subunit alpha
yli:2907263	CDS	C:complement(join(2858077..2860672,2860873..2860976))	YALI2_C00790g; Aminopeptidase 2
yli:2907226	CDS	C:complement(join(2861561..2862115,2862213..2862215))	YALI2_C00789g; Peptidyl-prolyl cis-trans isomerase ssp-1
yli:2907227	CDS	C:complement(2863078..2865399)	YALI2_C00788g; Retrovirus-related Pol polyprotein from transposon RE2
yli:2907218	CDS	C:complement(2866109..2866687)	YALI2_C00787g; MIP18 family protein
yli:2907219	CDS	C:join(2867892..2867993,2868054..2868716)	YALI2_C00416g; Nicotinamide riboside kinase
yli:2907220	CDS	C:complement(2868805..2871876)	YALI2_C00786g; RNA cytidine acetyltransferase
yli:2907120	CDS	C:join(2872080..2872299,2872563..2872591)	YALI2_C00417g; Meiosis-specific transcription factor NDT80
yli:90949584	CDS	C:2873441..2874475	YALI2_C00418g; uncharacterized protein
yli:2907121	CDS	C:complement(2875524..2876021)	YALI2_C00785g; uncharacterized protein
yli:2907348	CDS	C:complement(2878818..2881319)	YALI2_C00784g; Hypothetical protein
yli:2907349	CDS	C:2882146..2883540	YALI2_C00419g; NADPH:adrenodoxin oxidoreductase
yli:2907350	CDS	C:join(2883814..2884033,2884323..2884588)	YALI2_C00420g; NADH-ubiquinone oxidoreductase 21 kDa subunit
yli:2907346	CDS	C:join(2885116..2886288,2886353..2888692)	YALI2_C00421g; Histone-lysine N-methyltransferase, H3 lysine-4 specific
yli:2907347	CDS	C:complement(2888852..2889820)	YALI2_C00783g; Hypothetical protein
yli:2907343	CDS	C:2890678..2891613	YALI2_C00422g; Ribokinase
yli:7009414	rRNA	C:2891829..2891944	YALI2_C00021r; 5S ribosomal RNA
yli:2907344	CDS	C:join(2893288..2893383,2893442..2898271)	YALI2_C00423g; eIF-2-alpha kinase GCN2
yli:2907345	CDS	C:2899926..2903915	YALI2_C00424g; SH3 domain-containing protein
yli:2907341	CDS	C:2904379..2905254	YALI2_C00425g; mitochondrial 37S ribosomal protein bS1m
yli:2907342	CDS	C:complement(2905697..2907787)	YALI2_C00782g; Chromatin assembly factor 1 subunit P60
yli:2907338	CDS	C:complement(2909101..2910468)	YALI2_C00781g; Hypothetical protein
yli:2907339	CDS	C:complement(join(2911261..2917518,2917595..2917597))	YALI2_C00780g; Fatty acid synthase subunit beta
yli:2907340	CDS	C:2921270..2921899	YALI2_C00426g; Ran-specific GTPase-activating protein 1
yli:2907336	CDS	C:join(2922789..2922791,2922913..2923428)	YALI2_C00427g; 60S ribosomal protein uL5
yli:2907337	CDS	C:complement(2925652..2926242)	YALI2_C00779g; Peroxiredoxin TSA1-B
yli:2907333	CDS	C:2929314..2931431	YALI2_C00428g; Glucose-repressible alcohol dehydrogenase transcriptional effector
yli:2907335	CDS	C:2934304..2935875	YALI2_C00429g; G2/mitotic-specific cyclin cdc13
yli:2907331	CDS	C:complement(2936527..2937366)	YALI2_C00778g; Adenylylsulfatase HINT3
yli:2907332	CDS	C:2938326..2939186	YALI2_C00430g; Proteasome subunit beta type-5
yli:2907328	CDS	C:complement(2939410..2942451)	YALI2_C00777g; Fork-head transcriptional regulator FHL1
yli:2907329	CDS	C:2943847..2944755	YALI2_C00431g; NADPH-dependent alpha-keto amide reductase
yli:2907330	CDS	C:complement(2944979..2946025)	YALI2_C00776g; SVP1-like protein 2
yli:2907322	CDS	C:2948432..2950072	YALI2_C00432g; Amidophosphoribosyltransferase
yli:2907323	CDS	C:complement(2950315..2951928)	YALI2_C00775g; DnaJ subfamily C member 21
yli:2907319	CDS	C:2952404..2953165	YALI2_C00433g; Vacuolar-sorting protein SNF8
yli:2907320	CDS	C:2953550..2954911	YALI2_C00434g; Cytoplasmic dynein 1 light intermediate chain 1
yli:2907321	CDS	C:complement(2955025..2957064)	YALI2_C00774g; Anaphase-promoting complex subunit cut9
yli:2907594	CDS	C:2957418..2959310	YALI2_C00435g; Putative exonuclease
yli:2907354	CDS	C:complement(2959488..2960672)	YALI2_C00773g; Hypothetical protein
yli:2907616	CDS	C:2961974..2963083	YALI2_C00436g; Saccharopine dehydrogenase [NAD(+), L-lysine-forming]
yli:2907355	CDS	C:complement(2963546..2964982)	YALI2_C00772g; Hypothetical protein
yli:2907356	CDS	C:complement(2965411..2966793)	YALI2_C00771g; Aspyridones efflux protein ApdF
yli:2907011	CDS	C:2970890..2972437	YALI2_C00437g; Putative glycosidase crf2
yli:2906911	CDS	C:join(2972779..2972857,2973663..2973997)	YALI2_C00438g; Hypothetical protein
yli:2906912	CDS	C:2974673..2977510	YALI2_C00439g; BRCT-containing protein 1
yli:2906913	CDS	C:join(2979333..2979355,2979584..2979657,2979873..2979941,2980231..2981534)	YALI2_C00440g; 6-phosphogluconate dehydrogenase, decarboxylating
yli:2906966	CDS	C:complement(2981833..2982417)	YALI2_C00770g; Hypothetical protein
yli:2906967	CDS	C:complement(2982984..2985179)	YALI2_C00769g; Pre-mRNA-splicing factor ATP-dependent RNA helicase PRP43
yli:2906959	CDS	C:join(2985756..2985901,2985954..2987583)	YALI2_C00441g; Atypical kinase COQ8
yli:2906960	CDS	C:complement(2987861..2990845)	YALI2_C00768g; Rho-GTPase-activating protein 8
yli:2906937	CDS	C:2992020..2994065	YALI2_C00442g; Putative translation initiation factor eIF-2B subunit epsilon
yli:2906938	CDS	C:join(2995415..2995509,2995896..2999639,2999685..3003045)	YALI2_C00443g; Histidine protein kinase 1
yli:2906940	CDS	C:join(3004739..3004786,3004896..3004981,3005061..3005502)	YALI2_C00444g; Cell division control protein 42
yli:2906924	CDS	C:join(3006038..3006077,3006136..3007772)	YALI2_C00445g; T-complex protein 1 subunit alpha
yli:2907037	CDS	C:3008977..3011025	YALI2_C00446g; Sterol uptake control protein 2
yli:2907038	CDS	C:3011501..3012478	YALI2_C00447g; Hsp90 co-chaperone AHA1
yli:2907039	CDS	C:complement(3012638..3014668)	YALI2_C00767g; Hypothetical protein
yli:2907025	CDS	C:3015027..3015914	YALI2_C00448g; Ubiquinone biosynthesis O-methyltransferase
yli:2907026	CDS	C:complement(3016065..3018245)	YALI2_C00766g; MAP kinase kinase PBS2
yli:90949585	CDS	C:3020032..3020496	YALI2_C00449g; Hypothetical protein
yli:2906821	tRNA	C:3021202..3021275	YALI2_C00063t; tRNA-Val
yli:2906822	CDS	C:complement(3021719..3023248)	YALI2_C00765g; Abhydrolase domain-containing protein
yli:2906823	CDS	C:3024772..3027273	YALI2_C00450g; Phosphatidylinositol-glycan-specific phospholipase D
yli:2906791	CDS	C:complement(3027416..3027781)	YALI2_C00764g; Hypothetical protein
yli:2906792	CDS	C:complement(3029080..3030471)	YALI2_C00763g; Hypothetical protein
yli:2906793	CDS	C:3031752..3033101	YALI2_C00451g; Mevalonate kinase
yli:2906783	CDS	C:complement(3033295..3034260)	YALI2_C00762g; Putative mitochondrial transport protein FSF1
yli:2906784	CDS	C:complement(3035098..3035490)	YALI2_C00761g; Hypothetical protein
yli:2906785	CDS	C:complement(3036751..3038334)	YALI2_C00760g; GMP synthase [glutamine-hydrolyzing]
yli:2906630	CDS	C:3040135..3041127	YALI2_C00452g; Protein farnesyltransferase/geranylgeranyltransferase type-1 subunit alpha
yli:2906627	CDS	C:3042659..3043822	YALI2_C00453g; Hypothetical protein
yli:2906628	CDS	C:3044711..3045547	YALI2_C00454g; Putative NADP-dependent mannitol dehydrogenase
yli:2906629	CDS	C:complement(3045661..3046755)	YALI2_C00759g; Catabolic L-serine/threonine dehydratase
yli:2906836	CDS	C:complement(3048486..3050729)	YALI2_C00758g; Endopolyphosphatase
yli:2906837	CDS	C:3052054..3055563	YALI2_C00455g; DNA-directed RNA polymerase III subunit RPC2
yli:2907544	CDS	C:complement(join(3055731..3056323,3056445..3056496))	YALI2_C00757g; Histone H1
yli:2907545	CDS	C:complement(3056877..3058778)	YALI2_C00756g; Hypothetical protein
yli:2907503	CDS	C:complement(3059605..3062565)	YALI2_C00755g; Chitin synthase 2
yli:2907504	tRNA	C:complement(3063230..3063301)	YALI2_C00064t; tRNA-His
yli:2907515	CDS	C:3063575..3064861	YALI2_C00456g; Vacuolar protein sorting-associated protein 4
yli:2907516	CDS	C:complement(3065042..3066868)	YALI2_C00754g; Amino-acid acetyltransferase
yli:2907517	CDS	C:complement(3067628..3069364)	YALI2_C00753g; Putative transporter
yli:2907461	CDS	C:complement(3071407..3073647)	YALI2_C00752g; Dolichyl-diphosphooligosaccharide--protein glycosyltransferase subunit stt3
yli:2907462	CDS	C:3074483..3075454	YALI2_C00457g; Hypothetical protein
yli:2907463	CDS	C:complement(3076427..3077908)	YALI2_C00751g; Golgi pH regulator
yli:2907445	CDS	C:3080640..3082190	YALI2_C00458g; Subtilisin-like protease
yli:2907446	CDS	C:3085130..3086863	YALI2_C00459g; General amino-acid permease GAP2
yli:2907385	CDS	C:3087524..3090289	YALI2_C00460g; DNA replication licensing factor mcm6
yli:2907386	CDS	C:join(3090902..3091067,3091114..3091598)	YALI2_C00461g; HD domain-containing protein
yli:2907364	CDS	C:complement(3091747..3093093)	YALI2_C00750g; UDP-N-acetylglucosamine--dolichyl-phosphate N-acetylglucosaminephosphotransferase
yli:2907365	CDS	C:3094117..3095076	YALI2_C00462g; Nucleoporin SEH1
yli:2907366	CDS	C:3098847..3102098	YALI2_C00463g; Hypothetical protein
yli:2907266	CDS	C:3102664..3103896	YALI2_C00464g; Ribosome biogenesis protein NSA1
yli:2907267	CDS	C:3105033..3107474	YALI2_C00465g; Hypothetical protein
yli:2907268	CDS	C:complement(3107713..3108630)	YALI2_C00749g; Ubiquitin carboxyl-terminal hydrolase 2
yli:2907153	CDS	C:complement(3109068..3109916)	YALI2_C00748g; Altered inheritance rate of mitochondria protein 25
yli:2907154	CDS	C:3111046..3111828	YALI2_C00466g; mitochondrial 37S ribosomal protein mS42
yli:2907137	CDS	C:complement(3112222..3112929)	YALI2_C00747g; Hypothetical protein
yli:2907138	CDS	C:3113343..3113852	YALI2_C00467g; Vacuolar protein-sorting-associated protein 25
yli:2907139	CDS	C:3116749..3118950	YALI2_C00468g; Resistance to glucose repression protein 1
yli:2907135	CDS	C:join(3119828..3122278,3122334..3123854)	YALI2_C00469g; Vacuolar protein sorting-associated protein 54
yli:2907136	CDS	C:3124804..3125721	YALI2_C00470g; Hypothetical protein
yli:90949590	CDS	C:complement(3125956..3126198)	YALI2_C00746g; Hypothetical protein
yli:2907090	CDS	C:3127902..3130001	YALI2_C00471g; Hypothetical protein
yli:2907091	CDS	C:complement(3130481..3132742)	YALI2_C00745g; ATP-dependent RNA helicase DRS1
yli:2907092	CDS	C:join(3133336..3133404,3133462..3136251)	YALI2_C00472g; Replication factor C subunit 1
yli:2907066	CDS	C:complement(3136508..3136822)	YALI2_C00744g; Hypothetical protein
yli:2907067	CDS	C:3137333..3137878	YALI2_C00473g; Hypothetical protein
yli:2906948	CDS	C:3140102..3140878	YALI2_C00474g; Ras-like protein
yli:2906949	CDS	C:3142242..3144869	YALI2_C00475g; DDK kinase regulatory subunit DBF4
yli:2906950	CDS	C:join(3147123..3153741,3154036..3156068)	YALI2_C00476g; Mucin-5AC
yli:2906780	CDS	C:complement(3156240..3157166)	YALI2_C00743g; Galactinol synthase 1
yli:7009415	CDS	C:3157861..3158331	YALI2_C00477g; Hypothetical protein
yli:2906781	CDS	C:3158886..3161165	YALI2_C00478g; Ubiquitin carboxyl-terminal hydrolase 14
yli:2906749	tRNA	C:join(3161513..3161548,3161566..3161601)	YALI2_C00065t; tRNA-Arg
yli:2906750	CDS	C:complement(3161694..3163442)	YALI2_C00742g; Sugar transporter STL1
yli:2906751	CDS	C:3166364..3167188	YALI2_C00479g; Hypothetical protein
yli:2906711	CDS	C:complement(3167243..3168550)	YALI2_C00741g; Hypothetical protein
yli:2906679	CDS	C:3168828..3169484	YALI2_C00480g; C-8 sterol isomerase
yli:2906680	CDS	C:complement(3170645..3172213)	YALI2_C00740g; Dol-P-Glc:Glc(2)Man(9)GlcNAc(2)-PP-Dol alpha-1,2-glucosyltransferase
yli:2906681	CDS	C:3172557..3174614	YALI2_C00481g; Maintenance of telomere capping protein 6
yli:2906634	CDS	C:complement(3174734..3176014)	YALI2_C00739g; Meiosis-specific APC/C activator protein AMA1
yli:2906635	CDS	C:complement(3178379..3180436)	YALI2_C00738g; Putative ferric reductase transmembrane component
yli:7009416	CDS	C:3182231..3182455	YALI2_C00482g; Hypothetical protein
yli:2906636	CDS	C:3183784..3184752	YALI2_C00483g; Protein ATP11
yli:2906621	CDS	C:3185448..3186320	YALI2_C00484g; Bifunctional chorismate mutase/prephenate dehydratase
yli:2906622	CDS	C:complement(join(3186621..3186866,3187465..3187514,3187558..3187594))	YALI2_C00737g; RING-box protein 1
yli:2907497	CDS	C:complement(3189201..3190331)	YALI2_C00736g; Actin-related protein 2/3 complex subunit 1
yli:2907498	CDS	C:3191899..3193347	YALI2_C00485g; Adenylosuccinate lyase
yli:2907512	CDS	C:complement(3193572..3194279)	YALI2_C00735g; Mediator of RNA polymerase II transcription subunit 7
yli:2907513	CDS	C:3195025..3195516	YALI2_C00486g; Hypothetical protein
yli:2907514	CDS	C:complement(3195643..3197157)	YALI2_C00734g; Hypothetical protein
yli:2907388	CDS	C:join(3198163..3198176,3199025..3199427)	YALI2_C00487g; ER-derived vesicles protein ERV14
yli:2907281	CDS	C:3200222..3201412	YALI2_C00488g; Translocation protein SEC62
yli:2907389	CDS	C:complement(3201659..3202558)	YALI2_C00733g; Mitochondrial N(5)-glutamine methyltransferase MTQ1
yli:2907228	CDS	C:3205218..3207140	YALI2_C00489g; Serine/threonine-protein kinase ssp1
yli:7009417	rRNA	C:complement(3207272..3207387)	YALI2_C00022r; 5S ribosomal RNA
yli:2907229	tRNA	C:complement(join(3207396..3207430,3207447..3207483))	YALI2_C00066t; tRNA-Asp
yli:2907230	CDS	C:complement(join(3208038..3209832,3209893..3209948,3209996..3210016))	YALI2_C00732g; Fimbrin
yli:2907211	CDS	C:complement(3211511..3212542)	YALI2_C00731g; 3-keto-steroid reductase
yli:2907212	CDS	C:complement(3213232..3215799)	YALI2_C00730g; Protein arg-6
yli:2907213	CDS	C:3218744..3219862	YALI2_C00490g; 3-ketodihydrosphingosine reductase TSC10
yli:2907160	CDS	C:complement(join(3220705..3220964,3221016..3221046))	YALI2_C00729g; MICOS complex subunit MIC12
yli:2907161	CDS	C:join(3221263..3221282,3221833..3222430)	YALI2_C00491g; mitochondrial 54S ribosomal protein bL17m
yli:2907100	CDS	C:join(3224333..3224475,3224534..3228806)	YALI2_C00492g; Hypothetical protein
yli:2907101	CDS	C:3232152..3233732	YALI2_C00493g; Putative MFS-type transporter
yli:2906992	CDS	C:complement(join(3234099..3235832,3235884..3235973))	YALI2_C00728g; Cytoplasmic dynein 1 intermediate chain
yli:2907214	CDS	C:3236589..3237371	YALI2_C00494g; DNA replication complex GINS protein SLD5
yli:2906993	CDS	C:3238213..3241521	YALI2_C00495g; Putative WD repeat-containing protein
yli:2906994	CDS	C:complement(3242870..3245782)	YALI2_C00727g; Low-affinity potassium transport protein
yli:2906987	CDS	C:3248073..3248897	YALI2_C00496g; Pre-mRNA-splicing factor cwf16
yli:2906988	CDS	C:complement(3249229..3250545)	YALI2_C00726g; Hypothetical protein
yli:2906906	CDS	C:complement(3251625..3254147)	YALI2_C00725g; Sulfate permease 2
yli:2906907	tRNA	C:join(3256601..3256638,3256657..3256692)	YALI2_C00067t; tRNA-Asn
yli:2906908	CDS	C:complement(3257716..3260523)	YALI2_C00724g; Endo-1,3(4)-beta-glucanase 1
yli:2906880	CDS	C:complement(3262205..3264337)	YALI2_C00723g; Telomeric DNA-binding factor trf1
yli:2906881	CDS	C:3265560..3266252	YALI2_C00497g; Vacuolar protein-sorting-associated protein 24
yli:2906882	CDS	C:complement(join(3266997..3267716,3267821..3267835))	YALI2_C00722g; Transcription initiation factor TFIID subunit 14
yli:2906961	CDS	C:complement(3268228..3268944)	YALI2_C00721g; Hypothetical protein
yli:2906962	tRNA	C:complement(3269545..3269616)	YALI2_C00068t; tRNA-Thr
yli:2906963	CDS	C:3272545..3273390	YALI2_C00498g; RNA exonuclease 4
yli:2906986	CDS	C:complement(3273960..3274514)	YALI2_C00720g; Protein ORM1
yli:2906689	CDS	C:3277389..3280424	YALI2_C00499g; Hypothetical protein
yli:2906690	CDS	C:3282661..3285420	YALI2_C00500g; Hypothetical protein
yli:2906691	CDS	C:complement(3286253..3288190)	YALI2_C00719g; Hypothetical protein
yli:2906671	CDS	C:complement(3290758..3291201)	YALI2_C00718g; Pre-mRNA-splicing factor cwf14
yli:2906672	CDS	C:3292486..3293922	YALI2_C00501g; Transmembrane protein
yli:2907554	CDS	C:3301114..3302661	YALI2_C00502g; Global transcription regulator sge1
yli:7009418	CDS	C:join(3307280..3307322,3307766..3307968)	YALI2_C00503g; Metal homeostasis factor ATX1
yli:2907555	CDS	C:complement(3308242..3309636)	YALI2_C00717g; Queuine tRNA-ribosyltransferase
yli:2907556	CDS	C:3310070..3310792	YALI2_C00504g; Nucleolar protein 16
yli:2907547	CDS	C:complement(3312344..3313612)	YALI2_C00716g; Mannose-6-phosphate isomerase
yli:2907548	CDS	C:3316833..3317507	YALI2_C00505g; Hypothetical protein
yli:2907373	CDS	C:complement(3317883..3318149)	YALI2_C00715g; Hypothetical protein
yli:2907374	CDS	C:complement(3322181..3323539)	YALI2_C00714g; Hypothetical protein
yli:2907375	CDS	C:3324167..3325276	YALI2_C00506g; tRNA-specific adenosine deaminase 1
yli:2907391	CDS	C:complement(join(3325664..3325713,3326425..3326866))	YALI2_C00713g; Ankyrin repeat-containing protein
yli:2907392	CDS	C:3328364..3331087	YALI2_C00507g; Importin subunit beta-5
yli:2907393	CDS	C:complement(3331517..3332083)	YALI2_C00712g; Hypothetical protein
yli:2907240	CDS	C:complement(3332740..3334569)	YALI2_C00711g; CUE domain-containing protein 3
yli:2907241	CDS	C:3335352..3335966	YALI2_C00508g; Protein arginine N-methyltransferase SFM1
yli:90949586	CDS	C:3343154..3344434	YALI2_C00509g; Hypothetical protein
yli:2907192	CDS	C:3348806..3350632	YALI2_C00510g; Hypothetical protein
yli:2907193	CDS	C:complement(3350785..3351306)	YALI2_C00710g; Iron-sulfur protein IND1
yli:2907194	CDS	C:3352117..3353562	YALI2_C00511g; tRNA modification GTPase MSS1
yli:2907097	CDS	C:complement(3353760..3355493)	YALI2_C00709g; GRIP domain-containing protein RUD3
yli:2907098	CDS	C:3356684..3357175	YALI2_C00512g; Protein SYS1
yli:2907083	CDS	C:complement(3357595..3358233)	YALI2_C00708g; Hypothetical protein
yli:2907084	CDS	C:3359504..3360532	YALI2_C00513g; Casein kinase II subunit alpha
yli:2907085	CDS	C:complement(3361402..3363762)	YALI2_C00707g; DNA replication licensing factor mcm7
yli:2907023	CDS	C:complement(3364506..3365363)	YALI2_C00706g; Hypothetical protein
yli:2907024	CDS	C:complement(join(3367351..3372629,3372680..3373509,3374180..3374229))	YALI2_C00705g; Adenylate cyclase
yli:2906885	CDS	C:complement(3376439..3377374)	YALI2_C00704g; Ras-related protein Rab-4B
yli:2906886	CDS	C:join(3379650..3379677,3380608..3384125)	YALI2_C00514g; Clustered mitochondria protein
yli:7009419	rRNA	C:complement(3384326..3384441)	YALI2_C00023r; 5S ribosomal RNA
yli:2906887	tRNA	C:complement(3384450..3384520)	YALI2_C00069t; tRNA-Gly
yli:2906929	CDS	C:complement(3385218..3386660)	YALI2_C00703g; Putative esterase
yli:2906930	CDS	C:3390938..3392257	YALI2_C00515g; N-acyl-phosphatidylethanolamine-hydrolyzing phospholipase D
yli:2907032	CDS	C:complement(3393126..3394067)	YALI2_C00702g; 3-methyl-2-oxobutanoate hydroxymethyltransferase
yli:2907033	CDS	C:3395655..3396161	YALI2_C00516g; DNA polymerase delta subunit 4
yli:2907034	CDS	C:join(3396901..3397036,3397516..3397771,3397910..3401054)	YALI2_C00517g; Hypothetical protein
yli:2907551	CDS	C:complement(3403282..3406086)	YALI2_C00701g; Hypothetical protein
yli:2907552	CDS	C:3413887..3415551	YALI2_C00518g; MFS siderochrome iron transporter 1
yli:2907553	CDS	C:3420392..3421987	YALI2_C00519g; MFS siderochrome iron transporter 1
yli:2906820	CDS	C:complement(3422928..3423734)	YALI2_C00700g; Hypothetical protein
yli:90949587	CDS	C:join(3427257..3427553,3427664..3427915)	YALI2_C00520g; Hypothetical protein
yli:2906653	CDS	C:complement(3428124..3429962)	YALI2_C00699g; Protein ECM25
yli:2907282	CDS	C:3431964..3434702	YALI2_C00521g; Recyclin-1
yli:2906654	CDS	C:complement(join(3436073..3436458,3436704..3437514))	YALI2_C00698g; Hypothetical protein
yli:2906850	CDS	C:complement(3438233..3438898)	YALI2_C00697g; Hypothetical protein
yli:2906851	tRNA	C:complement(3439148..3439229)	YALI2_C00070t; tRNA-Ser
yli:2906852	CDS	C:complement(3439699..3440991)	YALI2_C00696g; Hercynylcysteine sulfoxide lyase
yli:2906825	CDS	C:complement(3441689..3443827)	YALI2_C00695g; NADPH oxidase activator 1
yli:2906826	CDS	C:join(3448986..3448994,3449040..3450323)	YALI2_C00522g; G2/mitotic-specific cyclin-4
yli:2906827	CDS	C:complement(3451504..3452592)	YALI2_C00694g; Hypothetical protein
yli:2907410	CDS	C:complement(3454198..3456078)	YALI2_C00693g; MFS siderochrome iron transporter C
yli:2907411	tRNA	C:join(3459280..3459316,3459329..3459363)	YALI2_C00071t; tRNA-Gln
yli:2907412	CDS	C:complement(3460196..3461557)	YALI2_C00692g; Alkaline extracellular protease
yli:2907425	CDS	C:3466281..3467999	YALI2_C00523g; Arginine permease CAN1
yli:2907426	CDS	C:3469745..3470716	YALI2_C00524g; Serine racemase
yli:2907422	CDS	C:join(3471762..3471864,3472259..3477810)	YALI2_C00525g; Fatty acid synthase subunit alpha
yli:2907423	tRNA	C:complement(join(3478035..3478070,3478090..3478127))	YALI2_C00072t; tRNA-Ile
yli:2907424	CDS	C:3478616..3479644	YALI2_C00526g; Hypothetical protein
yli:2907271	CDS	C:3480845..3482434	YALI2_C00527g; Carboxylic acid transporter protein
yli:2907272	CDS	C:3485578..3487338	YALI2_C00528g; General amino-acid permease GAP2
yli:2907273	tRNA	C:join(3488246..3488281,3488296..3488331)	YALI2_C00073t; tRNA-Pro
yli:2907246	CDS	C:complement(3488638..3489516)	YALI2_C00691g; tRNA (guanine-N(7)-)-methyltransferase
yli:2907247	CDS	C:3490633..3492654	YALI2_C00529g; Dipeptidyl peptidase 3
yli:2907248	CDS	C:complement(3496518..3497729)	YALI2_C00690g; Cell pattern formation-associated protein StuA
yli:2907243	CDS	C:complement(join(3502633..3503674,3503878..3504023))	YALI2_C00689g; Peroxisomal biogenesis factor 3
yli:2907244	CDS	C:3504613..3505422	YALI2_C00530g; Hypothetical protein
yli:2907149	CDS	C:complement(join(3506028..3506500,3506742..3506838))	YALI2_C00688g; Protein YOP1
yli:2907151	CDS	C:complement(3508536..3509720)	YALI2_C00687g; Programmed cell death protein 6
yli:2907130	CDS	C:3510479..3512713	YALI2_C00531g; TEL2-interacting protein 1
yli:2907131	CDS	C:3513860..3514507	YALI2_C00532g; Hypothetical protein
yli:2907125	CDS	C:3517031..3517366	YALI2_C00533g; Hypothetical protein
yli:2907126	CDS	C:complement(3518987..3520795)	YALI2_C00686g; General amino-acid permease GAP1
yli:2907113	CDS	C:complement(3524188..3525432)	YALI2_C00685g; Hypothetical protein
yli:2907114	CDS	C:3526573..3527625	YALI2_C00534g; Hypothetical protein
yli:2907019	CDS	C:complement(3527914..3528951)	YALI2_C00684g; Hypothetical protein
yli:2907020	CDS	C:3529927..3531759	YALI2_C00535g; Hypothetical protein
yli:2907021	tRNA	C:complement(join(3531906..3531941,3531961..3531998))	YALI2_C00074t; tRNA-Ile
yli:2907004	CDS	C:complement(3532433..3533539)	YALI2_C00683g; Formate dehydrogenase
yli:7009420	rRNA	C:complement(3534625..3534740)	YALI2_C00024r; 5S ribosomal RNA
yli:2907005	CDS	C:complement(join(3535024..3541416,3541901..3541924))	YALI2_C00682g; Glutamate synthase [NADH]
yli:2907006	CDS	C:3545501..3546589	YALI2_C00536g; Phospho-2-dehydro-3-deoxyheptonate aldolase, phenylalanine-inhibited
yli:2906891	CDS	C:complement(3548867..3550738)	YALI2_C00681g; Lysine permease LysP
yli:2906892	CDS	C:complement(3552683..3553723)	YALI2_C00680g; mitochondrial 37S ribosomal protein mS42
yli:2906893	CDS	C:complement(join(3556002..3557340,3558640..3558890))	YALI2_C00679g; Protein PAL1
yli:2906964	tRNA	C:join(3561820..3561855,3561871..3561906)	YALI2_C00075t; tRNA-Trp
yli:2906965	CDS	C:complement(3562075..3563256)	YALI2_C00678g; Putative aspartic-type endopeptidase OpsB
yli:2907046	CDS	C:complement(join(3565077..3566050,3566678..3566681))	YALI2_C00677g; Elongation of fatty acids protein 2
yli:2907047	CDS	C:complement(join(3570225..3574142,3574702..3574752))	YALI2_C00676g; Rho1 guanine nucleotide exchange factor 1
yli:2907048	CDS	C:3576162..3576689	YALI2_C00537g; Actin-related protein 2/3 complex subunit 3
yli:2906716	CDS	C:complement(join(3577216..3582804,3583797..3583916))	YALI2_C00675g; Putative DNA-binding protein SNT1
yli:2906717	CDS	C:3586517..3587284	YALI2_C00538g; Hypothetical protein
yli:2907294	CDS	C:3590704..3591579	YALI2_C00539g; Cell wall mannoprotein
yli:2906694	CDS	C:complement(3594556..3595008)	YALI2_C00674g; D-amino-acid N-acetyltransferase HPA3
yli:2906695	CDS	C:3597076..3598125	YALI2_C00540g; Lipase A
yli:2907626	CDS	C:3599020..3600486	YALI2_C00541g; NADH-ubiquinone oxidoreductase 51 kDa subunit
yli:2906696	CDS	C:complement(3601127..3602542)	YALI2_C00673g; Intermediate cleaving peptidase 55
yli:2906632	CDS	C:complement(3602832..3603794)	YALI2_C00672g; Glutathione S-transferase omega-like 2
yli:2906633	CDS	C:complement(3605093..3606007)	YALI2_C00671g; Phosphoserine phosphatase
yli:2906615	CDS	C:3607357..3608817	YALI2_C00542g; Putative RNA-binding protein
yli:2906616	CDS	C:complement(3609179..3610084)	YALI2_C00670g; Prohibitin-2
yli:2906617	CDS	C:join(3612285..3612304,3612444..3612867)	YALI2_C00543g; 40S ribosomal protein eS19
yli:7009421	rRNA	C:3614194..3614309	YALI2_C00025r; 5S ribosomal RNA
yli:2907058	CDS	C:3615606..3616784	YALI2_C00544g; Candidapepsin
yli:90949589	CDS	C:complement(join(3619806..3619899,3620091..3620257))	YALI2_C00669g; Sporulation-specific protein 12
yli:2907368	CDS	C:3623698..3625794	YALI2_C00545g; KNR4/SMI1
yli:2907369	CDS	C:complement(3625977..3627218)	YALI2_C00668g; Nucleus export protein BRR6
yli:2907397	CDS	C:complement(3628561..3629427)	YALI2_C00667g; 4-sulfomuconolactone hydrolase
yli:2907398	CDS	C:complement(3630729..3631943)	YALI2_C00666g; Protein pelota
yli:2907286	CDS	C:3632540..3634912	YALI2_C00546g; AP-3 complex subunit beta
yli:2907287	CDS	C:complement(3635229..3636770)	YALI2_C00665g; Cytochrome P450 52A13
yli:2907288	CDS	C:complement(3637772..3641113)	YALI2_C00664g; U2 snRNP component prp10
yli:2907190	CDS	C:3642045..3643772	YALI2_C00547g; GPI transamidase component GPI16
yli:2907191	CDS	C:complement(3643860..3645443)	YALI2_C00663g; Acid phosphatase
yli:2907324	CDS	C:3646083..3647045	YALI2_C00548g; Hypothetical protein
yli:2907325	CDS	C:complement(3647494..3648960)	YALI2_C00662g; Carboxypeptidase Y
yli:2907326	CDS	C:complement(join(3649853..3652257,3653409..3654264))	YALI2_C00661g; Putative AAA domain-containing protein
yli:2907093	CDS	C:3656499..3657899	YALI2_C00549g; Mitochondrial import inner membrane translocase subunit TIM50
yli:2907094	CDS	C:join(3659038..3659206,3659255..3659979)	YALI2_C00550g; Rhomboid protein 2
yli:2907061	CDS	C:3660419..3661003	YALI2_C00551g; Ankyrin repeat-containing protein YAR1
yli:7009422	CDS	C:complement(join(3661423..3661825,3662052..3662158))	YALI2_C00660g; Ubiquitin-conjugating enzyme E2-18 kDa
yli:2907062	CDS	C:3663128..3664315	YALI2_C00552g; ATP-dependent RNA helicase eIF4A
yli:2907076	CDS	C:3667075..3669126	YALI2_C00553g; Hypothetical protein
yli:2906970	CDS	C:complement(3670498..3670878)	YALI2_C00659g; Plasma membrane proteolipid 3
yli:2906971	CDS	C:3671383..3672171	YALI2_C00554g; Hypothetical protein
yli:2906972	CDS	C:complement(3672243..3673919)	YALI2_C00658g; Putative transporter
yli:2906642	CDS	C:complement(3675032..3676453)	YALI2_C00657g; Pre-mRNA-splicing factor
yli:2906643	CDS	C:3677044..3678993	YALI2_C00555g; Hypothetical protein
yli:2906644	CDS	C:join(3679538..3679586,3679926..3680326)	YALI2_C00556g; 60S ribosomal protein uL15
yli:2906796	CDS	C:3681057..3682919	YALI2_C00557g; Prolyl 3,4-dihydroxylase ofd1
yli:2906797	CDS	C:complement(3683461..3684375)	YALI2_C00656g; Protein GVP36
yli:2906756	CDS	C:complement(3685762..3687414)	YALI2_C00655g; Polyamine transporter 2
yli:2906757	CDS	C:3688072..3688569	YALI2_C00558g; Hypothetical protein
yli:2906739	CDS	C:3689921..3691426	YALI2_C00559g; Aminopeptidase Y
yli:2906740	CDS	C:complement(3693946..3694689)	YALI2_C00654g; Hypothetical protein
yli:2906741	CDS	C:3695473..3696903	YALI2_C00560g; Putative metabolite transport protein
yli:2906701	CDS	C:join(3697202..3697226,3697631..3697929)	YALI2_C00561g; ribosomal protein P1
yli:2906702	CDS	C:complement(3698979..3699560)	YALI2_C00653g; Hypothetical protein
yli:2906861	CDS	C:3699929..3700798	YALI2_C00562g; Hypothetical protein
yli:2906862	CDS	C:complement(3701679..3703307)	YALI2_C00652g; Hypothetical protein
yli:2906863	CDS	C:3708754..3711174	YALI2_C00563g; AP-1 complex subunit gamma-1
yli:2906828	CDS	C:3711554..3711997	YALI2_C00564g; Hypothetical protein
yli:2906829	CDS	C:complement(3712364..3714580)	YALI2_C00651g; Protein LANA1
yli:2906830	CDS	C:complement(3715638..3716753)	YALI2_C00650g; WD repeat-containing protein pop2
yli:2907464	CDS	C:join(3718458..3718462,3719028..3721107)	YALI2_C00565g; Glutamine--fructose-6-phosphate aminotransferase [isomerizing]
yli:2907465	CDS	C:complement(3723445..3723888)	YALI2_C00649g; Hypothetical protein
yli:2907428	CDS	C:complement(3726799..3727836)	YALI2_C00648g; Alpha-ketoglutarate-dependent taurine dioxygenase
yli:2907429	CDS	C:3729418..3730869	YALI2_C00566g; Ribonuclease H
yli:2907485	CDS	C:complement(3731423..3732694)	YALI2_C00647g; tRNA-dihydrouridine(16/17) synthase [NAD(P)(+)]
yli:7009423	CDS	C:join(3733509..3733614,3734020..3734330)	YALI2_C00567g; ATP synthase subunit G
yli:2907486	CDS	C:complement(3734611..3736254)	YALI2_C00646g; ATP-dependent RNA helicase ROK1
yli:2907487	CDS	C:3740746..3741645	YALI2_C00568g; Protein SFK1
yli:2907618	CDS	C:3745958..3746815	YALI2_C00569g; C2H2 finger domain transcription factor SebA
yli:2907476	CDS	C:complement(3751536..3752489)	YALI2_C00645g; Mitochondrial RNA-splicing protein MRS3
yli:2907477	CDS	C:complement(3754186..3757755)	YALI2_C00644g; Anti-sigma-I factor RsgI2
yli:2907478	tRNA	C:3759284..3759356	YALI2_C00076t; tRNA-Pro
yli:2907249	CDS	C:3760197..3763844	YALI2_C00570g; Vigilin 1
yli:2907250	CDS	C:complement(3764759..3765814)	YALI2_C00643g; Glyoxylate reductase 1
yli:2907202	CDS	C:3766658..3767599	YALI2_C00571g; Oxidoreductase AndH
yli:2907203	CDS	C:complement(3767874..3768356)	YALI2_C00642g; Hypothetical protein
yli:7009424	rRNA	C:complement(3768820..3768935)	YALI2_C00026r; 5S ribosomal RNA
yli:2907204	tRNA	C:complement(join(3768944..3768978,3768988..3769024))	YALI2_C00077t; tRNA-Glu
yli:2907181	CDS	C:complement(3769448..3770377)	YALI2_C00641g; D-galacturonate reductase
yli:2907182	tRNA	C:3772028..3772101	YALI2_C00078t; tRNA-Val
yli:2907183	CDS	C:complement(3772260..3773957)	YALI2_C00640g; Cytochrome P450 monooxygenase AtnE
yli:2907146	CDS	C:complement(3775225..3776409)	YALI2_C00639g; 4-hydroxyphenylpyruvate dioxygenase
yli:2907147	CDS	C:complement(3777467..3778138)	YALI2_C00638g; Hypothetical protein
yli:2907050	CDS	C:3780863..3782038	YALI2_C00572g; Hypothetical protein
yli:2907051	CDS	C:3782569..3783153	YALI2_C00573g; Hypothetical protein
yli:2906761	CDS	C:complement(3785594..3788143)	YALI2_C00637g; Translation initiation factor IF-2
yli:2906752	CDS	C:complement(3788828..3789361)	YALI2_C00636g; Hypothetical protein
yli:2906753	tRNA	C:complement(3790035..3790108)	YALI2_C00079t; tRNA-Met
yli:2906754	tRNA	C:complement(3791766..3791839)	YALI2_C00080t; tRNA-Met
yli:2906704	CDS	C:complement(3794164..3796914)	YALI2_C00635g; Plasma membrane ATPase
yli:2906705	CDS	C:complement(3801674..3804472)	YALI2_C00634g; Protein SAN1
yli:2906706	CDS	C:3805383..3807272	YALI2_C00574g; Proline-rich protein LAS17
yli:7009426	CDS	C:join(3809064..3809094,3809203..3809366)	YALI2_C00575g; uncharacterized protein
yli:2906697	CDS	C:3809869..3810891	YALI2_C00576g; Ubiquitin and WLM domain-containing metalloprotease
yli:2906698	CDS	C:3814145..3814747	YALI2_C00577g; GTP-binding protein ryh1
yli:2906658	CDS	C:3824268..3826040	YALI2_C00578g; C2H2 finger domain transcription factor DvrA
yli:2906659	CDS	C:3831679..3832224	YALI2_C00579g; Hypothetical protein
yli:2906660	CDS	C:complement(3833808..3834584)	YALI2_C00633g; Hypothetical protein
yli:2906638	CDS	C:3835979..3839098	YALI2_C00580g; DNA repair protein rad16
yli:2906639	CDS	C:3839539..3840144	YALI2_C00581g; Hypothetical protein
yli:2906864	CDS	C:complement(3840257..3841681)	YALI2_C00632g; 26S proteasome regulatory subunit RPN7
yli:2906866	CDS	C:3842413..3842826	YALI2_C00582g; CWF19-like protein 1
yli:2906833	tRNA	C:3843084..3843156	YALI2_C00081t; tRNA-Val
yli:2906834	CDS	C:complement(3843351..3845219)	YALI2_C00631g; Retrograde regulation protein 2
yli:2907519	CDS	C:3846255..3846662	YALI2_C00583g; Trafficking protein particle complex subunit 4
yli:2907520	CDS	C:complement(3847172..3848749)	YALI2_C00630g; Hypothetical protein
yli:2907521	CDS	C:3850357..3851805	YALI2_C00584g; Phospho-2-dehydro-3-deoxyheptonate aldolase
yli:2907432	CDS	C:3852680..3854545	YALI2_C00585g; Hypothetical protein
yli:2907433	CDS	C:join(3855289..3855308,3856853..3861812)	YALI2_C00586g; DOCK-like protein
yli:2907419	CDS	C:complement(3866845..3867945)	YALI2_C00629g; Formate dehydrogenase
yli:2907420	CDS	C:3870630..3873233	YALI2_C00587g; CTD kinase subunit alpha
yli:2907421	CDS	C:complement(3873431..3874387)	YALI2_C00628g; Hydroxymethylglutaryl-CoA lyase
yli:2907481	CDS	C:complement(3874800..3876623)	YALI2_C00627g; ATP-dependent RNA helicase DBP6
yli:2907482	CDS	C:join(3876771..3876810,3877131..3877360)	YALI2_C00588g; mitochondrial 37S ribosomal protein uS19m
yli:2907289	CDS	C:complement(3877732..3878922)	YALI2_C00626g; Protein phosphatase 2C
yli:2907290	CDS	C:complement(join(3879552..3879987,3880044..3880087))	YALI2_C00625g; SUMO-conjugating enzyme UBC9
yli:2907615	CDS	C:3880886..3881860	YALI2_C00589g; Peroxisomal biogenesis factor 19
yli:2907291	CDS	C:join(3882289..3882292,3882373..3884702)	YALI2_C00590g; Vacuole morphology and inheritance protein 14
yli:2907186	CDS	C:complement(3885013..3889779)	YALI2_C00624g; Hypothetical protein
yli:2907187	CDS	C:3892315..3895704	YALI2_C00591g; Trafficking protein particle complex subunit 10
yli:2907171	CDS	C:complement(3895794..3897104)	YALI2_C00623g; Hypothetical protein
yli:2907172	CDS	C:complement(3897377..3897829)	YALI2_C00622g; Hypothetical protein
yli:2907107	CDS	C:complement(3898282..3900234)	YALI2_C00621g; GTPase-activating protein GYP3
yli:2907108	CDS	C:3901385..3902953	YALI2_C00592g; pH-response regulator protein PalH/RIM21
yli:2907068	CDS	C:complement(3903277..3903966)	YALI2_C00620g; mitochondrial 37S ribosomal protein mS38
yli:2907069	CDS	C:join(3904633..3904707,3904806..3908585)	YALI2_C00593g; Protein MON2
yli:2907070	CDS	C:complement(3909507..3910910)	YALI2_C00619g; Alkaline extracellular protease
yli:2906903	CDS	C:3913255..3914568	YALI2_C00594g; Kynureninase
yli:2906904	CDS	C:join(3914800..3914964,3915015..3915416)	YALI2_C00595g; Inosine triphosphate pyrophosphatase
yli:2906944	CDS	C:complement(3915511..3916032)	YALI2_C00618g; Adenylate kinase isoenzyme 6
yli:2906945	CDS	C:join(3916769..3916778,3916922..3917655)	YALI2_C00596g; General negative regulator of transcription subunit 2
yli:2906926	CDS	C:3917992..3919779	YALI2_C00597g; Alkaline extracellular protease
yli:2906927	CDS	C:3920698..3921765	YALI2_C00598g; Hypothetical protein
yli:2906928	CDS	C:complement(3921809..3923479)	YALI2_C00617g; Hypothetical protein
yli:2906978	CDS	C:3924269..3924952	YALI2_C00599g; TATA-box-binding protein
yli:2906979	CDS	C:3926025..3927860	YALI2_C00600g; Putative rhomboid protein
yli:2906980	CDS	C:complement(3928010..3928966)	YALI2_C00616g; L-threo-3-deoxy-hexylosonate aldolase
yli:7009427	CDS	C:complement(3929663..3930106)	YALI2_C00615g; Hypothetical protein
yli:2906778	CDS	C:join(3930491..3930517,3930565..3931275)	YALI2_C00601g; NAD(P)H-hydrate epimerase
yli:2906746	CDS	C:complement(join(3931563..3933117,3933253..3934532))	YALI2_C00614g; Mitotic spindle checkpoint component mad3
yli:2906747	CDS	C:3935566..3937263	YALI2_C00602g; Phosphoribosylaminoimidazole carboxylase
yli:2906675	CDS	C:complement(3939133..3941049)	YALI2_C00613g; PAB1-binding protein 1
yli:2906661	CDS	C:join(3942872..3942888,3942954..3943155)	YALI2_C00603g; Vacuolar ATPase assembly integral membrane protein VMA21
yli:2906662	CDS	C:complement(3943347..3944663)	YALI2_C00612g; Delta(14)-sterol reductase
yli:2906623	CDS	C:3945352..3945936	YALI2_C00604g; Mediator of RNA polymerase II transcription subunit 18
yli:2906624	CDS	C:complement(3946221..3947993)	YALI2_C00611g; Pescadillo
yli:2906625	CDS	C:3948383..3949453	YALI2_C00605g; Rhomboid protein 1
yli:2906853	CDS	C:complement(3949645..3950175)	YALI2_C00610g; Glutamyl-tRNA(Gln) amidotransferase subunit F
yli:2906854	CDS	C:join(3951955..3951961,3952288..3952655)	YALI2_C00606g; Vacuolar transporter chaperone 1
yli:2906855	CDS	C:complement(3952715..3954034)	YALI2_C00609g; Polyamine oxidase FMS1
yli:2906728	CDS	C:3955923..3956768	YALI2_C00607g; Hypothetical protein
yli:90949588	CDS	C:3963493..3968619	YALI2_C00608g; Retrovirus-related Pol polyprotein from transposon 17.6
yli:90949528	rRNA	C:3968883..3968998	YALI2_C00027r; 5S ribosomal RNA
yli:90949529	rRNA	C:3980535..3982215	YALI2_C00028r; 18S ribosomal RNA
yli:90949530	rRNA	C:3982277..3987982	YALI2_C00029r; 26S ribosomal RNA
yli:90949531	rRNA	C:3988845..3990525	YALI2_C00030r; 18S ribosomal RNA
yli:90949532	rRNA	C:3990587..3993878	YALI2_C00031r; 26S ribosomal RNA
yli:90949533	rRNA	C:3997394..3999073	YALI2_C00032r; 18S ribosomal RNA
yli:90949534	rRNA	C:3999135..4002426	YALI2_C00033r; 26S ribosomal RNA
yli:90949535	rRNA	C:4005974..4007654	YALI2_C00034r; 18S ribosomal RNA
yli:90949536	rRNA	C:4007716..4011007	YALI2_C00035r; 26S ribosomal RNA
yli:90949538	rRNA	C:4014284..4015964	YALI2_C00036r; 18S ribosomal RNA
yli:90949539	rRNA	C:4016026..4019318	YALI2_C00037r; 26S ribosomal RNA
yli:90949540	rRNA	C:4022831..4024510	YALI2_C00038r; 18S ribosomal RNA
yli:90949541	rRNA	C:4024572..4027857	YALI2_C00039r; 26S ribosomal RNA
yli:90949543	rRNA	C:4031134..4032809	YALI2_C00040r; 18S ribosomal RNA
yli:90949544	rRNA	C:4032871..4036141	YALI2_C00041r; 26S ribosomal RNA
yli:90949545	rRNA	C:4039376..4040494	YALI2_C00042r; 18S ribosomal RNA
yli:90949546	rRNA	C:4040556..4043786	YALI2_C00043r; 26S ribosomal RNA
yli:90949547	rRNA	C:4047231..4048862	YALI2_C00044r; 18S ribosomal RNA
yli:90949548	rRNA	C:4048923..4052139	YALI2_C00045r; 26S ribosomal RNA
yli:90949549	rRNA	C:4055634..4057282	YALI2_C00046r; 18S ribosomal RNA
yli:90949550	rRNA	C:4057344..4060569	YALI2_C00047r; 18S ribosomal RNA
yli:90949551	rRNA	C:4063727..4065376	YALI2_C00048r; 18S ribosomal RNA
yli:90949552	rRNA	C:4065433..4068607	YALI2_C00049r; 26S ribosomal RNA
yli:90949553	rRNA	C:4072117..4073766	YALI2_C00050r; 18S ribosomal RNA
yli:90949554	rRNA	C:4073823..4077030	YALI2_C00051r; 26S ribosomal RNA
yli:90949555	rRNA	C:4080494..4082143	YALI2_C00052r; 18S ribosomal RNA
yli:90949556	rRNA	C:4082203..4085414	YALI2_C00053r; 26S ribosomal RNA
yli:90949557	rRNA	C:4088856..4090441	YALI2_C00054r; 18S ribosomal RNA
yli:90949558	rRNA	C:4090502..4093750	YALI2_C00055r; 26S ribosomal RNA
yli:90949559	rRNA	C:4096616..4098249	YALI2_C00056r; 18S ribosomal RNA
yli:90949609	rRNA	D:complement(289..3486)	YALI2_D00001r; 26S ribosomal RNA
yli:90949610	rRNA	D:complement(3548..5211)	YALI2_D00002r; 18S ribosomal RNA
yli:90949611	rRNA	D:complement(8710..11961)	YALI2_D00003r; 26S ribosomal RNA
yli:90949612	rRNA	D:complement(12023..13659)	YALI2_D00004r; 18S ribosomal RNA
yli:90949613	rRNA	D:complement(14478..20450)	YALI2_D00005r; 26S ribosomal RNA
yli:90949614	rRNA	D:complement(20512..22148)	YALI2_D00006r; 18S ribosomal RNA
yli:90949615	rRNA	D:complement(22972..28782)	YALI2_D00007r; 26S ribosomal RNA
yli:90949616	rRNA	D:complement(28844..30522)	YALI2_D00008r; 18S ribosomal RNA
yli:90949617	rRNA	D:complement(31353..37352)	YALI2_D00009r; 26S ribosomal RNA
yli:90949618	rRNA	D:complement(37414..39089)	YALI2_D00010r; 18S ribosomal RNA
yli:90949619	rRNA	D:complement(39920..45931)	YALI2_D00011r; 26S ribosomal RNA
yli:90949620	rRNA	D:complement(45993..47673)	YALI2_D00012r; 18S ribosomal RNA
yli:90949621	rRNA	D:complement(48504..54518)	YALI2_D00013r; 26S ribosomal RNA
yli:90949622	rRNA	D:complement(54580..56259)	YALI2_D00014r; 18S ribosomal RNA
yli:90949623	rRNA	D:complement(59773..63061)	YALI2_D00015r; 26S ribosomal RNA
yli:90949624	rRNA	D:complement(63123..64803)	YALI2_D00016r; 18S ribosomal RNA
yli:90949625	rRNA	D:complement(65634..71648)	YALI2_D00017r; 26S ribosomal RNA
yli:90949626	rRNA	D:complement(71710..73390)	YALI2_D00018r; 18S ribosomal RNA
yli:7009533	rRNA	D:complement(85047..85162)	YALI2_D00019r; 5S ribosomal RNA
yli:2910370	CDS	D:91826..93805	YALI2_D00001g; Arabinose-proton symporter
yli:2910371	CDS	D:complement(96661..96942)	YALI2_D01125g; Hypothetical protein
yli:2910372	CDS	D:complement(98440..99792)	YALI2_D01124g; Non-specific lipid-transfer protein
yli:2910373	CDS	D:complement(100691..104566)	YALI2_D01123g; Hypothetical protein
yli:2910374	CDS	D:complement(104868..105515)	YALI2_D01122g; Co-chaperone protein HscB
yli:2910375	CDS	D:105700..106908	YALI2_D00002g; Hypothetical protein
yli:2910376	CDS	D:complement(join(107085..107461,107909..108611))	YALI2_D01121g; Transcriptional protein SWT1
yli:2910377	CDS	D:109761..110738	YALI2_D00003g; Hypothetical protein
yli:2910378	CDS	D:complement(111077..113524)	YALI2_D01120g; Essential for maintenance of the cell wall protein 1
yli:2910384	CDS	D:114999..116816	YALI2_D00004g; Putative metal ion transporter
yli:2910385	CDS	D:complement(117167..117616)	YALI2_D01119g; Hypothetical protein
yli:2910386	CDS	D:complement(118426..120045)	YALI2_D01118g; Quinate permease
yli:2910387	CDS	D:complement(121581..123011)	YALI2_D01117g; CUE domain-containing protein 5
yli:2910388	CDS	D:124608..126236	YALI2_D00005g; Hypothetical protein
yli:2910389	CDS	D:complement(126568..127323)	YALI2_D01116g; Protein wos2
yli:2910390	CDS	D:complement(128119..129825)	YALI2_D01115g; Hypothetical protein
yli:2910391	CDS	D:131120..132127	YALI2_D00006g; Hypothetical protein
yli:2910392	CDS	D:complement(132225..133856)	YALI2_D01114g; GABA-specific permease
yli:2910393	tRNA	D:135808..135879	YALI2_D00001t; tRNA-Arg
yli:2910394	CDS	D:136145..137782	YALI2_D00007g; U1 small nuclear ribonucleoprotein component SNU71
yli:2910395	CDS	D:complement(137928..140138)	YALI2_D01113g; Pre-mRNA-splicing factor SYF1
yli:2910396	CDS	D:join(140452..140468,140634..141390)	YALI2_D00008g; V-type proton ATPase subunit D
yli:2910397	CDS	D:complement(142480..143784)	YALI2_D01112g; Cystathionine beta-lyase
yli:2910398	CDS	D:complement(144931..148680)	YALI2_D01111g; Signaling mucin MSB2
yli:2910399	CDS	D:152711..154087	YALI2_D00009g; AFG1-like ATPase
yli:2910400	CDS	D:154853..155641	YALI2_D00010g; Enoyl-CoA delta isomerase 1, peroxisomal
yli:2910401	CDS	D:complement(join(155741..157072,157344..157421))	YALI2_D01110g; ADP-ribosylation factor GTPase-activating protein glo3
yli:2910402	CDS	D:157844..158653	YALI2_D00011g; Mitochondrial import inner membrane translocase subunit TIM21
yli:2910293	CDS	D:complement(159049..159780)	YALI2_D01109g; NADH-ubiquinone oxidoreductase 24 kDa subunit
yli:2910403	CDS	D:complement(160881..162188)	YALI2_D01108g; Zinc-regulated transporter 1
yli:2910404	CDS	D:complement(163973..164740)	YALI2_D01107g; Hypothetical protein
yli:2910405	CDS	D:167254..168831	YALI2_D00012g; Hypothetical protein
yli:2910406	CDS	D:171241..172716	YALI2_D00013g; Aspartate aminotransferase
yli:2910407	CDS	D:173363..174121	YALI2_D00014g; DSC E3 ubiquitin ligase complex subunit 2
yli:2910408	CDS	D:complement(174270..175901)	YALI2_D01106g; Putative amidase
yli:2910294	CDS	D:177478..179493	YALI2_D00015g; Peroxisomal membrane protein PEX17
yli:2910409	CDS	D:179736..180386	YALI2_D00016g; Hypothetical protein
yli:2910410	CDS	D:complement(180705..181874)	YALI2_D01105g; Maintenance of mitochondrial morphology protein 1-1
yli:2910411	CDS	D:182042..183775	YALI2_D00017g; Protein KRI1
yli:2910412	CDS	D:186009..188183	YALI2_D00018g; Hypothetical protein
yli:2910413	CDS	D:complement(188235..189017)	YALI2_D01104g; Hypothetical protein
yli:2910309	CDS	D:191824..192438	YALI2_D00019g; GTP-binding protein rho1
yli:2910415	CDS	D:join(194739..194939,195460..199953)	YALI2_D00020g; Vacuolar membrane-associated protein IML1
yli:2910416	CDS	D:complement(200146..201228)	YALI2_D01103g; Homoserine dehydrogenase
yli:2910417	CDS	D:complement(203979..205757)	YALI2_D01102g; Sugar transporter STL1
yli:2910418	CDS	D:complement(209388..212222)	YALI2_D01101g; mRNA transport regulator MTR10
yli:2910419	CDS	D:join(212996..213022,213075..213305)	YALI2_D00021g; Small nuclear ribonucleoprotein E
yli:2910420	CDS	D:214175..215632	YALI2_D00022g; Vacuolar protein sorting-associated protein 36
yli:2910421	CDS	D:complement(215800..216972)	YALI2_D01100g; Calcium-binding protein 39
yli:2910422	CDS	D:220254..222134	YALI2_D00023g; PH and SEC7 domain-containing protein
yli:2910450	CDS	D:222892..224016	YALI2_D00024g; NADPH dehydrogenase 2
yli:2910451	CDS	D:complement(224400..225566)	YALI2_D01099g; Branched-chain-amino-acid aminotransferase
yli:2910453	CDS	D:232187..232825	YALI2_D00025g; 5-formyltetrahydrofolate cyclo-ligase
yli:2910454	CDS	D:234775..236148	YALI2_D00026g; Acid protease
yli:2910455	CDS	D:238070..240583	YALI2_D00027g; Monodictyphenone cluster transcription factor
yli:2910458	CDS	D:246502..248493	YALI2_D00028g; Hypothetical protein
yli:2910459	CDS	D:250896..253094	YALI2_D00029g; Hypothetical protein
yli:2910460	CDS	D:257258..259018	YALI2_D00030g; C2H2 finger domain transcription factor CrzA
yli:2910461	CDS	D:complement(260083..261024)	YALI2_D01098g; tRNA wybutosine-synthesizing protein 2
yli:2910463	CDS	D:262956..264629	YALI2_D00031g; Hypothetical protein
yli:2910464	CDS	D:265182..265550	YALI2_D00032g; Hypothetical protein
yli:90949628	CDS	D:266450..266785	YALI2_D00033g; uncharacterized protein
yli:90949629	CDS	D:267522..267749	YALI2_D00034g; uncharacterized protein
yli:2910465	CDS	D:complement(join(270961..272670,273044..273106))	YALI2_D01097g; Cell pattern formation-associated protein StuA
yli:2910467	CDS	D:complement(278083..279312)	YALI2_D01096g; VIP36-like protein
yli:2910468	CDS	D:280043..281992	YALI2_D00035g; Multisubstrate pseudouridine synthase 7
yli:2910469	tRNA	D:join(282140..282176,282187..282222)	YALI2_D00002t; tRNA-Lys
yli:2910470	CDS	D:complement(282464..283333)	YALI2_D01095g; Peroxisomal 2,4-dienoyl-CoA reductase SPS19
yli:2910471	CDS	D:complement(283851..284588)	YALI2_D01094g; Hypothetical protein
yli:2910472	CDS	D:complement(286462..287478)	YALI2_D01093g; Trans-enoyl reductase ACTTS2
yli:2910473	CDS	D:join(289654..289691,290101..291010)	YALI2_D00036g; Hypothetical protein
yli:2910474	CDS	D:complement(291212..291790)	YALI2_D01092g; Hypothetical protein
yli:2910475	CDS	D:292033..292971	YALI2_D00037g; mitochondrial 37S ribosomal protein uS5m
yli:2910476	tRNA	D:293849..293920	YALI2_D00003t; tRNA-Ala
yli:2910477	tRNA	D:complement(join(294193..294228,294243..294278))	YALI2_D00004t; tRNA-Trp
yli:2910478	CDS	D:complement(295465..297009)	YALI2_D01091g; RNA polymerase-associated protein RTF1
yli:2910479	CDS	D:298391..300115	YALI2_D00038g; Sporulation protein RMD8
yli:2910480	CDS	D:complement(300654..301337)	YALI2_D01090g; N-glycosylation protein EOS1
yli:2910482	CDS	D:complement(303215..303964)	YALI2_D01089g; Hypothetical protein
yli:2910483	CDS	D:305396..306418	YALI2_D00039g; Putative J domain-containing protein
yli:2910484	CDS	D:310774..312651	YALI2_D00040g; Putative aspartic-type endopeptidase CTSD
yli:2910485	CDS	D:314895..315869	YALI2_D00041g; Putative vacuolar amino acid transporter YPQ2
yli:2910486	CDS	D:complement(317030..317812)	YALI2_D01088g; Hypothetical protein
yli:2910487	CDS	D:318088..318744	YALI2_D00042g; PWI domain-containing protein
yli:2910513	CDS	D:319476..321215	YALI2_D00043g; Carbon catabolite-derepressing protein kinase
yli:2910514	CDS	D:complement(321514..323253)	YALI2_D01087g; Hypothetical protein
yli:2910515	CDS	D:324890..326047	YALI2_D00044g; NAD-dependent histone deacetylase HST3
yli:2910516	CDS	D:327694..328743	YALI2_D00045g; 2-methylene-furan-3-one reductase
yli:90949688	CDS	D:complement(330181..330474)	YALI2_D01086g; uncharacterized protein
yli:2910517	CDS	D:complement(332533..333129)	YALI2_D01085g; Hypothetical protein
yli:2910518	CDS	D:complement(335080..337467)	YALI2_D01084g; Phosphatidate phosphatase APP1
yli:2910519	CDS	D:339203..341089	YALI2_D00046g; Hypothetical protein
yli:2910520	CDS	D:345460..346503	YALI2_D00047g; Transketolase
yli:2910521	CDS	D:351007..353424	YALI2_D00048g; Hypothetical protein
yli:2910522	CDS	D:complement(358686..360149)	YALI2_D01083g; UDP-glucose 6-dehydrogenase
yli:2910523	CDS	D:362386..364245	YALI2_D00049g; Hypothetical protein
yli:2910524	CDS	D:complement(join(364716..365129,365560..365628,365824..365868))	YALI2_D01082g; DNA replication complex GINS protein PSF3
yli:2910525	CDS	D:367225..368412	YALI2_D00050g; BTB/POZ domain-containing protein
yli:2910528	CDS	D:complement(369481..369840)	YALI2_D01081g; Hypothetical protein
yli:2910529	CDS	D:complement(372259..374448)	YALI2_D01080g; Pestheic acid cluster transcriptional regulator 3
yli:2910530	CDS	D:complement(378548..380137)	YALI2_D01079g; Threonine dehydratase
yli:2910531	CDS	D:381610..382347	YALI2_D00051g; Putative uncharacterized hydrolase
yli:2910532	CDS	D:384583..385980	YALI2_D00052g; Mannan endo-1,6-alpha-mannosidase DCW1
yli:2910533	CDS	D:complement(388573..389973)	YALI2_D01078g; Hypothetical protein
yli:2910534	CDS	D:392596..394296	YALI2_D00053g; ATP-dependent DNA helicase PIF1
yli:2910535	CDS	D:join(396531..396546,397600..398477)	YALI2_D00054g; Putative mitochondrial 2-oxodicarboxylate carrier
yli:2910536	CDS	D:400063..400962	YALI2_D00055g; Altered inheritance of mitochondria protein 32
yli:2910537	CDS	D:403364..405583	YALI2_D00056g; SPS-sensor component PTR3
yli:2910538	CDS	D:complement(408172..408501)	YALI2_D01077g; Hypothetical protein
yli:2910539	CDS	D:complement(410144..413509)	YALI2_D01076g; Pre-mRNA-splicing factor RSE1
yli:2910540	CDS	D:416889..418193	YALI2_D00057g; Glucose-signaling factor 2
yli:2910541	CDS	D:424641..426542	YALI2_D00058g; Cyclin-U4-1
yli:2910542	CDS	D:complement(429324..431900)	YALI2_D01075g; Hypothetical protein
yli:2910543	CDS	D:complement(join(433305..433313,433621..434118,435376..435378))	YALI2_D01074g; Transcriptional activator protein DAL81
yli:2910544	CDS	D:436227..437933	YALI2_D00059g; Pre-mRNA-processing factor 40 B
yli:90949687	CDS	D:complement(439976..442099)	YALI2_D01073g; Retrovirus-related Pol polyprotein from type-1 retrotransposable element R2
yli:2910545	CDS	D:complement(442663..443181)	YALI2_D01072g; Signal peptidase complex catalytic subunit SEC11
yli:2910546	CDS	D:444801..446222	YALI2_D00060g; Ubiquitin carboxyl-terminal hydrolase 6
yli:2910547	CDS	D:complement(join(448268..448624,449907..450017))	YALI2_D01071g; Hypothetical protein
yli:2910548	CDS	D:450361..451653	YALI2_D00061g; Hypothetical protein
yli:2910549	CDS	D:complement(452938..454173)	YALI2_D01070g; DnaJ protein xdj1
yli:2910550	CDS	D:455167..456228	YALI2_D00062g; Mitochondrial distribution and morphology protein 10
yli:2910551	CDS	D:complement(457651..459003)	YALI2_D01069g; Alkaline extracellular protease
yli:2910552	CDS	D:join(461637..461685,461789..461832,461913..462392)	YALI2_D00063g; ADP-ribosylation factor-like protein 3
yli:2910559	tRNA	D:join(463670..463706,463720..463754)	YALI2_D00005t; tRNA-Gln
yli:2910560	CDS	D:complement(465023..465658)	YALI2_D01068g; Phosphoribosylglycinamide formyltransferase
yli:2910561	CDS	D:467221..467898	YALI2_D00064g; Sporulation-specific protein spo7
yli:2910562	CDS	D:468897..470921	YALI2_D00065g; Conserved oligomeric Golgi complex subunit 4
yli:2910563	CDS	D:complement(472556..473752)	YALI2_D01067g; Ketol-acid reductoisomerase
yli:2910564	CDS	D:477535..478167	YALI2_D00066g; Septum-promoting GTP-binding protein 1
yli:2910565	CDS	D:join(482614..482641,483065..486192)	YALI2_D00067g; Chitin synthase B
yli:2910566	tRNA	D:complement(join(486627..486662,486673..486709))	YALI2_D00006t; tRNA-Lys
yli:2910567	CDS	D:491317..491976	YALI2_D00068g; Hypothetical protein
yli:2910568	CDS	D:complement(495089..496576)	YALI2_D01066g; Putative CCA tRNA nucleotidyltransferase 2
yli:2910570	CDS	D:complement(501605..504154)	YALI2_D01065g; Ribonucleoside-diphosphate reductase large chain
yli:2910571	CDS	D:complement(505187..505774)	YALI2_D01064g; Hypothetical protein
yli:90949630	CDS	D:507680..507904	YALI2_D00069g; uncharacterized protein
yli:2910573	CDS	D:complement(509558..511120)	YALI2_D01063g; Eukaryotic translation initiation factor 3 subunit L
yli:2910574	tRNA	D:join(512802..512839,512858..512901)	YALI2_D00007t; tRNA-Leu
yli:2910307	CDS	D:complement(513185..514261)	YALI2_D01062g; Acid phosphatase
yli:2910575	CDS	D:complement(join(517034..520516,521059..521148))	YALI2_D01061g; Phosphatidylserine decarboxylase proenzyme 2
yli:90949631	CDS	D:join(522008..522126,522193..522292)	YALI2_D00070g; Hypothetical protein
yli:2910576	CDS	D:complement(522506..524032)	YALI2_D01060g; Mitochondrial chaperone BCS1
yli:2910577	CDS	D:524248..527775	YALI2_D00071g; Ubiquitin carboxyl-terminal hydrolase 2
yli:2910579	CDS	D:complement(529391..530401)	YALI2_D01059g; Vacuolar protein sorting-associated protein 74
yli:2910580	CDS	D:complement(532304..532933)	YALI2_D01058g; Hypothetical protein
yli:2910581	CDS	D:533907..535505	YALI2_D00072g; Putative methionine--tRNA ligase
yli:2910582	CDS	D:complement(535939..536712)	YALI2_D01057g; Hypothetical protein
yli:2910583	CDS	D:complement(537556..540948)	YALI2_D01056g; Hypothetical protein
yli:2910585	CDS	D:complement(join(541788..542600,542838..543398))	YALI2_D01055g; Hypothetical protein
yli:2910586	CDS	D:join(544452..544458,545052..548734)	YALI2_D00073g; DNA-directed RNA polymerase II subunit RPB2
yli:2910587	CDS	D:complement(549860..551605)	YALI2_D01054g; Hypothetical protein
yli:2910588	CDS	D:complement(join(554491..555319,555369..555394))	YALI2_D01053g; 26S proteasome regulatory subunit RPN10
yli:2910589	CDS	D:join(556227..556323,556384..556606,556971..557241)	YALI2_D00074g; Hypothetical protein
yli:2910590	tRNA	D:join(558058..558094,558105..558140)	YALI2_D00008t; tRNA-Lys
yli:2910591	tRNA	D:join(558156..558192,558202..558236)	YALI2_D00009t; tRNA-Glu
yli:2910592	CDS	D:join(558659..558683,558727..559779,559864..559905,559984..565889)	YALI2_D00075g; Serine/threonine-protein kinase TEL1
yli:2910593	CDS	D:complement(566673..567362)	YALI2_D01052g; mitochondrial 37S ribosomal protein mS23
yli:2910594	CDS	D:568263..569978	YALI2_D00076g; Hypothetical protein
yli:7009487	CDS	D:join(570786..570788,570845..570954,571460..571562)	YALI2_D00077g; Protein kish-A
yli:2910595	CDS	D:complement(572068..573993)	YALI2_D01051g; U3 small nucleolar RNA-associated protein 25
yli:2910596	CDS	D:575038..576252	YALI2_D00078g; Hypothetical protein
yli:2910597	CDS	D:complement(join(578291..579130,579174..579176))	YALI2_D01050g; RNA polymerase II holoenzyme cyclin-like subunit
yli:2911056	CDS	D:580976..582130	YALI2_D00079g; Sphingosine N-acyltransferase lag1
yli:2910598	CDS	D:complement(583331..584233)	YALI2_D01049g; High osmolarity signaling protein SHO1
yli:2910599	CDS	D:complement(586586..587065)	YALI2_D01048g; Hypothetical protein
yli:2910624	CDS	D:588323..589252	YALI2_D00080g; D-galacturonate reductase
yli:2910625	CDS	D:591455..594853	YALI2_D00081g; DYRK-family kinase pom1
yli:2910626	CDS	D:complement(595550..596713)	YALI2_D01047g; Hypothetical protein
yli:2910627	CDS	D:599445..600527	YALI2_D00082g; Uracil-DNA glycosylase
yli:2910628	CDS	D:601587..602540	YALI2_D00083g; Putative oxidoreductase
yli:2910629	CDS	D:complement(602684..604216)	YALI2_D01046g; GPI mannosyltransferase 3
yli:2910630	CDS	D:606177..606647	YALI2_D00084g; Ornithine decarboxylase antizyme
yli:2910631	CDS	D:complement(606987..609197)	YALI2_D01045g; ATP-binding cassette sub-family D member 2
yli:2910632	CDS	D:complement(610631..611488)	YALI2_D01044g; Putative cytochrome c peroxidase
yli:2910633	CDS	D:complement(613014..614180)	YALI2_D01043g; Hypothetical protein
yli:2910634	CDS	D:614712..615917	YALI2_D00085g; L-2-hydroxyglutarate oxidase LhgO
yli:2910635	CDS	D:complement(616076..617026)	YALI2_D01042g; Serine/threonine-protein kinase KIN28
yli:2910636	CDS	D:complement(join(617325..617909,617954..618568))	YALI2_D01041g; Hypothetical protein
yli:2910637	CDS	D:complement(join(620441..621225,621274..621388))	YALI2_D01040g; Inositol monophosphatase 1
yli:2910638	CDS	D:622243..623343	YALI2_D00086g; Hypothetical protein
yli:2911070	CDS	D:624617..626785	YALI2_D00087g; NADPH--cytochrome P450 reductase
yli:2910639	CDS	D:complement(join(627180..630953,631166..631258))	YALI2_D01039g; Protein MSN5
yli:2910640	CDS	D:636592..637584	YALI2_D00088g; Regulatory protein cys-3
yli:2910641	CDS	D:complement(join(639056..640508,641034..641041,641517..641534))	YALI2_D01038g; SEC14 cytosolic factor
yli:2910642	CDS	D:complement(643022..646435)	YALI2_D01037g; Hypothetical protein
yli:2910643	tRNA	D:647128..647201	YALI2_D00010t; tRNA-Val
yli:2910644	CDS	D:join(647727..647735,647867..647905,648002..649348)	YALI2_D00089g; SAM50-like protein SPAC17C9.06
yli:2910645	CDS	D:complement(650130..650807)	YALI2_D01036g; Hypothetical protein
yli:90949686	CDS	D:complement(653219..654085)	YALI2_D01035g; Hypothetical protein
yli:2910648	tRNA	D:join(655482..655517,655535..655570)	YALI2_D00011t; tRNA-Arg
yli:2910649	tRNA	D:656708..656779	YALI2_D00012t; tRNA-Met
yli:2910650	CDS	D:complement(657311..658894)	YALI2_D01034g; GTPase MTG2
yli:2910651	CDS	D:659401..661587	YALI2_D00090g; Putative actin-related protein 8
yli:2910652	CDS	D:complement(join(663298..664557,665019..665066))	YALI2_D01033g; Succinate--CoA ligase [ADP-forming] subunit beta
yli:2910653	CDS	D:667399..667893	YALI2_D00091g; Hypothetical protein
yli:2910654	CDS	D:complement(671036..672847)	YALI2_D01032g; Transcription factor SFL1
yli:2910655	CDS	D:681539..682828	YALI2_D00092g; Set1 complex component ash2
yli:2910656	CDS	D:683368..684084	YALI2_D00093g; Protein transport protein yip1
yli:7009488	rRNA	D:685352..685467	YALI2_D00020r; 5S ribosomal RNA
yli:2910657	CDS	D:690263..691681	YALI2_D00094g; 1,3-beta-glucanosyltransferase GAS5
yli:2910658	CDS	D:complement(join(693035..696688,696836..696877))	YALI2_D01031g; Calcium-transporting ATPase 2
yli:7009489	CDS	D:complement(700237..700452)	YALI2_D01030g; Hypothetical protein
yli:2910659	CDS	D:complement(701622..702215)	YALI2_D01029g; Translocation protein sec72
yli:90949685	CDS	D:complement(704813..708655)	YALI2_D01028g; LINE-1 retrotransposable element ORF2 protein
yli:90949684	CDS	D:complement(708718..710862)	YALI2_D01027g; Hypothetical protein
yli:2910660	CDS	D:711330..712622	YALI2_D00095g; Protein NAM8
yli:2910661	CDS	D:complement(join(713580..713921,714304..714411))	YALI2_D01026g; Hypothetical protein
yli:2910662	CDS	D:join(714803..715456,715505..720121)	YALI2_D00096g; Helicase SWR1
yli:2910663	CDS	D:complement(720863..721705)	YALI2_D01025g; NADH-cytochrome b5 reductase 1
yli:2910967	CDS	D:724472..726727	YALI2_D00097g; Transcriptional regulatory protein SEF1
yli:2910968	CDS	D:complement(join(730129..732613,733111..733180,733272..733362))	YALI2_D01024g; Krueppel-like factor 15
yli:2910969	CDS	D:join(739275..739295,740177..740219,740686..745841)	YALI2_D00098g; Pof6 interactor protein 1
yli:2910970	CDS	D:747524..748471	YALI2_D00099g; Mitochondrial nuclease
yli:2910971	CDS	D:complement(748857..750266)	YALI2_D01023g; DNA polymerase subunit delta-2
yli:2910972	tRNA	D:complement(751156..751237)	YALI2_D00013t; tRNA-Ser
yli:2910973	CDS	D:complement(752087..752464)	YALI2_D01022g; Hypothetical protein
yli:2910974	CDS	D:753726..755141	YALI2_D00100g; Methionine aminopeptidase 2
yli:2910975	CDS	D:complement(join(756239..757395,757891..757924))	YALI2_D01021g; Vesicle-associated membrane protein-associated protein SCS2
yli:2910977	tRNA	D:761009..761080	YALI2_D00014t; tRNA-Cys
yli:2910978	CDS	D:762607..763266	YALI2_D00101g; Hypothetical protein
yli:2910979	CDS	D:764716..765351	YALI2_D00102g; Hypothetical protein
yli:2910980	CDS	D:complement(join(765691..766595,767378..767411))	YALI2_D01020g; Vesicle-associated membrane protein-associated protein SCS2
yli:2910981	CDS	D:769688..770554	YALI2_D00103g; Hypothetical protein
yli:2910982	CDS	D:complement(770882..772075)	YALI2_D01019g; UDP-glucuronic acid decarboxylase 1
yli:2910983	CDS	D:join(774181..774264,774314..778660)	YALI2_D00104g; Hypothetical protein
yli:2910984	CDS	D:complement(join(779313..782591,783259..783285))	YALI2_D01018g; Axial budding pattern protein 2
yli:2910985	CDS	D:complement(786772..788688)	YALI2_D01017g; MFS siderochrome iron transporter C
yli:2911025	tRNA	D:join(789776..789812,789822..789856)	YALI2_D00015t; tRNA-Glu
yli:7009490	rRNA	D:789865..789980	YALI2_D00021r; 5S ribosomal RNA
yli:2910292	CDS	D:complement(790547..792733)	YALI2_D01016g; NADH-ubiquinone oxidoreductase 78 kDa subunit
yli:2911026	CDS	D:complement(794052..795467)	YALI2_D01015g; tRNA (guanine(37)-N1)-methyltransferase
yli:2911027	CDS	D:796167..797168	YALI2_D00105g; Exosome complex component RRP4
yli:2911028	CDS	D:complement(797591..798724)	YALI2_D01014g; Putative methyltransferase
yli:2911029	CDS	D:join(800008..800080,800897..801363,801417..801941)	YALI2_D00106g; Serine/arginine-rich splicing factor 9
yli:2911030	CDS	D:802445..803974	YALI2_D00107g; Pre-mRNA-splicing factor
yli:2911031	CDS	D:complement(804075..804734)	YALI2_D01013g; UPF0620 protein
yli:2911032	CDS	D:complement(805303..807081)	YALI2_D01012g; Uracil permease
yli:2911034	CDS	D:810973..813393	YALI2_D00108g; Vacuolar import and degradation protein 27
yli:7009493	CDS	D:complement(join(813657..813781,814497..814623))	YALI2_D01011g; Hypothetical protein
yli:2911035	CDS	D:complement(815455..815820)	YALI2_D01010g; Alkyltransferase-like protein 1
yli:7009494	CDS	D:complement(join(817588..817737,818479..818484))	YALI2_D01009g; 60S ribosomal protein eL39
yli:2911037	CDS	D:818710..819102	YALI2_D00109g; 40S ribosomal protein uS8
yli:90949683	CDS	D:complement(820059..820433)	YALI2_D01008g; uncharacterized protein
yli:2911038	CDS	D:join(821516..821531,821875..822293)	YALI2_D00110g; 40S ribosomal protein uS11
yli:2911039	CDS	D:complement(join(823239..826205,826762..826866))	YALI2_D01007g; ISWI chromatin-remodeling complex ATPase ISW2
yli:2911040	CDS	D:complement(828104..828652)	YALI2_D01006g; Adenine phosphoribosyltransferase
yli:2911041	CDS	D:complement(830156..831658)	YALI2_D01005g; Putative transporter
yli:2911042	CDS	D:complement(833169..835592)	YALI2_D01004g; Outward-rectifier potassium channel TOK1
yli:2911043	CDS	D:837947..838882	YALI2_D00111g; Hypothetical protein
yli:2911044	tRNA	D:complement(join(839352..839387,839405..839441))	YALI2_D00016t; tRNA-Phe
yli:2911045	CDS	D:complement(839901..840647)	YALI2_D01003g; 3-oxoacyl-[acyl-carrier-protein] reductase FabG
yli:2910855	CDS	D:843000..844829	YALI2_D00112g; Phosphoinositide phosphatase SAC1
yli:2910856	CDS	D:complement(845156..846130)	YALI2_D01002g; Dolichyl-phosphate beta-glucosyltransferase
yli:2910857	CDS	D:complement(847785..849443)	YALI2_D01001g; 1,3-beta-glucanosyltransferase GAS1
yli:2910858	CDS	D:complement(852728..854050)	YALI2_D01000g; Putative oxidoreductase
yli:2910859	CDS	D:855280..856281	YALI2_D00113g; Hypothetical protein
yli:2910860	tRNA	D:join(857730..857766,857776..857810)	YALI2_D00017t; tRNA-Glu
yli:2910861	CDS	D:859631..860566	YALI2_D00114g; Protein PRY2
yli:2910862	CDS	D:865350..866069	YALI2_D00115g; Hypothetical protein
yli:2910863	CDS	D:871031..872974	YALI2_D00116g; Adhesion and hyphal regulator 1
yli:2910864	CDS	D:complement(873130..874551)	YALI2_D00999g; mitochondrial 37S ribosomal protein mS47
yli:2910865	CDS	D:876463..877605	YALI2_D00117g; Sphingolipid delta(4)-desaturase
yli:2910866	CDS	D:complement(877814..879631)	YALI2_D00998g; Ubiquitin-activating enzyme E1-like
yli:2910867	CDS	D:join(881456..881506,882388..883053)	YALI2_D00118g; Dolichol-phosphate mannosyltransferase subunit 1
yli:2910868	CDS	D:join(884665..884712,885345..886406)	YALI2_D00119g; Isocitrate dehydrogenase [NAD] subunit 2
yli:2910869	CDS	D:888987..890477	YALI2_D00120g; Putative alanine aminotransferase
yli:2910870	CDS	D:complement(890813..891559)	YALI2_D00997g; Vacuolar membrane protein
yli:2910871	CDS	D:complement(892933..893604)	YALI2_D00996g; Hypothetical protein
yli:2910872	CDS	D:complement(894593..895144)	YALI2_D00995g; Hypothetical protein
yli:2910873	CDS	D:897045..900230	YALI2_D00121g; Polyphosphatidylinositol phosphatase INP52
yli:2910488	CDS	D:901599..904067	YALI2_D00122g; UBP9-binding protein
yli:2910489	CDS	D:905030..905668	YALI2_D00123g; DNA-directed RNA polymerases I, II, and III subunit RPABC1
yli:2910490	CDS	D:908230..908712	YALI2_D00124g; Hypothetical protein
yli:2910491	CDS	D:complement(909682..910434)	YALI2_D00994g; 2,5-diamino-6-ribosylamino-4(3H)-pyrimidinone 5'-phosphate reductase
yli:2910492	CDS	D:join(912548..912608,913164..913786)	YALI2_D00125g; Proteasome subunit beta type-6
yli:2910493	CDS	D:complement(914006..914659)	YALI2_D00993g; ER lumen protein-retaining receptor
yli:2910494	CDS	D:complement(915694..916695)	YALI2_D00992g; Microfibrillar-associated protein 1
yli:7009496	CDS	D:join(917269..917387,917933..918158)	YALI2_D00126g; Putative prefoldin subunit 2
yli:2910495	CDS	D:complement(join(918358..919409,919921..920170))	YALI2_D00991g; Dolichyl-diphosphooligosaccharide--protein glycosyltransferase subunit wbp1
yli:2910496	CDS	D:920527..920916	YALI2_D00127g; Hypothetical protein
yli:2910497	CDS	D:complement(921522..922541)	YALI2_D00990g; Hypothetical protein
yli:2910498	CDS	D:925267..925794	YALI2_D00128g; Hypothetical protein
yli:2910500	CDS	D:complement(931614..932858)	YALI2_D00989g; Plasma membrane iron permease
yli:2910501	CDS	D:complement(join(937812..938560,938728..939310))	YALI2_D00988g; Hypothetical protein
yli:2910502	CDS	D:complement(939965..941338)	YALI2_D00987g; Hypothetical protein
yli:2910503	CDS	D:complement(942922..944691)	YALI2_D00986g; Iron transport multicopper oxidase FetC
yli:2910504	CDS	D:complement(join(947168..947890,948225..948227))	YALI2_D00985g; Exosome complex component SKI6
yli:2910505	CDS	D:949858..950808	YALI2_D00129g; Amino-acid transporter arg-13
yli:2910506	CDS	D:951385..954126	YALI2_D00130g; Importin subunit beta-3
yli:2910507	CDS	D:complement(954248..954814)	YALI2_D00984g; Translation machinery-associated protein 22
yli:2910784	CDS	D:956325..959141	YALI2_D00131g; Putative membrane protein
yli:2910785	CDS	D:complement(959321..960760)	YALI2_D00983g; Maintenance of mitochondrial morphology protein 1-2
yli:2910786	CDS	D:complement(join(961359..961454,961907..962056))	YALI2_D00982g; Mitochondrial import inner membrane translocase subunit TIM13
yli:2910787	CDS	D:complement(963250..965052)	YALI2_D00981g; Pyruvate decarboxylase isozyme 3
yli:2910788	CDS	D:967790..969874	YALI2_D00132g; Hypothetical protein
yli:2910789	CDS	D:971338..972114	YALI2_D00133g; Putative hydroxyacylglutathione hydrolase
yli:2910790	CDS	D:complement(972514..973752)	YALI2_D00980g; Hypothetical protein
yli:2910791	CDS	D:complement(975650..976609)	YALI2_D00979g; Translation machinery-associated protein 46
yli:2910792	CDS	D:977190..978734	YALI2_D00134g; [Pyruvate dehydrogenase [acetyl-transferring]]-phosphatase 1
yli:2910793	CDS	D:complement(979010..980044)	YALI2_D00978g; Putative NADPH-dependent methylglyoxal reductase GRP2
yli:2910794	CDS	D:complement(981212..982075)	YALI2_D00977g; Glucose-6-phosphate 1-epimerase
yli:2910795	CDS	D:983377..985134	YALI2_D00135g; Hypothetical protein
yli:2910796	CDS	D:complement(986321..986950)	YALI2_D00976g; Vacuolar protein sorting-associated protein 21
yli:2910797	CDS	D:complement(988475..990688)	YALI2_D00975g; Serine/threonine-protein kinase ppk27
yli:2910799	CDS	D:993482..996187	YALI2_D00136g; Mediator of RNA polymerase II transcription subunit 14
yli:2910800	CDS	D:complement(join(996922..996950,997519..997819))	YALI2_D00974g; NADH dehydrogenase [ubiquinone] 1 beta subcomplex subunit 9
yli:2910801	CDS	D:998163..999317	YALI2_D00137g; Carnosine N-methyltransferase
yli:2910802	CDS	D:complement(999384..1000490)	YALI2_D00973g; Hypothetical protein
yli:2910887	CDS	D:complement(1002377..1004338)	YALI2_D00972g; Iron transport multicopper oxidase FetC
yli:2910888	CDS	D:1007463..1008683	YALI2_D00138g; High affinity iron permease FtrA
yli:2910889	CDS	D:1012247..1014541	YALI2_D00139g; Elongation factor G
yli:2910890	CDS	D:complement(1016137..1017093)	YALI2_D00971g; FHA domain-containing protein DDL
yli:2910891	CDS	D:1018701..1020047	YALI2_D00140g; Carbamoyl-phosphate synthase arginine-specific small chain
yli:2910892	CDS	D:complement(1020305..1021966)	YALI2_D00970g; Vitamin B6 transporter TPN1
yli:2910893	CDS	D:complement(1024640..1025512)	YALI2_D00969g; Tyrosine-protein phosphatase SIW14
yli:2910894	CDS	D:1027063..1028220	YALI2_D00141g; Putative eukaryotic translation initiation factor 5
yli:2910895	CDS	D:complement(1029007..1030134)	YALI2_D00968g; Hypothetical protein
yli:2910896	CDS	D:complement(1031984..1033288)	YALI2_D00967g; Cell wall protein ECM33
yli:2910897	CDS	D:complement(1037018..1038979)	YALI2_D00966g; Serine/threonine-protein kinase SvkA
yli:2910898	CDS	D:complement(1040116..1043415)	YALI2_D00965g; Protein csx2
yli:7009497	CDS	D:complement(1047593..1047862)	YALI2_D00964g; uncharacterized protein
yli:2910899	CDS	D:1053694..1054434	YALI2_D00142g; Alpha-ketoglutarate-dependent dioxygenase-like protein
yli:2910900	CDS	D:complement(join(1054930..1055228,1055300..1055390))	YALI2_D00963g; Altered inheritance of mitochondria protein 19
yli:2910901	CDS	D:1055657..1057072	YALI2_D00143g; Tyrosyl-DNA phosphodiesterase 1
yli:2910902	CDS	D:1059738..1062119	YALI2_D00144g; Protein BOI2
yli:2910903	CDS	D:complement(1062750..1063700)	YALI2_D00962g; Putative NAD(P)H-dependent D-xylose reductase xyl1
yli:2910904	CDS	D:complement(1065801..1066403)	YALI2_D00961g; Hypothetical protein
yli:2910905	CDS	D:complement(1070558..1072270)	YALI2_D00960g; Sorting nexin-41
yli:2910906	CDS	D:complement(join(1072947..1073081,1073301..1073362,1073411..1073444,1073695..1073717,1073827..1073860))	YALI2_D00959g; Dynein light chain 1, cytoplasmic
yli:2910937	CDS	D:complement(1074592..1076283)	YALI2_D00958g; Kinesin-like protein KIF1B
yli:2910938	CDS	D:complement(join(1077103..1077657,1077731..1077796))	YALI2_D00957g; Hypothetical protein
yli:2910939	CDS	D:1078961..1079374	YALI2_D00145g; Hypothetical protein
yli:2910940	CDS	D:1080035..1080733	YALI2_D00146g; DNA-directed RNA polymerase III subunit RPC7
yli:2910941	CDS	D:complement(join(1081115..1083412,1083838..1083888))	YALI2_D00956g; Ingression protein fic1
yli:2910942	CDS	D:1084984..1086228	YALI2_D00147g; Hypothetical protein
yli:2910943	CDS	D:1086981..1088849	YALI2_D00148g; Hypothetical protein
yli:2910944	CDS	D:complement(1089045..1089623)	YALI2_D00955g; Putative RNA-binding protein
yli:2910945	CDS	D:join(1090163..1090521,1090591..1090658,1090709..1090821)	YALI2_D00149g; NEDD8-conjugating enzyme UBC12
yli:2910946	CDS	D:complement(1091954..1092553)	YALI2_D00954g; Hypothetical protein
yli:2910947	CDS	D:complement(1094470..1095600)	YALI2_D00953g; tRNA N6-adenosine threonylcarbamoyltransferase
yli:2910948	CDS	D:1096290..1097867	YALI2_D00150g; Putative aldehyde dehydrogenase-like protein
yli:2910949	CDS	D:1099174..1100076	YALI2_D00151g; Hypothetical protein
yli:2910950	CDS	D:1102952..1104532	YALI2_D00152g; Diacylglycerol O-acyltransferase 1
yli:2910951	tRNA	D:complement(join(1104909..1104944,1104967..1105003))	YALI2_D00018t; tRNA-Val
yli:2910952	CDS	D:complement(1105559..1106965)	YALI2_D00952g; Carboxypeptidase Y
yli:2910953	tRNA	D:complement(join(1107532..1107566,1107580..1107616))	YALI2_D00019t; tRNA-Asp
yli:2910954	CDS	D:1108363..1109457	YALI2_D00153g; Hypothetical protein
yli:2910955	CDS	D:complement(1112410..1113330)	YALI2_D00951g; Protein PRY1
yli:2910956	CDS	D:complement(join(1118570..1118995,1119048..1119219,1119806..1119816))	YALI2_D00950g; GTP-binding protein ypt1
yli:2910695	CDS	D:complement(1120447..1122393)	YALI2_D00949g; Heat shock protein 70 1
yli:2910696	CDS	D:complement(1124430..1126139)	YALI2_D00948g; Lysophospholipase 3
yli:2911066	CDS	D:complement(1129257..1130174)	YALI2_D00947g; ADP/ATP carrier protein
yli:2910697	CDS	D:1133114..1134592	YALI2_D00154g; Putative GTP cyclohydrolase URC1
yli:2911067	CDS	D:join(1136628..1136634,1137014..1138134)	YALI2_D00155g; Actin
yli:2910698	CDS	D:1138924..1141698	YALI2_D00156g; Hypothetical protein
yli:2910699	CDS	D:complement(1142424..1143392)	YALI2_D00946g; Arabinose 5-phosphate isomerase KdsD
yli:2910700	CDS	D:1145937..1147268	YALI2_D00157g; Annexin A7
yli:2910701	CDS	D:complement(1147533..1148702)	YALI2_D00945g; UPF0658 Golgi apparatus membrane protein
yli:2910702	CDS	D:1153399..1155009	YALI2_D00158g; Glycerophosphoinositol permease 1
yli:2910703	CDS	D:complement(1156828..1157829)	YALI2_D00944g; Abhydrolase domain-containing protein
yli:2910704	CDS	D:join(1159546..1159567,1159681..1160792)	YALI2_D00159g; Serine/threonine-protein phosphatase 4 regulatory subunit 2
yli:2910705	CDS	D:complement(1161292..1162470)	YALI2_D00943g; mitochondrial 37S ribosomal protein mS35
yli:2910706	CDS	D:1163185..1164189	YALI2_D00160g; mitochondrial 37S ribosomal protein uS7m
yli:2910707	CDS	D:1165197..1167674	YALI2_D00161g; Exocyst complex component SEC6
yli:2910708	CDS	D:1169627..1170337	YALI2_D00162g; CDP-diacylglycerol--serine O-phosphatidyltransferase
yli:2910709	CDS	D:1172899..1175313	YALI2_D00163g; Phosphatidylinositol 4,5-bisphosphate-binding protein SLM1
yli:2910710	CDS	D:complement(1176256..1178163)	YALI2_D00942g; GDP-Man:Man(3)GlcNAc(2)-PP-Dol alpha-1,2-mannosyltransferase
yli:2910711	CDS	D:complement(1179404..1180078)	YALI2_D00941g; Putative maintenance of ploidy protein mob1
yli:2910712	CDS	D:complement(1181005..1182963)	YALI2_D00940g; Hypothetical protein
yli:2910713	CDS	D:complement(1183987..1185237)	YALI2_D00939g; Pre-mRNA-splicing factor SLU7
yli:7009498	CDS	D:complement(join(1185736..1185771,1185963..1186036,1186183..1186279))	YALI2_D00938g; Protein transport protein SSS1
yli:2910714	CDS	D:1188236..1189555	YALI2_D00164g; Hypothetical protein
yli:2910669	CDS	D:complement(1190887..1191765)	YALI2_D00937g; Ribosomal RNA-processing protein 1
yli:2910670	CDS	D:1192570..1193961	YALI2_D00165g; 2-oxoisovalerate dehydrogenase subunit alpha
yli:2910671	CDS	D:1194426..1195835	YALI2_D00166g; Mediator of RNA polymerase II transcription subunit 1
yli:2910672	CDS	D:1196986..1198038	YALI2_D00167g; Hypothetical protein
yli:2910673	CDS	D:complement(1198214..1200865)	YALI2_D00936g; DNA repair protein RAD4
yli:2910674	CDS	D:complement(1201222..1202223)	YALI2_D00935g; Putative NADPH-dependent methylglyoxal reductase GRP2
yli:2910675	CDS	D:complement(1202823..1203887)	YALI2_D00934g; Hypothetical protein
yli:7009499	rRNA	D:complement(1204276..1204391)	YALI2_D00022r; 5S ribosomal RNA
yli:2910676	CDS	D:1206818..1209616	YALI2_D00168g; Serine/threonine-protein kinase ssp1
yli:2910677	CDS	D:complement(1209896..1210891)	YALI2_D00933g; NADPH-dependent methylglyoxal reductase GRE2
yli:2910678	CDS	D:1211988..1213067	YALI2_D00169g; Phosphatidylinositol transfer protein SFH5
yli:2910679	CDS	D:1213436..1215712	YALI2_D00170g; Hypothetical protein
yli:2910680	CDS	D:complement(1215793..1216782)	YALI2_D00932g; Sphingosine kinase A
yli:2910681	CDS	D:1217158..1218381	YALI2_D00171g; Hypothetical protein
yli:2910682	CDS	D:complement(1218687..1220273)	YALI2_D00931g; Nucleoporin NUP53
yli:2910683	CDS	D:1220883..1222145	YALI2_D00172g; Putative 26S proteasome regulatory subunit rpn6
yli:2910684	CDS	D:complement(1222303..1224534)	YALI2_D00930g; Nucleoporin
yli:2910685	CDS	D:1225332..1226459	YALI2_D00173g; Hypothetical protein
yli:2910686	CDS	D:complement(1226591..1227976)	YALI2_D00929g; Carboxypeptidase Y
yli:2910687	CDS	D:complement(1229498..1230508)	YALI2_D00928g; Putative feruloyl esterase A
yli:2910829	CDS	D:complement(1231847..1235515)	YALI2_D00927g; Mediator of RNA polymerase II transcription subunit 13
yli:2910831	CDS	D:complement(1236723..1237964)	YALI2_D00926g; 26S proteasome regulatory subunit 6A
yli:2910832	CDS	D:1238888..1239616	YALI2_D00174g; Hypothetical protein
yli:2910833	CDS	D:1239923..1240603	YALI2_D00175g; U4/U6.U5 tri-snRNP-associated protein 3-like protein
yli:2910834	CDS	D:1241865..1243079	YALI2_D00176g; Hypothetical protein
yli:2910835	CDS	D:1243230..1244510	YALI2_D00177g; Hypothetical protein
yli:2910836	CDS	D:1245160..1245900	YALI2_D00178g; Sedoheptulose 1,7-bisphosphatase
yli:2910837	CDS	D:complement(1246243..1248795)	YALI2_D00925g; AdoMet-dependent rRNA methyltransferase SPB1
yli:2910838	CDS	D:1253501..1253824	YALI2_D00179g; Cytochrome C
yli:2910839	CDS	D:1257565..1259724	YALI2_D00180g; Basic amino-acid permease
yli:2910840	CDS	D:1260784..1262136	YALI2_D00181g; Putative magnesium transporter NIPA4
yli:2910841	CDS	D:1270134..1271345	YALI2_D00182g; Hypothetical protein
yli:2910842	CDS	D:join(1274835..1274864,1275219..1277528)	YALI2_D00183g; Aconitate hydratase
yli:2910843	CDS	D:1279192..1279989	YALI2_D00184g; Enoyl-CoA delta isomerase 3
yli:2910844	tRNA	D:complement(1280129..1280200)	YALI2_D00020t; tRNA-Thr
yli:2910845	CDS	D:complement(1280421..1281389)	YALI2_D00924g; Putative oxidoreductase
yli:2910846	CDS	D:1282070..1283668	YALI2_D00185g; ATP-dependent RNA helicase DBP3
yli:2910847	CDS	D:1283923..1284585	YALI2_D00186g; Hypothetical protein
yli:2910848	CDS	D:complement(1284695..1285495)	YALI2_D00923g; Enoyl-CoA delta isomerase 1, peroxisomal
yli:2910849	tRNA	D:complement(join(1286299..1286334,1286349..1286387))	YALI2_D00021t; tRNA-Tyr
yli:2910912	tRNA	D:complement(join(1286399..1286434,1286449..1286484))	YALI2_D00022t; tRNA-Pro
yli:7009501	rRNA	D:1288256..1288371	YALI2_D00023r; 5S ribosomal RNA
yli:2910913	CDS	D:1291469..1293154	YALI2_D00187g; ERO1-like protein 2
yli:2910914	CDS	D:complement(join(1293579..1293976,1294029..1294083))	YALI2_D00922g; Transcription initiation factor TFIID subunit 13
yli:2910915	CDS	D:1296579..1298981	YALI2_D00188g; Arginine metabolism regulation protein II
yli:2910916	CDS	D:complement(1299074..1301935)	YALI2_D00921g; ATP-dependent DNA helicase PIF1
yli:2910917	CDS	D:complement(1302318..1303838)	YALI2_D00920g; 25S rRNA (cytosine(2278)-C(5))-methyltransferase
yli:2910918	CDS	D:1304914..1306926	YALI2_D00189g; Vacuolar protein sorting-associated protein 1
yli:2910919	CDS	D:1308218..1309642	YALI2_D00190g; transmembrane domain- and RING domain-containing protein 1
yli:2910920	CDS	D:1311002..1311973	YALI2_D00191g; Hypothetical protein
yli:2910921	CDS	D:1312531..1313628	YALI2_D00192g; Chromatin structure-remodeling complex subunit SFH1
yli:2910922	CDS	D:1317103..1318653	YALI2_D00193g; UNC93-like protein
yli:2910923	CDS	D:1321438..1323597	YALI2_D00194g; Protein DSE1
yli:2910924	CDS	D:complement(1323903..1325066)	YALI2_D00919g; Chromatin modification-related protein EAF3
yli:2910925	CDS	D:1326043..1327434	YALI2_D00195g; Kynurenine 3-monooxygenase
yli:2910926	CDS	D:complement(1328104..1328565)	YALI2_D00918g; UPF0591 membrane protein
yli:2910927	CDS	D:complement(1329536..1331050)	YALI2_D00917g; SWR1-complex protein 4
yli:2910928	CDS	D:complement(1332386..1333435)	YALI2_D00916g; Alternative oxidase
yli:2910929	CDS	D:complement(1336133..1339240)	YALI2_D00915g; Pre-mRNA-splicing factor ATP-dependent RNA helicase-like protein cdc28
yli:2910930	CDS	D:1339765..1341108	YALI2_D00196g; 26S proteasome regulatory subunit RPN5
yli:2910931	CDS	D:1341379..1342704	YALI2_D00197g; Hypothetical protein
yli:2910991	CDS	D:1345711..1347354	YALI2_D00198g; Hypothetical protein
yli:2910992	CDS	D:complement(1347524..1349038)	YALI2_D00914g; Putative transporter
yli:2910993	CDS	D:join(1351732..1351752,1351828..1352271)	YALI2_D00199g; mitochondrial 54S ribosomal protein uL13m
yli:2910994	CDS	D:1352796..1354301	YALI2_D00200g; BTB/POZ domain-containing protein 3
yli:2910995	CDS	D:complement(join(1354474..1355728,1355836..1356737))	YALI2_D00913g; Origin recognition complex subunit 1
yli:2910996	CDS	D:complement(1356946..1358205)	YALI2_D00912g; Hypothetical protein
yli:2910997	CDS	D:1359969..1361771	YALI2_D00201g; Pyruvate decarboxylase
yli:2910998	CDS	D:1362659..1363582	YALI2_D00202g; Hypothetical protein
yli:2910999	CDS	D:1364756..1365331	YALI2_D00203g; Hypothetical protein
yli:2911000	tRNA	D:join(1366692..1366728,1366743..1366777)	YALI2_D00023t; tRNA-Asp
yli:7009502	rRNA	D:1366786..1366901	YALI2_D00024r; 5S ribosomal RNA
yli:2911001	CDS	D:complement(join(1367289..1367658,1367934..1367996,1368238..1368500))	YALI2_D00911g; Protein-lysine N-methyltransferase EFM6
yli:2911002	CDS	D:complement(join(1369385..1369756,1370183..1370218))	YALI2_D00910g; 60S ribosomal protein uL14
yli:7009503	CDS	D:complement(join(1371978..1372125,1372260..1372294))	YALI2_D00909g; Hypothetical protein
yli:2911003	CDS	D:1373102..1375558	YALI2_D00204g; FKBP12-associated protein 1
yli:2911004	CDS	D:1376341..1377318	YALI2_D00205g; GTP-binding protein GTR2
yli:2911005	CDS	D:1378757..1379818	YALI2_D00206g; U6 small nuclear RNA (adenine-(43)-N(6))-methyltransferase
yli:7009504	rRNA	D:complement(1380003..1380118)	YALI2_D00025r; 5S ribosomal RNA
yli:2911006	tRNA	D:complement(join(1380127..1380161,1380176..1380212))	YALI2_D00024t; tRNA-Asp
yli:2911007	tRNA	D:1382297..1382378	YALI2_D00025t; tRNA-Ser
yli:2911008	CDS	D:1383810..1384655	YALI2_D00207g; Hypothetical protein
yli:2911009	tRNA	D:complement(1387176..1387247)	YALI2_D00026t; tRNA-Thr
yli:2911010	CDS	D:1387596..1388150	YALI2_D00208g; Hypothetical protein
yli:2911011	CDS	D:complement(1388322..1389119)	YALI2_D00908g; Hypothetical protein
yli:2910427	CDS	D:1389296..1391353	YALI2_D00209g; Nucleolar complex-associated protein 3
yli:2910429	CDS	D:complement(1393858..1396818)	YALI2_D00907g; Dolichyl-phosphate-mannose--protein mannosyltransferase 1
yli:2910430	CDS	D:complement(join(1398534..1399286,1399360..1399401))	YALI2_D00906g; Proliferating cell nuclear antigen
yli:2910431	CDS	D:join(1400401..1400470,1400636..1401699)	YALI2_D00210g; Homoisocitrate dehydrogenase
yli:2910432	CDS	D:1402024..1402608	YALI2_D00211g; E3 ubiquitin-protein ligase complex SLX5-SLX8 subunit SLX8
yli:7009505	rRNA	D:1403842..1403957	YALI2_D00026r; 5S ribosomal RNA
yli:2910433	tRNA	D:1405149..1405222	YALI2_D00027t; tRNA-Val
yli:2910434	CDS	D:complement(join(1405433..1406449,1407424..1407453))	YALI2_D00905g; Hypothetical protein
yli:2910435	CDS	D:complement(1409210..1410823)	YALI2_D00904g; Adhesion and hyphal regulator 1
yli:2910436	CDS	D:1413504..1414373	YALI2_D00212g; Hypothetical protein
yli:2910437	CDS	D:1415589..1415795	YALI2_D00213g; Hypothetical protein
yli:2910438	CDS	D:join(1417234..1417266,1417320..1417598)	YALI2_D00214g; Hypothetical protein
yli:2910439	CDS	D:1421731..1422708	YALI2_D00215g; Hypothetical protein
yli:2910440	CDS	D:complement(1425620..1426300)	YALI2_D00903g; Hypothetical protein
yli:2910441	CDS	D:complement(1426772..1427689)	YALI2_D00902g; 1-phosphatidylinositol phosphodiesterase
yli:2910442	CDS	D:1431223..1433568	YALI2_D00216g; Putative aspartic-type endopeptidase OpsB
yli:2910443	CDS	D:1434109..1436469	YALI2_D00217g; Hypothetical protein
yli:2910444	CDS	D:1437934..1443411	YALI2_D00218g; Cytokinesis protein SepA
yli:2910445	CDS	D:complement(1443885..1444547)	YALI2_D00901g; Pre-mRNA-splicing factor ISY1
yli:2910717	CDS	D:1445257..1446477	YALI2_D00219g; telomere-associated protein 1
yli:2910718	CDS	D:complement(1446573..1447355)	YALI2_D00900g; Hypothetical protein
yli:2910719	CDS	D:complement(1448217..1449428)	YALI2_D00899g; Acid extracellular protease
yli:2910720	CDS	D:complement(1451331..1455482)	YALI2_D00898g; tRNA (guanosine(18)-2'-O)-methyltransferase
yli:2910721	CDS	D:1455653..1456591	YALI2_D00220g; Exosome complex component RRP42
yli:2910722	CDS	D:join(1458266..1458280,1458574..1458746,1458918..1461309)	YALI2_D00221g; Hypothetical protein
yli:2910723	CDS	D:complement(1461429..1463183)	YALI2_D00897g; Hypothetical protein
yli:2910724	CDS	D:1463833..1464813	YALI2_D00222g; Dolichyl-diphosphooligosaccharide--protein glycosyltransferase subunit 3
yli:2910725	CDS	D:complement(1465136..1468255)	YALI2_D00896g; Cytokinesis protein 3
yli:2910726	CDS	D:complement(1471506..1472933)	YALI2_D00895g; Multifunctional tryptophan biosynthesis protein
yli:90949632	CDS	D:1473545..1473862	YALI2_D00223g; uncharacterized protein
yli:7009506	CDS	D:complement(join(1474215..1474282,1474369..1474618))	YALI2_D00894g; Replication factor A protein 3
yli:2910727	CDS	D:complement(1474875..1477049)	YALI2_D00893g; Protein DOA1
yli:2910728	tRNA	D:1477832..1477903	YALI2_D00028t; tRNA-Thr
yli:2910729	CDS	D:complement(join(1478178..1482349,1482672..1482714))	YALI2_D00892g; Sulfite reductase [NADPH] subunit beta
yli:2910730	CDS	D:complement(1484146..1486353)	YALI2_D00891g; Vacuolar protein sorting-associated protein 53
yli:2910731	CDS	D:1487182..1488867	YALI2_D00224g; T-complex protein 1 subunit theta
yli:2910732	CDS	D:1489098..1491272	YALI2_D00225g; Nucleolar protein 9
yli:2910733	CDS	D:complement(1491594..1492265)	YALI2_D00890g; Putative protein MRP8
yli:2910734	CDS	D:complement(1493951..1494595)	YALI2_D00889g; Hypothetical protein
yli:2910735	CDS	D:complement(join(1494809..1495649,1495722..1495831))	YALI2_D00888g; ATP-dependent (S)-NAD(P)H-hydrate dehydratase
yli:2910736	CDS	D:join(1496560..1496601,1497274..1498140)	YALI2_D00226g; NADH-cytochrome b5 reductase 2
yli:2910737	CDS	D:1499027..1500394	YALI2_D00227g; Lariat debranching enzyme
yli:2910350	CDS	D:complement(1500525..1502441)	YALI2_D00887g; Succinate dehydrogenase [ubiquinone] flavoprotein subunit 2
yli:2910351	CDS	D:1504236..1504844	YALI2_D00228g; DNA-directed RNA polymerase III subunit RPC8
yli:2910352	CDS	D:complement(1505309..1506619)	YALI2_D00886g; 26S proteasome regulatory subunit 7
yli:2910353	CDS	D:1507022..1507912	YALI2_D00229g; Protein saf4
yli:2910354	CDS	D:complement(1508054..1509541)	YALI2_D00885g; Protein BFR2
yli:2910355	CDS	D:1509894..1510415	YALI2_D00230g; Transcription elongation factor A protein 2
yli:2910356	CDS	D:complement(join(1510540..1516233,1516283..1516357,1516408..1516410))	YALI2_D00884g; Histone transcription regulator 3
yli:2910357	CDS	D:1516618..1517631	YALI2_D00231g; Hypothetical protein
yli:90949682	CDS	D:complement(1517815..1518954)	YALI2_D00883g; Putative exopolyphosphatase
yli:2910359	CDS	D:join(1519168..1519357,1519405..1519459,1519527..1519545)	YALI2_D00232g; Mitochondrial import inner membrane translocase subunit TIM8
yli:2910360	CDS	D:1519700..1520818	YALI2_D00233g; Hypothetical protein
yli:2910361	CDS	D:complement(1520921..1521949)	YALI2_D00882g; Putative NADPH-dependent methylglyoxal reductase GRP2
yli:7009507	CDS	D:complement(join(1522245..1522745,1523152..1523163))	YALI2_D00881g; DNA-directed RNA polymerase II subunit rpb7
yli:2910362	CDS	D:complement(1523785..1524321)	YALI2_D00880g; Hypothetical protein
yli:2910363	CDS	D:1525545..1526561	YALI2_D00234g; Pseudouridine-5'-phosphate glycosidase
yli:2910364	CDS	D:1526641..1527855	YALI2_D00235g; Pseudouridine kinase
yli:2910365	CDS	D:complement(1528259..1529788)	YALI2_D00879g; Aspartokinase
yli:2910366	CDS	D:1532672..1534258	YALI2_D00236g; Phosphatase PSR1
yli:2910367	CDS	D:1535142..1535900	YALI2_D00237g; Ubiquitin-conjugating enzyme E2 6
yli:2910368	CDS	D:complement(1536322..1537536)	YALI2_D00878g; 26S proteasome regulatory subunit 6B
yli:2910600	CDS	D:complement(join(1538193..1539475,1539803..1539836))	YALI2_D00877g; Putative protein lysine methyltransferase SET5
yli:2910601	CDS	D:join(1540502..1540564,1541201..1541455)	YALI2_D00238g; ATP synthase subunit F
yli:2910602	CDS	D:1543666..1545060	YALI2_D00239g; Vacuolar amino acid transporter 5
yli:2910305	CDS	D:1546137..1547789	YALI2_D00240g; Peroxisomal membrane protein PEX28
yli:2910603	CDS	D:join(1549179..1549287,1549525..1555757)	YALI2_D00241g; Bud site selection protein BUD4
yli:2910606	CDS	D:complement(join(1558717..1558810,1559475..1560601))	YALI2_D00876g; Vacuolar protein sorting-associated protein 30
yli:2910607	CDS	D:complement(1560941..1562818)	YALI2_D00875g; Hypothetical protein
yli:2910608	CDS	D:complement(1563849..1565909)	YALI2_D00874g; Nucleolar complex protein 2
yli:2910609	tRNA	D:1566183..1566254	YALI2_D00029t; tRNA-Thr
yli:2910610	CDS	D:join(1568092..1568143,1568256..1568797)	YALI2_D00242g; Cellular nucleic acid-binding protein
yli:2910611	CDS	D:1575231..1576442	YALI2_D00243g; SWIRM domain-containing protein FUN19
yli:2910612	CDS	D:1579580..1581088	YALI2_D00244g; MFS transporter PrlL
yli:2910613	CDS	D:complement(join(1582713..1582934,1583619..1583676,1583737..1583789))	YALI2_D00873g; Cytochrome B5
yli:2910614	CDS	D:complement(1585440..1588037)	YALI2_D00872g; Importin subunit beta-1
yli:2910615	CDS	D:complement(1589639..1591450)	YALI2_D00871g; DNA cross-link repair protein PSO2/SNM1
yli:2910616	CDS	D:complement(1591907..1594552)	YALI2_D00870g; Telomerase reverse transcriptase
yli:2910617	CDS	D:complement(1594893..1598018)	YALI2_D00869g; ATP-dependent RNA helicase DOB1
yli:2910618	CDS	D:complement(1599468..1601075)	YALI2_D00868g; Hypothetical protein
yli:2910619	CDS	D:1606188..1606490	YALI2_D00245g; LYR motif-containing protein 4
yli:2910131	CDS	D:1607029..1607853	YALI2_D00246g; Hypothetical protein
yli:2910133	CDS	D:1609888..1611012	YALI2_D00247g; mitochondrial 54S ribosomal protein bL27m
yli:2910134	CDS	D:complement(1611361..1612785)	YALI2_D00867g; Copper transport protein 86
yli:2910135	CDS	D:1613296..1615428	YALI2_D00248g; DNA polymerase lambda
yli:2910136	CDS	D:1616445..1617503	YALI2_D00249g; Putative NADPH-dependent methylglyoxal reductase GRP2
yli:2910137	CDS	D:complement(1617732..1618985)	YALI2_D00866g; Phosphoglycerate kinase
yli:2910138	CDS	D:join(1622401..1622404,1622441..1622856)	YALI2_D00250g; Rho GDP-dissociation inhibitor
yli:2910139	CDS	D:complement(1624920..1627073)	YALI2_D00865g; Hypothetical protein
yli:2910140	CDS	D:join(1628720..1628737,1628794..1631970)	YALI2_D00251g; E4 ubiquitin-protein ligase UFD2
yli:2910141	CDS	D:complement(1632336..1633268)	YALI2_D00864g; Hypothetical protein
yli:2910142	CDS	D:1636131..1637756	YALI2_D00252g; Regulator of phospholipase D SRF1
yli:2910143	CDS	D:1638587..1640953	YALI2_D00253g; Cullin-1
yli:2910144	CDS	D:complement(1641260..1645615)	YALI2_D00863g; Meiotically up-regulated gene 56 protein
yli:2910145	CDS	D:1645979..1649275	YALI2_D00254g; Putative ATP-dependent helicase
yli:2910146	CDS	D:complement(join(1649339..1649851,1650388..1650519))	YALI2_D00862g; ATP synthase subunit 5
yli:2910147	CDS	D:1650815..1652086	YALI2_D00255g; mitochondrial 54S ribosomal protein uL2m
yli:2910148	CDS	D:complement(join(1652997..1655588,1655679..1655730,1655811..1655917))	YALI2_D00861g; Cutinase transcription factor 1 alpha
yli:2911255	CDS	D:1661217..1662365	YALI2_D00256g; Hydroxyacid oxidase 1
yli:2911256	CDS	D:1662935..1663969	YALI2_D00257g; Hypothetical protein
yli:2911257	CDS	D:complement(1664106..1666181)	YALI2_D00860g; Anaphase-promoting complex subunit 4
yli:2911258	CDS	D:join(1666611..1666631,1666691..1668538)	YALI2_D00258g; Translation machinery-associated protein 64
yli:2911259	CDS	D:complement(1668640..1670130)	YALI2_D00859g; GPI transamidase component GPI17
yli:2911260	CDS	D:complement(1670798..1671682)	YALI2_D00858g; mitochondrial 54S ribosomal protein uL1m
yli:2911261	CDS	D:complement(1672311..1672706)	YALI2_D00857g; mitochondrial 54S ribosomal protein bL34m
yli:2911262	CDS	D:1672980..1673375	YALI2_D00259g; Hypothetical protein
yli:2911263	CDS	D:1673853..1674557	YALI2_D00260g; tRNA (carboxymethyluridine(34)-5-O)-methyltransferase
yli:2911264	CDS	D:1674739..1676226	YALI2_D00261g; Protein arginine methyltransferase NDUFAF7
yli:2911265	CDS	D:complement(1676346..1677320)	YALI2_D00856g; Leucine carboxyl methyltransferase 1
yli:2911266	CDS	D:complement(join(1678609..1679377,1679542..1679555))	YALI2_D00855g; 40S ribosomal protein eS4
yli:2911267	CDS	D:1681137..1683203	YALI2_D00262g; ER degradation-enhancing alpha-mannosidase-like protein 1
yli:2911268	CDS	D:1685080..1686303	YALI2_D00263g; Nuclear fusion protein KAR5
yli:2911269	CDS	D:complement(join(1686530..1688297,1689070..1689122))	YALI2_D00854g; Arrestin domain-containing protein
yli:90949681	CDS	D:complement(1689970..1690806)	YALI2_D00853g; Glucose 1-dehydrogenase
yli:2911272	CDS	D:1691537..1692913	YALI2_D00264g; Type-1 glutamine synthetase 2
yli:2911273	CDS	D:1693723..1694700	YALI2_D00265g; Putative ubiquitin thioesterase otu1
yli:2910808	CDS	D:complement(1696485..1697003)	YALI2_D00852g; Bud site selection protein 20
yli:2910809	CDS	D:complement(1699154..1700023)	YALI2_D00851g; Phosducin-like protein 2
yli:2910810	CDS	D:1701668..1702333	YALI2_D00266g; 60S ribosomal protein uL16
yli:2910811	CDS	D:1705090..1705851	YALI2_D00267g; Phosphomannomutase
yli:2910812	CDS	D:complement(1706848..1707501)	YALI2_D00850g; Protein FMP32
yli:2910813	CDS	D:1713091..1715694	YALI2_D00268g; Hypothetical protein
yli:2910814	CDS	D:complement(1717938..1719101)	YALI2_D00849g; Actin-like protein ARP6
yli:2910815	CDS	D:complement(1719737..1720153)	YALI2_D00848g; Hypothetical protein
yli:90949633	CDS	D:1723410..1728293	YALI2_D00269g; Hypothetical protein
yli:2910819	CDS	D:1729347..1732118	YALI2_D00270g; Hypothetical protein
yli:2910820	CDS	D:complement(1732302..1732778)	YALI2_D00847g; Hypothetical protein
yli:2910821	tRNA	D:1733941..1734014	YALI2_D00030t; tRNA-Ala
yli:2910822	tRNA	D:join(1734412..1734450,1734466..1734501)	YALI2_D00031t; tRNA-Tyr
yli:2910823	tRNA	D:complement(join(1734908..1734942,1734953..1734988))	YALI2_D00032t; tRNA-Gly
yli:2910824	tRNA	D:complement(1735868..1735939)	YALI2_D00033t; tRNA-Ala
yli:2910825	CDS	D:1737101..1738603	YALI2_D00271g; ENTH domain-containing protein
yli:2910826	CDS	D:complement(1738949..1741861)	YALI2_D00846g; U3 small nucleolar RNA-associated protein 14
yli:2910827	CDS	D:complement(1742393..1743397)	YALI2_D00845g; Putative assembly chaperone of rpl4
yli:2910828	CDS	D:1744132..1744803	YALI2_D00272g; RWD domain-containing protein
yli:2910250	CDS	D:1747129..1748277	YALI2_D00273g; Hypothetical protein
yli:2910251	CDS	D:1751841..1753382	YALI2_D00274g; G protein-coupled receptor GPR1
yli:2910252	CDS	D:complement(1753536..1754456)	YALI2_D00844g; Ribosomal lysine N-methyltransferase 5
yli:2910253	CDS	D:complement(1756031..1757125)	YALI2_D00843g; Aspartate-semialdehyde dehydrogenase
yli:2910254	CDS	D:complement(1757713..1760502)	YALI2_D00842g; Hypothetical protein
yli:2910255	CDS	D:complement(1760925..1762646)	YALI2_D00841g; Hypothetical protein
yli:2910256	CDS	D:1765276..1765671	YALI2_D00275g; Hypothetical protein
yli:2910257	CDS	D:complement(join(1766384..1769393,1769478..1769539))	YALI2_D00840g; Rho-GTPase-activating protein 5
yli:2910258	CDS	D:complement(1773061..1774308)	YALI2_D00839g; Cytoskeletal regulator
yli:2910259	CDS	D:join(1779227..1779229,1779538..1779939)	YALI2_D00276g; 40S ribosomal protein eS24
yli:2910260	CDS	D:1781325..1784333	YALI2_D00277g; 5'-3' exoribonuclease 2
yli:2910261	CDS	D:1785166..1786533	YALI2_D00278g; Hypothetical protein
yli:2910262	CDS	D:join(1786994..1787017,1787535..1787774)	YALI2_D00279g; 40S ribosomal protein eS21
yli:2910264	CDS	D:complement(join(1790610..1791260,1791531..1791758))	YALI2_D00838g; Protein sum2
yli:2910265	CDS	D:1794314..1794847	YALI2_D00280g; N-terminal acetyltransferase B complex catalytic subunit naa20
yli:2910266	CDS	D:complement(join(1796326..1796811,1797132..1797143))	YALI2_D00837g; 60S ribosomal protein uL11
yli:2910267	CDS	D:complement(1798673..1801048)	YALI2_D00836g; Regulatory protein LEU3
yli:2910268	tRNA	D:1802653..1802734	YALI2_D00034t; tRNA-Ser
yli:2910269	CDS	D:1803252..1804532	YALI2_D00281g; Pre-rRNA-processing protein IPI3
yli:2910225	CDS	D:complement(1804855..1806363)	YALI2_D00835g; Putative transporter
yli:2910226	CDS	D:complement(1807336..1810056)	YALI2_D00834g; Hypothetical protein
yli:2910227	tRNA	D:complement(join(1810633..1810667,1810678..1810713))	YALI2_D00035t; tRNA-Gly
yli:2910228	CDS	D:complement(1811225..1812010)	YALI2_D00833g; Proteasome subunit beta type-2
yli:2910229	CDS	D:1813393..1814808	YALI2_D00282g; Protein sof1
yli:90949634	CDS	D:1816244..1816444	YALI2_D00283g; uncharacterized protein
yli:2910230	CDS	D:join(1817371..1817376,1817512..1818000)	YALI2_D00284g; Small nuclear ribonucleoprotein-associated protein B
yli:2910231	tRNA	D:join(1818892..1818928,1818948..1818983)	YALI2_D00036t; tRNA-Phe
yli:2910232	tRNA	D:complement(join(1819194..1819229,1819238..1819274))	YALI2_D00037t; tRNA-Lys
yli:2910233	tRNA	D:join(1820098..1820134,1820151..1820185)	YALI2_D00038t; tRNA-His
yli:2910234	tRNA	D:join(1821345..1821381,1821398..1821432)	YALI2_D00039t; tRNA-Asp
yli:2910235	CDS	D:1823083..1824237	YALI2_D00285g; Candidapepsin
yli:2910236	CDS	D:complement(1824324..1824989)	YALI2_D00832g; Pyridoxamine 5'-phosphate oxidase
yli:2910237	CDS	D:1826171..1827085	YALI2_D00286g; Golgi to ER traffic protein 4
yli:2910238	CDS	D:1827801..1828787	YALI2_D00287g; Hypothetical protein
yli:2910239	CDS	D:1829249..1830481	YALI2_D00288g; Hypothetical protein
yli:2910240	CDS	D:complement(1831671..1833281)	YALI2_D00831g; Hypothetical protein
yli:2910241	CDS	D:complement(1834524..1834970)	YALI2_D00830g; Hypothetical protein
yli:2910242	CDS	D:1836053..1837063	YALI2_D00289g; Hypothetical protein
yli:2910243	CDS	D:1838706..1841108	YALI2_D00290g; Trehalose-phosphatase
yli:2910244	CDS	D:complement(1841600..1843315)	YALI2_D00829g; Protein PNS1
yli:2910245	CDS	D:complement(1846497..1847768)	YALI2_D00828g; Transcription factor SKN7
yli:2911318	CDS	D:complement(1852048..1854099)	YALI2_D00827g; Serine/threonine-protein kinase SCH9
yli:2911319	CDS	D:join(1856227..1856266,1856341..1857032)	YALI2_D00291g; Complex I intermediate-associated protein 30
yli:2911320	CDS	D:1859710..1860039	YALI2_D00292g; Hypothetical protein
yli:2911321	CDS	D:1862242..1862964	YALI2_D00293g; Hypothetical protein
yli:2911322	CDS	D:complement(join(1864478..1865085,1865298..1865328))	YALI2_D00826g; Ras-related protein Rab-11B
yli:2911323	CDS	D:1866720..1869731	YALI2_D00294g; FACT complex subunit SPT16
yli:2911324	CDS	D:1869902..1870855	YALI2_D00295g; Putative oxidoreductase
yli:2911325	tRNA	D:complement(join(1870971..1871006,1871029..1871064))	YALI2_D00040t; tRNA-Arg
yli:2910310	CDS	D:complement(1871419..1873806)	YALI2_D00825g; Calpain-like protease PalB/RIM13
yli:2911326	CDS	D:1875083..1876342	YALI2_D00296g; Protein farnesyltransferase subunit beta
yli:2911327	CDS	D:1878274..1879794	YALI2_D00297g; FAS-associated factor 2
yli:2911328	tRNA	D:join(1880606..1880642,1880657..1880701)	YALI2_D00041t; tRNA-Ser
yli:2911329	CDS	D:join(1880842..1880976,1881408..1881602)	YALI2_D00298g; Putative acyl carrier protein
yli:2911330	CDS	D:1886269..1888065	YALI2_D00299g; Putative transcriptional regulatory protein STB4
yli:2911331	CDS	D:1890168..1891154	YALI2_D00300g; Ornithine carbamoyltransferase
yli:2911332	CDS	D:complement(1891409..1893868)	YALI2_D00824g; tRNA ligase
yli:2911333	tRNA	D:join(1895054..1895090,1895101..1895145)	YALI2_D00042t; tRNA-Ser
yli:2911334	CDS	D:complement(1895564..1896145)	YALI2_D00823g; mRNA 3'-end-processing protein YTH1
yli:2911335	CDS	D:1896949..1900248	YALI2_D00301g; TRAP II complex subunit 120
yli:2911336	CDS	D:complement(1900390..1902213)	YALI2_D00822g; Hypothetical protein
yli:2911337	CDS	D:1904555..1906900	YALI2_D00302g; Hypothetical protein
yli:2910745	CDS	D:1915431..1915781	YALI2_D00303g; Protein yippee-like 3
yli:2910746	CDS	D:1917949..1919706	YALI2_D00304g; Hypothetical protein
yli:2910747	CDS	D:1921391..1921933	YALI2_D00305g; Hypothetical protein
yli:2910748	CDS	D:complement(1922662..1924698)	YALI2_D00821g; Retrovirus-related Pol polyprotein
yli:2910749	CDS	D:complement(1926149..1926613)	YALI2_D00820g; Hypothetical protein
yli:2910752	CDS	D:complement(join(1928784..1932644,1933263..1933280))	YALI2_D00819g; DNA repair protein RAD50
yli:2910753	CDS	D:1934884..1937115	YALI2_D00306g; Cysteine--tRNA ligase
yli:2910754	CDS	D:complement(join(1937738..1942017,1942285..1942951))	YALI2_D00818g; Actin cytoskeleton-regulatory complex protein PAN1
yli:2910755	CDS	D:complement(join(1944107..1944506,1945391..1945434))	YALI2_D00817g; Ubiquitin-conjugating enzyme E2-16 kDa
yli:2910756	CDS	D:complement(1947332..1949896)	YALI2_D00816g; Transcription factor CPH2
yli:2910757	CDS	D:1954189..1957479	YALI2_D00307g; Hypothetical protein
yli:2910758	CDS	D:complement(1958647..1960473)	YALI2_D00815g; Protein byr4
yli:2910759	CDS	D:1961685..1962839	YALI2_D00308g; Biotin synthase
yli:2910760	CDS	D:complement(1964533..1966155)	YALI2_D00814g; Putative proline-specific permease put4
yli:2910761	CDS	D:1972612..1974501	YALI2_D00309g; Putative E3 ubiquitin-protein ligase HUL4
yli:2910762	CDS	D:complement(1975005..1975337)	YALI2_D00813g; Hypothetical protein
yli:2910167	CDS	D:complement(1979866..1980855)	YALI2_D00812g; D-serine dehydratase
yli:2910168	CDS	D:1982965..1984926	YALI2_D00310g; Hypothetical protein
yli:2910169	CDS	D:complement(1985160..1985804)	YALI2_D00811g; INO80 complex subunit 2
yli:2910170	CDS	D:complement(1986012..1987175)	YALI2_D00810g; Neutral trehalase
yli:2910171	CDS	D:1988203..1989540	YALI2_D00311g; Putative proline--tRNA ligase
yli:2910172	CDS	D:1990507..1993527	YALI2_D00312g; Hypothetical protein
yli:2910173	CDS	D:1996117..1996920	YALI2_D00313g; Hypothetical protein
yli:2910175	CDS	D:complement(2001106..2002371)	YALI2_D00809g; Short/branched chain specific acyl-CoA dehydrogenase
yli:2910176	CDS	D:complement(2006286..2007713)	YALI2_D00808g; RNA-binding protein PIN4
yli:2910177	CDS	D:2009297..2010697	YALI2_D00314g; Putative transferase CAF17
yli:2910178	CDS	D:join(2010896..2011109,2011254..2011744,2011802..2011849)	YALI2_D00315g; Hypothetical protein
yli:2910179	CDS	D:complement(join(2011986..2012477,2012696..2012716))	YALI2_D00807g; UPF0743 protein
yli:2910180	CDS	D:join(2013604..2013972,2014048..2017041)	YALI2_D00316g; Nucleoporin NSP1
yli:2910181	CDS	D:2028643..2030559	YALI2_D00317g; Protein SOK1
yli:2910182	tRNA	D:2033719..2033800	YALI2_D00043t; tRNA-Ser
yli:2910183	CDS	D:complement(2038403..2039377)	YALI2_D00806g; Putative feruloyl esterase A
yli:2910184	CDS	D:complement(2047745..2049136)	YALI2_D00805g; Hypothetical protein
yli:2910186	CDS	D:2054661..2056454	YALI2_D00318g; MFS siderochrome iron transporter C
yli:2911283	CDS	D:2064249..2065925	YALI2_D00319g; High-affinity methionine permease
yli:2911285	CDS	D:2067133..2067516	YALI2_D00320g; Hypothetical protein
yli:2911286	CDS	D:complement(2067892..2069823)	YALI2_D00804g; Cleft lip and palate transmembrane protein 1
yli:2911287	CDS	D:2070990..2072912	YALI2_D00321g; Pre-mRNA-processing factor 39
yli:2911288	CDS	D:complement(2073037..2074143)	YALI2_D00803g; Enoate reductase 1
yli:2911289	CDS	D:2075274..2076197	YALI2_D00322g; Aminodeoxychorismate lyase
yli:7009511	rRNA	D:2077164..2077279	YALI2_D00027r; 5S ribosomal RNA
yli:2911290	CDS	D:complement(2077919..2080975)	YALI2_D00802g; Ribosome assembly protein 1
yli:2911291	CDS	D:complement(2081744..2085376)	YALI2_D00801g; Suppressor of glycerol defect protein 1
yli:2911292	CDS	D:complement(2085803..2089312)	YALI2_D00800g; Ubiquitin carboxyl-terminal hydrolase 21
yli:2910306	CDS	D:2091327..2094188	YALI2_D00323g; ATP-dependent 6-phosphofructokinase
yli:2911293	CDS	D:2094913..2097369	YALI2_D00324g; Patatin-like phospholipase domain-containing protein
yli:2911294	CDS	D:2099020..2100099	YALI2_D00325g; Ubiquitin receptor RAD23b
yli:2911295	CDS	D:complement(2100969..2102051)	YALI2_D00799g; Hypothetical protein
yli:2911296	CDS	D:2105079..2105927	YALI2_D00326g; Hypothetical protein
yli:2911297	CDS	D:2107282..2107920	YALI2_D00327g; Elongation factor 1-gamma 1
yli:2910198	CDS	D:2110426..2111418	YALI2_D00328g; Hypothetical protein
yli:2910199	tRNA	D:complement(2111627..2111700)	YALI2_D00044t; tRNA-Val
yli:2910200	tRNA	D:2112690..2112771	YALI2_D00045t; tRNA-Ser
yli:2910201	tRNA	D:join(2113314..2113350,2113361..2113396)	YALI2_D00046t; tRNA-Lys
yli:2910202	CDS	D:complement(2114432..2114806)	YALI2_D00798g; Hypothetical protein
yli:2910203	tRNA	D:complement(2115416..2115487)	YALI2_D00047t; tRNA-His
yli:2910204	CDS	D:2116388..2117863	YALI2_D00329g; Phenylalanine--tRNA ligase alpha subunit
yli:2910205	CDS	D:join(2122513..2122552,2122914..2123047)	YALI2_D00330g; Pmp3
yli:90949635	CDS	D:2130488..2130703	YALI2_D00331g; uncharacterized protein
yli:2910206	CDS	D:complement(2132931..2134130)	YALI2_D00797g; NAD-dependent protein deacylase SIR2rp2
yli:2910207	CDS	D:complement(2134876..2135226)	YALI2_D00796g; Sulfiredoxin
yli:2910208	CDS	D:2136709..2137725	YALI2_D00332g; Malate dehydrogenase
yli:2910209	CDS	D:2138582..2139493	YALI2_D00333g; Altered inheritance of mitochondria protein 18
yli:2910210	CDS	D:2139711..2140412	YALI2_D00334g; Enolase-phosphatase E1
yli:2910211	CDS	D:2140972..2141991	YALI2_D00335g; Hypothetical protein
yli:2910212	CDS	D:complement(join(2142027..2144920,2145554..2145614))	YALI2_D00795g; DNA repair/transcription protein MET18/MMS19
yli:2911069	CDS	D:2145848..2146867	YALI2_D00336g; Casein kinase II subunit alpha
yli:90949680	CDS	D:complement(join(2147313..2147503,2147602..2147764))	YALI2_D00794g; Hypothetical protein
yli:2910213	CDS	D:complement(join(2148515..2151345,2151394..2153122))	YALI2_D00793g; Negative regulator of mitosis
yli:2910214	CDS	D:join(2153432..2153548,2153613..2153744,2153853..2155595)	YALI2_D00337g; Hypothetical protein
yli:2910215	CDS	D:complement(2155786..2157591)	YALI2_D00792g; Putative S-adenosyl-L-methionine-dependent RNA methyltransferase RSM22
yli:2910216	CDS	D:2157757..2158473	YALI2_D00338g; Family of serine hydrolases 2
yli:2910217	CDS	D:complement(2158657..2159577)	YALI2_D00791g; Hypothetical protein
yli:2910218	CDS	D:complement(2159858..2162197)	YALI2_D00790g; E3 ISG15--protein ligase HERC5
yli:2910219	CDS	D:2164521..2165528	YALI2_D00339g; Chitin synthase export chaperone
yli:2911218	CDS	D:2167736..2169364	YALI2_D00340g; Dolichyl pyrophosphate Man9GlcNAc2 alpha-1,3-glucosyltransferase
yli:2911219	CDS	D:complement(2170237..2171220)	YALI2_D00789g; Geranylgeranyl pyrophosphate synthase
yli:2911220	CDS	D:join(2171409..2171612,2171695..2171780,2171886..2171931,2171977..2172090)	YALI2_D00341g; Putative cytidine deaminase
yli:2911221	CDS	D:complement(join(2172108..2172149,2172329..2172585,2173227..2173284))	YALI2_D00788g; Prefoldin subunit 6
yli:2911222	CDS	D:join(2173469..2173474,2174009..2174830)	YALI2_D00342g; Hypothetical protein
yli:2911223	CDS	D:complement(2175142..2176674)	YALI2_D00787g; Nucleolar protein 56
yli:2911224	CDS	D:2179036..2180151	YALI2_D00343g; Methionine aminopeptidase 1
yli:2911225	CDS	D:2181155..2182849	YALI2_D00344g; Altered inheritance of mitochondria protein 9
yli:2911226	CDS	D:complement(2182969..2183604)	YALI2_D00786g; Cytokinin riboside 5'-monophosphate phosphoribohydrolase LOG7
yli:2911227	CDS	D:complement(2184552..2185772)	YALI2_D00785g; 26S proteasome regulatory subunit 8
yli:2911228	CDS	D:2186440..2186784	YALI2_D00345g; Hypothetical protein
yli:2911229	CDS	D:2188165..2189031	YALI2_D00346g; Hypothetical protein
yli:90949636	CDS	D:2189243..2189542	YALI2_D00347g; uncharacterized protein
yli:2911230	CDS	D:2191853..2193028	YALI2_D00348g; Acid protease
yli:2911231	CDS	D:2194660..2194953	YALI2_D00349g; Hypothetical protein
yli:90949637	CDS	D:2196659..2196922	YALI2_D00350g; uncharacterized protein
yli:90949638	CDS	D:2198685..2199041	YALI2_D00351g; uncharacterized protein
yli:2911232	CDS	D:2201767..2203650	YALI2_D00352g; Putative acyl-coenzyme A synthetase
yli:2911234	tRNA	D:2206423..2206494	YALI2_D00048t; tRNA-Thr
yli:2911235	CDS	D:complement(2206567..2206971)	YALI2_D00784g; Putative arsenate reductase
yli:2911236	CDS	D:complement(2207628..2209277)	YALI2_D00783g; Putative cystathionine gamma-synthase
yli:2911298	CDS	D:2210885..2212774	YALI2_D00353g; Mannosyl-oligosaccharide 1,2-alpha-mannosidase
yli:2911299	CDS	D:complement(2213149..2214267)	YALI2_D00782g; Peptidase M20 domain-containing protein
yli:2911300	CDS	D:2214863..2215633	YALI2_D00354g; UPF0655 protein
yli:2911301	CDS	D:join(2216032..2216071,2216246..2216275,2216766..2216884)	YALI2_D00355g; ATP-synthetase J
yli:2911303	CDS	D:2219527..2221527	YALI2_D00356g; Putative triacylglycerol lipase
yli:2911304	CDS	D:complement(2221689..2222669)	YALI2_D00781g; Dehydrodolichyl diphosphate synthase 6
yli:2911305	CDS	D:complement(2223643..2224239)	YALI2_D00780g; UPF0643 protein PB2B2.08
yli:2911306	CDS	D:2224929..2226026	YALI2_D00357g; Cytoplasmic tRNA 2-thiolation protein 1
yli:2911307	CDS	D:2227052..2228191	YALI2_D00358g; Alpha-ketoglutarate-dependent taurine dioxygenase
yli:2911309	CDS	D:join(2229420..2229465,2229513..2230621)	YALI2_D00359g; UPF0183 protein
yli:2911310	CDS	D:2231539..2233095	YALI2_D00360g; GABA-specific permease
yli:2911311	CDS	D:complement(2233557..2235113)	YALI2_D00779g; Hypothetical protein
yli:2911312	CDS	D:2239204..2246694	YALI2_D00361g; eIF-2-alpha kinase activator GCN1
yli:2911313	CDS	D:complement(2249520..2251358)	YALI2_D00778g; FAD-binding monooxygenase AflW
yli:2911314	CDS	D:complement(2251994..2253184)	YALI2_D00777g; AP-3 complex subunit mu
yli:2911315	CDS	D:2262150..2262800	YALI2_D00362g; Hypothetical protein
yli:2911316	CDS	D:2267881..2271153	YALI2_D00363g; Mediator of RNA polymerase II transcription subunit 15
yli:2911317	CDS	D:2272177..2273646	YALI2_D00364g; Putative cardiolipin-specific deacylase
yli:2911089	CDS	D:complement(2274246..2276321)	YALI2_D00776g; Long-chain-fatty-acid--CoA ligase 1
yli:2911090	CDS	D:2281670..2285224	YALI2_D00365g; Nucleoporin
yli:2911091	tRNA	D:complement(2285555..2285628)	YALI2_D00049t; tRNA-Ala
yli:2911092	CDS	D:complement(2288287..2289414)	YALI2_D00775g; Chorismate synthase
yli:2911093	CDS	D:2290431..2291213	YALI2_D00366g; Hypothetical protein
yli:2911094	CDS	D:complement(join(2291522..2293272,2294360..2296526))	YALI2_D00774g; Putative MFS-type transporter
yli:2911096	CDS	D:2299883..2301079	YALI2_D00367g; Non-histone protein 10
yli:2911097	CDS	D:complement(join(2301220..2302837,2303673..2303701))	YALI2_D00773g; Protein SST2
yli:2911099	CDS	D:2307266..2308126	YALI2_D00368g; Proline-rich protein HUA1
yli:2911100	CDS	D:2322451..2323296	YALI2_D00369g; Hypothetical protein
yli:2911101	CDS	D:2329269..2331050	YALI2_D00370g; CBS/PB1 domain-containing protein
yli:2911102	CDS	D:2332024..2333973	YALI2_D00371g; Hypothetical protein
yli:90949679	CDS	D:complement(join(2334454..2334723,2335298..2335300))	YALI2_D00772g; Hypothetical protein
yli:2911103	CDS	D:2336032..2337225	YALI2_D00372g; mitochondrial 54S ribosomal protein mL44
yli:2911105	CDS	D:complement(2339745..2341595)	YALI2_D00771g; Ubiquitin fusion degradation protein 1
yli:90949639	CDS	D:2342643..2343788	YALI2_D00373g; tRNA dimethylallyltransferase
yli:2911108	CDS	D:complement(2343970..2346000)	YALI2_D00770g; Hypothetical protein
yli:2911109	CDS	D:2349016..2350116	YALI2_D00374g; Choline-phosphate cytidylyltransferase
yli:2911110	CDS	D:complement(2351700..2352062)	YALI2_D00769g; Dual specificity phosphatase Cdc25
yli:2911111	CDS	D:complement(2353107..2354414)	YALI2_D00768g; Hypothetical protein
yli:2911112	CDS	D:complement(2355190..2356224)	YALI2_D00767g; Allantoicase
yli:2911113	CDS	D:2361775..2363313	YALI2_D00375g; MFS-type transporter
yli:2911114	CDS	D:2365333..2368224	YALI2_D00376g; Putative beta-glucosidase A
yli:2911115	CDS	D:complement(join(2368362..2372285,2372332..2372850,2373986..2375005))	YALI2_D00766g; Sterol 3-beta-glucosyltransferase
yli:2911118	CDS	D:complement(join(2377257..2378445,2378881..2378921))	YALI2_D00765g; Inositol phosphosphingolipids phospholipase C
yli:2911119	CDS	D:join(2378956..2379007,2380899..2381995)	YALI2_D00377g; Lipase A
yli:2911120	CDS	D:2382619..2384094	YALI2_D00378g; Hypothetical protein
yli:90949640	CDS	D:join(2384446..2384449,2384891..2385150)	YALI2_D00379g; uncharacterized protein
yli:90949641	CDS	D:join(2386528..2386530,2386609..2386797)	YALI2_D00380g; uncharacterized protein
yli:2911122	CDS	D:2388076..2388888	YALI2_D00381g; Hypothetical protein
yli:2911123	CDS	D:2389492..2391219	YALI2_D00382g; Peptide transporter PTR2
yli:2911124	CDS	D:complement(2391288..2392205)	YALI2_D00764g; Hypothetical protein
yli:2911125	CDS	D:2393097..2395517	YALI2_D00383g; mRNA 3'-end-processing protein RNA14
yli:2911126	CDS	D:2399276..2401351	YALI2_D00384g; Hypothetical protein
yli:2911127	CDS	D:2403227..2404678	YALI2_D00385g; Hypothetical protein
yli:2911128	CDS	D:2413412..2416825	YALI2_D00386g; Respiration factor 2
yli:2911134	CDS	D:2423079..2424317	YALI2_D00387g; Pre-rRNA-processing protein las1
yli:2911135	CDS	D:join(2427465..2427476,2428152..2428364)	YALI2_D00388g; uncharacterized protein
yli:2911136	CDS	D:complement(join(2430671..2430868,2431390..2431452))	YALI2_D00763g; MICOS complex subunit MIC10
yli:90949642	CDS	D:2432342..2432683	YALI2_D00389g; Hypothetical protein
yli:2911137	CDS	D:complement(2432792..2434243)	YALI2_D00762g; Hypothetical protein
yli:2911138	CDS	D:2434801..2437620	YALI2_D00390g; SEH-associated protein 4
yli:2911139	CDS	D:2438670..2439755	YALI2_D00391g; Hypothetical protein
yli:2911140	CDS	D:complement(2439945..2440922)	YALI2_D00761g; Hypothetical protein
yli:2911141	CDS	D:2444047..2444601	YALI2_D00392g; Protein UPS2
yli:2911142	CDS	D:2447656..2449266	YALI2_D00393g; Putative quinate permease
yli:2911143	CDS	D:complement(2450833..2452608)	YALI2_D00760g; Paxillin-like protein 1
yli:2911144	CDS	D:2458656..2460014	YALI2_D00394g; Dihydroorotate dehydrogenase (quinone)
yli:2911145	CDS	D:complement(2460966..2461799)	YALI2_D00759g; Golgi apparatus membrane protein tvp38
yli:2911146	CDS	D:2464654..2465490	YALI2_D00395g; Putative NADP-dependent mannitol dehydrogenase
yli:2911147	CDS	D:2466242..2467018	YALI2_D00396g; Hypothetical protein
yli:2911148	CDS	D:complement(2467825..2468778)	YALI2_D00758g; Zinc transporter ZIP9
yli:2911149	CDS	D:complement(join(2470083..2470111,2470809..2471190))	YALI2_D00757g; Lactobacillus shifted protein
yli:2911150	CDS	D:2471907..2472209	YALI2_D00397g; Hypothetical protein
yli:2911151	CDS	D:2472999..2474009	YALI2_D00398g; Hypothetical protein
yli:2911152	CDS	D:join(2477121..2477207,2477615..2480527)	YALI2_D00399g; Lethal(2) giant larvae protein SRO77
yli:2911153	CDS	D:complement(2480683..2481729)	YALI2_D00756g; Ribosome biogenesis protein TSR3
yli:2911154	CDS	D:2484131..2485726	YALI2_D00400g; Malate synthase, glyoxysomal
yli:2910312	CDS	D:complement(2487371..2490016)	YALI2_D00755g; pH-response regulator protein PalF/RIM8
yli:2910291	CDS	D:2492584..2493684	YALI2_D00401g; Lipase A
yli:2911155	CDS	D:complement(2493902..2495314)	YALI2_D00754g; Delta(24(24(1)))-sterol reductase
yli:2911156	CDS	D:2496776..2497276	YALI2_D00402g; Hypothetical protein
yli:2911157	CDS	D:2498027..2498599	YALI2_D00403g; UPF0589 protein
yli:2911158	CDS	D:2499092..2500423	YALI2_D00404g; Hypothetical protein
yli:2911159	CDS	D:2501857..2502450	YALI2_D00405g; Hypothetical protein
yli:7009514	rRNA	D:2502865..2502980	YALI2_D00028r; 5S ribosomal RNA
yli:2911160	CDS	D:2510079..2511740	YALI2_D00406g; Hypothetical protein
yli:2911161	CDS	D:complement(2513676..2513891)	YALI2_D00753g; uncharacterized protein
yli:2911162	CDS	D:2517292..2520183	YALI2_D00407g; Hypothetical protein
yli:2911163	CDS	D:complement(2520440..2521855)	YALI2_D00752g; Hypothetical protein
yli:2911165	CDS	D:join(2524234..2524549,2525034..2525827)	YALI2_D00408g; Phosphopantetheine adenylyltransferase
yli:2911166	CDS	D:2526974..2527774	YALI2_D00409g; DNA-directed RNA polymerase III subunit rpc5
yli:2911167	CDS	D:complement(2528456..2530099)	YALI2_D00751g; Serine/threonine-protein kinase SvkA
yli:2911169	CDS	D:2533465..2534778	YALI2_D00410g; Mitochondrial inner membrane magnesium transporter LPE10
yli:2911170	CDS	D:2535301..2538912	YALI2_D00411g; Cullin-associated NEDD8-dissociated protein 1, C-terminal part
yli:2911171	CDS	D:complement(2539906..2541753)	YALI2_D00750g; Peptide transporter PTR2
yli:2911172	CDS	D:complement(2545399..2547456)	YALI2_D00749g; Peptide transporter PTR2
yli:2911173	CDS	D:2550122..2552197	YALI2_D00412g; Hypothetical protein
yli:2911179	CDS	D:2552401..2552991	YALI2_D00413g; 60S ribosomal subunit assembly/export protein LOC1
yli:2911180	CDS	D:2554727..2556151	YALI2_D00414g; High-affinity methionine permease
yli:2911181	tRNA	D:join(2556866..2556903,2556922..2556965)	YALI2_D00050t; tRNA-Leu
yli:2911182	CDS	D:complement(2557599..2558042)	YALI2_D00748g; Hypothetical protein
yli:2911183	CDS	D:complement(2560364..2562058)	YALI2_D00747g; Uracil permease
yli:2911184	CDS	D:complement(2564839..2568780)	YALI2_D00746g; Putative inositol polyphosphate 5-phosphatase
yli:2911185	CDS	D:complement(2569501..2572071)	YALI2_D00745g; Hypothetical protein
yli:2911186	CDS	D:join(2573471..2573704,2575188..2575259)	YALI2_D00415g; Tubulin-specific chaperone A
yli:2911187	CDS	D:join(2575520..2575697,2576181..2577760)	YALI2_D00416g; Hypothetical protein
yli:2911188	CDS	D:complement(2578112..2579146)	YALI2_D00744g; GPN-loop GTPase 2
yli:2911189	CDS	D:2579950..2580963	YALI2_D00417g; 26S proteasome regulatory subunit rpn-8
yli:2911190	CDS	D:2581839..2582618	YALI2_D00418g; Hypothetical protein
yli:2911191	CDS	D:complement(2582837..2583367)	YALI2_D00743g; Translation machinery-associated protein 16
yli:2911192	CDS	D:join(2583817..2583923,2584296..2585778)	YALI2_D00419g; Hypothetical protein
yli:2911193	CDS	D:complement(2586134..2587129)	YALI2_D00742g; Hypothetical protein
yli:2911194	CDS	D:2587297..2588394	YALI2_D00420g; MIOREX complex component 10
yli:2911195	CDS	D:complement(2588799..2591351)	YALI2_D00741g; Protein EFR3
yli:2911196	CDS	D:complement(2592677..2594212)	YALI2_D00740g; MFS antiporter QDR3
yli:2911197	CDS	D:2595381..2597540	YALI2_D00421g; Pre-mRNA-splicing factor CEF1
yli:2911198	CDS	D:2598404..2599945	YALI2_D00422g; Carboxylic acid transporter protein
yli:2910311	CDS	D:2600240..2602561	YALI2_D00423g; pH-response regulator protein RIM20
yli:2911199	CDS	D:complement(2602759..2603274)	YALI2_D00739g; Glucosamine 6-phosphate N-acetyltransferase
yli:2911200	CDS	D:2605569..2607893	YALI2_D00424g; Endoplasmic reticulum mannosyl-oligosaccharide 1,2-alpha-mannosidase
yli:2911201	CDS	D:2611260..2613281	YALI2_D00425g; Efflux pump DotC
yli:2911202	CDS	D:complement(2617354..2619060)	YALI2_D00738g; Hypothetical protein
yli:2911203	CDS	D:2620015..2623362	YALI2_D00426g; DNA repair protein rad13
yli:2911204	CDS	D:2624789..2625751	YALI2_D00427g; Alkaline ceramidase 3
yli:2911205	tRNA	D:complement(2626372..2626443)	YALI2_D00051t; tRNA-His
yli:2911206	CDS	D:2629852..2630697	YALI2_D00428g; Protein CCC1
yli:2911207	CDS	D:join(2632759..2632892,2633262..2634699)	YALI2_D00429g; T-complex protein 1 subunit zeta
yli:2911208	CDS	D:complement(2635077..2636993)	YALI2_D00737g; MFS siderochrome iron transporter C
yli:2911209	CDS	D:2639626..2641230	YALI2_D00430g; Putative transcriptional regulatory protein
yli:2911210	CDS	D:complement(join(2641735..2643461,2643508..2643553))	YALI2_D00736g; Protein SLY1
yli:2911211	CDS	D:join(2647748..2647772,2648381..2650590)	YALI2_D00431g; Protein PAM1
yli:2911212	CDS	D:complement(2652472..2655144)	YALI2_D00735g; Lactose regulatory protein LAC9
yli:2910161	CDS	D:complement(2656983..2658959)	YALI2_D00734g; Nitrogen catabolic enzyme regulatory protein
yli:2910162	CDS	D:2661916..2662170	YALI2_D00432g; Putative BolA-like protein
yli:2911079	CDS	D:complement(join(2663062..2663441,2663634..2663643))	YALI2_D00733g; Heat shock protein hsp9
yli:2910778	CDS	D:2666772..2668076	YALI2_D00433g; Hypothetical protein
yli:2910779	CDS	D:join(2669552..2669576,2669775..2669838,2670151..2671645)	YALI2_D00434g; T-complex protein 1 subunit gamma
yli:2910774	CDS	D:complement(2672015..2672431)	YALI2_D00732g; DNA-directed RNA polymerase III subunit RPC9
yli:2910773	CDS	D:join(2672910..2672956,2673307..2673718)	YALI2_D00435g; 40S ribosomal protein uS13
yli:2910334	CDS	D:complement(join(2674011..2676917,2676985..2677053))	YALI2_D00731g; Mediator of RNA polymerase II transcription subunit 5
yli:2910335	CDS	D:complement(join(2678029..2680179,2680647..2680727))	YALI2_D00730g; Hypothetical protein
yli:2910156	CDS	D:2684635..2685897	YALI2_D00436g; Cell surface mannoprotein MP65
yli:2910157	CDS	D:complement(2687628..2689907)	YALI2_D00729g; Chromatin structure-remodeling complex subunit RSC2
yli:2910151	CDS	D:2690313..2691224	YALI2_D00437g; NAD-dependent protein deacylase sirtuin-5
yli:2910149	tRNA	D:2691906..2691979	YALI2_D00052t; tRNA-Val
yli:2910150	CDS	D:complement(join(2692939..2694347,2694593..2694683))	YALI2_D00728g; Dihydrolipoyl dehydrogenase
yli:2911250	CDS	D:complement(2695276..2697762)	YALI2_D00727g; Pre-mRNA-splicing factor CWC22
yli:90949643	CDS	D:2700205..2700450	YALI2_D00438g; uncharacterized protein
yli:2910196	CDS	D:complement(2700525..2702105)	YALI2_D00726g; Putative MFS-type transporter
yli:2910197	CDS	D:2704969..2705730	YALI2_D00439g; ABC transporter domain-containing protein
yli:2910270	CDS	D:2707946..2709076	YALI2_D00440g; Delta(7)-sterol 5(6)-desaturase
yli:2910315	CDS	D:2709433..2710401	YALI2_D00441g; Hypothetical protein
yli:2910316	CDS	D:2711183..2713009	YALI2_D00442g; Solute carrier family 28 member 3
yli:2910715	CDS	D:join(2713709..2713710,2714386..2714899)	YALI2_D00443g; UPF0220 protein
yli:2910716	CDS	D:complement(join(2715981..2716934,2717457..2717636))	YALI2_D00725g; Protein kinase gsk3
yli:2911054	CDS	D:2719313..2721091	YALI2_D00444g; Hypothetical protein
yli:2911055	CDS	D:complement(2721633..2722283)	YALI2_D00724g; Palmitoyl-protein thioesterase-dolichyl pyrophosphate phosphatase fusion 1
yli:2911253	CDS	D:complement(2723465..2724988)	YALI2_D00723g; Thiol-specific monooxygenase
yli:2910279	CDS	D:2725442..2726641	YALI2_D00445g; Putative alpha-ketoglutarate-dependent sulfonate dioxygenase
yli:2910280	CDS	D:complement(2727071..2730445)	YALI2_D00722g; Hypothetical protein
yli:2910277	CDS	D:2731481..2732737	YALI2_D00446g; Mitochondrial import inner membrane translocase subunit TIM44
yli:2910281	CDS	D:complement(2733555..2734268)	YALI2_D00721g; Hypothetical protein
yli:2910282	CDS	D:2734807..2736390	YALI2_D00447g; Pre-mRNA-splicing factor cwf19
yli:7009520	rRNA	D:2737038..2737153	YALI2_D00029r; 5S ribosomal RNA
yli:2910165	CDS	D:complement(2737342..2739048)	YALI2_D00720g; DNA repair protein rhp7
yli:90949644	CDS	D:2741249..2741473	YALI2_D00448g; uncharacterized protein
yli:2910153	CDS	D:complement(join(2741746..2742508,2742552..2742613,2742732..2743184,2744023..2744096,2744290..2744293))	YALI2_D00719g; Myb-like DNA-binding protein myb-1
yli:2910154	CDS	D:complement(2753322..2753963)	YALI2_D00718g; Hypothetical protein
yli:90949678	CDS	D:complement(2755248..2756093)	YALI2_D00717g; Hypothetical protein
yli:2911081	CDS	D:2757892..2759637	YALI2_D00449g; Vacuolar protein sorting-associated protein 17
yli:2911076	CDS	D:complement(2759810..2762680)	YALI2_D00716g; DNA ligase 4
yli:2911074	CDS	D:complement(2763120..2764004)	YALI2_D00715g; Hypothetical protein
yli:2911075	CDS	D:complement(2764532..2765146)	YALI2_D00714g; J domain-containing protein spf31
yli:2910768	CDS	D:join(2765731..2765756,2765840..2766494)	YALI2_D00450g; Ribonucleoprotein
yli:2910766	CDS	D:2768298..2769395	YALI2_D00451g; Nuc-1 negative regulatory protein preg
yli:2910767	CDS	D:2770917..2771579	YALI2_D00452g; Elongator complex protein 6
yli:2910339	CDS	D:complement(join(2771978..2773098,2773262..2773721))	YALI2_D00713g; Inosine-5'-monophosphate dehydrogenase
yli:2910287	CDS	D:2774772..2775254	YALI2_D00453g; Hypothetical protein
yli:2910163	CDS	D:2776481..2780743	YALI2_D00454g; Kinetochore protein spc7
yli:2910164	CDS	D:complement(2780853..2781857)	YALI2_D00712g; UPF0394 membrane protein
yli:7009524	CDS	D:2783484..2783837	YALI2_D00455g; Hypothetical protein
yli:2910271	CDS	D:complement(2784034..2785764)	YALI2_D00711g; Phosphatidylserine decarboxylase proenzyme 1
yli:2910272	CDS	D:join(2788019..2788291,2788796..2788858)	YALI2_D00456g; mitochondrial 37S ribosomal protein uS14m
yli:2910765	CDS	D:complement(2789359..2790708)	YALI2_D00710g; Hypothetical protein
yli:2911084	CDS	D:join(2796841..2797369,2797526..2800851)	YALI2_D00457g; Histone-lysine N-methyltransferase ASH1L
yli:2910777	CDS	D:complement(join(2804460..2808301,2808629..2809709))	YALI2_D00709g; Tip elongation aberrant protein 1
yli:2910772	CDS	D:2812987..2814777	YALI2_D00458g; Target of rapamycin complex 2 subunit AVO2
yli:2910694	CDS	D:complement(join(2814901..2818178,2818419..2818475,2818797..2819310))	YALI2_D00708g; Hypothetical protein
yli:2910318	CDS	D:2821850..2825089	YALI2_D00459g; Alpha-mannosidase
yli:2910152	CDS	D:complement(join(2825151..2829904,2830602..2830641))	YALI2_D00707g; Protein STU1
yli:2910738	CDS	D:complement(2832054..2832839)	YALI2_D00706g; Hypothetical protein
yli:2910739	CDS	D:complement(2833620..2834261)	YALI2_D00705g; Protein transport protein SEC22
yli:2911053	CDS	D:complement(2834904..2836028)	YALI2_D00704g; Protein N-terminal amidase
yli:2910194	CDS	D:complement(2836809..2838869)	YALI2_D00703g; Putative MFS-type transporter
yli:2910195	CDS	D:complement(join(2840351..2840713,2841283..2841408))	YALI2_D00702g; ATP synthase subunit delta
yli:2910693	CDS	D:2842475..2843065	YALI2_D00460g; Hypothetical protein
yli:2910313	CDS	D:complement(2843797..2844819)	YALI2_D00701g; Protein phosphatase 2C 1
yli:2910314	CDS	D:2846526..2846984	YALI2_D00461g; mitochondrial 54S ribosomal protein uL11m
yli:2910155	CDS	D:complement(2847570..2849255)	YALI2_D00700g; Putative amidase
yli:2911046	CDS	D:complement(2856448..2857581)	YALI2_D00699g; Enhancer of translation termination 1
yli:2911047	CDS	D:2858518..2860929	YALI2_D00462g; Telomere length regulation protein elg1
yli:2911048	tRNA	D:complement(join(2861103..2861137,2861153..2861189))	YALI2_D00053t; tRNA-His
yli:2911049	CDS	D:2861643..2862437	YALI2_D00463g; tRNA wybutosine-synthesizing protein 3
yli:2910193	CDS	D:2864472..2864822	YALI2_D00464g; Hypothetical protein
yli:2911251	CDS	D:2866865..2868559	YALI2_D00465g; Aspartate--tRNA ligase, cytoplasmic
yli:2911252	CDS	D:2873166..2876786	YALI2_D00466g; Cell division control protein 25
yli:2910278	CDS	D:complement(join(2879131..2879403,2879877..2879915))	YALI2_D00698g; DNA-directed RNA polymerase III subunit RPC10
yli:2910691	CDS	D:2880236..2881765	YALI2_D00467g; Origin recognition complex subunit 2
yli:2910692	CDS	D:2885469..2887418	YALI2_D00468g; Heat shock protein 70 1
yli:2910327	tRNA	D:complement(2888797..2888870)	YALI2_D00054t; tRNA-Val
yli:2910328	CDS	D:complement(2890282..2893200)	YALI2_D00697g; Endochitinase
yli:2911082	CDS	D:complement(2897400..2898524)	YALI2_D00696g; Hypothetical protein
yli:2911077	CDS	D:complement(join(2902595..2909891,2909947..2910230))	YALI2_D00695g; U3 small nucleolar RNA-associated protein 20
yli:2911078	CDS	D:2911800..2913065	YALI2_D00469g; Hypothetical protein
yli:2910775	CDS	D:2915002..2916447	YALI2_D00470g; Serine hydroxymethyltransferase
yli:2910769	CDS	D:complement(2916706..2921127)	YALI2_D00694g; Hypothetical protein
yli:2910770	CDS	D:join(2922698..2923408,2923882..2929266)	YALI2_D00471g; Proteasome activator BLM10
yli:90949645	CDS	D:2932793..2933038	YALI2_D00472g; uncharacterized protein
yli:2910336	CDS	D:complement(2937925..2940405)	YALI2_D00693g; Eukaryotic translation initiation factor 3 subunit C
yli:2910337	CDS	D:join(2942124..2942133,2942344..2942411,2942876..2944228)	YALI2_D00473g; Protein transport protein SEC61 subunit alpha
yli:2910338	CDS	D:complement(2945631..2946980)	YALI2_D00692g; Thiol-specific monooxygenase
yli:2910190	CDS	D:complement(2949789..2951330)	YALI2_D00691g; Hypothetical protein
yli:90949646	CDS	D:2957802..2958062	YALI2_D00474g; Hypothetical protein
yli:90949677	CDS	D:complement(join(2959643..2959981,2960073..2960132))	YALI2_D00690g; Aminopeptidase 2
yli:2910191	CDS	D:complement(2967104..2968819)	YALI2_D00689g; HMG-box protein STE11
yli:2910192	CDS	D:complement(2975504..2978110)	YALI2_D00688g; Hypothetical protein
yli:2910158	tRNA	D:join(2979141..2979176,2979191..2979226)	YALI2_D00055t; tRNA-Pro
yli:90949647	CDS	D:join(2979453..2979491,2979586..2979756)	YALI2_D00475g; uncharacterized protein
yli:2910159	CDS	D:complement(join(2980295..2981672,2982690..2982874))	YALI2_D00687g; Hypothetical protein
yli:2910160	CDS	D:2985920..2988859	YALI2_D00476g; Protein kinase kin1
yli:2910188	CDS	D:2991440..2993254	YALI2_D00477g; ABC transporter ATP-binding protein ARB1
yli:2910189	CDS	D:2995121..2998801	YALI2_D00478g; Hypothetical protein
yli:2910247	CDS	D:2999902..3001137	YALI2_D00479g; Acetylornithine aminotransferase
yli:2910248	CDS	D:complement(3003025..3003645)	YALI2_D00686g; Hypothetical protein
yli:2910249	CDS	D:3006089..3007432	YALI2_D00480g; Saccharopine dehydrogenase [NADP(+), L-glutamate-forming]
yli:2911246	CDS	D:complement(3008215..3009789)	YALI2_D00685g; Efflux pump DotC
yli:2911247	CDS	D:3012936..3015002	YALI2_D00481g; Serine/threonine-protein kinase BUR1
yli:2911248	CDS	D:complement(3019243..3020610)	YALI2_D00684g; Rhizopuspepsin-3
yli:2911249	CDS	D:complement(3022348..3024618)	YALI2_D00683g; Hypothetical protein
yli:2910319	CDS	D:complement(3025401..3028073)	YALI2_D00682g; Regulator of Ty1 transposition protein 10
yli:90949648	CDS	D:3028463..3028936	YALI2_D00482g; Hypothetical protein
yli:2910321	CDS	D:3030751..3031986	YALI2_D00483g; Hypothetical protein
yli:2910283	CDS	D:complement(3032932..3034296)	YALI2_D00681g; Hypothetical protein
yli:2910284	tRNA	D:join(3037913..3037949,3037968..3038003)	YALI2_D00056t; tRNA-Val
yli:2910285	CDS	D:complement(3038358..3040772)	YALI2_D00680g; ATP-dependent RNA helicase DBP7
yli:2910286	CDS	D:complement(3042282..3042833)	YALI2_D00679g; mitochondrial 54S ribosomal protein mL59
yli:2911022	CDS	D:3048634..3050436	YALI2_D00484g; Hypothetical protein
yli:2911023	CDS	D:complement(3052233..3052823)	YALI2_D00678g; Hypothetical protein
yli:2911024	CDS	D:3054365..3055627	YALI2_D00485g; Hypothetical protein
yli:2911050	CDS	D:complement(3056407..3057111)	YALI2_D00677g; Eukaryotic translation initiation factor 3 subunit K
yli:90949649	CDS	D:join(3057992..3058123,3058513..3058584)	YALI2_D00486g; Hypothetical protein
yli:2911051	CDS	D:complement(3059126..3063502)	YALI2_D00676g; Vacuolar cation-transporting ATPase YPK9
yli:2911052	CDS	D:join(3067453..3067650,3068332..3073116)	YALI2_D00487g; Nuclear protein STH1/NPS1
yli:2910273	CDS	D:join(3073831..3073844,3074181..3076740)	YALI2_D00488g; Aminopeptidase 2
yli:2910274	CDS	D:3077370..3078953	YALI2_D00489g; Protoporphyrinogen oxidase
yli:2910275	CDS	D:complement(3079510..3080169)	YALI2_D00675g; Golgi SNAP receptor complex member 1
yli:2910276	CDS	D:3080719..3081159	YALI2_D00490g; U2 small nuclear ribonucleoprotein B''
yli:2910329	CDS	D:3083312..3084118	YALI2_D00491g; Succinate dehydrogenase [ubiquinone] iron-sulfur subunit
yli:2910330	CDS	D:3086334..3088511	YALI2_D00492g; Sn1-specific diacylglycerol lipase beta
yli:2910331	CDS	D:complement(3089207..3089728)	YALI2_D00674g; Hypothetical protein
yli:2910332	CDS	D:3090153..3095738	YALI2_D00493g; Protein transport protein sec72
yli:2910333	CDS	D:3099764..3101503	YALI2_D00494g; Peptide transporter PTR2
yli:2910322	tRNA	D:join(3102169..3102204,3102222..3102257)	YALI2_D00057t; tRNA-Arg
yli:2910323	CDS	D:complement(3103145..3103624)	YALI2_D00673g; Ribosome assembly protein 3
yli:2910324	CDS	D:complement(3104059..3105174)	YALI2_D00672g; NASP-related protein sim3
yli:2910325	CDS	D:join(3108373..3108397,3108935..3110271)	YALI2_D00495g; Cell division control protein 3
yli:2910326	CDS	D:join(3111776..3111961,3112461..3112485,3113232..3113923)	YALI2_D00496g; Pore membrane protein of 33 kDa
yli:2910878	CDS	D:join(3114717..3114719,3114866..3116491)	YALI2_D00497g; Lysine--tRNA ligase
yli:2910879	CDS	D:3117052..3117999	YALI2_D00498g; Ribonuclease H2 subunit A
yli:2910880	CDS	D:join(3119582..3119622,3120606..3122019)	YALI2_D00499g; Dihydrolipoyllysine-residue acetyltransferase component of pyruvate dehydrogenase complex
yli:2910881	CDS	D:3123103..3125355	YALI2_D00500g; Protein transport protein SEC23
yli:2910882	CDS	D:join(3128250..3128310,3128903..3131139)	YALI2_D00501g; Hypothetical protein
yli:90949650	CDS	D:3133071..3133367	YALI2_D00502g; Hypothetical protein
yli:2910883	CDS	D:3135884..3138085	YALI2_D00503g; Zinc-responsive transcriptional regulator ZAP1
yli:2910884	CDS	D:complement(3138762..3140309)	YALI2_D00671g; Hypothetical protein
yli:2910885	CDS	D:complement(3141153..3142055)	YALI2_D00670g; Vacuolar protein sorting-associated protein 26
yli:2910886	CDS	D:3144333..3145733	YALI2_D00504g; Lipoamide acyltransferase component of branched-chain alpha-keto acid dehydrogenase complex
yli:2910957	CDS	D:complement(3147020..3147643)	YALI2_D00669g; Hypothetical protein
yli:2910958	CDS	D:complement(3149135..3149986)	YALI2_D00668g; U3 small nucleolar ribonucleoprotein IMP4
yli:2910959	CDS	D:3151895..3154789	YALI2_D00505g; Regulator of nonsense transcripts 1
yli:2910960	CDS	D:3157680..3161099	YALI2_D00506g; Inhibitory regulator protein BUD2/CLA2
yli:2910961	CDS	D:complement(3163260..3166109)	YALI2_D00667g; Hypothetical protein
yli:2910986	CDS	D:complement(3171271..3173517)	YALI2_D00666g; Hypothetical protein
yli:2910987	CDS	D:3176588..3181201	YALI2_D00507g; DNA topoisomerase 2
yli:90949676	CDS	D:complement(3183150..3183782)	YALI2_D00665g; Hypothetical protein
yli:2910989	tRNA	D:3184310..3184391	YALI2_D00058t; tRNA-Ser
yli:2910990	CDS	D:join(3185577..3185579,3186409..3186573,3187216..3194265)	YALI2_D00508g; Cell polarity protein mor2
yli:2911012	CDS	D:complement(3196116..3196910)	YALI2_D00664g; Hypothetical protein
yli:2911013	CDS	D:3198410..3201073	YALI2_D00509g; Kinesin-like protein KIN-5A
yli:2911014	CDS	D:complement(3204440..3206374)	YALI2_D00663g; Protein MNN4
yli:2911015	CDS	D:complement(3212435..3215047)	YALI2_D00662g; Chromosome transmission fidelity protein 18
yli:2911016	CDS	D:complement(3219612..3220655)	YALI2_D00661g; Fluoride export protein 1
yli:2911017	CDS	D:3225335..3226297	YALI2_D00510g; Transcriptional regulator CBF1
yli:2911018	CDS	D:join(3230102..3230245,3230919..3235136)	YALI2_D00511g; Oligomycin resistance ATP-dependent permease YOR1
yli:2911019	CDS	D:complement(3239108..3240502)	YALI2_D00660g; Ubiquitin carboxyl-terminal hydrolase 10
yli:2911020	CDS	D:complement(3241426..3244863)	YALI2_D00659g; Low affinity vacuolar monovalent cation/H(+) antiporter
yli:2911021	tRNA	D:3246646..3246719	YALI2_D00059t; tRNA-Ala
yli:2910340	CDS	D:3249686..3250135	YALI2_D00512g; Hypothetical protein
yli:90949651	CDS	D:3252943..3254223	YALI2_D00513g; Hypothetical protein
yli:2910341	CDS	D:complement(3257454..3258221)	YALI2_D00658g; Eukaryotic translation initiation factor 4E
yli:2910342	CDS	D:3259529..3260464	YALI2_D00514g; Hypothetical protein
yli:2910343	CDS	D:complement(3263210..3264928)	YALI2_D00657g; Mitochondrial import inner membrane translocase subunit TIM54
yli:90949652	CDS	D:3265503..3267647	YALI2_D00515g; Hypothetical protein
yli:90949653	CDS	D:3267761..3271552	YALI2_D00516g; LINE-1 retrotransposable element ORF2 protein
yli:2910344	CDS	D:complement(3274540..3275784)	YALI2_D00656g; Hypothetical protein
yli:2910379	CDS	D:3279982..3280593	YALI2_D00517g; 60S ribosomal protein eL15
yli:2910380	CDS	D:3285605..3287377	YALI2_D00518g; Bifunctional purine biosynthesis protein ADE17
yli:2910381	CDS	D:3291397..3292890	YALI2_D00519g; Putative ATP-citrate synthase subunit 2
yli:2910382	CDS	D:3296232..3298352	YALI2_D00520g; Hypothetical protein
yli:2910383	CDS	D:complement(3300860..3301570)	YALI2_D00655g; Hypothetical protein
yli:2910446	CDS	D:complement(3304301..3307081)	YALI2_D00654g; ATP-dependent RNA helicase DBP10
yli:2910447	CDS	D:3308128..3309000	YALI2_D00521g; Hypothetical protein
yli:2910448	CDS	D:3311352..3312773	YALI2_D00522g; Hypothetical protein
yli:90949654	CDS	D:join(3314013..3314157,3314855..3314922)	YALI2_D00523g; Stress-associated endoplasmic reticulum protein
yli:2910449	CDS	D:complement(3315828..3316520)	YALI2_D00653g; Hypothetical protein
yli:2910508	CDS	D:3318526..3319653	YALI2_D00524g; NADH-ubiquinone oxidoreductase 40 kDa subunit
yli:2910509	CDS	D:complement(3319961..3321472)	YALI2_D00652g; Carboxylic acid transporter protein
yli:2910510	CDS	D:join(3324020..3324322,3324979..3325066,3325438..3325535)	YALI2_D00525g; Acyl carrier protein
yli:2910512	CDS	D:3326967..3328703	YALI2_D00526g; Protein HOL1
yli:90949675	CDS	D:complement(3329283..3329486)	YALI2_D00651g; Hypothetical protein
yli:90949655	CDS	D:3331111..3331533	YALI2_D00527g; Vesicular-fusion protein sec18
yli:2910556	CDS	D:complement(3332832..3334085)	YALI2_D00650g; Hypothetical protein
yli:2910308	CDS	D:complement(3340119..3342221)	YALI2_D00649g; Acyl-coenzyme A oxidase 3
yli:2910557	CDS	D:complement(3344378..3345781)	YALI2_D00648g; Hypothetical protein
yli:2910558	CDS	D:complement(3347418..3347816)	YALI2_D00647g; Hypothetical protein
yli:2910620	CDS	D:join(3352414..3352561,3353101..3354986)	YALI2_D00528g; Hypothetical protein
yli:2910622	CDS	D:complement(3358754..3360238)	YALI2_D00646g; Protein PacG
yli:2910962	CDS	D:3368603..3369985	YALI2_D00529g; Mitochondrial distribution and morphology protein 34
yli:2910964	CDS	D:complement(3373915..3374889)	YALI2_D00645g; UPF0160 protein
yli:2910965	CDS	D:join(3377073..3377138,3377369..3377758)	YALI2_D00530g; Cytochrome C oxidase chaperone
yli:2910966	CDS	D:complement(3380445..3381950)	YALI2_D00644g; Hypothetical protein
yli:2910850	CDS	D:3385951..3386625	YALI2_D00531g; Golgi apparatus membrane protein TVP23
yli:90949674	CDS	D:complement(3386800..3386988)	YALI2_D00643g; uncharacterized protein
yli:2910851	CDS	D:3388115..3389752	YALI2_D00532g; FACT complex subunit POB3
yli:2910852	CDS	D:complement(join(3391696..3392644,3392689..3392723))	YALI2_D00642g; Rhamnose biosynthetic enzyme 2
yli:90949673	CDS	D:complement(3393278..3394153)	YALI2_D00641g; Hypothetical protein
yli:2910853	CDS	D:complement(join(3394773..3395974,3396284..3396290))	YALI2_D00640g; COP9 signalosome complex subunit 1
yli:2910854	CDS	D:3397315..3399654	YALI2_D00533g; Hypothetical protein
yli:2910780	CDS	D:3400253..3401404	YALI2_D00534g; COP9 signalosome complex subunit 4
yli:2910781	CDS	D:complement(3401976..3403253)	YALI2_D00639g; Homocysteine synthase
yli:2910782	CDS	D:complement(3406131..3407015)	YALI2_D00638g; Negative regulator of the PHO system
yli:2910783	CDS	D:3408004..3409593	YALI2_D00535g; tRNA (uracil-O(2)-)-methyltransferase
yli:2910932	CDS	D:complement(3410364..3411707)	YALI2_D00637g; Putative tRNA pseudouridine synthase 1
yli:2910933	CDS	D:3415382..3416377	YALI2_D00536g; Glyoxylate reductase 1
yli:2910934	CDS	D:3420223..3421080	YALI2_D00537g; Heme-binding protein HMX1
yli:2910935	tRNA	D:3422909..3422982	YALI2_D00060t; tRNA-Val
yli:2910936	CDS	D:complement(join(3423382..3424193,3424880..3424991))	YALI2_D00636g; Protein NipSnap 1
yli:2910664	CDS	D:complement(3427756..3428913)	YALI2_D00635g; SWI/SNF and RSC complexes subunit ssr3
yli:2910665	CDS	D:3430218..3431111	YALI2_D00538g; Putative heme-binding peroxidase
yli:2910666	CDS	D:complement(3432436..3434568)	YALI2_D00634g; Serine/threonine-protein kinase ATG1
yli:90949672	CDS	D:complement(join(3436304..3436560,3436938..3436959))	YALI2_D00633g; Cell division control protein 3
yli:2910668	CDS	D:3438399..3439340	YALI2_D00539g; Protein PER1
yli:2910907	CDS	D:complement(3441751..3443187)	YALI2_D00632g; Pantothenate kinase CAB1
yli:2910908	CDS	D:complement(3446218..3447117)	YALI2_D00631g; Hypothetical protein
yli:2910909	CDS	D:3448618..3449346	YALI2_D00540g; Kinetochore protein Sos7
yli:90949671	CDS	D:complement(3450742..3451110)	YALI2_D00630g; uncharacterized protein
yli:2910910	CDS	D:complement(3451659..3453020)	YALI2_D00629g; Succinate--hydroxymethylglutarate CoA-transferase
yli:2910911	CDS	D:join(3454096..3454235,3454570..3455167)	YALI2_D00541g; Putative FAD synthase
yli:2910424	CDS	D:complement(3457431..3459299)	YALI2_D00628g; Hypothetical protein
yli:2911068	CDS	D:complement(3460190..3461239)	YALI2_D00627g; Alcohol dehydrogenase 2
yli:2910425	CDS	D:complement(join(3462248..3462879,3463219..3463255))	YALI2_D00626g; Splicing factor 3A subunit 2
yli:2910426	CDS	D:3463926..3466235	YALI2_D00542g; NuA3 HAT complex component NTO1
yli:2910345	CDS	D:3467494..3468957	YALI2_D00543g; COMPASS component SPP1
yli:2910346	CDS	D:join(3469495..3469559,3469910..3470309)	YALI2_D00544g; D-aminoacyl-tRNA deacylase
yli:2910347	CDS	D:complement(join(3470408..3470853,3470904..3470922))	YALI2_D00625g; Prefoldin subunit 5
yli:2910348	CDS	D:complement(3471906..3473018)	YALI2_D00624g; Mating-type switching protein swi10
yli:2910349	CDS	D:complement(3474531..3475616)	YALI2_D00623g; Universal stress protein A family protein
yli:2910126	CDS	D:3477064..3478236	YALI2_D00545g; Hypothetical protein
yli:2910127	CDS	D:3480100..3484086	YALI2_D00546g; Hypothetical protein
yli:2910128	CDS	D:complement(3484340..3486451)	YALI2_D00622g; Hypothetical protein
yli:2910129	CDS	D:complement(join(3487476..3488433,3488713..3488729))	YALI2_D00621g; Protein SSO1
yli:2910130	CDS	D:3490975..3491547	YALI2_D00547g; FAD-linked sulfhydryl oxidase ALR
yli:2910803	CDS	D:complement(3491758..3492222)	YALI2_D00620g; Hypothetical protein
yli:2910804	CDS	D:join(3493958..3493979,3494228..3497421)	YALI2_D00548g; Chitin synthase C
yli:90949670	CDS	D:complement(3499035..3500525)	YALI2_D00619g; Potassium-activated aldehyde dehydrogenase
yli:2910807	CDS	D:3504740..3506908	YALI2_D00549g; Cell cycle serine/threonine-protein kinase CDC5/MSD2
yli:7009532	rRNA	D:complement(3507123..3507238)	YALI2_D00030r; 5S ribosomal RNA
yli:2910220	tRNA	D:complement(join(3507247..3507281,3507291..3507327))	YALI2_D00061t; tRNA-Glu
yli:2910221	CDS	D:complement(3507714..3509789)	YALI2_D00618g; Ferric/cupric reductase transmembrane component 1
yli:2910222	CDS	D:complement(3511137..3513419)	YALI2_D00617g; DNA topoisomerase 1
yli:2910223	CDS	D:complement(3515510..3516016)	YALI2_D00616g; Tyrosine-protein phosphatase-like protein OCA2
yli:2910224	CDS	D:3518136..3520169	YALI2_D00550g; Calcium-binding mitochondrial carrier protein Aralar2
yli:2910740	CDS	D:complement(3522889..3524544)	YALI2_D00615g; Hypothetical protein
yli:2910741	CDS	D:3525860..3527839	YALI2_D00551g; Verprolin
yli:2910742	CDS	D:complement(3528080..3529492)	YALI2_D00614g; Serine/threonine-protein kinase 32B
yli:2911071	CDS	D:complement(3531034..3533616)	YALI2_D00613g; GPI ethanolamine phosphate transferase 2
yli:2910743	CDS	D:complement(3534169..3536136)	YALI2_D00612g; Hypothetical protein
yli:2910744	CDS	D:3539093..3540451	YALI2_D00552g; Histone acetyltransferase type B subunit 2
yli:2911274	CDS	D:complement(join(3540665..3540965,3541323..3541375))	YALI2_D00611g; DNA-directed RNA polymerase II subunit RPB11
yli:2910688	CDS	D:join(3542530..3542585,3542918..3542943,3543199..3543251,3543837..3548387)	YALI2_D00553g; Transcriptional regulatory protein SIN3
yli:2911275	CDS	D:3549217..3549576	YALI2_D00554g; Hypothetical protein
yli:2911276	CDS	D:complement(3549983..3551011)	YALI2_D00610g; Palmitoyltransferase PFA4
yli:2911277	CDS	D:3551664..3553058	YALI2_D00555g; Argininosuccinate lyase
yli:2911213	CDS	D:complement(3554147..3554497)	YALI2_D00609g; mRNA stability protein
yli:2911214	CDS	D:complement(3557795..3558442)	YALI2_D00608g; Hypothetical protein
yli:2911215	CDS	D:complement(3562430..3563002)	YALI2_D00607g; Hypothetical protein
yli:2911216	CDS	D:3567720..3569390	YALI2_D00556g; Putative sulfatase PB10D8.02c
yli:90949669	CDS	D:complement(3569645..3569989)	YALI2_D00606g; uncharacterized protein
yli:2911217	CDS	D:join(3571277..3571352,3571440..3573115)	YALI2_D00557g; Epsin-1
yli:2911085	CDS	D:complement(3573460..3574782)	YALI2_D00605g; Hypothetical protein
yli:2911086	CDS	D:complement(3575904..3577097)	YALI2_D00604g; Hypothetical protein
yli:2911087	CDS	D:3577764..3578087	YALI2_D00558g; tRNA-splicing endonuclease subunit SEN15
yli:2911088	CDS	D:complement(3578277..3579416)	YALI2_D00603g; Histone acetyltransferase SAS2
yli:2911129	CDS	D:join(3579955..3580215,3580324..3583845)	YALI2_D00559g; Putative ATP-dependent RNA helicase DHR1
yli:2911130	CDS	D:3584160..3585386	YALI2_D00560g; Peroxisome assembly protein 12
yli:2911131	CDS	D:complement(3585557..3586141)	YALI2_D00602g; Protein mago nashi
yli:2911174	CDS	D:complement(3589181..3590983)	YALI2_D00601g; Hypothetical protein
yli:2911175	CDS	D:complement(3593492..3597355)	YALI2_D00600g; Nucleoporin
yli:2911176	CDS	D:3600821..3602734	YALI2_D00561g; Manganese transporter SMF2
yli:2911177	CDS	D:complement(3603216..3604613)	YALI2_D00599g; Chromatin structure-remodeling complex protein RSC58
yli:2911178	CDS	D:3604989..3606479	YALI2_D00562g; General transcription and DNA repair factor IIH subunit SSL1
yli:2910874	CDS	D:complement(3606694..3607632)	YALI2_D00598g; COP9 signalosome complex subunit 6
yli:2910875	CDS	D:complement(3607955..3608671)	YALI2_D00597g; FAS1 domain-containing protein
yli:2910876	CDS	D:3609480..3609830	YALI2_D00563g; Biogenesis of lysosome-related organelles complex 1 subunit CNL1
yli:2910877	CDS	D:complement(3610101..3613583)	YALI2_D00596g; Rootletin
yli:2911237	CDS	D:3616085..3619951	YALI2_D00564g; Lysine-specific histone demethylase 1
yli:90949656	CDS	D:3620187..3620387	YALI2_D00565g; uncharacterized protein
yli:2911238	CDS	D:complement(join(3620954..3622690,3622775..3622915))	YALI2_D00595g; RNA polymerase I-specific transcription initiation factor RRN3
yli:2911239	CDS	D:join(3624496..3624604,3625030..3627320)	YALI2_D00566g; Nuclear elongation and deformation protein 1
yli:2911240	CDS	D:3628695..3631496	YALI2_D00567g; Copper-transporting ATPase
yli:2911241	CDS	D:3632310..3634928	YALI2_D00568g; Myosin heavy chain kinase A
yli:2911242	CDS	D:complement(3635557..3636270)	YALI2_D00594g; NADH-ubiquinone oxidoreductase assembly factor N7BML
yli:2911243	CDS	D:3636933..3637604	YALI2_D00569g; PX domain-containing protein YPT35
yli:2911244	CDS	D:3639019..3639978	YALI2_D00570g; Thioredoxin reductase
yli:2910295	CDS	D:complement(join(3640900..3641983,3642091..3642152))	YALI2_D00593g; Septin spn4
yli:2910296	CDS	D:3643981..3645060	YALI2_D00571g; Anthranilate phosphoribosyltransferase
yli:2910297	CDS	D:3646082..3647932	YALI2_D00572g; ADP-ribosylation factor-binding protein GGA2
yli:2910298	CDS	D:3650406..3651164	YALI2_D00573g; Hypothetical protein
yli:2910299	CDS	D:3652204..3652764	YALI2_D00574g; Hypothetical protein
yli:2910300	CDS	D:complement(3652946..3655846)	YALI2_D00592g; Chromatin modification-related protein EAF1
yli:2910301	CDS	D:3656274..3658109	YALI2_D00575g; Hypothetical protein
yli:2910302	CDS	D:complement(3658399..3659649)	YALI2_D00591g; Peroxisomal membrane protein PEX31
yli:2910303	CDS	D:complement(3660750..3661658)	YALI2_D00590g; Protein BCP1
yli:2910304	CDS	D:3661786..3663261	YALI2_D00576g; Pre-mRNA-processing factor 17
yli:90949657	CDS	D:3663975..3666536	YALI2_D00577g; Putative lipase ROG1
yli:90949658	CDS	D:3668753..3669883	YALI2_D00578g; Hypothetical protein
yli:90949659	CDS	D:join(3670755..3670866,3670988..3671805)	YALI2_D00579g; Serine/threonine-protein phosphatase PP1-1
yli:90949668	CDS	D:complement(3672383..3673624)	YALI2_D00589g; Argininosuccinate synthase
yli:90949660	CDS	D:3675203..3676552	YALI2_D00580g; Hypothetical protein
yli:90949661	CDS	D:3677442..3678206	YALI2_D00581g; Pdp3-interacting factor 1
yli:90949667	CDS	D:complement(join(3678543..3678853,3679317..3679479))	YALI2_D00588g; AP-1 complex subunit sigma-1
yli:90949666	CDS	D:complement(3680071..3681339)	YALI2_D00587g; Alpha-1,2 mannosyltransferase KTR1
yli:90949662	CDS	D:3683348..3685438	YALI2_D00582g; Hypothetical protein
yli:90949665	CDS	D:complement(3685515..3686693)	YALI2_D00586g; Fumarylacetoacetase
yli:90949663	CDS	D:3687208..3688656	YALI2_D00583g; Homogentisate 1,2-dioxygenase
yli:2912280	CDS	D:complement(3688753..3690684)	YALI2_D00585g; Heat shock protein 70 1
yli:90949664	CDS	D:join(3691828..3691836,3691958..3692788)	YALI2_D00584g; Clustered mitochondria protein
yli:90949627	rRNA	D:3694824..3694939	YALI2_D00031r; 5S ribosomal RNA
yli:90949690	rRNA	E:complement(826..6819)	YALI2_E00001r; 26S ribosomal RNA
yli:90949693	rRNA	E:complement(6881..8553)	YALI2_E00002r; 18S ribosomal RNA
yli:90949695	rRNA	E:complement(9384..15333)	YALI2_E00003r; 26S ribosomal RNA
yli:90949697	rRNA	E:complement(15395..17062)	YALI2_E00004r; 18S ribosomal RNA
yli:90949699	rRNA	E:complement(20572..23839)	YALI2_E00005r; 26S ribosomal RNA
yli:90949700	rRNA	E:complement(23901..25572)	YALI2_E00006r; 18S ribosomal RNA
yli:90949701	rRNA	E:complement(29071..32348)	YALI2_E00007r; 26S ribosomal RNA
yli:90949702	rRNA	E:complement(32410..34085)	YALI2_E00008r; 18S ribosomal RNA
yli:90949703	rRNA	E:complement(37593..40874)	YALI2_E00009r; 26S ribosomal RNA
yli:90949704	rRNA	E:complement(40936..42608)	YALI2_E00010r; 18S ribosomal RNA
yli:90949705	rRNA	E:complement(46131..49414)	YALI2_E00011r; 26S ribosomal RNA
yli:90949706	rRNA	E:complement(49476..51149)	YALI2_E00012r; 18S ribosomal RNA
yli:90949707	rRNA	E:complement(54139..57422)	YALI2_E00013r; 26S ribosomal RNA
yli:90949708	rRNA	E:complement(57484..59158)	YALI2_E00014r; 18S ribosomal RNA
yli:90949709	rRNA	E:complement(62354..65643)	YALI2_E00015r; 26S ribosomal RNA
yli:90949710	rRNA	E:complement(65705..67385)	YALI2_E00016r; 18S ribosomal RNA
yli:90949711	rRNA	E:complement(70559..73849)	YALI2_E00017r; 26S ribosomal RNA
yli:90949713	rRNA	E:complement(73911..75591)	YALI2_E00018r; 18S ribosomal RNA
yli:90949714	rRNA	E:complement(79115..82406)	YALI2_E00019r; 26S ribosomal RNA
yli:90949715	rRNA	E:complement(82468..84147)	YALI2_E00020r; 18S ribosomal RNA
yli:7009482	rRNA	E:complement(95685..95800)	YALI2_E00021r; 5S ribosomal RNA
yli:90949768	CDS	E:complement(99236..99487)	YALI2_E01770g; Hypothetical protein
yli:90949767	CDS	E:complement(join(101081..101388,101771..102872))	YALI2_E01769g; Hypothetical protein
yli:90949689	CDS	E:109142..111073	YALI2_E00001g; Heat shock protein 70 1
yli:90949766	CDS	E:complement(112368..113429)	YALI2_E01768g; Alcohol dehydrogenase 2
yli:90949692	CDS	E:119582..123481	YALI2_E00002g; Hypothetical protein
yli:90949691	tRNA	E:124101..124172	YALI2_E00001t; tRNA-His
yli:90949765	CDS	E:complement(124496..126256)	YALI2_E01767g; Protein LDB19
yli:90949764	CDS	E:complement(128098..129546)	YALI2_E01766g; Hypothetical protein
yli:90949694	CDS	E:130095..130886	YALI2_E00003g; 54S ribosomal protein L10
yli:90949763	CDS	E:complement(131326..131979)	YALI2_E01765g; HD domain-containing protein
yli:90949696	CDS	E:132307..132876	YALI2_E00004g; Hypothetical protein
yli:90949698	CDS	E:134148..134873	YALI2_E00005g; Hypothetical protein
yli:2912858	CDS	E:complement(136096..137214)	YALI2_E01764g; Putative acid phosphatase
yli:2912859	CDS	E:complement(137960..139399)	YALI2_E01763g; Peptidyl-prolyl cis-trans isomerase-like 2
yli:2912860	CDS	E:complement(139637..142018)	YALI2_E01762g; Serine/threonine-protein phosphatase 2A 56 kDa regulatory subunit delta isoform
yli:2912861	CDS	E:complement(join(144539..149297,149429..149454))	YALI2_E01761g; Myosin-2B
yli:90949762	CDS	E:complement(join(150806..150990,151276..151315))	YALI2_E01760g; Hypothetical protein
yli:2912862	CDS	E:151568..152863	YALI2_E00006g; Putative translation initiation factor eIF-2B subunit delta
yli:2912863	CDS	E:complement(join(153429..153450,153826..154121))	YALI2_E01759g; mitochondrial 37S ribosomal protein bS6m
yli:2912864	CDS	E:155745..156263	YALI2_E00007g; Glycine cleavage system H protein
yli:2912865	CDS	E:157149..158717	YALI2_E00008g; Potassium-activated aldehyde dehydrogenase
yli:2912867	CDS	E:161140..162912	YALI2_E00009g; Lysine histidine transporter 1
yli:2912868	CDS	E:complement(164852..166267)	YALI2_E01758g; Hypothetical protein
yli:2912869	tRNA	E:join(172400..172436,172446..172480)	YALI2_E00002t; tRNA-Glu
yli:7009534	rRNA	E:172489..172604	YALI2_E00022r; 5S ribosomal RNA
yli:2912870	CDS	E:172869..173510	YALI2_E00010g; DOA4-independent degradation protein 4
yli:2912877	CDS	E:complement(173741..174337)	YALI2_E01757g; Adenylyl-sulfate kinase
yli:2912878	tRNA	E:178588..178660	YALI2_E00003t; tRNA-Val
yli:2912879	CDS	E:179930..181312	YALI2_E00011g; Putative metal ion transporter
yli:2912880	CDS	E:complement(181848..184409)	YALI2_E01756g; Hypothetical protein
yli:2912881	CDS	E:184697..187582	YALI2_E00012g; Hypothetical protein
yli:2912882	CDS	E:188193..189707	YALI2_E00013g; Sterol esterase 2
yli:2912883	CDS	E:join(190702..190830,190994..191284)	YALI2_E00014g; 60S ribosomal protein eL14
yli:2912884	CDS	E:complement(191945..192262)	YALI2_E01755g; BolA-like protein 1
yli:2912885	CDS	E:join(193819..193908,194356..194604)	YALI2_E00015g; Synaptobrevin 2
yli:2912887	CDS	E:complement(198061..199440)	YALI2_E01754g; 2-methylcitrate synthase
yli:2912888	CDS	E:200812..202350	YALI2_E00016g; Ribosomal protein arginine N-methyltransferase rmt3
yli:2912889	CDS	E:complement(202461..203234)	YALI2_E01753g; Hypothetical protein
yli:2912890	CDS	E:complement(204725..205564)	YALI2_E01752g; Hypothetical protein
yli:2912891	CDS	E:complement(206652..207986)	YALI2_E01751g; Tubulin beta chain
yli:2912892	CDS	E:210818..212185	YALI2_E00017g; Zinc-regulated transporter 1
yli:2912893	CDS	E:complement(212493..213446)	YALI2_E01750g; Dimethyladenosine transferase
yli:90949712	CDS	E:join(213771..213862,214142..214367)	YALI2_E00018g; Hypothetical protein
yli:2912899	CDS	E:complement(214650..216788)	YALI2_E01749g; Hypothetical protein
yli:2912419	CDS	E:complement(217719..218780)	YALI2_E01748g; Alternative oxidase
yli:2912900	CDS	E:complement(219594..221045)	YALI2_E01747g; Homoserine O-acetyltransferase
yli:2912901	CDS	E:222651..223715	YALI2_E00019g; Hypothetical protein
yli:2912902	CDS	E:complement(223893..226070)	YALI2_E01746g; ATP-dependent permease MDL1
yli:90949761	CDS	E:complement(join(226691..226719,226780..226904,227074..227102))	YALI2_E01745g; Hypothetical protein
yli:2912930	CDS	E:227380..230517	YALI2_E00020g; DNA polymerase V
yli:2912931	CDS	E:complement(231522..232730)	YALI2_E01744g; Hypothetical protein
yli:2912932	CDS	E:236698..237282	YALI2_E00021g; SWR1-complex protein 5
yli:2912933	CDS	E:complement(237609..239666)	YALI2_E01743g; Hypothetical protein
yli:2912934	CDS	E:243848..244471	YALI2_E00022g; Hypothetical protein
yli:2912936	CDS	E:250781..252475	YALI2_E00023g; Alpha-1,2-galactosyltransferase
yli:2912574	CDS	E:complement(253661..256474)	YALI2_E01742g; C-1-tetrahydrofolate synthase
yli:2912937	CDS	E:complement(257472..258914)	YALI2_E01741g; Glycylpeptide N-tetradecanoyltransferase
yli:2912938	CDS	E:259770..261299	YALI2_E00024g; Periodic tryptophan protein 1
yli:2912939	CDS	E:complement(261679..262455)	YALI2_E01740g; Pre-rRNA-processing protein PNO1
yli:2912940	CDS	E:263180..265069	YALI2_E00025g; Mitochondrial distribution and morphology protein 31
yli:2912941	CDS	E:complement(265215..266330)	YALI2_E01739g; Pre-mRNA-splicing factor SPP2
yli:2912942	CDS	E:266961..268703	YALI2_E00026g; Sensitive to high expression protein 9
yli:2912943	CDS	E:271624..272673	YALI2_E00027g; Hypothetical protein
yli:2912944	CDS	E:complement(272931..274967)	YALI2_E01738g; Hypothetical protein
yli:2912945	CDS	E:complement(275662..276825)	YALI2_E01737g; Histidinol-phosphate aminotransferase
yli:2912946	CDS	E:join(277295..277330,277375..281358)	YALI2_E00028g; Nucleoporin
yli:2911748	CDS	E:283598..283987	YALI2_E00029g; Fatty acid-binding protein
yli:2912947	CDS	E:complement(join(285392..285892,286064..286075))	YALI2_E01736g; Hypothetical protein
yli:2912948	tRNA	E:complement(286192..286263)	YALI2_E00004t; tRNA-Met
yli:2912949	CDS	E:complement(286707..287849)	YALI2_E01735g; Guanine nucleotide-binding protein subunit beta-2
yli:2912950	CDS	E:complement(289428..290996)	YALI2_E01734g; Hypothetical protein
yli:2912951	CDS	E:292213..294243	YALI2_E00030g; Phosphatidylinositide phosphatase SAC2
yli:2912038	CDS	E:complement(295281..297401)	YALI2_E01733g; Protein PLM2
yli:2912039	CDS	E:join(298197..298203,298674..298921)	YALI2_E00031g; 60S ribosomal protein eL37
yli:2912037	CDS	E:complement(299859..302111)	YALI2_E01732g; Hypothetical protein
yli:2912040	CDS	E:303118..303894	YALI2_E00032g; Ribosomal RNA small subunit methyltransferase NEP1
yli:2912041	CDS	E:307688..308311	YALI2_E00033g; Hypothetical protein
yli:2912042	CDS	E:complement(309146..309583)	YALI2_E01731g; Hypothetical protein
yli:2912043	CDS	E:311830..312912	YALI2_E00034g; Hypothetical protein
yli:2912044	CDS	E:313700..314734	YALI2_E00035g; Flavanone 3-dioxygenase 2
yli:2912045	CDS	E:315801..317483	YALI2_E00036g; Oleate activated transcription factor 3
yli:2912046	CDS	E:317864..319363	YALI2_E00037g; U3 small nucleolar RNA-associated protein 15
yli:2912047	CDS	E:complement(join(319550..320616,320669..320774))	YALI2_E01730g; DNA replication regulator SLD2
yli:2912053	CDS	E:321344..323311	YALI2_E00038g; ATPase synthesis protein 25
yli:2912054	CDS	E:join(323962..323998,324140..324801)	YALI2_E00039g; Smr domain-containing protein
yli:2912055	tRNA	E:325040..325111	YALI2_E00005t; tRNA-His
yli:2912056	CDS	E:complement(325299..326135)	YALI2_E01729g; Protein kti12
yli:2912057	CDS	E:326574..327692	YALI2_E00040g; Mitochondrial GTPase 1
yli:90949760	CDS	E:complement(join(327844..327934,327986..328110))	YALI2_E01728g; Hypothetical protein
yli:90949716	CDS	E:328581..328853	YALI2_E00041g; uncharacterized protein
yli:2912058	CDS	E:329187..331004	YALI2_E00042g; ATP-dependent RNA helicase HAS1
yli:2912059	CDS	E:complement(331295..332299)	YALI2_E01727g; Palmitoyltransferase PFA5
yli:2912060	CDS	E:333027..333971	YALI2_E00043g; RNA polymerase II transcription factor B subunit 3
yli:2912061	CDS	E:complement(334165..334674)	YALI2_E01726g; EKC/KEOPS complex subunit
yli:2912070	CDS	E:join(335128..335140,335184..336892)	YALI2_E00044g; Actin-interacting protein 1
yli:2912071	CDS	E:complement(337572..338813)	YALI2_E01725g; Glycolipid 2-alpha-mannosyltransferase
yli:2912072	CDS	E:join(338997..339046,339134..339422)	YALI2_E00045g; mitochondrial 54S ribosomal protein mL60
yli:2912073	CDS	E:complement(340109..340843)	YALI2_E01724g; U3 small nucleolar RNA-associated protein 11
yli:2912074	CDS	E:341414..342334	YALI2_E00046g; Hypothetical protein
yli:2912075	CDS	E:complement(342485..343054)	YALI2_E01723g; Putative kinetochore protein SPC24
yli:2912076	CDS	E:344485..344865	YALI2_E00047g; COX assembly mitochondrial protein
yli:2912077	CDS	E:345759..349157	YALI2_E00048g; Hypothetical protein
yli:2912078	CDS	E:join(350535..350753,350918..354385)	YALI2_E00049g; Myosin-1
yli:2912079	CDS	E:355015..357147	YALI2_E00050g; ATP-dependent DNA helicase II subunit 2
yli:2912080	CDS	E:complement(357268..358917)	YALI2_E01722g; Phosphoglucomutase
yli:2912081	CDS	E:360355..361881	YALI2_E00051g; FAD-binding monooxygenase KtnD
yli:2912082	CDS	E:join(362445..362470,362528..363533)	YALI2_E00052g; Ubiquitin domain-containing protein DSK2
yli:2912083	CDS	E:complement(363855..365402)	YALI2_E01721g; Hypothetical protein
yli:2912085	CDS	E:371601..372971	YALI2_E00053g; Hypothetical protein
yli:2912086	CDS	E:complement(373172..374527)	YALI2_E01720g; Mannan polymerase II complex anp1 subunit
yli:2912087	CDS	E:complement(376114..377901)	YALI2_E01719g; Phosphoribomutase
yli:2912088	CDS	E:complement(378931..379665)	YALI2_E01718g; Cell surface Cu-only superoxide dismutase
yli:2912089	CDS	E:383096..384046	YALI2_E00054g; Putative GTP cyclohydrolase-2
yli:2912093	CDS	E:385429..385935	YALI2_E00055g; Glutathione peroxidase-like peroxiredoxin HYR1
yli:2912094	CDS	E:complement(join(386409..389450,389510..389554))	YALI2_E01717g; Putative global transcription activator SNF2L1
yli:7009535	CDS	E:complement(join(390214..390518,390659..390734))	YALI2_E01716g; Hypothetical protein
yli:2912096	CDS	E:391210..392232	YALI2_E00056g; Cytosolic Fe-S cluster assembly factor NBP35
yli:2912095	CDS	E:complement(392311..394014)	YALI2_E01715g; Spindle pole body component
yli:2912098	CDS	E:complement(join(394669..398513,398589..398613))	YALI2_E01714g; 5-oxoprolinase
yli:2912097	CDS	E:complement(399528..401381)	YALI2_E01713g; Hypothetical protein
yli:2912099	CDS	E:join(403393..403456,403744..405890)	YALI2_E00057g; Hypothetical protein
yli:2912100	tRNA	E:complement(join(406704..406739,406758..406795))	YALI2_E00006t; tRNA-Asn
yli:2912106	CDS	E:complement(join(407414..409371,409465..409495))	YALI2_E01712g; Hypothetical protein
yli:2912105	CDS	E:complement(join(409861..410186,410247..410267,410341..410356))	YALI2_E01711g; RNA-binding protein Y14
yli:2912109	CDS	E:410740..412014	YALI2_E00058g; ATP-dependent RNA helicase DBP8
yli:2912107	CDS	E:complement(412278..412658)	YALI2_E01710g; Hypothetical protein
yli:2912108	CDS	E:413397..414041	YALI2_E00059g; Hypothetical protein
yli:2912111	CDS	E:complement(414147..416249)	YALI2_E01709g; Protein sda1
yli:2911518	CDS	E:418690..419802	YALI2_E00060g; Lipase
yli:2912110	CDS	E:join(420644..420683,421007..421380)	YALI2_E00061g; Autophagy-related protein 8
yli:2912112	CDS	E:complement(join(423040..424347,424659..424748))	YALI2_E01708g; 2-methylcitrate synthase
yli:2912116	CDS	E:join(426382..426811,426862..430736)	YALI2_E00062g; Putative nucleoporin
yli:2912118	CDS	E:complement(430994..433057)	YALI2_E01707g; Homoaconitase
yli:2912646	CDS	E:433995..435590	YALI2_E00063g; Putative pre-mRNA-splicing factor ATP-dependent RNA helicase
yli:2912645	CDS	E:435974..437368	YALI2_E00064g; Histone acetyltransferase GCN5
yli:2912119	CDS	E:complement(join(437539..438204,438497..438592))	YALI2_E01706g; Proteasome subunit alpha type-5
yli:2912117	CDS	E:439259..441628	YALI2_E00065g; Gamma-tubulin complex component 2
yli:2912121	CDS	E:complement(442613..445063)	YALI2_E01705g; Hypothetical protein
yli:2912120	CDS	E:445300..445839	YALI2_E00066g; Hypothetical protein
yli:2912124	CDS	E:complement(446406..447071)	YALI2_E01704g; Pre-mRNA polyadenylation factor FIP1
yli:2912122	CDS	E:447837..449012	YALI2_E00067g; mRNA-capping enzyme subunit alpha
yli:2912123	tRNA	E:complement(join(449183..449217,449227..449263))	YALI2_E00007t; tRNA-Glu
yli:2912126	tRNA	E:complement(join(449275..449310,449321..449357))	YALI2_E00008t; tRNA-Lys
yli:2912127	CDS	E:449658..450791	YALI2_E00068g; Golgi reassembly-stacking protein 2
yli:2912125	CDS	E:complement(451251..452765)	YALI2_E01703g; Protein disulfide-isomerase
yli:2912130	CDS	E:456914..457861	YALI2_E00069g; Peroxisomal adenine nucleotide transporter 1
yli:2912128	CDS	E:complement(458231..459436)	YALI2_E01702g; Hypothetical protein
yli:2912129	CDS	E:461552..463858	YALI2_E00070g; Hypothetical protein
yli:2912132	CDS	E:466608..468869	YALI2_E00071g; Hypothetical protein
yli:2912131	CDS	E:complement(469088..470527)	YALI2_E01701g; UDP-N-acetylglucosamine pyrophosphorylase
yli:2912135	CDS	E:join(473173..473175,473267..477076)	YALI2_E00072g; Histidine protein kinase NIK1
yli:2912133	CDS	E:complement(477192..478847)	YALI2_E01700g; Dol-P-Man:Man(5)GlcNAc(2)-PP-Dol alpha-1,3-mannosyltransferase
yli:2912134	CDS	E:complement(479665..481401)	YALI2_E01699g; D-lactate dehydrogenase [cytochrome]
yli:2912137	CDS	E:complement(482293..484785)	YALI2_E01698g; Outward-rectifier potassium channel TOK1
yli:2912136	CDS	E:486178..487647	YALI2_E00073g; Transcription initiation factor TFIID subunit 8
yli:2912139	CDS	E:488472..490730	YALI2_E00074g; RNA polymerase II subunit A C-terminal domain phosphatase
yli:2912140	CDS	E:complement(491058..491663)	YALI2_E01697g; Hypothetical protein
yli:2912138	CDS	E:494293..494751	YALI2_E00075g; Hypothetical protein
yli:2912141	CDS	E:495187..495525	YALI2_E00076g; Cytochrome c oxidase assembly factor 6
yli:2912142	CDS	E:complement(495659..496717)	YALI2_E01696g; Diphthine methyltransferase
yli:2912148	CDS	E:join(497651..497653,497716..497875,498261..498526)	YALI2_E00077g; Myosin regulatory light chain cdc4
yli:2912149	CDS	E:complement(498693..500372)	YALI2_E01695g; Transcription activator of gluconeogenesis ERT1-2
yli:2912150	CDS	E:503523..504707	YALI2_E00078g; tRNA-aminoacylation cofactor ARC1
yli:2912151	CDS	E:508887..510710	YALI2_E00079g; Hypothetical protein
yli:90949759	CDS	E:complement(511078..511356)	YALI2_E01694g; uncharacterized protein
yli:2912152	CDS	E:512066..513748	YALI2_E00080g; Kinetochore protein mis13
yli:2912153	CDS	E:complement(514098..514523)	YALI2_E01693g; Transport protein particle 20 kDa subunit
yli:2912154	CDS	E:complement(514884..517076)	YALI2_E01692g; Hypothetical protein
yli:2912155	CDS	E:522191..524737	YALI2_E00081g; Maintenance of telomere capping protein 4
yli:2912156	CDS	E:525581..526036	YALI2_E00082g; Hypothetical protein
yli:2912157	CDS	E:complement(526193..528475)	YALI2_E01691g; Hypothetical protein
yli:90949717	CDS	E:join(529304..529429,529580..529804)	YALI2_E00083g; Hypothetical protein
yli:2912158	CDS	E:530245..533205	YALI2_E00084g; Exosome complex exonuclease DIS3
yli:2912159	tRNA	E:533633..533704	YALI2_E00009t; tRNA-Thr
yli:2912160	CDS	E:complement(534129..536408)	YALI2_E01690g; Protein GCN20
yli:2912161	CDS	E:complement(536867..538102)	YALI2_E01689g; Hypothetical protein
yli:2912162	CDS	E:544281..545918	YALI2_E00085g; Hypothetical protein
yli:2912163	CDS	E:join(547489..547512,547586..547758,547981..548044)	YALI2_E00086g; Hypothetical protein
yli:2912164	CDS	E:549367..550866	YALI2_E00087g; Hypothetical protein
yli:2912165	CDS	E:complement(550979..551926)	YALI2_E01688g; Altered inheritance of mitochondria protein 24
yli:90949718	CDS	E:join(552054..552067,552264..552453)	YALI2_E00088g; Hypothetical protein
yli:2912166	CDS	E:complement(552690..553424)	YALI2_E01687g; Kynurenine formamidase
yli:2912167	CDS	E:complement(554815..555645)	YALI2_E01686g; Eukaryotic translation initiation factor 3 subunit G
yli:2912168	CDS	E:557359..560058	YALI2_E00089g; Putative WD repeat-containing protein
yli:2912169	CDS	E:561650..562996	YALI2_E00090g; Hypothetical protein
yli:2912170	CDS	E:563241..564674	YALI2_E00091g; Arginyl-tRNA--protein transferase 1
yli:2912171	CDS	E:565104..565526	YALI2_E00092g; Hypothetical protein
yli:2912172	CDS	E:complement(565780..566268)	YALI2_E01685g; Hypothetical protein
yli:2912173	CDS	E:complement(568176..568847)	YALI2_E01684g; Glycosylphosphatidylinositol anchor biosynthesis protein 11
yli:2912174	CDS	E:complement(569579..573388)	YALI2_E01683g; Protein CFT1
yli:2912175	CDS	E:573879..574595	YALI2_E00093g; Hypothetical protein
yli:2912176	CDS	E:complement(574659..575108)	YALI2_E01682g; Hypothetical protein
yli:2912177	CDS	E:576720..577673	YALI2_E00094g; Mitochondrial oxaloacetate transport protein
yli:2912178	CDS	E:complement(577899..578879)	YALI2_E01681g; 2-oxoglutarate-dependent dioxygenase mpl2
yli:2912179	CDS	E:580283..582409	YALI2_E00095g; Protein MKT1
yli:2912180	CDS	E:complement(583064..585313)	YALI2_E01680g; MYND-type zinc finger protein SamB
yli:2912181	CDS	E:complement(588312..591191)	YALI2_E01679g; Putative ATP-dependent helicase
yli:2912182	CDS	E:join(594787..595210,595263..600334)	YALI2_E00096g; Putative phospholipid-transporting ATPase DNF3
yli:2912184	CDS	E:601793..603028	YALI2_E00097g; Putative agmatinase 1
yli:2912185	CDS	E:complement(603117..604658)	YALI2_E01678g; Putative hydroxymethylpyrimidine/phosphomethylpyrimidine kinase 2
yli:2912186	CDS	E:606304..607551	YALI2_E00098g; Alanyl-tRNA editing protein Aarsd1
yli:2912187	CDS	E:complement(607655..608833)	YALI2_E01677g; Hypothetical protein
yli:2912188	CDS	E:610205..612052	YALI2_E00099g; Hypothetical protein
yli:2912189	CDS	E:complement(join(612172..612333,612384..616795,616842..618765))	YALI2_E01676g; Beige protein 1
yli:2912193	CDS	E:complement(619524..620435)	YALI2_E01675g; Hypothetical protein
yli:2912194	CDS	E:complement(620723..622876)	YALI2_E01674g; Antagonist of mitotic exit network protein 1
yli:2912195	CDS	E:625381..626064	YALI2_E00100g; Neuferricin
yli:2911795	CDS	E:627292..629325	YALI2_E00101g; SPS-sensor serine protease component SSY5
yli:2912196	CDS	E:complement(629667..630203)	YALI2_E01673g; Hypothetical protein
yli:2912197	CDS	E:complement(631082..633298)	YALI2_E01672g; Exosome complex exonuclease RRP6
yli:2912198	CDS	E:complement(633687..634646)	YALI2_E01671g; Mitochondrial inner membrane I-AAA protease complex subunit MGR1
yli:2912199	CDS	E:636023..637006	YALI2_E00102g; Hypothetical protein
yli:2912200	CDS	E:639000..640817	YALI2_E00103g; Peptide transporter PTR2
yli:2912201	CDS	E:complement(642083..643276)	YALI2_E01670g; Hypothetical protein
yli:2912202	CDS	E:complement(646927..648177)	YALI2_E01669g; Hypothetical protein
yli:2912203	CDS	E:complement(648791..651868)	YALI2_E01668g; Exportin-T
yli:2912204	CDS	E:652760..653512	YALI2_E00104g; Hypothetical protein
yli:2912205	CDS	E:complement(653652..654299)	YALI2_E01667g; Ubiquitin-conjugating enzyme E2 pex4
yli:2912206	CDS	E:654534..655670	YALI2_E00105g; Serine/threonine-protein phosphatase 2A activator 2
yli:2912207	CDS	E:complement(655800..657287)	YALI2_E01666g; Hypothetical protein
yli:2912208	CDS	E:complement(657473..658882)	YALI2_E01665g; Histone acetyltransferase ESA1
yli:2912209	CDS	E:complement(659417..660742)	YALI2_E01664g; Pre-mRNA-splicing factor PRP46
yli:2912210	CDS	E:join(661057..661087,661253..662070)	YALI2_E00106g; Prohibitin-1
yli:2912211	CDS	E:662482..663459	YALI2_E00107g; Ribonuclease MRP protein subunit RMP1
yli:2912212	CDS	E:complement(join(663651..664516,664677..664713))	YALI2_E01663g; Spermidine synthase
yli:2912213	CDS	E:665300..666451	YALI2_E00108g; tRNA (guanine-N(7)-)-methyltransferase non-catalytic subunit TRM82
yli:2912214	CDS	E:667524..670523	YALI2_E00109g; 3-hydroxy-3-methylglutaryl-coenzyme A reductase
yli:2912215	CDS	E:671054..672118	YALI2_E00110g; COP9 signalosome complex subunit 5
yli:2912264	CDS	E:complement(672497..673483)	YALI2_E01662g; Hypothetical protein
yli:2912265	CDS	E:complement(674250..675329)	YALI2_E01661g; Hypothetical protein
yli:2912266	tRNA	E:complement(join(675551..675586,675604..675639))	YALI2_E00010t; tRNA-Arg
yli:2912267	CDS	E:complement(676217..677665)	YALI2_E01660g; Asparagine--tRNA ligase
yli:2912268	CDS	E:679749..680447	YALI2_E00111g; Hypothetical protein
yli:2912269	CDS	E:680931..683069	YALI2_E00112g; Anaphase-promoting complex subunit 2
yli:2912270	CDS	E:complement(683308..685008)	YALI2_E01659g; Asparagine--tRNA ligase, cytoplasmic
yli:2912271	CDS	E:join(687236,687317..688869)	YALI2_E00113g; Putative proline--tRNA ligase
yli:2912272	CDS	E:complement(689704..690648)	YALI2_E01658g; Putative histidinol-phosphatase
yli:2912273	CDS	E:complement(691195..691554)	YALI2_E01657g; Hypothetical protein
yli:2912274	CDS	E:691912..693303	YALI2_E00114g; Bromodomain-containing protein 1
yli:2912275	CDS	E:complement(join(693538..693717,693795..693872))	YALI2_E01656g; Mitochondrial import inner membrane translocase subunit TIM9
yli:2912276	CDS	E:complement(join(694832..695905,696423..696449))	YALI2_E01655g; Isocitrate dehydrogenase [NAD] subunit 1
yli:2912278	CDS	E:697467..697880	YALI2_E00115g; ATP synthase assembly factor FMC1
yli:2912279	CDS	E:complement(698164..699711)	YALI2_E01654g; Glucoamylase GLU1
yli:2912285	CDS	E:701149..702381	YALI2_E00116g; DNA-directed RNA polymerase I subunit RPA49
yli:2912286	CDS	E:complement(702823..705294)	YALI2_E01653g; Vacuolar protein sorting/targeting protein 10
yli:2912287	CDS	E:join(706285..706416,707012..707161)	YALI2_E00117g; Protein transport protein SFT1
yli:2912288	CDS	E:complement(join(707319..708047,708263..708322))	YALI2_E01652g; F-actin-capping protein subunit alpha
yli:2912310	CDS	E:complement(708860..710161)	YALI2_E01651g; MFS transporter AsaE
yli:2912311	CDS	E:712150..713334	YALI2_E00118g; Actin-2
yli:2912312	CDS	E:complement(713423..715606)	YALI2_E01650g; Hypothetical protein
yli:2912313	CDS	E:716590..717642	YALI2_E00119g; Hypothetical protein
yli:2912314	CDS	E:complement(717745..722334)	YALI2_E01649g; Ubiquitin fusion degradation protein 4
yli:2912315	CDS	E:complement(723393..726011)	YALI2_E01648g; Disintegrin and metalloproteinase domain-containing protein B
yli:2912316	CDS	E:complement(join(727238..727440,727836..728058))	YALI2_E01647g; Hypothetical protein
yli:2912317	CDS	E:729865..730506	YALI2_E00120g; Putative thiopurine S-methyltransferase
yli:2912318	CDS	E:731149..733701	YALI2_E00121g; Rho-GTPase-activating protein 8
yli:2912319	CDS	E:complement(734347..734811)	YALI2_E01646g; Hypothetical protein
yli:2911519	CDS	E:join(738036..738155,738492..739670)	YALI2_E00122g; Lysine acetyltransferase
yli:2912320	CDS	E:742809..745271	YALI2_E00123g; Suppressor of ferric uptake 1
yli:2912321	CDS	E:747956..749140	YALI2_E00124g; Hypothetical protein
yli:2912322	CDS	E:complement(749701..751701)	YALI2_E01645g; External alternative NAD(P)H-ubiquinone oxidoreductase B3
yli:2912323	CDS	E:752707..754212	YALI2_E00125g; LAS seventeen-binding protein 3
yli:2912324	CDS	E:755999..756874	YALI2_E00126g; Sorbose reductase sou1
yli:2912325	CDS	E:760802..761959	YALI2_E00127g; Hypothetical protein
yli:2912326	CDS	E:complement(763030..764097)	YALI2_E01644g; Hypothetical protein
yli:2912327	CDS	E:765579..766697	YALI2_E00128g; Hypothetical protein
yli:2912328	CDS	E:768063..768989	YALI2_E00129g; Oxidoreductase AndH
yli:2912329	CDS	E:complement(769205..770239)	YALI2_E01643g; Farnesyl pyrophosphate synthase
yli:2912330	CDS	E:complement(775986..778682)	YALI2_E01642g; Hypothetical protein
yli:2912333	CDS	E:782484..783641	YALI2_E00130g; rRNA-processing protein EBP2
yli:2912334	CDS	E:join(788798..788962,789212..794056)	YALI2_E00131g; Hypothetical protein
yli:2912336	CDS	E:796343..797293	YALI2_E00132g; Protein YOP1
yli:2912335	CDS	E:complement(797476..798345)	YALI2_E01641g; Mitochondrial genome maintenance protein
yli:2912337	CDS	E:804277..805416	YALI2_E00133g; Abhydrolase domain-containing protein MpaH
yli:2912341	CDS	E:806429..808654	YALI2_E00134g; Dolichyl-phosphate-mannose--protein mannosyltransferase 4
yli:2912339	CDS	E:809682..811499	YALI2_E00135g; Putative 4-coumarate--CoA ligase-like 8
yli:2912340	CDS	E:812855..816694	YALI2_E00136g; Phosphatidylcholine translocator ABCB4
yli:2912343	CDS	E:complement(817029..818459)	YALI2_E01640g; Lipase 1
yli:2912342	CDS	E:complement(822215..825262)	YALI2_E01639g; Ubiquitin-activating enzyme E1 1
yli:2912344	CDS	E:825661..826449	YALI2_E00137g; Exosome complex component mtr3
yli:2912345	CDS	E:complement(826920..829736)	YALI2_E01638g; Phosphatidylethanolamine N-methyltransferase
yli:2912352	CDS	E:831114..832331	YALI2_E00138g; Vacuolar protein sorting-associated protein 62
yli:2912351	CDS	E:835895..836749	YALI2_E00139g; Hypothetical protein
yli:2912357	CDS	E:complement(839804..842170)	YALI2_E01637g; Hypothetical protein
yli:2912358	CDS	E:842910..843692	YALI2_E00140g; tRNA ligase 1
yli:2912386	CDS	E:complement(844331..845617)	YALI2_E01636g; Phosphomevalonate kinase
yli:2912385	CDS	E:845801..846601	YALI2_E00141g; Putative cytochrome c1 heme lyase
yli:2912389	CDS	E:complement(join(846868..846915,846971..847207))	YALI2_E01635g; Mitochondrial import inner membrane translocase subunit TIM10
yli:2912390	tRNA	E:join(847460..847495,847510..847545)	YALI2_E00011t; tRNA-Pro
yli:2912387	tRNA	E:join(847561..847599,847615..847650)	YALI2_E00012t; tRNA-Tyr
yli:2912388	CDS	E:848551..849849	YALI2_E00142g; Hypothetical protein
yli:2912392	CDS	E:complement(850171..852075)	YALI2_E01634g; Chromatin structure-remodeling complex subunit rsc7
yli:2912395	CDS	E:855266..856321	YALI2_E00143g; Coenzyme A biosynthesis protein 3
yli:2912393	CDS	E:complement(858783..860663)	YALI2_E01633g; General negative regulator of transcription subunit 3
yli:2912394	CDS	E:join(862132..862138,862748..866928)	YALI2_E00144g; L-2-aminoadipate reductase
yli:2912397	CDS	E:complement(join(867346..869370,869714..869773))	YALI2_E01632g; Transketolase
yli:2912396	CDS	E:complement(join(872137..874010,874546..874561))	YALI2_E01631g; Serine/threonine-protein kinase YPK1
yli:2912399	CDS	E:join(876774..877276,878133..881298)	YALI2_E00145g; Serine/threonine-protein kinase HSL1
yli:2912398	CDS	E:complement(881921..882412)	YALI2_E01630g; Diphthamide biosynthesis protein 4
yli:2912402	CDS	E:complement(882759..884828)	YALI2_E01629g; Acyl-coenzyme A oxidase 3
yli:2912401	CDS	E:complement(886531..887007)	YALI2_E01628g; Hypothetical protein
yli:2912405	CDS	E:complement(888383..890011)	YALI2_E01627g; Hypothetical protein
yli:2912403	CDS	E:893343..894365	YALI2_E00146g; Hypothetical protein
yli:2912404	CDS	E:complement(894630..896954)	YALI2_E01626g; ATPase family gene 2 protein
yli:2912407	CDS	E:complement(897693..898280)	YALI2_E01625g; Hypothetical protein
yli:2912406	CDS	E:899332..900183	YALI2_E00147g; Hypothetical protein
yli:2912408	CDS	E:902137..904158	YALI2_E00148g; Oligosaccharide translocation protein RFT1
yli:2912409	CDS	E:complement(904444..905463)	YALI2_E01624g; ERAD-associated E3 ubiquitin-protein ligase hrd1
yli:2912410	CDS	E:906527..908785	YALI2_E00149g; Multisite-specific tRNA:(cytosine-C(5))-methyltransferase
yli:2912411	CDS	E:complement(909766..910794)	YALI2_E01623g; Hypothetical protein
yli:2912412	CDS	E:912668..913204	YALI2_E00150g; [PSI] induction protein 2
yli:2912001	CDS	E:complement(913627..914880)	YALI2_E01622g; Hypothetical protein
yli:2912413	CDS	E:join(916197..916220,916267..917019)	YALI2_E00151g; MICOS complex subunit
yli:2912414	CDS	E:917871..918971	YALI2_E00152g; Hypothetical protein
yli:2912415	CDS	E:complement(919124..920338)	YALI2_E01621g; Mitochondrial carrier protein MTM1
yli:2912420	CDS	E:922269..926147	YALI2_E00153g; Target of rapamycin complex 1 subunit mip1
yli:2912421	CDS	E:complement(926401..928467)	YALI2_E01620g; tRNA uridine 5-carboxymethylaminomethyl modification enzyme MnmG
yli:2912422	tRNA	E:join(929143..929180,929200..929235)	YALI2_E00013t; tRNA-Ile
yli:2912423	tRNA	E:join(929246..929282,929296..929330)	YALI2_E00014t; tRNA-Gln
yli:2912424	CDS	E:930131..931495	YALI2_E00154g; Aspartate aminotransferase
yli:2912425	CDS	E:933236..934114	YALI2_E00155g; Nicotinate-nucleotide pyrophosphorylase [carboxylating]
yli:2912426	CDS	E:complement(934504..939054)	YALI2_E01619g; Tuberous sclerosis 2 protein
yli:2912427	CDS	E:940260..940814	YALI2_E00156g; Anaphase-promoting complex subunit 10
yli:2912428	CDS	E:942329..945187	YALI2_E00157g; Importin alpha re-exporter
yli:2912429	CDS	E:complement(947240..948118)	YALI2_E01618g; Inositol-pentakisphosphate 2-kinase
yli:2912430	CDS	E:949655..950812	YALI2_E00158g; Putative 26S proteasome regulatory subunit rpn9
yli:2912431	CDS	E:complement(950993..952594)	YALI2_E01617g; GABA-specific permease
yli:2912432	tRNA	E:complement(join(954014..954048,954064..954100))	YALI2_E00015t; tRNA-Gln
yli:2912433	CDS	E:join(957126..957332,957591..962846)	YALI2_E00159g; Urea amidolyase
yli:2912434	CDS	E:complement(963013..964017)	YALI2_E01616g; Hypothetical protein
yli:2912435	CDS	E:complement(964333..966021)	YALI2_E01615g; Putative 2-hydroxyacyl-CoA lyase
yli:2912436	CDS	E:967576..968130	YALI2_E00160g; Hypothetical protein
yli:7009539	rRNA	E:complement(971894..972009)	YALI2_E00023r; 5S ribosomal RNA
yli:2912437	tRNA	E:complement(972019..972089)	YALI2_E00016t; tRNA-Gly
yli:2912438	CDS	E:complement(972207..973115)	YALI2_E01614g; Peptidase M20 domain-containing protein
yli:2912439	tRNA	E:complement(973568..973641)	YALI2_E00017t; tRNA-Ala
yli:2912440	CDS	E:complement(974104..977655)	YALI2_E01613g; Ribosomal RNA-processing protein 12
yli:90949719	CDS	E:980160..982067	YALI2_E00161g; Sphingomyelin phosphodiesterase 2
yli:2912443	CDS	E:complement(982252..984618)	YALI2_E01612g; Kinesin-like protein 6
yli:2912444	CDS	E:986334..987332	YALI2_E00162g; UPF0613 protein PB24D3.06c
yli:2912445	CDS	E:complement(987555..988487)	YALI2_E01611g; Arginase
yli:2912446	CDS	E:994566..996731	YALI2_E00163g; Hypothetical protein
yli:2912448	CDS	E:1003054..1006515	YALI2_E00164g; Putative Rho-type GTPase-activating protein 2
yli:2912449	CDS	E:complement(join(1006944..1007659,1008228..1008231))	YALI2_E01610g; Hypothetical protein
yli:2912455	CDS	E:complement(join(1015724..1017426,1017462..1018989))	YALI2_E01609g; Cell wall acid trehalase
yli:7009540	rRNA	E:1024864..1024979	YALI2_E00024r; 5S ribosomal RNA
yli:2912456	CDS	E:complement(join(1026753..1027816,1028966..1028972))	YALI2_E01608g; Alcohol dehydrogenase 2
yli:2912457	CDS	E:1030616..1031617	YALI2_E00165g; Polyprenol reductase
yli:2912458	CDS	E:complement(1033385..1034425)	YALI2_E01607g; 2-methylene-furan-3-one reductase
yli:2912461	CDS	E:complement(1037994..1038671)	YALI2_E01606g; Hypothetical protein
yli:90949758	CDS	E:complement(1044044..1044970)	YALI2_E01605g; Hypothetical protein
yli:2912463	tRNA	E:join(1045456..1045493,1045512..1045555)	YALI2_E00018t; tRNA-Leu
yli:2912464	CDS	E:complement(1047538..1048776)	YALI2_E01604g; PHO85 cyclin CLG1
yli:2912462	CDS	E:1051716..1053539	YALI2_E00166g; Purine permease
yli:2912469	CDS	E:1056381..1058183	YALI2_E00167g; DNA-binding protein CreA
yli:90949757	CDS	E:complement(join(1059608..1060067,1060260..1060476,1060515..1060773))	YALI2_E01603g; Hypothetical protein
yli:2912471	CDS	E:1062108..1062641	YALI2_E00168g; Hypothetical protein
yli:90949756	CDS	E:complement(1063271..1063507)	YALI2_E01602g; uncharacterized protein
yli:2912472	CDS	E:complement(1063913..1065292)	YALI2_E01601g; Hypothetical protein
yli:2912473	CDS	E:complement(join(1067616..1069658,1069821..1069832))	YALI2_E01600g; Iron-sulfur clusters transporter ATM1
yli:2912474	CDS	E:complement(1070760..1071710)	YALI2_E01599g; Hypothetical protein
yli:2912475	CDS	E:1072725..1073273	YALI2_E00169g; Inactive diphosphatase DCS2
yli:7009541	CDS	E:complement(1076207..1076482)	YALI2_E01598g; Hypothetical protein
yli:2912476	CDS	E:complement(1081143..1083245)	YALI2_E01597g; Ferric reductase transmembrane component 3
yli:7009542	rRNA	E:complement(1085041..1085156)	YALI2_E00025r; 5S ribosomal RNA
yli:2912477	tRNA	E:complement(join(1085165..1085199,1085219..1085255))	YALI2_E00019t; tRNA-Asp
yli:2912478	CDS	E:complement(1085671..1087206)	YALI2_E01596g; Baeyer-Villiger monooxygenase
yli:2912479	CDS	E:1091954..1092298	YALI2_E00170g; DNA polymerase epsilon subunit C
yli:2912480	CDS	E:join(1096047..1096083,1096196..1098639)	YALI2_E00171g; Hypothetical protein
yli:2912481	CDS	E:complement(1098825..1100228)	YALI2_E01595g; E3 ubiquitin-protein ligase HERC2
yli:2912482	CDS	E:1101460..1104192	YALI2_E00172g; Hypothetical protein
yli:2912483	tRNA	E:join(1104838..1104874,1104888..1104923)	YALI2_E00020t; tRNA-Lys
yli:2912484	CDS	E:complement(1105062..1107704)	YALI2_E01594g; Hypothetical protein
yli:90949720	CDS	E:1110429..1112573	YALI2_E00173g; Hypothetical protein
yli:90949721	CDS	E:1112687..1116478	YALI2_E00174g; LINE-1 retrotransposable element ORF2 protein
yli:2912485	CDS	E:join(1117018..1119024,1119076..1121646)	YALI2_E00175g; Autophagy-related protein 2
yli:2912486	CDS	E:1122057..1123352	YALI2_E00176g; Hypothetical protein
yli:2912487	CDS	E:complement(1123458..1124216)	YALI2_E01593g; Hypothetical protein
yli:2912488	tRNA	E:join(1126462..1126497,1126508..1126542)	YALI2_E00021t; tRNA-Gly
yli:2912489	CDS	E:complement(1128396..1129871)	YALI2_E01592g; Protein LTV1
yli:2912490	CDS	E:1130599..1131507	YALI2_E00177g; Hypothetical protein
yli:2911517	CDS	E:complement(1131669..1132889)	YALI2_E01591g; Lipase A
yli:2912491	CDS	E:complement(1135303..1136703)	YALI2_E01590g; Hypothetical protein
yli:2912492	CDS	E:1137276..1138448	YALI2_E00178g; Putative cysteine synthase
yli:2912493	CDS	E:complement(1141603..1142529)	YALI2_E01589g; Hypothetical protein
yli:2912494	CDS	E:complement(1143153..1145225)	YALI2_E01588g; Plasma membrane fusion protein PRM1
yli:2912495	CDS	E:1146339..1147331	YALI2_E00179g; 37S ribosomal protein
yli:2912496	CDS	E:complement(join(1148726..1150045,1150092..1150094))	YALI2_E01587g; V-type proton ATPase subunit H
yli:2912497	CDS	E:join(1150854..1151102,1151604..1151792)	YALI2_E00180g; Dolichyl-diphosphooligosaccharide--protein glycosyltransferase subunit dad-1
yli:2912498	tRNA	E:complement(join(1153187..1153222,1153242..1153279))	YALI2_E00022t; tRNA-Asn
yli:2912499	tRNA	E:join(1154112..1154148,1154165..1154199)	YALI2_E00023t; tRNA-Asp
yli:2912500	CDS	E:complement(join(1159018..1159565,1160389..1160512))	YALI2_E01586g; Ras-like protein 1
yli:2912501	tRNA	E:complement(join(1170974..1171017,1171032..1171069))	YALI2_E00024t; tRNA-Leu
yli:2912502	CDS	E:complement(1172112..1173224)	YALI2_E01585g; Transcriptional regulatory protein PHO23
yli:2912503	CDS	E:complement(1174144..1176393)	YALI2_E01584g; Ubiquitin carboxyl-terminal hydrolase 10
yli:2912504	CDS	E:complement(join(1179353..1181922,1182669..1182687))	YALI2_E01583g; Protein kinase domain-containing protein ppk32
yli:2912505	CDS	E:join(1184055..1184088,1184460..1185625)	YALI2_E00181g; Hypothetical protein
yli:2912506	CDS	E:join(1186205..1186274,1186619..1187886)	YALI2_E00182g; Hypothetical protein
yli:2912507	CDS	E:1190905..1191789	YALI2_E00183g; Hypothetical protein
yli:2912508	CDS	E:1194350..1194805	YALI2_E00184g; Hypothetical protein
yli:2912509	CDS	E:join(1196062..1196253,1196376..1200548)	YALI2_E00185g; ATP-binding cassette transporter abc2
yli:2912510	CDS	E:1200885..1201187	YALI2_E00186g; Hypothetical protein
yli:2912514	CDS	E:complement(join(1201411..1205751,1206337..1206369))	YALI2_E01582g; Chromatin-remodeling ATPase INO80
yli:2912515	CDS	E:1209268..1211586	YALI2_E00187g; Chloride channel protein 3
yli:2912516	CDS	E:complement(1211911..1213731)	YALI2_E01581g; Hypothetical protein
yli:2912517	CDS	E:1216306..1218555	YALI2_E00188g; Putative pyrophosphatase/phosphodiesterase
yli:2912518	CDS	E:1218985..1220007	YALI2_E00189g; Putative magnesium transporter NIPA4
yli:2912519	CDS	E:complement(1220103..1222427)	YALI2_E01580g; GTPase-activating protein
yli:2912520	CDS	E:1226533..1228071	YALI2_E00190g; Cystathionine beta-synthase
yli:2912521	CDS	E:complement(1229425..1229829)	YALI2_E01579g; Hypothetical protein
yli:2912522	CDS	E:complement(1230744..1231796)	YALI2_E01578g; Cleavage stimulating factor 64
yli:2912523	CDS	E:complement(1232469..1233230)	YALI2_E01577g; mRNA 3'-end-processing protein RNA15
yli:2912524	CDS	E:1234972..1235859	YALI2_E00191g; Transcription elongation factor S-II
yli:2912525	CDS	E:complement(1236438..1236719)	YALI2_E01576g; Hypothetical protein
yli:2912526	CDS	E:1238029..1239678	YALI2_E00192g; Glutamyl-tRNA(Gln) amidotransferase subunit B
yli:2912527	CDS	E:complement(1239817..1241076)	YALI2_E01575g; Hercynylcysteine sulfoxide lyase
yli:2912528	CDS	E:join(1242432..1242714,1243028..1243905)	YALI2_E00193g; Geranylgeranyl transferase type-1 subunit beta
yli:2912529	CDS	E:complement(1244143..1245057)	YALI2_E01574g; Mitochondrial glycine transporter
yli:2912530	CDS	E:complement(join(1251036..1251908,1252817..1253563))	YALI2_E01573g; L-aminoadipate-semialdehyde dehydrogenase-phosphopantetheinyl transferase
yli:2912532	CDS	E:1259586..1260698	YALI2_E00194g; Peroxisomal membrane protein PER10
yli:2912533	CDS	E:1262752..1263147	YALI2_E00195g; Thioredoxin-1
yli:2912534	CDS	E:1263886..1265007	YALI2_E00196g; Threonylcarbamoyl-AMP synthase
yli:2911589	CDS	E:complement(1265469..1268255)	YALI2_E01572g; Calcium-transporting ATPase 1
yli:2912535	CDS	E:complement(join(1271084..1277645,1277715..1277728))	YALI2_E01571g; Protein ura1
yli:2912557	CDS	E:1284499..1285734	YALI2_E00197g; Hypothetical protein
yli:2912558	CDS	E:1288325..1288930	YALI2_E00198g; Hypothetical protein
yli:2912559	CDS	E:complement(join(1292228..1295193,1295821..1296001))	YALI2_E01570g; NAD-specific glutamate dehydrogenase
yli:2912563	CDS	E:1307470..1307790	YALI2_E00199g; mitochondrial 37S ribosomal protein bS16m
yli:2912564	CDS	E:complement(1308848..1309093)	YALI2_E01569g; Hypothetical protein
yli:2912566	CDS	E:complement(1310086..1311045)	YALI2_E01568g; Hypothetical protein
yli:2912568	CDS	E:complement(1320368..1321339)	YALI2_E01567g; Short-chain dehydrogenase TIC 32, chloroplastic
yli:2912569	CDS	E:complement(join(1322138..1323023,1323548..1323561))	YALI2_E01566g; tRNA(His) guanylyltransferase
yli:90949755	CDS	E:complement(1324198..1327989)	YALI2_E01565g; LINE-1 retrotransposable element ORF2 protein
yli:90949754	CDS	E:complement(1328103..1330244)	YALI2_E01564g; Hypothetical protein
yli:2912570	CDS	E:1331658..1335155	YALI2_E00200g; DNA-directed RNA polymerase I subunit RPA2
yli:2912572	CDS	E:1347494..1349299	YALI2_E00201g; Splicing factor U2AF 59 kDa subunit
yli:2912576	CDS	E:complement(1351259..1352308)	YALI2_E01563g; Mitotic check point protein BUB2
yli:2912577	CDS	E:complement(1353009..1355486)	YALI2_E01562g; V-type proton ATPase subunit a, vacuolar isoform
yli:2912578	CDS	E:1356854..1359505	YALI2_E00202g; Protein STB2
yli:2912579	CDS	E:complement(1359829..1361361)	YALI2_E01561g; Protein SPT10
yli:2912580	CDS	E:complement(1362704..1363357)	YALI2_E01560g; L-azetidine-2-carboxylic acid acetyltransferase
yli:2912581	CDS	E:complement(1363852..1365570)	YALI2_E01559g; Phosphatidylinositol N-acetylglucosaminyltransferase subunit GPI1
yli:2912582	CDS	E:1368730..1369458	YALI2_E00203g; Hypothetical protein
yli:2912583	CDS	E:complement(1370659..1371591)	YALI2_E01558g; Cytochrome c oxidase assembly protein COX11
yli:2912584	CDS	E:1374013..1375584	YALI2_E00204g; Regulator of drug sensitivity 2
yli:2912585	CDS	E:complement(1376191..1377549)	YALI2_E01557g; Putative ribosome biogenesis protein
yli:2912586	CDS	E:join(1378388..1378390,1378965..1379312)	YALI2_E00205g; Transcription elongation factor 1
yli:2912587	CDS	E:complement(join(1379974..1380259,1380710..1380876))	YALI2_E01556g; Cytochrome c oxidase subunit 6
yli:2912588	CDS	E:1381999..1384305	YALI2_E00206g; Hypothetical protein
yli:2912589	CDS	E:1386597..1388201	YALI2_E00207g; Aspartic proteinase yapsin-3
yli:2912590	CDS	E:1391974..1394199	YALI2_E00208g; Hypothetical protein
yli:2912591	CDS	E:1396538..1398319	YALI2_E00209g; General amino-acid permease GAP2
yli:2912592	CDS	E:complement(1399215..1401032)	YALI2_E01555g; Hypothetical protein
yli:2912593	CDS	E:complement(1401358..1402443)	YALI2_E01554g; DnaJ-related protein SCJ1
yli:2912594	CDS	E:1403489..1404907	YALI2_E00210g; Protein DML1
yli:2912595	CDS	E:complement(1405052..1406041)	YALI2_E01553g; Serine dehydratase-like
yli:2912596	CDS	E:complement(1406569..1408347)	YALI2_E01552g; Protein rax1
yli:2912597	CDS	E:1410655..1411200	YALI2_E00211g; Mediator of RNA polymerase II transcription subunit 19
yli:90949722	CDS	E:1413995..1414342	YALI2_E00212g; Hypothetical protein
yli:2912598	CDS	E:1415449..1416777	YALI2_E00213g; Hypothetical protein
yli:2912599	CDS	E:1420474..1422174	YALI2_E00214g; Pumilio domain-containing protein
yli:2912600	CDS	E:join(1422690..1422723,1423069..1427225)	YALI2_E00215g; Chitin synthase 6
yli:2912601	CDS	E:complement(1427683..1428690)	YALI2_E01551g; U3 small nucleolar ribonucleoprotein LCP5
yli:2912605	CDS	E:1429441..1430229	YALI2_E00216g; ribosome biogenesis protein NSA2
yli:2912633	CDS	E:complement(1432164..1433714)	YALI2_E01550g; Efflux pump rdc3
yli:2912631	CDS	E:complement(1435536..1436702)	YALI2_E01549g; Hypothetical protein
yli:2912635	CDS	E:complement(join(1441561..1443575,1443652..1443688,1443796..1443801))	YALI2_E01548g; Hypothetical protein
yli:2912634	CDS	E:1447934..1448989	YALI2_E00217g; Lipoyl synthase
yli:2912638	CDS	E:complement(1449162..1450217)	YALI2_E01547g; Protein GRIP
yli:2912637	CDS	E:1452135..1454351	YALI2_E00218g; Vacuolar amino acid transporter 3
yli:2912789	CDS	E:1454852..1456312	YALI2_E00219g; Lipase 1
yli:2912640	CDS	E:complement(1456365..1458692)	YALI2_E01546g; Transcriptional regulator WAR1
yli:2912639	CDS	E:complement(1460473..1461921)	YALI2_E01545g; Ribonuclease H
yli:2912641	CDS	E:1464510..1465646	YALI2_E00220g; Replication factor C subunit 2
yli:2912642	CDS	E:complement(1465843..1468524)	YALI2_E01544g; DNA mismatch repair protein PMS1
yli:2912648	CDS	E:1469083..1469694	YALI2_E00221g; Hypothetical protein
yli:2912647	CDS	E:complement(1469955..1471610)	YALI2_E01543g; Calcium-binding mitochondrial carrier SAL1
yli:2912652	CDS	E:join(1473518..1473736,1473873..1474121)	YALI2_E00222g; Actin-related protein 2/3 complex subunit 5
yli:2912653	CDS	E:complement(1474644..1476329)	YALI2_E01542g; Kinesin-like protein KIF15
yli:2912730	CDS	E:1477342..1478715	YALI2_E00223g; Ran-specific GTPase-activating protein 2
yli:2912729	CDS	E:complement(1478848..1479555)	YALI2_E01541g; Protein-lysine N-methyltransferase EFM4
yli:2912732	tRNA	E:complement(1479807..1479878)	YALI2_E00025t; tRNA-His
yli:2912733	tRNA	E:complement(1480043..1480114)	YALI2_E00026t; tRNA-His
yli:2912731	CDS	E:complement(join(1480577..1481560,1481612..1481614))	YALI2_E01540g; U1 small nuclear ribonucleoprotein 70 kDa
yli:2912735	CDS	E:complement(1482048..1482662)	YALI2_E01539g; Hypothetical protein
yli:2912736	CDS	E:join(1483110..1483234,1483425..1483722)	YALI2_E00224g; mitochondrial 54S ribosomal protein mL43
yli:2912737	CDS	E:complement(1484347..1485660)	YALI2_E01538g; Serine/threonine-protein kinase prp4
yli:2911520	CDS	E:complement(1489540..1490733)	YALI2_E01537g; Acetyl-CoA acetyltransferase
yli:2912740	CDS	E:1493408..1495108	YALI2_E00225g; Hypothetical protein
yli:2912741	CDS	E:complement(1495648..1497132)	YALI2_E01536g; Hypothetical protein
yli:2912739	CDS	E:complement(join(1499425..1501074,1501133..1501300))	YALI2_E01535g; Hypothetical protein
yli:2912744	CDS	E:1502167..1503129	YALI2_E00226g; Hypothetical protein
yli:2912742	CDS	E:1503659..1504915	YALI2_E00227g; Hypothetical protein
yli:2912743	tRNA	E:join(1505660..1505695,1505710..1505745)	YALI2_E00027t; tRNA-Pro
yli:2912746	tRNA	E:join(1505757..1505795,1505811..1505846)	YALI2_E00028t; tRNA-Tyr
yli:2912747	CDS	E:1507943..1508752	YALI2_E00228g; Hypothetical protein
yli:2912745	CDS	E:complement(1510983..1512869)	YALI2_E01534g; Hypothetical protein
yli:2912750	CDS	E:complement(join(1513442..1513704,1513769..1513850,1514179..1514181))	YALI2_E01533g; V-type proton ATPase subunit G
yli:2912749	CDS	E:1514488..1515519	YALI2_E00229g; Box C/D snoRNA protein 1
yli:2912753	CDS	E:complement(1515571..1516350)	YALI2_E01532g; Siroheme biosynthesis protein met8
yli:2912751	CDS	E:1517757..1519649	YALI2_E00230g; FAD-binding monooxygenase MoxY
yli:2912752	CDS	E:1521246..1523228	YALI2_E00231g; Putative sterigmatocystin biosynthesis monooxygenase StcW
yli:2912779	CDS	E:1524522..1525886	YALI2_E00232g; Universal stress protein A family protein
yli:2912780	CDS	E:complement(1526168..1528567)	YALI2_E01531g; High affinity potassium transporter
yli:2912781	CDS	E:complement(1530016..1532610)	YALI2_E01530g; AMP deaminase
yli:7009549	rRNA	E:complement(1535106..1535224)	YALI2_E00026r; 5S ribosomal RNA
yli:2912782	CDS	E:complement(1535444..1536118)	YALI2_E01529g; Hypothetical protein
yli:2912783	CDS	E:join(1539632..1539659,1539736..1542524)	YALI2_E00233g; Inner nuclear membrane protein SRC1
yli:2912784	CDS	E:complement(1542616..1543836)	YALI2_E01528g; Lipase A
yli:2912785	CDS	E:1546221..1547165	YALI2_E00234g; Hypothetical protein
yli:2912790	CDS	E:complement(1547549..1548094)	YALI2_E01527g; Hypothetical protein
yli:2912791	CDS	E:complement(1548792..1550024)	YALI2_E01526g; Guanine nucleotide-binding protein alpha-1 subunit
yli:2912792	CDS	E:complement(1550491..1550886)	YALI2_E01525g; Hypothetical protein
yli:2912793	CDS	E:1551639..1552385	YALI2_E00235g; 6-phosphogluconolactonase 3
yli:2912794	CDS	E:complement(1552725..1554611)	YALI2_E01524g; bZIP transcription factor HapX
yli:2912795	CDS	E:complement(1555412..1556593)	YALI2_E01523g; Acid protease
yli:2912796	CDS	E:1557233..1558144	YALI2_E00236g; Hypothetical protein
yli:2912797	tRNA	E:complement(join(1558242..1558286,1558300..1558337))	YALI2_E00029t; tRNA-Ser
yli:2912798	CDS	E:1559727..1560275	YALI2_E00237g; ADP-ribosylation factor-like protein 8B
yli:2912799	CDS	E:complement(1560733..1561512)	YALI2_E01522g; Syntaxin-12
yli:2912800	CDS	E:1562990..1564612	YALI2_E00238g; Putative amidase PB8B6.03
yli:2912801	CDS	E:1565516..1569643	YALI2_E00239g; DNA polymerase alpha catalytic subunit
yli:2912802	CDS	E:join(1570200,1570818..1571413)	YALI2_E00240g; NADH-ubiquinone oxidoreductase 21.3 kDa subunit
yli:2912803	CDS	E:1572030..1573292	YALI2_E00241g; IMP-specific 5'-nucleotidase 1
yli:2912804	CDS	E:complement(1573406..1574389)	YALI2_E01521g; Hypothetical protein
yli:2912805	CDS	E:complement(1574564..1576045)	YALI2_E01520g; Hypothetical protein
yli:2912806	CDS	E:1577325..1579175	YALI2_E00242g; 4-coumarate--CoA ligase 1
yli:2912807	CDS	E:complement(join(1579315..1581461,1581513..1581576,1581668..1581709))	YALI2_E01519g; Pumilio 2
yli:2912808	CDS	E:1583465..1584280	YALI2_E00243g; N-acetyltransferase ECO1
yli:2912809	CDS	E:complement(1584468..1586690)	YALI2_E01518g; Hypothetical protein
yli:2912810	CDS	E:1589994..1590974	YALI2_E00244g; Protein MAK32
yli:2912811	CDS	E:complement(join(1591588..1592095,1592140..1592181,1592989..1592993))	YALI2_E01517g; Ubiquitin-conjugating enzyme E2 8
yli:2912812	CDS	E:1593595..1596642	YALI2_E00245g; GPI ethanolamine phosphate transferase 3
yli:2912813	CDS	E:complement(1596844..1597818)	YALI2_E01516g; Hypothetical protein
yli:2912814	CDS	E:complement(join(1599472..1599923,1600220..1600232))	YALI2_E01515g; Superoxide dismutase [Cu-Zn]
yli:2912815	CDS	E:join(1601106..1601172,1602078..1606330)	YALI2_E00246g; Rho1 guanine nucleotide exchange factor 3
yli:2912816	CDS	E:complement(1606700..1608271)	YALI2_E01514g; Transport protein particle subunit trs85-2
yli:2912817	CDS	E:1609588..1611288	YALI2_E00247g; Alpha-1,2-galactosyltransferase gmh3
yli:2912818	CDS	E:1612541..1614466	YALI2_E00248g; Transmembrane 9 superfamily member 2
yli:2912819	CDS	E:1615407..1618544	YALI2_E00249g; Putative importin subunit beta-4
yli:2912820	tRNA	E:complement(1619170..1619243)	YALI2_E00030t; tRNA-Ala
yli:2912821	CDS	E:complement(1621021..1622127)	YALI2_E01513g; Chromosome segregation in meiosis protein 3
yli:2912822	CDS	E:complement(1622578..1623930)	YALI2_E01512g; Hypothetical protein
yli:2912823	CDS	E:1626590..1628107	YALI2_E00250g; Hypothetical protein
yli:2912824	CDS	E:1628364..1629152	YALI2_E00251g; mitochondrial 54S ribosomal protein uL23m
yli:2912828	CDS	E:complement(1629602..1632802)	YALI2_E01511g; Interaptin
yli:2912829	CDS	E:1633119..1634039	YALI2_E00252g; Hypothetical protein
yli:2912831	CDS	E:complement(1639088..1640881)	YALI2_E01510g; Putative 4-coumarate--CoA ligase-like 8
yli:90949723	CDS	E:1642725..1643006	YALI2_E00253g; uncharacterized protein
yli:2912830	CDS	E:join(1644214..1644277,1644441..1645003)	YALI2_E00254g; Phosphatidyl-N-methylethanolamine N-methyltransferase
yli:2912835	CDS	E:complement(1645200..1646273)	YALI2_E01509g; Sorbitol dehydrogenase 1
yli:2912836	CDS	E:1647926..1649170	YALI2_E00255g; COBW domain-containing protein 2
yli:2912837	CDS	E:complement(1649317..1650246)	YALI2_E01508g; Pirin
yli:2912838	CDS	E:complement(1650667..1651194)	YALI2_E01507g; Hypothetical protein
yli:2912839	CDS	E:complement(1651424..1653169)	YALI2_E01506g; Ferric/cupric reductase transmembrane component B
yli:2912840	CDS	E:complement(1655301..1656554)	YALI2_E01505g; Isovaleryl-CoA dehydrogenase
yli:2912841	CDS	E:1656981..1658684	YALI2_E00256g; Methylcrotonoyl-CoA carboxylase beta chain
yli:2912842	CDS	E:1659337..1661082	YALI2_E00257g; F-box protein pof9
yli:7009551	CDS	E:complement(join(1661417..1661449,1661553..1661708,1661847..1661852))	YALI2_E01504g; Hypothetical protein
yli:2912843	CDS	E:complement(join(1662553..1663515,1663573..1663614))	YALI2_E01503g; Hypothetical protein
yli:2912844	CDS	E:1663993..1665405	YALI2_E00258g; Hypothetical protein
yli:2912845	CDS	E:1667012..1669282	YALI2_E00259g; 5-methyltetrahydropteroyltriglutamate--homocysteine methyltransferase
yli:2912575	CDS	E:1672859..1676611	YALI2_E00260g; Cell division control protein 25
yli:2912846	CDS	E:1676880..1677572	YALI2_E00261g; Hypothetical protein
yli:2912847	tRNA	E:join(1678056..1678092,1678101..1678136)	YALI2_E00031t; tRNA-Lys
yli:2912848	tRNA	E:join(1678154..1678190,1678211..1678245)	YALI2_E00032t; tRNA-Glu
yli:7009552	rRNA	E:1678254..1678369	YALI2_E00027r; 5S ribosomal RNA
yli:90949724	CDS	E:1678543..1680549	YALI2_E00262g; Nitrogen permease regulator 3
yli:2912849	CDS	E:complement(1680642..1681463)	YALI2_E01502g; Glyoxylate pathway regulator
yli:2912850	CDS	E:complement(1682736..1684259)	YALI2_E01501g; Putative peroxisomal-coenzyme A synthetase
yli:2912851	CDS	E:1685349..1685981	YALI2_E00263g; Hypothetical protein
yli:2912852	tRNA	E:complement(join(1686103..1686138,1686188..1686225))	YALI2_E00033t; tRNA-Ile
yli:2912853	CDS	E:1687517..1688524	YALI2_E00264g; Hypothetical protein
yli:2912012	CDS	E:join(1689911..1689985,1690046..1693510)	YALI2_E00265g; Sister chromatid cohesion protein pds5
yli:2912013	CDS	E:complement(join(1693760..1694902,1695264..1695351,1695786..1696309))	YALI2_E01500g; Hypothetical protein
yli:2912015	CDS	E:complement(join(1698725..1699845,1699895..1699913))	YALI2_E01499g; Curved DNA-binding protein
yli:2912016	CDS	E:1701194..1702489	YALI2_E00266g; Arginine biosynthesis bifunctional protein ArgJ
yli:2912017	CDS	E:complement(1702906..1703313)	YALI2_E01498g; Chromatin modification-related protein EAF6
yli:2911793	CDS	E:1703613..1705844	YALI2_E00267g; SWI/SNF chromatin-remodeling complex subunit SNF5
yli:2912018	CDS	E:complement(1706189..1707796)	YALI2_E01497g; Histidine--tRNA ligase
yli:2912019	CDS	E:join(1708613..1708615,1708788..1709213)	YALI2_E00268g; Proteasome maturation factor UMP1
yli:2912020	CDS	E:complement(1709356..1710678)	YALI2_E01496g; Putative mRNA-splicing protein ubp10
yli:2912021	CDS	E:join(1713150..1713184,1713605..1716494)	YALI2_E00269g; Protein SMY2
yli:2912022	CDS	E:complement(1716895..1717437)	YALI2_E01495g; Translocation protein SEC66
yli:2912023	CDS	E:join(1718374..1718376,1718428..1720116)	YALI2_E00270g; Nuclear protein localization protein 4
yli:2912024	CDS	E:1721249..1723306	YALI2_E00271g; Heat shock protein SSE1
yli:2912644	CDS	E:1726543..1729713	YALI2_E00272g; Elongation factor 3
yli:2912025	CDS	E:complement(1730356..1731003)	YALI2_E01494g; Pre-mRNA-splicing factor 38
yli:2912026	CDS	E:1731525..1732217	YALI2_E00273g; Putative uridine kinase
yli:2912027	CDS	E:complement(1732491..1733486)	YALI2_E01493g; JmjC domain-containing protein 7
yli:2912028	CDS	E:1736889..1737899	YALI2_E00274g; Electron transfer flavoprotein subunit alpha
yli:2912029	CDS	E:1739996..1742032	YALI2_E00275g; Putative sulfate transporter
yli:2912030	CDS	E:complement(1742919..1744283)	YALI2_E01492g; Hypothetical protein
yli:2912031	CDS	E:1746102..1747559	YALI2_E00276g; H/ACA ribonucleoprotein complex subunit CBF5
yli:2912032	CDS	E:complement(1749231..1750337)	YALI2_E01491g; Protein psi1
yli:2912033	CDS	E:1751078..1752094	YALI2_E00277g; Target of rapamycin complex subunit LST8
yli:2912034	CDS	E:complement(1752160..1754073)	YALI2_E01490g; N-lysine methyltransferase SMYD2
yli:2911477	CDS	E:1756640..1757665	YALI2_E00278g; Hypothetical protein
yli:2911478	CDS	E:complement(1759646..1761835)	YALI2_E01489g; Transcriptional regulator RFX1
yli:2911479	CDS	E:1766002..1766754	YALI2_E00279g; 60S ribosomal protein uL30
yli:2911480	CDS	E:1768540..1769493	YALI2_E00280g; CTD kinase subunit beta
yli:2911481	CDS	E:complement(join(1769637..1770677,1770725..1770727))	YALI2_E01488g; Geranylgeranyl transferase type-2 subunit alpha
yli:2911482	CDS	E:1771114..1771746	YALI2_E00281g; Mitotic spindle checkpoint component mad2
yli:2912786	CDS	E:complement(1772172..1774184)	YALI2_E01487g; Endoplasmic reticulum chaperone BiP
yli:2911483	CDS	E:1776027..1776695	YALI2_E00282g; tRNA-specific adenosine deaminase subunit tad2
yli:2911484	CDS	E:complement(join(1777123..1778394,1778662..1778758,1779260..1779606))	YALI2_E01486g; Calcium/calmodulin-dependent protein kinase type II
yli:2911486	CDS	E:complement(1781710..1783122)	YALI2_E01485g; Nuclear polyadenylated RNA-binding protein NAB2
yli:2911487	tRNA	E:join(1783855..1783891,1783911..1783946)	YALI2_E00034t; tRNA-Phe
yli:2911488	CDS	E:1784237..1785373	YALI2_E00283g; Candidapepsin-4
yli:2911489	CDS	E:complement(1785425..1788826)	YALI2_E01484g; Hypothetical protein
yli:2911490	CDS	E:1790650..1791960	YALI2_E00284g; Sorting nexin-4
yli:2911491	CDS	E:complement(1792568..1793740)	YALI2_E01483g; SNF1 protein kinase subunit beta-3
yli:2911492	CDS	E:1796150..1797901	YALI2_E00285g; Heat shock factor protein
yli:2911493	CDS	E:complement(1798271..1800139)	YALI2_E01482g; Hypothetical protein
yli:2911494	CDS	E:complement(join(1800738..1802365,1802505..1802532))	YALI2_E01481g; Vacuolar protein 8
yli:2911495	CDS	E:complement(1803568..1805208)	YALI2_E01480g; Exodeoxyribonuclease 1
yli:2911496	CDS	E:1805735..1808377	YALI2_E00286g; Hypothetical protein
yli:2911497	CDS	E:1810555..1811580	YALI2_E00287g; Hypothetical protein
yli:2911498	CDS	E:complement(1812019..1812789)	YALI2_E01479g; SAGA-associated factor 29
yli:2911499	CDS	E:complement(1813304..1815001)	YALI2_E01478g; CDP-diacylglycerol--glycerol-3-phosphate 3-phosphatidyltransferase
yli:2911500	CDS	E:complement(join(1815345..1815874,1815951..1816041))	YALI2_E01477g; mitochondrial 37S ribosomal protein uS11m
yli:2911501	CDS	E:1817150..1817908	YALI2_E00288g; UPF0641 membrane protein
yli:2911502	CDS	E:complement(1818070..1818780)	YALI2_E01476g; Hypothetical protein
yli:2911503	CDS	E:complement(join(1819317..1819320,1819413..1820403,1820746))	YALI2_E01475g; Malate dehydrogenase, cytoplasmic
yli:2911504	CDS	E:complement(1822636..1823055)	YALI2_E01474g; Putative 60S ribosomal protein L28e
yli:2911505	CDS	E:join(1824507..1824571,1824649..1829515)	YALI2_E00289g; ATP-dependent bile acid permease
yli:7009555	rRNA	E:complement(1829731..1829846)	YALI2_E00028r; 5S ribosomal RNA
yli:2911506	CDS	E:complement(1830229..1831335)	YALI2_E01473g; Formate dehydrogenase
yli:2911507	tRNA	E:complement(join(1832962..1833006,1833017..1833053))	YALI2_E00035t; tRNA-Ser
yli:2911508	CDS	E:complement(1833390..1834256)	YALI2_E01472g; Peroxisomal 2,4-dienoyl-CoA reductase SPS19
yli:2911509	CDS	E:complement(1834841..1836460)	YALI2_E01471g; Hypothetical protein
yli:2911510	CDS	E:complement(1837023..1837631)	YALI2_E01470g; Minor allergen Alt a 7
yli:2911513	tRNA	E:1840132..1840203	YALI2_E00036t; tRNA-Met
yli:2911514	CDS	E:complement(1840413..1841741)	YALI2_E01469g; Putative phosphatidate cytidylyltransferase
yli:2911515	CDS	E:complement(1844453..1845232)	YALI2_E01468g; 40S ribosomal protein uS5
yli:2911516	CDS	E:join(1847086..1847090,1847348..1847801)	YALI2_E00290g; Hypothetical protein
yli:2911521	CDS	E:1849404..1850801	YALI2_E00291g; Hypothetical protein
yli:2911522	tRNA	E:complement(join(1850958..1850993,1851008..1851043))	YALI2_E00037t; tRNA-Trp
yli:2911523	CDS	E:1851313..1853760	YALI2_E00292g; ER membrane protein complex subunit 1
yli:2911524	CDS	E:complement(1854019..1855989)	YALI2_E01467g; Glycine--tRNA ligase 1
yli:2911525	CDS	E:1856958..1857389	YALI2_E00293g; Thioredoxin-like protein 4A
yli:2911526	CDS	E:complement(1857627..1858049)	YALI2_E01466g; mitochondrial 54S ribosomal protein bL31m
yli:2911527	CDS	E:complement(1858252..1859946)	YALI2_E01465g; Transcription factor tau subunit sfc1
yli:2912305	CDS	E:1860182..1861591	YALI2_E00294g; Alpha,alpha-trehalose-phosphate synthase [UDP-forming]
yli:2911528	CDS	E:1863060..1864040	YALI2_E00295g; Hypothetical protein
yli:2911529	CDS	E:complement(join(1864160..1868502,1868835..1869471))	YALI2_E01464g; ZEB2-regulated ABC transporter 1
yli:2911530	CDS	E:complement(1872488..1874011)	YALI2_E01463g; Anthranilate synthase component 1
yli:2911531	CDS	E:1874719..1875570	YALI2_E00296g; Chromatin modification-related protein YNG2
yli:2911532	CDS	E:join(1877171..1877206,1877382..1878596)	YALI2_E00297g; Protein phosphatase 2C
yli:2911533	CDS	E:complement(1878687..1879664)	YALI2_E01462g; Deoxyribonuclease Tat-D
yli:2911534	CDS	E:1881457..1883052	YALI2_E00298g; Hypothetical protein
yli:2911535	tRNA	E:complement(1886700..1886771)	YALI2_E00038t; tRNA-Glu
yli:2911536	tRNA	E:complement(join(1888107..1888142,1888162..1888198))	YALI2_E00039t; tRNA-Phe
yli:2911537	CDS	E:complement(1889239..1890606)	YALI2_E01461g; UBX domain-containing protein 1
yli:2911538	CDS	E:1892085..1894457	YALI2_E00299g; Homocitrate dehydratase
yli:2911539	CDS	E:1897371..1898984	YALI2_E00300g; Hypothetical protein
yli:2911541	CDS	E:join(1901611..1902115,1903388..1905711)	YALI2_E00301g; Hypothetical protein
yli:2911542	CDS	E:1906824..1907246	YALI2_E00302g; Mediator of RNA polymerase II transcription subunit 21
yli:2911543	CDS	E:complement(1907463..1908068)	YALI2_E01460g; Hypothetical protein
yli:2911544	CDS	E:complement(1908268..1910721)	YALI2_E01459g; Dolichyl-phosphate-mannose--protein mannosyltransferase 1
yli:2911545	CDS	E:complement(1912184..1912909)	YALI2_E01458g; F-box protein
yli:2911546	CDS	E:1914489..1915727	YALI2_E00303g; Putative mannose-1-phosphate guanyltransferase
yli:7009559	CDS	E:join(1917043..1917114,1917191..1917568)	YALI2_E00304g; Mitochondrial import inner membrane translocase subunit TIM17
yli:2911547	CDS	E:1919837..1921567	YALI2_E00305g; Hypothetical protein
yli:2911990	CDS	E:1922864..1923436	YALI2_E00306g; Calcium-binding protein NCS-1
yli:2911991	CDS	E:complement(1923588..1924394)	YALI2_E01457g; Hypothetical protein
yli:2911989	CDS	E:complement(1924978..1925556)	YALI2_E01456g; 5-demethoxyubiquinone hydroxylase
yli:2911993	CDS	E:complement(1926010..1926693)	YALI2_E01455g; Hypothetical protein
yli:2911995	CDS	E:1928950..1931046	YALI2_E00307g; Cell division control protein 4
yli:2911996	CDS	E:join(1931255..1931505,1931577..1931652)	YALI2_E00308g; Mitochondrial 37S ribosomal protein S27
yli:2911994	CDS	E:complement(1931769..1935317)	YALI2_E01454g; Calcium-channel protein cch1
yli:2911997	CDS	E:complement(join(1940176..1942710,1942785..1942955))	YALI2_E01453g; Peroxisomal hydratase-dehydrogenase-epimerase
yli:2911999	CDS	E:complement(1945094..1946659)	YALI2_E01452g; Beta-apo-4'-carotenal oxygenase
yli:2912005	CDS	E:complement(1949289..1949867)	YALI2_E01451g; Pre-rRNA-processing protein TSR2
yli:2912006	CDS	E:1952390..1953829	YALI2_E00309g; Glucokinase
yli:2912004	CDS	E:complement(1960201..1960869)	YALI2_E01450g; Homeobox protein YOX1
yli:2912010	CDS	E:1970752..1973238	YALI2_E00310g; Response regulator mcs4
yli:2912011	CDS	E:1973410..1976499	YALI2_E00311g; ATP-dependent helicase HRQ1
yli:2911557	CDS	E:complement(join(1976597..1978723,1978782..1978808))	YALI2_E01449g; AP-1 complex subunit beta-1
yli:2911556	CDS	E:complement(1979149..1982811)	YALI2_E01448g; Structural maintenance of chromosomes protein 1
yli:2911560	CDS	E:1983812..1985581	YALI2_E00312g; Replication factor A protein 1
yli:2911558	CDS	E:complement(1985730..1987730)	YALI2_E01447g; Protein HID1
yli:2911559	CDS	E:complement(1988278..1988718)	YALI2_E01446g; Assembly factor CBP4
yli:2911562	CDS	E:1991095..1992822	YALI2_E00313g; Malate synthase, glyoxysomal
yli:2911561	CDS	E:complement(1993092..1994561)	YALI2_E01445g; Squalene monooxygenase
yli:2911565	CDS	E:join(1997368..1997617,1997727..1997841,1997957..1998071)	YALI2_E00314g; Copper transport protein CTR2
yli:2911563	CDS	E:complement(1998226..1999704)	YALI2_E01444g; Hydroxyacid-oxoacid transhydrogenase
yli:2911567	CDS	E:2001920..2003026	YALI2_E00315g; Formate dehydrogenase
yli:2911566	CDS	E:complement(2003202..2004332)	YALI2_E01443g; Hypothetical protein
yli:2911570	CDS	E:2006523..2007290	YALI2_E00316g; DNA replication complex GINS protein PSF2
yli:2911568	CDS	E:complement(2007612..2008088)	YALI2_E01442g; Pyridoxamine 5'-phosphate oxidase
yli:2911569	CDS	E:2008873..2010408	YALI2_E00317g; Origin recognition complex subunit 4
yli:2911573	tRNA	E:complement(join(2010579..2010613,2010652..2010687))	YALI2_E00040t; tRNA-Pro
yli:2911571	CDS	E:complement(join(2011572..2012416,2012464..2012479))	YALI2_E01441g; Coatomer subunit epsilon
yli:2911572	CDS	E:complement(2013445..2015364)	YALI2_E01440g; Very long-chain fatty acid transport protein
yli:2911575	CDS	E:2018491..2020185	YALI2_E00318g; Tyrosine-protein phosphatase CDC14
yli:2911574	CDS	E:2024691..2026607	YALI2_E00319g; Lysophospholipase 1
yli:2911577	tRNA	E:complement(join(2027401..2027444,2027463..2027500))	YALI2_E00041t; tRNA-Leu
yli:90949753	CDS	E:complement(2027767..2032893)	YALI2_E01439g; Retrovirus-related Pol polyprotein from transposon 17.6
yli:2911578	CDS	E:complement(join(2033630..2034504,2034866..2034918,2035582..2035626,2036037..2036167,2036224..2036241))	YALI2_E01438g; Hypothetical protein
yli:2911579	CDS	E:2036628..2038334	YALI2_E00320g; Chitin biosynthesis protein CHS5
yli:2911580	CDS	E:complement(join(2038569..2038935,2038992..2038993))	YALI2_E01437g; V-type proton ATPase subunit F
yli:2911581	CDS	E:2040001..2040876	YALI2_E00321g; Hypothetical protein
yli:2911582	CDS	E:complement(join(2041297..2043230,2043567..2043630))	YALI2_E01436g; Transcription factor SteA
yli:2911583	CDS	E:complement(2046909..2048708)	YALI2_E01435g; Polynucleotide 5'-hydroxyl-kinase GRC3
yli:2911584	CDS	E:complement(2049021..2050970)	YALI2_E01434g; U3 small nucleolar RNA-associated protein 5
yli:2911585	CDS	E:join(2052317..2052365,2052452..2052822)	YALI2_E00322g; Negative cofactor 2 complex subunit beta
yli:2911590	CDS	E:2053801..2056923	YALI2_E00323g; Hypothetical protein
yli:2911591	CDS	E:complement(join(2057281..2058660,2059007..2059042))	YALI2_E01433g; Serine hydroxymethyltransferase, cytosolic
yli:2911592	CDS	E:complement(2060129..2063254)	YALI2_E01432g; Sulfite reductase [NADPH] flavoprotein component
yli:2911593	CDS	E:join(2064960..2065286,2065416..2065979)	YALI2_E00324g; Hypothetical protein
yli:2911595	CDS	E:2067613..2068905	YALI2_E00325g; Inositol phosphorylceramide synthase catalytic subunit aur1
yli:2911596	CDS	E:complement(join(2069406..2069501,2069578..2069886))	YALI2_E01431g; Mediator of RNA polymerase II transcription subunit 10
yli:2911597	CDS	E:2071126..2072046	YALI2_E00326g; Mitochondrial nicotinamide adenine dinucleotide transporter 1
yli:2911598	CDS	E:2072592..2073209	YALI2_E00327g; Polyadenylate-binding protein 2
yli:2911600	CDS	E:complement(2073650..2074294)	YALI2_E01430g; Mating factor alpha
yli:2911601	CDS	E:complement(2075745..2076494)	YALI2_E01429g; Hypothetical protein
yli:2911602	CDS	E:2078602..2079648	YALI2_E00328g; Transcriptional regulatory protein ASH1
yli:2912000	CDS	E:2082579..2083754	YALI2_E00329g; Peroxisomal membrane protein PEX16
yli:2911629	CDS	E:complement(2083954..2085528)	YALI2_E01428g; Protein MRG3-like
yli:2911630	CDS	E:2088242..2089381	YALI2_E00330g; Alanine--glyoxylate aminotransferase 1
yli:2911631	CDS	E:2090002..2090763	YALI2_E00331g; Putative J domain-containing protein
yli:2911632	CDS	E:join(2091201..2091273,2091605..2092170)	YALI2_E00332g; Coiled-coil domain-containing protein 25
yli:2911633	CDS	E:complement(join(2092863..2093077,2093302..2093341))	YALI2_E01427g; Cytochrome c oxidase subunit 6B
yli:2911634	CDS	E:2094534..2098037	YALI2_E00333g; Glycoprotein gp2
yli:2911635	CDS	E:2099015..2099650	YALI2_E00334g; Xanthine phosphoribosyltransferase 1
yli:2911636	CDS	E:complement(join(2100189..2104619,2104715..2104933))	YALI2_E01426g; ATP-binding cassette sub-family A member 3
yli:2911637	CDS	E:complement(2105966..2107912)	YALI2_E01425g; Phospholipid:diacylglycerol acyltransferase
yli:2911638	CDS	E:2110016..2111035	YALI2_E00335g; Hypothetical protein
yli:2911639	CDS	E:join(2112892..2113079,2113518..2114832)	YALI2_E00336g; Hypothetical protein
yli:2911640	CDS	E:join(2115860..2115962,2116024..2116496,2116555..2117667)	YALI2_E00337g; Meiotic activator RIM4
yli:2911642	CDS	E:2118925..2120625	YALI2_E00338g; Ethanolamine kinase
yli:2911643	CDS	E:complement(2120835..2122151)	YALI2_E01424g; Dihydrolipoyllysine-residue succinyltransferase component of 2-oxoglutarate dehydrogenase complex
yli:2911644	CDS	E:2124510..2125253	YALI2_E00339g; U6 snRNA phosphodiesterase
yli:2911645	CDS	E:2125923..2127092	YALI2_E00340g; Metallothionein expression activator
yli:2911646	CDS	E:complement(join(2127494..2129767,2130412..2130414))	YALI2_E01423g; Protein transport protein SEC23
yli:2911647	CDS	E:2130861..2132102	YALI2_E00341g; GPI transamidase component GAB1
yli:2911648	tRNA	E:complement(join(2132248..2132283,2132298..2132333))	YALI2_E00042t; tRNA-Pro
yli:2911649	CDS	E:complement(2133617..2134201)	YALI2_E01422g; Hypothetical protein
yli:2911650	CDS	E:join(2139130..2139148,2139660..2144104)	YALI2_E00342g; Phospholipid-transporting ATPase DNF2
yli:2911654	CDS	E:2145263..2145784	YALI2_E00343g; Protein RCR2
yli:2911656	CDS	E:complement(join(2146788..2148037,2148151..2148259))	YALI2_E01421g; Hypothetical protein
yli:2911657	CDS	E:complement(2148829..2149242)	YALI2_E01420g; Proline dehydrogenase
yli:2911655	CDS	E:2149744..2153097	YALI2_E00344g; Structural maintenance of chromosomes protein 5
yli:2911661	CDS	E:complement(2153356..2153982)	YALI2_E01419g; Hypothetical protein
yli:2911662	tRNA	E:join(2156796..2156832,2156848..2156882)	YALI2_E00043t; tRNA-Asp
yli:2911663	CDS	E:2157351..2157953	YALI2_E00345g; Protoplast secreted protein 2
yli:2911664	CDS	E:complement(2158154..2159893)	YALI2_E01418g; DnaJ subfamily C member 7
yli:2911665	CDS	E:complement(2161091..2162608)	YALI2_E01417g; Protein SDS23
yli:2911666	CDS	E:complement(2164532..2165593)	YALI2_E01416g; Sphingolipid C4-hydroxylase SUR2
yli:2911667	CDS	E:2166515..2167129	YALI2_E00346g; mitochondrial 54S ribosomal protein mL67
yli:2911668	CDS	E:complement(2168034..2169605)	YALI2_E01415g; Protein PBN1
yli:2911669	CDS	E:2170679..2173225	YALI2_E00347g; Vacuolar protein sorting-associated protein 35
yli:2911670	CDS	E:2174005..2174313	YALI2_E00348g; Hypothetical protein
yli:2911671	CDS	E:2175834..2176751	YALI2_E00349g; Mitochondrial glycine transporter YMC1
yli:2911672	CDS	E:complement(2177355..2178125)	YALI2_E01414g; Chorismate mutase
yli:2911673	tRNA	E:join(2179226..2179262,2179272..2179306)	YALI2_E00044t; tRNA-Glu
yli:2911674	CDS	E:2179585..2180766	YALI2_E00350g; 8-amino-7-oxononanoate synthase
yli:2911676	CDS	E:2182343..2184994	YALI2_E00351g; Oligopeptide transporter 2
yli:2911678	CDS	E:2187466..2189403	YALI2_E00352g; Peptide-N4-(N-acetyl-beta-glucosaminyl)asparagine amidase A
yli:2911679	CDS	E:2191499..2192809	YALI2_E00353g; Fructose-2,6-bisphosphatase
yli:2911680	CDS	E:complement(2193458..2195332)	YALI2_E01413g; Hormone-sensitive lipase
yli:2911681	CDS	E:2199348..2200349	YALI2_E00354g; ADIPOR-like receptor IZH2
yli:2911682	CDS	E:2202487..2203965	YALI2_E00355g; Putative CDP-alcohol phosphatidyltransferase class-I family protein
yli:2911683	CDS	E:complement(join(2204726..2204793,2205156..2205573))	YALI2_E01412g; Meiotically up-regulated gene 84 protein
yli:2911684	CDS	E:2208341..2210842	YALI2_E00356g; Putative serine/threonine-protein kinase
yli:2911685	CDS	E:complement(join(2211454..2212713,2212764..2212781))	YALI2_E01411g; Cell division control protein 11
yli:2912417	CDS	E:complement(2214753..2215808)	YALI2_E01410g; Alcohol dehydrogenase 2
yli:2911686	CDS	E:2217803..2218339	YALI2_E00357g; Transcription initiation factor TFIID subunit 11
yli:2911687	CDS	E:complement(2218518..2221322)	YALI2_E01409g; Insulin-degrading enzyme
yli:2911688	CDS	E:complement(2221747..2222997)	YALI2_E01408g; TNF receptor-associated factor 3
yli:2911689	CDS	E:2223356..2224120	YALI2_E00358g; Putative syntaxin-8B
yli:2911690	CDS	E:complement(join(2224935..2225254,2225697..2225781))	YALI2_E01407g; Hypothetical protein
yli:2911691	CDS	E:2226064..2227608	YALI2_E00359g; Glutamate--tRNA ligase
yli:2911692	CDS	E:2230644..2231516	YALI2_E00360g; Allergen Asp f 7
yli:2911693	CDS	E:2234198..2235397	YALI2_E00361g; NAD kinase
yli:2911694	CDS	E:complement(2235570..2237423)	YALI2_E01406g; Arginine--tRNA ligase, cytoplasmic
yli:2911695	CDS	E:complement(2238729..2239493)	YALI2_E01405g; Hypothetical protein
yli:90949752	CDS	E:complement(2241115..2241369)	YALI2_E01404g; uncharacterized protein
yli:2911696	CDS	E:complement(2242223..2243635)	YALI2_E01403g; Glutathione reductase
yli:2911697	CDS	E:2245985..2246800	YALI2_E00362g; Transcription initiation factor TFIID subunit 10
yli:2911698	CDS	E:2247305..2248219	YALI2_E00363g; Hypothetical protein
yli:2911699	CDS	E:complement(2249125..2250822)	YALI2_E01402g; Vacuolar membrane amino acid uptake transporter fnx2
yli:2911700	CDS	E:complement(join(2251775..2254308,2254943..2254973))	YALI2_E01401g; Putative E3 ubiquitin-protein ligase HulA
yli:2911701	CDS	E:complement(2256575..2258206)	YALI2_E01400g; Putative amino-acid permease
yli:2911702	CDS	E:complement(join(2263375..2264042,2264170..2264260))	YALI2_E01399g; Hypothetical protein
yli:2911707	CDS	E:2271292..2271855	YALI2_E00364g; Hypothetical protein
yli:2911708	CDS	E:2286184..2287146	YALI2_E00365g; Chromatin-remodeling ATPase INO80
yli:2911709	CDS	E:complement(2292976..2294472)	YALI2_E01398g; 4-aminobutyrate aminotransferase
yli:2911710	CDS	E:complement(2296934..2299240)	YALI2_E01397g; Histone-lysine N-methyltransferase, H3 lysine-36 specific
yli:2911711	CDS	E:complement(2300311..2301291)	YALI2_E01396g; Protein arginine N-methyltransferase 1
yli:2911712	CDS	E:2303377..2304441	YALI2_E00366g; Transcription activator of gluconeogenesis ERT1-1
yli:2911713	CDS	E:complement(2304557..2305924)	YALI2_E01395g; Hypothetical protein
yli:2911714	CDS	E:complement(2306232..2307161)	YALI2_E01394g; D-galacturonate reductase
yli:2911715	tRNA	E:join(2307896..2307932,2307942..2307976)	YALI2_E00045t; tRNA-Glu
yli:2911716	CDS	E:complement(2308587..2310413)	YALI2_E01393g; Protein transport protein SEC9
yli:2911717	CDS	E:complement(2312025..2314073)	YALI2_E01392g; Protein ASI1
yli:2911718	CDS	E:2314646..2315191	YALI2_E00367g; Hypothetical protein
yli:2911719	CDS	E:2315582..2316991	YALI2_E00368g; Hsp90 co-chaperone Cdc37
yli:2911720	CDS	E:complement(2317873..2318703)	YALI2_E01391g; Hypothetical protein
yli:2911721	CDS	E:complement(2321206..2323308)	YALI2_E01390g; Protein arginine N-methyltransferase 5
yli:2911722	CDS	E:2324634..2325035	YALI2_E00369g; Hypothetical protein
yli:2912002	CDS	E:complement(2325417..2326661)	YALI2_E01389g; 3-ketoacyl-CoA thiolase, peroxisomal
yli:2911723	CDS	E:complement(2328129..2329049)	YALI2_E01388g; Malonyl CoA-acyl carrier protein transacylase
yli:2911724	CDS	E:2329353..2332529	YALI2_E00370g; UPF0507 protein
yli:2911725	CDS	E:2333187..2335058	YALI2_E00371g; NAD-dependent malic enzyme
yli:2911726	CDS	E:2335781..2337790	YALI2_E00372g; Putative transcriptional regulatory protein
yli:2911727	CDS	E:complement(2338063..2339226)	YALI2_E01387g; SWM histone demethylase complex subunit phf1
yli:2911728	CDS	E:2341231..2342460	YALI2_E00373g; Hypothetical protein
yli:2911729	CDS	E:join(2344234..2344294,2345246..2345769)	YALI2_E00374g; Hypothetical protein
yli:2911730	CDS	E:2346619..2349129	YALI2_E00375g; Hypothetical protein
yli:2911731	CDS	E:2351750..2354293	YALI2_E00376g; Hypothetical protein
yli:2912643	CDS	E:2357051..2357716	YALI2_E00377g; Cell wall protein
yli:2911733	CDS	E:complement(2358490..2360316)	YALI2_E01386g; DNA polymerase alpha subunit B
yli:2911734	CDS	E:complement(2360732..2361952)	YALI2_E01385g; La protein
yli:2911735	CDS	E:complement(2362826..2363977)	YALI2_E01384g; Peroxisomal acyl-coenzyme A thioester hydrolase 1
yli:2911736	CDS	E:2366013..2371493	YALI2_E00378g; Phospholipase D1
yli:2911737	CDS	E:complement(2371577..2372470)	YALI2_E01383g; Hypothetical protein
yli:2911738	CDS	E:complement(2372728..2374494)	YALI2_E01382g; Dolichol kinase
yli:2911739	CDS	E:complement(2375402..2376307)	YALI2_E01381g; Putative 1-acyl-sn-glycerol-3-phosphate acyltransferase
yli:2911740	CDS	E:join(2378496..2378543,2378643..2380880)	YALI2_E00379g; Polyubiquitin-A
yli:2911741	CDS	E:2381966..2383615	YALI2_E00380g; Serine/threonine-protein phosphatase 2B catalytic subunit
yli:2911742	CDS	E:2387224..2387556	YALI2_E00381g; Hypothetical protein
yli:2911743	CDS	E:complement(2388367..2389083)	YALI2_E01380g; Protein LOT5
yli:2911744	CDS	E:2389779..2390663	YALI2_E00382g; Cytosolic Fe-S cluster assembly factor CFD1
yli:2911745	tRNA	E:complement(join(2390811..2390846,2390864..2390899))	YALI2_E00046t; tRNA-Arg
yli:2911746	CDS	E:2391640..2392164	YALI2_E00383g; Hypothetical protein
yli:2911747	CDS	E:complement(2392207..2393370)	YALI2_E01379g; Hypothetical protein
yli:7009563	rRNA	E:complement(2393688..2393803)	YALI2_E00029r; 5S ribosomal RNA
yli:2911751	CDS	E:2395290..2397245	YALI2_E00384g; Putative peptidase
yli:2911752	CDS	E:2399374..2400126	YALI2_E00385g; Iron-sulfur assembly protein 1
yli:2911753	CDS	E:complement(2400760..2401992)	YALI2_E01378g; Protein STE50
yli:2911754	CDS	E:complement(2403065..2404294)	YALI2_E01377g; Hypothetical protein
yli:2911755	CDS	E:2407010..2408095	YALI2_E00386g; J domain-containing protein 1
yli:2911756	CDS	E:2410034..2412664	YALI2_E00387g; Oligopeptide transporter 2
yli:2911757	tRNA	E:2413402..2413475	YALI2_E00047t; tRNA-Val
yli:2911758	CDS	E:complement(2413668..2416832)	YALI2_E01376g; Sodium transport ATPase 2
yli:2911759	CDS	E:join(2421617..2421641,2421983..2423307)	YALI2_E00388g; Tubulin alpha chain
yli:2911760	CDS	E:complement(2423702..2425636)	YALI2_E01375g; Transcription factor TFIIIB component B''
yli:2911761	CDS	E:2426240..2427553	YALI2_E00389g; Hypothetical protein
yli:2911762	CDS	E:complement(2428130..2428870)	YALI2_E01374g; Hypothetical protein
yli:2911763	CDS	E:2432512..2433177	YALI2_E00390g; Peroxiredoxin DOT5
yli:2911764	CDS	E:join(2433491..2433994,2434074..2434184)	YALI2_E00391g; 26S proteasome non-ATPase regulatory subunit 9
yli:7009564	CDS	E:complement(join(2434256..2434532,2434581..2434603))	YALI2_E01373g; Ubiquitin-related modifier 1
yli:2911765	CDS	E:2435781..2436530	YALI2_E00392g; Increased recombination centers protein 22
yli:2911766	CDS	E:2438124..2440676	YALI2_E00393g; DNA topoisomerase 2-associated protein pat1
yli:2911767	CDS	E:join(2442216..2442240,2442339..2446780)	YALI2_E00394g; Hypothetical protein
yli:2911768	CDS	E:2450503..2452584	YALI2_E00395g; Hypothetical protein
yli:2911772	CDS	E:2455806..2456945	YALI2_E00396g; Hypothetical protein
yli:2911773	CDS	E:complement(2457710..2458825)	YALI2_E01372g; Hypothetical protein
yli:2911774	CDS	E:2460475..2461752	YALI2_E00397g; [3-methyl-2-oxobutanoate dehydrogenase [lipoamide]] kinase
yli:2911775	CDS	E:complement(join(2464134..2464400,2464610..2464705))	YALI2_E01371g; 40S ribosomal protein eS26
yli:2911778	CDS	E:2466895..2467383	YALI2_E00398g; Cytochrome c oxidase subunit 4
yli:2911780	CDS	E:complement(2469369..2469827)	YALI2_E01370g; Hypothetical protein
yli:2911781	CDS	E:join(2472059..2472076,2472613..2476302)	YALI2_E00399g; Coatomer subunit alpha
yli:2911779	CDS	E:2477035..2477790	YALI2_E00400g; 3-oxoacyl-[acyl-carrier-protein] reductase
yli:2911784	CDS	E:2478564..2479661	YALI2_E00401g; Cyclin-U1-1
yli:2911782	tRNA	E:2479969..2480039	YALI2_E00048t; tRNA-Gly
yli:7009565	rRNA	E:2480048..2480163	YALI2_E00030r; 5S ribosomal RNA
yli:2911783	tRNA	E:complement(join(2480765..2480799,2480815..2480851))	YALI2_E00049t; tRNA-Asp
yli:2911786	CDS	E:2482366..2483424	YALI2_E00402g; AB hydrolase superfamily protein YfhM
yli:2911787	CDS	E:2484278..2485561	YALI2_E00403g; Trans-enoyl reductase fsa3
yli:2911785	CDS	E:2485817..2487418	YALI2_E00404g; Dimethyl-sulfide monooxygenase
yli:2911789	CDS	E:2488791..2489999	YALI2_E00405g; Transcription factor Sp8
yli:2911788	CDS	E:complement(join(2490637..2491449,2491528..2491575))	YALI2_E01369g; Vacuolar protein sorting-associated protein 29
yli:2911790	CDS	E:complement(2492089..2493309)	YALI2_E01368g; Hypothetical protein
yli:2911791	CDS	E:complement(join(2494201..2494620,2495025..2495536,2495830..2495872))	YALI2_E01367g; 40S ribosomal protein RACK1
yli:2911796	CDS	E:complement(2497310..2497882)	YALI2_E01366g; Mediator of RNA polymerase II transcription subunit 11
yli:2911798	tRNA	E:complement(2498103..2498174)	YALI2_E00050t; tRNA-His
yli:2911803	CDS	E:complement(2498884..2499429)	YALI2_E01365g; Putative peptide methionine sulfoxide reductase
yli:2911806	CDS	E:2500149..2500751	YALI2_E00406g; Hypothetical protein
yli:2911804	CDS	E:complement(2500940..2502166)	YALI2_E01364g; N-acetylglucosamine-6-phosphate deacetylase
yli:2911805	CDS	E:2502850..2505423	YALI2_E00407g; Beta-hexosaminidase
yli:2911808	CDS	E:2506303..2507658	YALI2_E00408g; Hexokinase-1
yli:2911807	CDS	E:join(2508566..2509282,2509373..2509927)	YALI2_E00409g; Hypothetical protein
yli:2911810	CDS	E:join(2511256..2511391,2511588..2513110)	YALI2_E00410g; Myosin-15
yli:2911811	CDS	E:complement(2513211..2514761)	YALI2_E01363g; Putative transporter
yli:2911809	CDS	E:complement(2515519..2516172)	YALI2_E01362g; Hypothetical protein
yli:2911814	tRNA	E:complement(join(2516385..2516420,2516431..2516467))	YALI2_E00051t; tRNA-Lys
yli:2911812	CDS	E:complement(2516991..2518247)	YALI2_E01361g; S-adenosylmethionine decarboxylase proenzyme
yli:2911813	CDS	E:join(2520813..2520830,2520895..2521233)	YALI2_E00411g; uncharacterized protein
yli:2911816	CDS	E:2523481..2525277	YALI2_E00412g; Putative acyl-coenzyme A synthetase
yli:2911815	CDS	E:2527945..2529552	YALI2_E00413g; Putative quinate permease
yli:2911819	CDS	E:2532077..2533546	YALI2_E00414g; Homeobox protein YOX1
yli:2911817	CDS	E:2535142..2536647	YALI2_E00415g; Putative transporter
yli:2911818	CDS	E:complement(2536851..2537666)	YALI2_E01360g; mitochondrial 54S ribosomal protein uL4m
yli:2911821	CDS	E:complement(2538358..2539374)	YALI2_E01359g; Hypothetical protein
yli:2911820	CDS	E:2542477..2544426	YALI2_E00416g; Bromodomain-containing factor 1
yli:2911823	CDS	E:complement(2545004..2546140)	YALI2_E01358g; Hypothetical protein
yli:2911824	CDS	E:join(2547545..2547644,2547770..2548023)	YALI2_E00417g; 40S ribosomal protein uS10
yli:2911822	CDS	E:complement(2548762..2549484)	YALI2_E01357g; Pyridoxal 5'-phosphate synthase subunit SNO1
yli:2911826	CDS	E:complement(2550587..2551276)	YALI2_E01356g; Uracil phosphoribosyltransferase
yli:2911825	CDS	E:2552060..2553283	YALI2_E00418g; Uracil catabolism protein 4
yli:2911829	CDS	E:complement(join(2553461..2554606,2554661..2554669))	YALI2_E01355g; Putative methyltransferase YMR310C
yli:2911830	CDS	E:complement(2554862..2556553)	YALI2_E01354g; Dihydroxyacetone kinase
yli:2911831	CDS	E:complement(2558343..2560022)	YALI2_E01353g; General amino acid permease AGP3
yli:2911832	CDS	E:complement(2564063..2565142)	YALI2_E01352g; D-amino-acid oxidase
yli:2911833	CDS	E:2566621..2567511	YALI2_E00419g; Cell wall protein PGA62
yli:2911834	CDS	E:complement(2571006..2571338)	YALI2_E01351g; Hypothetical protein
yli:2911835	CDS	E:2575223..2575693	YALI2_E00420g; Hypothetical protein
yli:2911836	CDS	E:2576903..2578267	YALI2_E00421g; Putative aspartic-type endopeptidase OpsB
yli:2911841	CDS	E:2579534..2581447	YALI2_E00422g; Sphingomyelin phosphodiesterase 2
yli:2911842	CDS	E:complement(2581848..2582603)	YALI2_E01350g; Putative casein kinase II subunit beta-2
yli:2911843	CDS	E:join(2582983..2583156,2583206..2583706)	YALI2_E00423g; Golgi to ER traffic protein 1
yli:2911844	CDS	E:complement(2584854..2585690)	YALI2_E01349g; Hypothetical protein
yli:2911845	CDS	E:complement(join(2588802..2591938,2591994..2592030))	YALI2_E01348g; Protein HIR1
yli:2911846	CDS	E:2592681..2593523	YALI2_E00424g; Casein kinase II subunit beta-2
yli:2911847	CDS	E:complement(2593989..2595476)	YALI2_E01347g; Aromatic/aminoadipate aminotransferase 1
yli:2911848	CDS	E:complement(2597087..2598931)	YALI2_E01346g; FAD-binding monooxygenase MoxY
yli:2911849	CDS	E:complement(join(2599923..2605726,2606375..2606378))	YALI2_E01345g; 1,3-beta-glucan synthase component GSC2
yli:2911850	CDS	E:2609620..2611923	YALI2_E00425g; Flavin carrier protein 1
yli:2911851	CDS	E:2613019..2613690	YALI2_E00426g; Hypothetical protein
yli:2911852	CDS	E:2616535..2617380	YALI2_E00427g; G1/S-specific cyclin pas1
yli:2911882	CDS	E:complement(2618691..2620016)	YALI2_E01344g; Putative family 17 glucosidase SCW11
yli:2911883	CDS	E:2622162..2623769	YALI2_E00428g; Delta 8-(E)-sphingolipid desaturase
yli:2911884	CDS	E:2624422..2626617	YALI2_E00429g; Ubiquitin-like-specific protease 1
yli:2911885	CDS	E:complement(2626736..2630023)	YALI2_E01343g; Mitochondrial escape protein 2
yli:2911886	CDS	E:complement(2630449..2632341)	YALI2_E01342g; Dihydrosphingosine 1-phosphate phosphatase
yli:2911887	CDS	E:join(2635015..2635033,2635361..2635728)	YALI2_E00430g; 60S ribosomal protein uL24
yli:2911888	CDS	E:2639708..2641615	YALI2_E00431g; Efflux pump VrtL
yli:2911889	tRNA	E:join(2642119..2642156,2642170..2642205)	YALI2_E00052t; tRNA-Asn
yli:2911890	CDS	E:join(2642944..2642962,2643006..2644468)	YALI2_E00432g; Cytochrome B2
yli:2911891	CDS	E:complement(2645084..2645686)	YALI2_E01341g; Synaptobrevin YKT6
yli:2911892	CDS	E:complement(2646892..2647644)	YALI2_E01340g; Thiamine pyrophosphokinase 3
yli:2911893	CDS	E:2648671..2649558	YALI2_E00433g; Mitochondrial intermembrane space import and assembly protein 40
yli:2911894	CDS	E:complement(2649668..2651833)	YALI2_E01339g; G-patch domain-containing protein
yli:2911895	CDS	E:2652375..2653367	YALI2_E00434g; Protein SPT3
yli:2911896	CDS	E:complement(2653859..2655121)	YALI2_E01338g; DNA excision repair protein ckn1
yli:2911897	tRNA	E:complement(join(2655376..2655411,2655427..2655462))	YALI2_E00053t; tRNA-Trp
yli:7009566	CDS	E:complement(join(2655936..2656310,2656618..2656671,2656727..2656762))	YALI2_E01337g; Putative esterase
yli:2911898	CDS	E:2657387..2657752	YALI2_E00435g; Putative protein YAE1
yli:2911899	CDS	E:2658159..2659058	YALI2_E00436g; Hypothetical protein
yli:2911900	CDS	E:complement(2659445..2661787)	YALI2_E01336g; Bifunctional dethiobiotin synthetase/7,8-diamino-pelargonic acid aminotransferase
yli:2911902	CDS	E:complement(2663152..2664840)	YALI2_E01335g; Hypothetical protein
yli:2911903	CDS	E:2667222..2668955	YALI2_E00437g; Meiotically up-regulated protein
yli:2911907	CDS	E:complement(2669131..2670360)	YALI2_E01334g; GPN-loop GTPase 1
yli:2911908	CDS	E:2670745..2671413	YALI2_E00438g; Proteasome assembly chaperone 2
yli:2911949	CDS	E:complement(2671580..2672332)	YALI2_E01333g; ER membrane protein complex subunit 3
yli:2911948	CDS	E:complement(join(2673008..2674571,2674641..2674732))	YALI2_E01332g; T-complex protein 1 subunit epsilon
yli:2911954	tRNA	E:join(2675674..2675709,2675727..2675762)	YALI2_E00054t; tRNA-Arg
yli:2911955	CDS	E:2676176..2678245	YALI2_E00439g; Ring assembly protein 3
yli:2911956	CDS	E:2679386..2681494	YALI2_E00440g; Palmitoyltransferase AKR1
yli:2911957	CDS	E:complement(2681880..2684480)	YALI2_E01331g; Histone-lysine N-methyltransferase SET9
yli:2911958	CDS	E:2685869..2687443	YALI2_E00441g; Vacuolar segregation protein PEP7
yli:2911959	CDS	E:complement(2687735..2689186)	YALI2_E01330g; Translation initiation factor eIF-2B subunit gamma
yli:2911960	CDS	E:2690004..2691236	YALI2_E00442g; 26S proteasome subunit RPT4
yli:2911961	CDS	E:complement(2691506..2692141)	YALI2_E01329g; Aprataxin-like protein
yli:2911750	CDS	E:2693722..2695137	YALI2_E00443g; Protein transport protein SEC61 subunit alpha
yli:2911962	CDS	E:2696420..2697175	YALI2_E00444g; Putative N-acetylglucosaminyl-phosphatidylinositol de-N-acetylase
yli:2911963	CDS	E:complement(2697314..2698792)	YALI2_E01328g; Hypothetical protein
yli:2911964	CDS	E:2699698..2701410	YALI2_E00445g; Hypothetical protein
yli:2911965	CDS	E:complement(2701445..2702728)	YALI2_E01327g; Hypothetical protein
yli:2911966	CDS	E:2703192..2704352	YALI2_E00446g; RNA polymerase II-associated protein 1
yli:2911967	CDS	E:join(2705321..2705354,2705917..2708024)	YALI2_E00447g; Protein transport protein sec1
yli:2911968	CDS	E:complement(2709662..2710876)	YALI2_E01326g; Hypothetical protein
yli:2911969	CDS	E:2712677..2713438	YALI2_E00448g; Hypothetical protein
yli:2911970	tRNA	E:complement(2714662..2714735)	YALI2_E00055t; tRNA-Ala
yli:2911971	CDS	E:2715092..2715856	YALI2_E00449g; Hypothetical protein
yli:2912972	tRNA	E:join(2716256..2716294,2716309..2716344)	YALI2_E00056t; tRNA-Tyr
yli:2912973	CDS	E:complement(join(2716494..2721381,2721576..2721787))	YALI2_E01325g; Chitin synthase 6
yli:2912974	CDS	E:2723811..2724446	YALI2_E00450g; Endoplasmic reticulum vesicle protein 25
yli:2912975	CDS	E:complement(2724767..2725537)	YALI2_E01324g; Hypothetical protein
yli:2912976	CDS	E:2726122..2726721	YALI2_E00451g; Hypothetical protein
yli:2912977	CDS	E:complement(join(2728168..2728368,2728503..2729012))	YALI2_E01323g; Hypothetical protein
yli:2912978	tRNA	E:complement(2732834..2732905)	YALI2_E00057t; tRNA-Thr
yli:2912979	CDS	E:complement(2733421..2734917)	YALI2_E01322g; Hypothetical protein
yli:2912980	CDS	E:2736615..2737505	YALI2_E00452g; 60S ribosomal protein uL18
yli:2912981	CDS	E:2740559..2742724	YALI2_E00453g; Acid protease
yli:2912982	CDS	E:2746210..2746773	YALI2_E00454g; Hypothetical protein
yli:2912983	CDS	E:complement(2748204..2750042)	YALI2_E01321g; Hypothetical protein
yli:2912984	CDS	E:complement(2751275..2752060)	YALI2_E01320g; Hypothetical protein
yli:2912985	CDS	E:complement(2752526..2754178)	YALI2_E01319g; Lysophospholipase 3
yli:2912986	CDS	E:complement(2754606..2755334)	YALI2_E01318g; Putative glutamine amidotransferase-like protein
yli:2912987	CDS	E:complement(2756482..2757918)	YALI2_E01317g; N amino acid transport system protein
yli:2912988	tRNA	E:complement(2759821..2759894)	YALI2_E00058t; tRNA-Ala
yli:2912989	CDS	E:complement(join(2760625..2762370,2762610..2763803))	YALI2_E01316g; Proteoglycan 4
yli:2912990	CDS	E:complement(join(2765774..2769660,2769714..2770722))	YALI2_E01315g; Flocculation protein FLO11
yli:2912992	CDS	E:2776205..2779810	YALI2_E00455g; Hypothetical protein
yli:2912993	CDS	E:complement(2780067..2780753)	YALI2_E01314g; Hypothetical protein
yli:2912994	CDS	E:join(2783096..2783179,2783620..2785032)	YALI2_E00456g; Glucose-6-phosphate 1-dehydrogenase
yli:2912995	CDS	E:complement(join(2785757..2787980,2788034..2788047))	YALI2_E01313g; Flap endonuclease 1
yli:2912996	tRNA	E:2788969..2789040	YALI2_E00059t; tRNA-Arg
yli:2912906	CDS	E:2789175..2790653	YALI2_E00457g; Histone-lysine N-methyltransferase, H3 lysine-79 specific
yli:2912907	CDS	E:complement(join(2790849..2791182,2791232..2791280,2791330..2791414))	YALI2_E01312g; Autophagy protein 16
yli:2912908	CDS	E:join(2791915..2791990,2792047..2793140)	YALI2_E00458g; Peptide chain release factor 1
yli:90949725	CDS	E:join(2793557..2793719,2793989..2794140)	YALI2_E00459g; Hypothetical protein
yli:2912911	CDS	E:2794967..2797357	YALI2_E00460g; Oxysterol-binding protein 3
yli:2912912	CDS	E:complement(2797824..2799065)	YALI2_E01311g; Hypothetical protein
yli:2912913	CDS	E:2800672..2802846	YALI2_E00461g; Hypothetical protein
yli:2912914	CDS	E:complement(join(2803138..2806098,2806448..2806675))	YALI2_E01310g; Actin-regulating kinase PRK1
yli:2912916	CDS	E:2807964..2808839	YALI2_E00462g; Putative tyrosine-protein phosphatase OCA1
yli:2912917	CDS	E:complement(2808971..2809546)	YALI2_E01309g; Trafficking protein particle complex subunit 6B
yli:2912918	CDS	E:2809775..2810734	YALI2_E00463g; Protein-S-isoprenylcysteine O-methyltransferase
yli:2912919	CDS	E:complement(2810957..2812333)	YALI2_E01308g; Histone deacetylase RPD3
yli:2912920	CDS	E:2813215..2814312	YALI2_E00464g; UDP-galactose transporter 1
yli:2912921	CDS	E:complement(2814574..2816355)	YALI2_E01307g; Phenylalanine--tRNA ligase beta subunit
yli:2912416	CDS	E:complement(2817459..2818070)	YALI2_E01306g; GTP-binding protein rho1
yli:2912922	CDS	E:complement(2819015..2820067)	YALI2_E01305g; Hypothetical protein
yli:2912923	CDS	E:complement(2820691..2821608)	YALI2_E01304g; Protein SCO1
yli:2911588	CDS	E:2822630..2823241	YALI2_E00465g; Ras-like GTP-binding protein RYL1
yli:2912924	CDS	E:complement(join(2823956..2824305,2824407..2824491))	YALI2_E01303g; Putative NADH dehydrogenase [ubiquinone] 1 alpha subcomplex subunit 5
yli:2912925	CDS	E:join(2824881..2824934,2825002..2825403)	YALI2_E00466g; Hypothetical protein
yli:2912926	CDS	E:complement(2825723..2826283)	YALI2_E01302g; Transcription initiation factor TFIID subunit 9
yli:2912927	CDS	E:2826889..2827575	YALI2_E00467g; Peptidyl-prolyl cis-trans isomerase B
yli:2912928	CDS	E:complement(2828041..2829246)	YALI2_E01301g; Palmitoyltransferase PFA3
yli:7009567	CDS	E:complement(join(2829663..2829842,2830028..2830081,2830167..2830193))	YALI2_E01300g; Acyl-CoA-binding protein 2
yli:7009568	CDS	E:complement(2833007..2833300)	YALI2_E01299g; Hypothetical protein
yli:2912929	CDS	E:2835797..2836303	YALI2_E00468g; Hypothetical protein
yli:2912289	CDS	E:complement(2837619..2838614)	YALI2_E01298g; Hypothetical protein
yli:2912290	CDS	E:2840275..2841462	YALI2_E00469g; Protein SSO1
yli:2912291	CDS	E:2842557..2843657	YALI2_E00470g; Poly(A) RNA export protein
yli:2912292	CDS	E:2846805..2848406	YALI2_E00471g; MFS glucose transporter mfs1
yli:2912295	CDS	E:complement(2850191..2852314)	YALI2_E01297g; E3 SUMO-protein ligase pli1
yli:2912296	CDS	E:complement(2853292..2854989)	YALI2_E01296g; Phosphatase DCR2
yli:2912297	CDS	E:complement(2856117..2856698)	YALI2_E01295g; rRNA-processing protein FCF1
yli:2912298	CDS	E:join(2857574..2857588,2857735..2860551)	YALI2_E00472g; E3 ubiquitin-protein ligase pep5
yli:2912299	CDS	E:complement(2860777..2861934)	YALI2_E01294g; CRAL-TRIO domain-containing protein
yli:2912300	CDS	E:2864462..2865994	YALI2_E00473g; Dimethyl-sulfide monooxygenase
yli:2912418	CDS	E:2866815..2868356	YALI2_E00474g; Cytochrome P450 52A12
yli:7009569	rRNA	E:2869111..2869226	YALI2_E00031r; 5S ribosomal RNA
yli:2912301	CDS	E:complement(join(2870976..2872045,2872167..2872215))	YALI2_E01293g; Mitogen-activated protein kinase
yli:2912302	CDS	E:complement(2874482..2875387)	YALI2_E01292g; Zinc finger protein 865
yli:2912303	CDS	E:complement(2880751..2881350)	YALI2_E01291g; Thioredoxin
yli:2912304	CDS	E:complement(join(2889027..2889350,2889514..2889516))	YALI2_E01290g; 60S ribosomal protein L30
yli:2912307	CDS	E:2890252..2890719	YALI2_E00475g; 60S ribosomal protein eL24
yli:2912677	CDS	E:complement(join(2895806..2895860,2895914..2896141,2896192..2898053))	YALI2_E01289g; RNA-binding protein rsd1
yli:2912678	CDS	E:complement(2900649..2902010)	YALI2_E01288g; Hypothetical protein
yli:2912680	CDS	E:complement(2904792..2905532)	YALI2_E01287g; 40S ribosomal protein uS3
yli:2912681	CDS	E:2906867..2907439	YALI2_E00476g; Hypothetical protein
yli:2912682	CDS	E:complement(2909565..2911976)	YALI2_E01286g; Phosphoinositide 3-phosphatase
yli:7009570	CDS	E:join(2912915..2912956,2913224..2913371,2913730..2913776)	YALI2_E00477g; NADH-ubiquinone oxidoreductase 9.5 kDa subunit
yli:2912683	CDS	E:complement(2914381..2915259)	YALI2_E01285g; mitochondrial 54S ribosomal protein uL22m
yli:2912684	CDS	E:complement(2916270..2917175)	YALI2_E01284g; Hypothetical protein
yli:7009571	CDS	E:join(2917832..2917896,2917951..2918455)	YALI2_E00478g; ADP-ribosylation factor-like protein 2
yli:2912685	CDS	E:2919188..2920927	YALI2_E00479g; Transcription factor SPT8
yli:2912686	CDS	E:complement(2921171..2923519)	YALI2_E01283g; Hypothetical protein
yli:2912687	tRNA	E:complement(2923821..2923894)	YALI2_E00060t; tRNA-Met
yli:90949726	CDS	E:2924921..2925160	YALI2_E00480g; Hypothetical protein
yli:2912688	CDS	E:complement(2930425..2932191)	YALI2_E01282g; Phosphate-repressible phosphate permease pho-4
yli:2912689	tRNA	E:join(2938933..2938969,2938979..2939013)	YALI2_E00061t; tRNA-Glu
yli:2912690	CDS	E:2944952..2946019	YALI2_E00481g; Adherence factor
yli:2912691	CDS	E:complement(2947666..2948685)	YALI2_E01281g; DNA-directed RNA polymerases I and III subunit RPAC1
yli:2912692	CDS	E:complement(2950067..2951182)	YALI2_E01280g; Hypothetical protein
yli:2912693	CDS	E:complement(2955331..2956611)	YALI2_E01279g; Putative kinase
yli:2912694	CDS	E:complement(join(2958648..2959596,2960237..2960274))	YALI2_E01278g; Succinate--CoA ligase [ADP-forming] subunit alpha
yli:2912695	CDS	E:2962138..2963676	YALI2_E00482g; Transcription factor IIIB 60 kDa subunit
yli:2912696	CDS	E:complement(2964082..2965044)	YALI2_E01277g; Lactoylglutathione lyase
yli:2912697	CDS	E:2966924..2967304	YALI2_E00483g; Membrane-associated progesterone receptor component 1
yli:2912698	CDS	E:2970145..2974515	YALI2_E00484g; Hypothetical protein
yli:7009572	rRNA	E:2975161..2975276	YALI2_E00032r; 5S ribosomal RNA
yli:2912699	CDS	E:2975825..2976844	YALI2_E00485g; UDP-N-acetylglucosamine transporter yea4
yli:2912703	CDS	E:2977608..2978648	YALI2_E00486g; Hypothetical protein
yli:2912540	CDS	E:complement(2978812..2980074)	YALI2_E01276g; Putative transporter SPBPB10D8.04c
yli:2912538	CDS	E:complement(2981769..2982923)	YALI2_E01275g; Hypothetical protein
yli:2912539	CDS	E:2985006..2986988	YALI2_E00487g; Calcium channel YVC1
yli:2912542	CDS	E:join(2992494..2992553,2993179..2996193)	YALI2_E00488g; Hypothetical protein
yli:2912541	CDS	E:complement(2996899..2997807)	YALI2_E01274g; Protein YIPF1
yli:2912544	CDS	E:2998575..2999132	YALI2_E00489g; Microsomal signal peptidase subunit 3
yli:2912543	CDS	E:complement(2999455..3002010)	YALI2_E01273g; Hypothetical protein
yli:2912546	CDS	E:3002631..3003320	YALI2_E00490g; rRNA-processing protein FYV7
yli:2912547	CDS	E:complement(join(3003496..3006738,3006794..3006904))	YALI2_E01272g; Hypothetical protein
yli:2912545	CDS	E:complement(join(3009329..3009534,3009895..3009958))	YALI2_E01271g; Cx9C motif-containing protein 4
yli:2912548	CDS	E:3010658..3013480	YALI2_E00491g; DNA repair and recombination protein RDH54
yli:2912551	CDS	E:complement(3014793..3015665)	YALI2_E01270g; Autophagy-related protein 3
yli:2912549	CDS	E:join(3017153..3017215,3017410..3017697)	YALI2_E00492g; 60S ribosomal protein eL31
yli:2912550	CDS	E:complement(3018594..3020048)	YALI2_E01269g; Folylpolyglutamate synthase
yli:2912552	CDS	E:complement(join(3020769..3021373,3021580..3021604,3021933..3022043))	YALI2_E01268g; Autophagy protein 5
yli:2912556	CDS	E:complement(3022589..3024250)	YALI2_E01267g; Protein ecdysoneless
yli:2912655	CDS	E:3025591..3028002	YALI2_E00493g; Hypothetical protein
yli:2912654	CDS	E:3028432..3030285	YALI2_E00494g; Hypothetical protein
yli:2912657	CDS	E:complement(3030619..3033906)	YALI2_E01266g; Leucine--tRNA ligase, cytoplasmic
yli:2912658	CDS	E:3035138..3038311	YALI2_E00495g; Regulator of nonsense transcripts UPF2
yli:90949751	CDS	E:complement(3039246..3039521)	YALI2_E01265g; uncharacterized protein
yli:2912656	CDS	E:complement(join(3040922..3045231,3045740..3045746))	YALI2_E01264g; Pheromone-regulated membrane protein 10
yli:2912661	CDS	E:complement(3048496..3050235)	YALI2_E01263g; Hypothetical protein
yli:2912659	CDS	E:3053349..3054341	YALI2_E00496g; Putative oxidoreductase ENV9
yli:2912660	CDS	E:complement(3054624..3055610)	YALI2_E01262g; tRNA(Thr) (cytosine(32)-N(3))-methyltransferase
yli:2912663	CDS	E:3057769..3060306	YALI2_E00497g; Hypothetical protein
yli:2912662	CDS	E:complement(join(3060505..3060711,3061207..3061392))	YALI2_E01261g; Multifunctional methyltransferase subunit TRM112
yli:2912665	CDS	E:complement(3062775..3063239)	YALI2_E01260g; UPF0587 protein
yli:2912664	CDS	E:3063764..3064621	YALI2_E00498g; mitochondrial 54S ribosomal protein mL46
yli:2912667	CDS	E:complement(3065042..3066262)	YALI2_E01259g; THO complex subunit 3
yli:2912668	CDS	E:complement(join(3066857..3068614,3069132..3069254))	YALI2_E01258g; Protein NRD1
yli:2912666	tRNA	E:3069922..3069993	YALI2_E00062t; tRNA-Thr
yli:2912670	CDS	E:complement(3070213..3072990)	YALI2_E01257g; Histone deacetylase HDA1
yli:2912671	CDS	E:3074033..3075889	YALI2_E00499g; Hypothetical protein
yli:2912669	CDS	E:complement(3078100..3079728)	YALI2_E01256g; Transcription factor STP2
yli:2912674	CDS	E:complement(3083594..3084796)	YALI2_E01255g; Putative transporter
yli:2912672	CDS	E:3086119..3088167	YALI2_E00500g; Aspartic proteinase yapsin-7
yli:2912673	CDS	E:3091554..3092042	YALI2_E00501g; Hypothetical protein
yli:2912676	CDS	E:complement(join(3094754..3095318,3095656..3095657))	YALI2_E01254g; 60S ribosomal protein eL19
yli:90949727	CDS	E:join(3096009..3096174,3096351..3096496)	YALI2_E00502g; Hypothetical protein
yli:2912675	CDS	E:complement(3097259..3097945)	YALI2_E01253g; Hypothetical protein
yli:2912704	CDS	E:complement(join(3099025..3103482,3103531..3103533))	YALI2_E01252g; ATP-binding cassette transporter abc2
yli:2912705	CDS	E:join(3104793..3104811,3104958..3105460)	YALI2_E00503g; Putative peroxiredoxin
yli:2912706	CDS	E:complement(3105574..3107388)	YALI2_E01251g; Hypothetical protein
yli:2912707	CDS	E:complement(3108201..3109361)	YALI2_E01250g; Mitogen-activated protein kinase HOG1
yli:2912708	tRNA	E:3110825..3110906	YALI2_E00063t; tRNA-Ser
yli:2912709	CDS	E:complement(3111052..3112959)	YALI2_E01249g; Putative MFS-type transporter
yli:2912710	CDS	E:complement(join(3115325..3119368,3119420..3119620))	YALI2_E01248g; ABC transporter C family member 13
yli:2912711	CDS	E:3125518..3126993	YALI2_E00504g; Hypothetical protein
yli:2912712	tRNA	E:join(3128290..3128327,3128347..3128382)	YALI2_E00064t; tRNA-Ile
yli:2912713	tRNA	E:complement(3128762..3128834)	YALI2_E00065t; tRNA-Val
yli:2912714	tRNA	E:join(3129774..3129810,3129820..3129854)	YALI2_E00066t; tRNA-Glu
yli:2912715	tRNA	E:complement(3130074..3130155)	YALI2_E00067t; tRNA-Ser
yli:2912716	tRNA	E:complement(join(3131037..3131072,3131087..3131122))	YALI2_E00068t; tRNA-Pro
yli:90949728	CDS	E:3131357..3132055	YALI2_E00505g; Hypothetical protein
yli:2912718	CDS	E:complement(3132752..3133216)	YALI2_E01247g; Hypothetical protein
yli:2912719	tRNA	E:join(3134362..3134397,3134412..3134447)	YALI2_E00069t; tRNA-Pro
yli:2912720	tRNA	E:join(3135378..3135413,3135432..3135467)	YALI2_E00070t; tRNA-Arg
yli:2912722	tRNA	E:join(3136428..3136464,3136479..3136523)	YALI2_E00071t; tRNA-Ser
yli:2912723	CDS	E:complement(3136803..3138788)	YALI2_E01246g; Putative RING finger protein
yli:2912724	CDS	E:3139370..3139921	YALI2_E00506g; Hypothetical protein
yli:2912725	CDS	E:complement(3140688..3142100)	YALI2_E01245g; Nicotinamide/nicotinic acid mononucleotide adenylyltransferase 1
yli:2912726	CDS	E:3145187..3146359	YALI2_E00507g; Hypothetical protein
yli:2912606	CDS	E:complement(3146842..3148308)	YALI2_E01244g; DnaJ subfamily C member 7
yli:2912607	CDS	E:complement(3149624..3150010)	YALI2_E01243g; Chromatin-remodeling complex subunit IES6
yli:2912608	CDS	E:complement(3150384..3151739)	YALI2_E01242g; Putative guanine deaminase
yli:90949729	CDS	E:3152709..3152963	YALI2_E00508g; uncharacterized protein
yli:2912609	CDS	E:3154230..3157391	YALI2_E00509g; Mediator of replication checkpoint protein 1
yli:2912610	CDS	E:3158243..3159424	YALI2_E00510g; Candidapepsin-5
yli:2912611	CDS	E:3161143..3163395	YALI2_E00511g; Hypothetical protein
yli:2912613	CDS	E:join(3166118..3166152,3166324..3166395,3166447..3166918)	YALI2_E00512g; Ras-related C3 botulinum toxin substrate 1
yli:2912614	CDS	E:3169917..3170252	YALI2_E00513g; Hypothetical protein
yli:2912615	CDS	E:complement(3172003..3172914)	YALI2_E01241g; Nucleolar protein 6
yli:2912616	CDS	E:3174679..3175725	YALI2_E00514g; Putative alpha-1,6-mannosyltransferase MNN10
yli:2912617	CDS	E:complement(join(3176152..3176502,3176845..3176979))	YALI2_E01240g; Hypothetical protein
yli:2912618	CDS	E:3177352..3180540	YALI2_E00515g; SWI/SNF chromatin-remodeling complex subunit SWI1
yli:2912619	CDS	E:complement(3181404..3182975)	YALI2_E01239g; Cytochrome P450 52A3-A
yli:2912620	CDS	E:join(3190110..3190172,3190275..3191306)	YALI2_E00516g; Fructose-bisphosphate aldolase 1
yli:2912621	CDS	E:3192919..3193545	YALI2_E00517g; Endoplasmic reticulum transmembrane protein 3
yli:2912622	CDS	E:complement(3193845..3195713)	YALI2_E01238g; tRNA-dihydrouridine synthase
yli:2912623	CDS	E:3195894..3196898	YALI2_E00518g; tRNA-dihydrouridine(20a/20b) synthase [NAD(P)]
yli:2912624	CDS	E:3197345..3199165	YALI2_E00519g; Protein VMS1
yli:2912625	tRNA	E:complement(3199400..3199472)	YALI2_E00072t; tRNA-Val
yli:2912626	CDS	E:3202112..3202810	YALI2_E00520g; Hypothetical protein
yli:2912627	CDS	E:complement(3203456..3204556)	YALI2_E01237g; LIN1-like protein
yli:2912630	CDS	E:join(3204947..3205017,3205083..3205485)	YALI2_E00521g; Hypothetical protein
yli:2912363	CDS	E:3206545..3208125	YALI2_E00522g; Hypothetical protein
yli:2912361	tRNA	E:3208727..3208808	YALI2_E00073t; tRNA-Leu
yli:2912362	CDS	E:3209037..3210161	YALI2_E00523g; Ubiquitin fusion degradation protein 1
yli:2912368	CDS	E:complement(3210604..3214587)	YALI2_E01236g; Hypothetical protein
yli:2912369	CDS	E:3216919..3218196	YALI2_E00524g; Sulfoquinovosyl transferase SQD2
yli:2912370	CDS	E:complement(3219222..3220064)	YALI2_E01235g; Chaperone protein DnaJ
yli:2912371	CDS	E:3220893..3221915	YALI2_E00525g; Protein transport protein yif1
yli:2912372	CDS	E:complement(3222573..3224387)	YALI2_E01234g; Hypothetical protein
yli:2912373	CDS	E:join(3226341..3226766,3226952..3227103,3227194..3233167)	YALI2_E00526g; DNA polymerase epsilon catalytic subunit A
yli:2912374	CDS	E:complement(3234141..3236603)	YALI2_E01233g; Ribosome biogenesis protein ERB1
yli:7009575	rRNA	E:complement(3237464..3237579)	YALI2_E00033r; 5S ribosomal RNA
yli:2912375	tRNA	E:3238064..3238145	YALI2_E00074t; tRNA-Ser
yli:2912376	CDS	E:join(3238392..3238433,3238487..3238592,3238748..3238929)	YALI2_E00527g; UPF0045 protein ECM15
yli:2912377	CDS	E:complement(3239980..3240399)	YALI2_E01232g; Histone H2B
yli:2912378	CDS	E:3241116..3241523	YALI2_E00528g; Histone H2A
yli:2912379	CDS	E:3246053..3246619	YALI2_E00529g; Hypothetical protein
yli:2912380	CDS	E:3247547..3248032	YALI2_E00530g; Hypothetical protein
yli:2912381	CDS	E:complement(join(3248820..3249735,3249783..3249940))	YALI2_E01231g; tRNA-specific adenosine deaminase subunit TAD3
yli:2912382	CDS	E:join(3251012..3251063,3251396..3251451,3251790..3252920)	YALI2_E00531g; Choline/ethanolaminephosphotransferase 1
yli:2912383	CDS	E:complement(3253463..3254239)	YALI2_E01230g; Putative ribonuclease P protein subunit 3
yli:2912384	CDS	E:3257951..3259312	YALI2_E00532g; Casein kinase I 2
yli:2912756	CDS	E:3260702..3261856	YALI2_E00533g; Hypothetical protein
yli:2912757	CDS	E:complement(3262119..3266063)	YALI2_E01229g; Putative membrane protein
yli:2912758	tRNA	E:join(3269143..3269179,3269200..3269234)	YALI2_E00075t; tRNA-Glu
yli:7009576	CDS	E:3269401..3269862	YALI2_E00534g; Hypothetical protein
yli:90949730	CDS	E:3269998..3270858	YALI2_E00535g; Orotidine 5'-phosphate decarboxylase
yli:2912760	CDS	E:3271177..3271464	YALI2_E00536g; Hypothetical protein
yli:2912761	CDS	E:complement(3271643..3273196)	YALI2_E01228g; Hypothetical protein
yli:2912762	CDS	E:3274062..3275543	YALI2_E00537g; RNA polymerase II-associated protein rba50
yli:2912763	CDS	E:complement(3275770..3276879)	YALI2_E01227g; Bifunctional protein GAL10
yli:2912764	CDS	E:3278694..3279578	YALI2_E00538g; Eukaryotic translation initiation factor 3 subunit F
yli:2912765	CDS	E:complement(3279994..3281994)	YALI2_E01226g; Transcriptional regulator IFH1
yli:2912766	CDS	E:3284165..3285451	YALI2_E00539g; Glucosidase 2 subunit beta
yli:2912767	CDS	E:complement(3286652..3287974)	YALI2_E01225g; Hypothetical protein
yli:2912768	CDS	E:complement(3289917..3290432)	YALI2_E01224g; Oligoribonuclease
yli:2912769	CDS	E:3291223..3292569	YALI2_E00540g; Tubulin beta-2 chain
yli:2912770	CDS	E:3293423..3295066	YALI2_E00541g; Acetyl-coenzyme A transporter 1
yli:2912771	CDS	E:complement(join(3295241..3296233,3296703..3296864))	YALI2_E01223g; Pyruvate dehydrogenase E1 component subunit beta
yli:2912772	CDS	E:complement(join(3298103..3298683,3298963..3299029))	YALI2_E01222g; Protein SVP26
yli:2912773	CDS	E:join(3299280..3299284,3299333..3303605)	YALI2_E00542g; E3 ubiquitin-protein ligase listerin
yli:2912774	CDS	E:join(3304816..3304830,3304912..3305400)	YALI2_E00543g; Translationally-controlled tumor protein
yli:2912775	CDS	E:complement(3305551..3306927)	YALI2_E01221g; Counting factor 60
yli:2912776	CDS	E:complement(3307779..3309209)	YALI2_E01220g; Hypothetical protein
yli:2912777	CDS	E:complement(3309680..3311074)	YALI2_E01219g; tRNA:m(4)X modification enzyme TRM13
yli:2912778	CDS	E:complement(3311626..3313308)	YALI2_E01218g; Putative MFS-type transporter
yli:2912239	CDS	E:3316655..3318721	YALI2_E00544g; Acid phosphatase type 7
yli:2912240	CDS	E:3319495..3320955	YALI2_E00545g; Ammonium transporter MEP2
yli:2912242	CDS	E:complement(3324031..3325560)	YALI2_E01217g; MFS transporter PrlL
yli:2912243	CDS	E:3328340..3330811	YALI2_E00546g; ATP-dependent DNA helicase SRS2
yli:2912244	CDS	E:3332965..3333747	YALI2_E00547g; Glyoxylate pathway regulator
yli:7009577	rRNA	E:complement(3333924..3334039)	YALI2_E00034r; 5S ribosomal RNA
yli:2912246	tRNA	E:complement(3334048..3334118)	YALI2_E00076t; tRNA-Gly
yli:2912247	CDS	E:3334710..3336248	YALI2_E00548g; V-type proton ATPase subunit B
yli:2912248	CDS	E:complement(3336454..3337164)	YALI2_E01216g; Putative tyrosine-protein phosphatase OCA1
yli:2912249	CDS	E:3337902..3340259	YALI2_E00549g; Hypothetical protein
yli:2912250	CDS	E:complement(3340374..3340973)	YALI2_E01215g; Putative peptidyl-tRNA hydrolase 2
yli:2912255	CDS	E:3343751..3344872	YALI2_E00550g; NADPH dehydrogenase 2
yli:2912256	CDS	E:complement(3344982..3346010)	YALI2_E01214g; Protein phosphatase PTC7 fig
yli:90949750	CDS	E:complement(3346287..3347519)	YALI2_E01213g; Putative transporter SEO1
yli:90949749	CDS	E:complement(3347537..3347971)	YALI2_E01212g; Putative transporter SEO1
yli:2912259	CDS	E:complement(3349212..3350375)	YALI2_E01211g; Hypothetical protein
yli:2912260	tRNA	E:3352463..3352535	YALI2_E00077t; tRNA-Arg
yli:7009578	CDS	E:join(3352640..3352666,3352715..3353128)	YALI2_E00551g; Cystathionine beta-synthase
yli:2911794	CDS	E:complement(3356646..3357836)	YALI2_E01210g; Calcium/calmodulin-dependent protein kinase CmkA
yli:2911586	CDS	E:complement(3359227..3361332)	YALI2_E01209g; Acyl-coenzyme A oxidase 2
yli:2912261	CDS	E:3363208..3363663	YALI2_E00552g; DNA-directed RNA polymerases I and III subunit RPAC2
yli:2912262	CDS	E:3364682..3366931	YALI2_E00553g; N-terminal kinase-like protein
yli:2912263	CDS	E:complement(join(3367103..3367479,3368240..3369521))	YALI2_E01208g; ATP-dependent RNA helicase DBP2
yli:2912216	CDS	E:3370312..3372129	YALI2_E00554g; UPF0652 protein
yli:2912217	CDS	E:complement(3372418..3373263)	YALI2_E01207g; General control protein GCN4
yli:2912218	CDS	E:complement(join(3375676..3376442,3376491..3376533))	YALI2_E01206g; Hypothetical protein
yli:2912219	CDS	E:3378597..3379673	YALI2_E00555g; Sphingoid long-chain base transporter RSB1
yli:2912220	CDS	E:complement(3381392..3382615)	YALI2_E01205g; FK506-binding protein 3
yli:2912221	CDS	E:complement(3384651..3385214)	YALI2_E01204g; 60S ribosomal protein eL6
yli:2912222	CDS	E:3387785..3389554	YALI2_E00556g; Purine permease
yli:2912223	CDS	E:complement(3389752..3391779)	YALI2_E01203g; NAD-dependent kinase
yli:2912224	CDS	E:3395629..3396351	YALI2_E00557g; Hypothetical protein
yli:2912573	CDS	E:complement(3398624..3401167)	YALI2_E01202g; Bud site selection protein 6
yli:2912225	CDS	E:complement(3402633..3403373)	YALI2_E01201g; Eukaryotic translation initiation factor 6
yli:2912226	CDS	E:complement(3403958..3406621)	YALI2_E01200g; Heat shock protein 104
yli:2912227	CDS	E:join(3410057..3410252,3410422..3411911)	YALI2_E00558g; Sodium-dependent multivitamin transporter
yli:2912228	CDS	E:3412955..3414154	YALI2_E00559g; Candidapepsin-3
yli:2912229	tRNA	E:complement(join(3414339..3414373,3414387..3414423))	YALI2_E00078t; tRNA-Gln
yli:2912230	tRNA	E:complement(join(3414433..3414468,3414487..3414524))	YALI2_E00079t; tRNA-Ile
yli:2912231	tRNA	E:join(3415596..3415631,3415649..3415684)	YALI2_E00080t; tRNA-Arg
yli:2912232	CDS	E:join(3416604..3416617,3416741..3422300)	YALI2_E00560g; Phosphatidylinositol 4-kinase stt4
yli:2912233	CDS	E:complement(3422512..3423561)	YALI2_E01199g; DNA damage tolerance protein RHC31
yli:2912234	CDS	E:3424987..3426837	YALI2_E00561g; HDA1 complex subunit 3
yli:2911603	CDS	E:complement(3426986..3428344)	YALI2_E01198g; Putative WD repeat-containing protein
yli:2911604	CDS	E:join(3429352..3429524,3429571..3429594,3429886..3431425)	YALI2_E00562g; Sphingosine-1-phosphate lyase
yli:2911605	CDS	E:join(3431598..3431694,3431736..3432604)	YALI2_E00563g; Putative geranylgeranyl transferase type-2 subunit beta
yli:7009579	CDS	E:complement(3434937..3435197)	YALI2_E01197g; Hypothetical protein
yli:2911606	CDS	E:complement(3437903..3438775)	YALI2_E01196g; Mitochondrial glycine transporter YMC1
yli:2911607	CDS	E:complement(3440256..3441458)	YALI2_E01195g; CRAL-TRIO domain-containing protein
yli:2911608	CDS	E:3443692..3445128	YALI2_E00564g; Hypothetical protein
yli:2911609	CDS	E:complement(3446513..3447460)	YALI2_E01194g; Hypothetical protein
yli:2911610	CDS	E:3450111..3451490	YALI2_E00565g; Vacuolar amino acid transporter 2
yli:2911611	CDS	E:complement(join(3451774..3454320,3454370..3454426))	YALI2_E01193g; Spindle pole body component alp14
yli:2911612	CDS	E:3455623..3457785	YALI2_E00566g; Hypothetical protein
yli:2911613	CDS	E:complement(join(3458104..3458553,3458972..3459031))	YALI2_E01192g; NADH-ubiquinone oxidoreductase 20.9 kDa subunit
yli:2911614	CDS	E:complement(3459604..3461505)	YALI2_E01191g; Sphingomyelin phosphodiesterase 2
yli:2911615	CDS	E:complement(3462762..3464864)	YALI2_E01190g; Glutamate--tRNA ligase, cytoplasmic
yli:2911616	CDS	E:3465777..3466826	YALI2_E00567g; Decapping nuclease RAI1
yli:2911617	CDS	E:complement(3467014..3468924)	YALI2_E01189g; Nucleus export protein BRR6
yli:2911618	CDS	E:complement(3476724..3477572)	YALI2_E01188g; Hypothetical protein
yli:2911619	CDS	E:complement(3480811..3481482)	YALI2_E01187g; Hypothetical protein
yli:2911620	CDS	E:complement(3483165..3484466)	YALI2_E01186g; Hypothetical protein
yli:2911621	CDS	E:3485838..3486560	YALI2_E00568g; Hypothetical protein
yli:2911622	CDS	E:3487361..3488158	YALI2_E00569g; Putative tRNA-splicing endonuclease subunit sen34
yli:2911623	CDS	E:3490388..3492547	YALI2_E00570g; Putative urea active transporter 1
yli:2911624	CDS	E:complement(3492613..3494865)	YALI2_E01185g; Hypothetical protein
yli:2911628	CDS	E:join(3495878..3496135,3496448..3500935)	YALI2_E00571g; Hypothetical protein
yli:2911861	CDS	E:3503107..3504054	YALI2_E00572g; Hypothetical protein
yli:2911862	CDS	E:complement(join(3504323..3504372,3504429..3504759))	YALI2_E01184g; Single-stranded DNA-binding protein rim1
yli:2911860	CDS	E:3505806..3507383	YALI2_E00573g; Serine protease
yli:2911865	tRNA	E:complement(3507916..3507989)	YALI2_E00081t; tRNA-Ala
yli:2911863	CDS	E:3508746..3510077	YALI2_E00574g; Putative aminotransferase
yli:2911864	CDS	E:3513192..3515342	YALI2_E00575g; Transcriptional regulator of form adherence 3
yli:2911867	CDS	E:complement(3515556..3516998)	YALI2_E01183g; Hypothetical protein
yli:2911866	CDS	E:3517911..3518543	YALI2_E00576g; Hypothetical protein
yli:2911869	CDS	E:complement(3518650..3520077)	YALI2_E01182g; Alkaline extracellular protease
yli:2911870	CDS	E:3522040..3522450	YALI2_E00577g; RNA polymerase II transcriptional coactivator KELP
yli:2911868	CDS	E:complement(3522496..3523395)	YALI2_E01181g; 4-nitrophenylphosphatase
yli:7009581	CDS	E:join(3523731..3523790,3524238..3524549)	YALI2_E00578g; NADH dehydrogenase [ubiquinone] 1 alpha subcomplex subunit 13
yli:2911871	CDS	E:3525394..3527079	YALI2_E00579g; Alpha-1,2-mannosyltransferase alg9
yli:2911874	CDS	E:complement(3527236..3528525)	YALI2_E01180g; Adenylosuccinate synthetase
yli:2911872	CDS	E:complement(3529614..3530411)	YALI2_E01179g; Hypothetical protein
yli:2911873	CDS	E:3530607..3532643	YALI2_E00580g; Ribonucleases P/MRP protein subunit pop1
yli:2911875	CDS	E:complement(3532678..3533472)	YALI2_E01178g; Hypothetical protein
yli:2911878	CDS	E:3533854..3534807	YALI2_E00581g; Putative 20.8 kDa protein in FGF-VUBI intergenic region
yli:2911854	CDS	E:complement(3535453..3536019)	YALI2_E01177g; 60S ribosomal protein uL6
yli:2911855	CDS	E:3539043..3539726	YALI2_E00582g; NUWM protein
yli:2911853	CDS	E:complement(3540513..3542012)	YALI2_E01176g; Hypothetical protein
yli:2911857	CDS	E:3543047..3544630	YALI2_E00583g; Tyrosine--tRNA ligase
yli:2911856	CDS	E:complement(join(3544696..3544720,3544780..3550021,3550272..3550971))	YALI2_E01175g; 1-phosphatidylinositol 3-phosphate 5-kinase fab1
yli:2911859	CDS	E:3551669..3552919	YALI2_E00584g; Glutaminyl-peptide cyclotransferase-like protein
yli:2912309	CDS	E:complement(3553196..3553579)	YALI2_E01174g; Hypothetical protein
yli:2912727	CDS	E:3554757..3557186	YALI2_E00585g; Vesicular-fusion protein SEC18
yli:2912728	CDS	E:3561298..3562377	YALI2_E00586g; Homeobox protein TGIF1
yli:2912235	CDS	E:complement(join(3564101..3564407,3564706..3564911))	YALI2_E01173g; Nuclear cap-binding protein subunit 2
yli:2911976	CDS	E:3567229..3569379	YALI2_E00587g; Serine/threonine-protein phosphatase PP-Z1
yli:2911977	CDS	E:complement(3569794..3570864)	YALI2_E01172g; Hypothetical protein
yli:2912960	CDS	E:complement(3571361..3573100)	YALI2_E01171g; Vacuolar protein sorting-associated protein 45
yli:2911974	CDS	E:3573518..3575170	YALI2_E00588g; Target of rapamycin complex 1 subunit TCO89
yli:2911975	CDS	E:complement(3575278..3576744)	YALI2_E01170g; Hypothetical protein
yli:2911982	CDS	E:complement(join(3577723..3580707,3580760..3580777))	YALI2_E01169g; PAN2-PAN3 deadenylation complex catalytic subunit PAN2
yli:2911929	CDS	E:3582084..3584756	YALI2_E00589g; Hypothetical protein
yli:90949731	CDS	E:join(3586423..3586509,3586719..3586973)	YALI2_E00590g; Hypothetical protein
yli:2911930	CDS	E:complement(3587197..3587910)	YALI2_E01168g; Protein GMH1
yli:2911927	CDS	E:join(3589215..3589391,3589479..3589550)	YALI2_E00591g; Hypothetical protein
yli:2911928	CDS	E:complement(3589972..3590268)	YALI2_E01167g; Heat shock protein SSA4
yli:2911923	CDS	E:complement(join(3590981..3595887,3596468..3596477))	YALI2_E01166g; U3 small nucleolar RNA-associated protein 10
yli:2911922	CDS	E:3596584..3597447	YALI2_E00592g; Hypothetical protein
yli:2911917	CDS	E:complement(3597605..3600193)	YALI2_E01165g; Septation protein imp2
yli:2911918	CDS	E:complement(3601167..3602759)	YALI2_E01164g; Phosphoacetylglucosamine mutase
yli:2911915	CDS	E:complement(join(3604207..3604612,3604751..3604764))	YALI2_E01163g; Ubiquitin-conjugating enzyme variant MMS2
yli:2911916	CDS	E:3604972..3607086	YALI2_E00593g; Spindle assembly checkpoint component MAD1
yli:2911913	CDS	E:complement(3607227..3608945)	YALI2_E01162g; Putative transporter
yli:2911936	CDS	E:join(3610447..3610480,3610925..3611406)	YALI2_E00594g; Succinate dehydrogenase cytochrome b subunit
yli:2911937	CDS	E:3614043..3617060	YALI2_E00595g; Increased rDNA silencing protein 4
yli:2911938	CDS	E:complement(3617232..3619106)	YALI2_E01161g; Peptide transporter PTR2
yli:2911438	CDS	E:3620320..3620889	YALI2_E00596g; Clathrin-associated protein AP-3 complex component APS3
yli:2911439	CDS	E:3624336..3626186	YALI2_E00597g; Hypothetical protein
yli:2911442	CDS	E:3627159..3627545	YALI2_E00598g; Hypothetical protein
yli:2911443	tRNA	E:join(3628303..3628339,3628350..3628384)	YALI2_E00082t; tRNA-Glu
yli:7009582	rRNA	E:3628393..3628508	YALI2_E00035r; 5S ribosomal RNA
yli:2911444	CDS	E:3628789..3629217	YALI2_E00599g; Hypothetical protein
yli:2911446	CDS	E:complement(3629632..3630321)	YALI2_E01160g; Oxidation resistance protein 1
yli:2911447	CDS	E:join(3632749..3632800,3633149..3633846)	YALI2_E00600g; Ras-like protein 1
yli:2911450	CDS	E:3635227..3638079	YALI2_E00601g; Importin beta-like protein
yli:2911456	CDS	E:complement(3641946..3643160)	YALI2_E01159g; Oxygen-dependent coproporphyrinogen-III oxidase
yli:2911461	CDS	E:3644032..3646056	YALI2_E00602g; Hypothetical protein
yli:2911462	CDS	E:3646267..3647439	YALI2_E00603g; 25S rRNA (uridine(2634)-N(3))-methyltransferase
yli:2911467	tRNA	E:join(3647989..3648025,3648042..3648076)	YALI2_E00083t; tRNA-Asp
yli:2911468	CDS	E:complement(3648363..3650057)	YALI2_E01158g; Protein FYV10
yli:2911458	CDS	E:complement(3650882..3652615)	YALI2_E01157g; Hypothetical protein
yli:2911465	CDS	E:3654315..3656198	YALI2_E00604g; Glutamate--cysteine ligase catalytic subunit
yli:2911466	CDS	E:complement(3656321..3656923)	YALI2_E01156g; Putative peptide methionine sulfoxide reductase
yli:2911471	CDS	E:complement(join(3657472..3658206,3658877..3658993))	YALI2_E01155g; Ubiquitin-conjugating enzyme E2 6
yli:2912359	tRNA	E:complement(3659321..3659392)	YALI2_E00084t; tRNA-Thr
yli:2912360	CDS	E:3660243..3664952	YALI2_E00605g; rRNA biogenesis protein RRP5
yli:2911554	tRNA	E:3665805..3665875	YALI2_E00085t; tRNA-Gly
yli:7009583	rRNA	E:3665884..3665999	YALI2_E00036r; 5S ribosomal RNA
yli:2911939	CDS	E:3667527..3669236	YALI2_E00606g; Glycerol uptake protein 2
yli:2911940	CDS	E:complement(3669332..3670012)	YALI2_E01154g; Putative endonuclease LCL3
yli:2911980	CDS	E:complement(3670606..3671163)	YALI2_E01153g; Hypothetical protein
yli:2911934	CDS	E:complement(3671684..3675640)	YALI2_E01152g; Hypothetical protein
yli:2911935	CDS	E:complement(3676843..3677403)	YALI2_E01151g; mitochondrial 37S ribosomal protein bS18m
yli:2912961	CDS	E:3678170..3679702	YALI2_E00607g; JmjC domain-containing histone demethylation protein 1
yli:2912969	CDS	E:complement(3679795..3680343)	YALI2_E01150g; Mating factor alpha
yli:2912970	tRNA	E:join(3681707..3681743,3681758..3681792)	YALI2_E00086t; tRNA-Asp
yli:7009584	rRNA	E:3681801..3681916	YALI2_E00037r; 5S ribosomal RNA
yli:2912997	CDS	E:complement(3682135..3683442)	YALI2_E01149g; Putative gamma-glutamyl phosphate reductase
yli:2912998	CDS	E:complement(3684298..3685032)	YALI2_E01148g; Hypothetical protein
yli:2912956	CDS	E:join(3686265..3686298,3686374..3688253)	YALI2_E00608g; Hypothetical protein
yli:2912067	CDS	E:3690772..3694545	YALI2_E00609g; Lid2 complex component snt2
yli:2912068	CDS	E:complement(3694692..3695384)	YALI2_E01147g; U2 small nuclear ribonucleoprotein A'
yli:2912036	CDS	E:complement(3695598..3697442)	YALI2_E01146g; Biotin--protein ligase
yli:7009585	CDS	E:complement(join(3697990..3698276,3698617..3698632))	YALI2_E01145g; 60S ribosomal protein eL36
yli:90949732	CDS	E:join(3699048..3699103,3699251..3699416)	YALI2_E00610g; Coiled-coil-helix-coiled-coil-helix domain-containing protein
yli:2911978	CDS	E:complement(3699568..3700152)	YALI2_E01144g; Hypothetical protein
yli:2911749	CDS	E:3700787..3704341	YALI2_E00611g; Protein transport protein SEC31
yli:2911979	CDS	E:complement(3704608..3705507)	YALI2_E01143g; Hypothetical protein
yli:2911945	CDS	E:complement(3706126..3707676)	YALI2_E01142g; Hypothetical protein
yli:2911946	CDS	E:complement(3709057..3709788)	YALI2_E01141g; Hypothetical protein
yli:2911947	CDS	E:complement(3710224..3711702)	YALI2_E01140g; tRNA (guanine(26)-N(2))-dimethyltransferase
yli:2911972	CDS	E:join(3712291..3712552,3712609..3712709)	YALI2_E00612g; Hypothetical protein
yli:2911973	CDS	E:complement(join(3712941..3713505,3713645..3713709))	YALI2_E01139g; Hypothetical protein
yli:2911981	CDS	E:3715932..3718739	YALI2_E00613g; Transcriptional regulator of form adherence 5
yli:2911987	CDS	E:complement(3719430..3719825)	YALI2_E01138g; 60S ribosomal protein eL32
yli:2911988	CDS	E:complement(3721273..3722520)	YALI2_E01137g; Acyl-coenzyme A:6-aminopenicillanic-acid-acyltransferase 40 kDa form
yli:2911926	CDS	E:complement(join(3724352..3732780,3733101..3733117,3733958..3733971))	YALI2_E01136g; UPF0648 protein
yli:2911924	CDS	E:3735377..3736735	YALI2_E00614g; Eukaryotic translation initiation factor 4B
yli:2911925	CDS	E:3738455..3740011	YALI2_E00615g; Serine/threonine-protein phosphatase PP-Z1
yli:2911921	CDS	E:complement(3740162..3741205)	YALI2_E01135g; Hypothetical protein
yli:2911919	CDS	E:complement(3741806..3742366)	YALI2_E01134g; GTP-binding protein rhb1
yli:2911920	CDS	E:3745628..3747202	YALI2_E00616g; Acetyl-CoA hydrolase
yli:2911914	CDS	E:complement(3748189..3749142)	YALI2_E01133g; Cut9-interacting protein scn1
yli:2911911	CDS	E:3749680..3751032	YALI2_E00617g; Uridine kinase
yli:2911912	CDS	E:3751314..3752426	YALI2_E00618g; Hypothetical protein
yli:2911909	CDS	E:complement(3753366..3755906)	YALI2_E01132g; Putative transporter
yli:2911910	CDS	E:join(3758691..3758713,3758801..3761927)	YALI2_E00619g; Trehalose synthase complex regulatory subunit TSL1
yli:2911437	CDS	E:complement(3763065..3763775)	YALI2_E01131g; Hypothetical protein
yli:2911440	CDS	E:3766063..3768609	YALI2_E00620g; Hypothetical protein
yli:2911441	CDS	E:complement(3769783..3770142)	YALI2_E01130g; Hypothetical protein
yli:2911445	CDS	E:complement(3770396..3771121)	YALI2_E01129g; Hypothetical protein
yli:2911448	CDS	E:complement(3772054..3777675)	YALI2_E01128g; Tricalbin-1
yli:2911449	CDS	E:3779279..3779839	YALI2_E00621g; UPF0057 membrane protein
yli:2911451	CDS	E:complement(3780259..3780876)	YALI2_E01127g; Hypothetical protein
yli:2911454	CDS	E:complement(3781220..3782029)	YALI2_E01126g; Histone deacetylase 8
yli:2911455	CDS	E:complement(join(3782554..3785646,3785697..3785711))	YALI2_E01125g; Hypothetical protein
yli:7009586	CDS	E:complement(join(3786076..3786122,3786194..3786332))	YALI2_E01124g; Hypothetical protein
yli:2911457	CDS	E:join(3786694..3786765,3786812..3787696)	YALI2_E00622g; Hypothetical protein
yli:2911463	CDS	E:complement(3788105..3788581)	YALI2_E01123g; mitochondrial 37S ribosomal protein MRPS8
yli:2911464	CDS	E:complement(3788985..3790631)	YALI2_E01122g; Putative RING finger protein
yli:2911472	CDS	E:3791946..3793043	YALI2_E00623g; Calcium/calmodulin-dependent protein kinase CmkB
yli:2911459	CDS	E:3795673..3797880	YALI2_E00624g; Putative transcriptional regulatory protein
yli:2911460	CDS	E:3800356..3802332	YALI2_E00625g; Protein MAM3
yli:2908300	CDS	E:complement(3807102..3807860)	YALI2_E01121g; C2H2 finger domain transcription factor CON7
yli:2908301	CDS	E:complement(3809116..3811059)	YALI2_E01120g; Hypothetical protein
yli:2908302	CDS	E:3814046..3815785	YALI2_E00626g; General amino-acid permease GAP2
yli:2908910	CDS	E:3823140..3825371	YALI2_E00627g; Hypothetical protein
yli:2908911	CDS	E:3828618..3829739	YALI2_E00628g; Branched-chain-amino-acid aminotransferase AtnH
yli:2908912	tRNA	E:join(3830508..3830544,3830561..3830595)	YALI2_E00087t; tRNA-Asp
yli:7009634	rRNA	E:3830604..3830719	YALI2_E00038r; 5S ribosomal RNA
yli:2908913	CDS	E:complement(3830899..3832443)	YALI2_E01119g; AP-1 complex subunit mu-1-I
yli:2908914	CDS	E:complement(3833432..3833872)	YALI2_E01118g; Hypothetical protein
yli:2908915	CDS	E:3837193..3840456	YALI2_E00629g; Mechanosensitive ion channel protein Msy1
yli:2908048	CDS	E:3840973..3842142	YALI2_E00630g; Flap endonuclease 1
yli:2908049	tRNA	E:complement(3842523..3842596)	YALI2_E00088t; tRNA-Ala
yli:2908051	CDS	E:complement(3843908..3844813)	YALI2_E01117g; Dehydrodolichyl diphosphate synthase complex subunit NUS1
yli:2908053	CDS	E:join(3846020..3846602,3848088..3849205)	YALI2_E00631g; Hypothetical protein
yli:2908054	CDS	E:3851993..3856447	YALI2_E00632g; Sophorolipid transporter
yli:2908259	CDS	E:complement(3856529..3858181)	YALI2_E01116g; tRNA (uracil(54)-C(5))-methyltransferase
yli:2908260	CDS	E:3859569..3862712	YALI2_E00633g; Valine--tRNA ligase
yli:2907793	CDS	E:complement(3863080..3863730)	YALI2_E01115g; Exosome complex component RRP46
yli:2907794	CDS	E:3864651..3865661	YALI2_E00634g; Mitochondrial thiamine pyrophosphate carrier 1
yli:2907795	CDS	E:complement(3866370..3867962)	YALI2_E01114g; Hypothetical protein
yli:2907796	CDS	E:join(3868961..3868988,3869091..3869139,3869541..3870162)	YALI2_E00635g; ATP synthase subunit 4
yli:2907797	CDS	E:complement(3871799..3872479)	YALI2_E01113g; CDP-diacylglycerol--inositol 3-phosphatidyltransferase
yli:2907798	CDS	E:3873981..3875966	YALI2_E00636g; Pre-rRNA-processing protein rix1
yli:2907864	CDS	E:3876345..3878024	YALI2_E00637g; Something about silencing protein 10
yli:90949733	CDS	E:3879073..3879357	YALI2_E00638g; uncharacterized protein
yli:2907865	CDS	E:complement(3880918..3882033)	YALI2_E01112g; Cell division cycle protein 123
yli:2907866	CDS	E:join(3882373..3882460,3882541..3882593,3882966..3884408)	YALI2_E00639g; T-complex protein 1 subunit delta
yli:2907867	CDS	E:complement(3884639..3885472)	YALI2_E01111g; Ribosome biogenesis protein UTP30
yli:2907868	CDS	E:3886351..3888252	YALI2_E00640g; DNA-binding protein REB1
yli:2907869	CDS	E:complement(join(3889335..3889760,3889984..3890025))	YALI2_E01110g; 40S ribosomal protein uS17
yli:2908688	CDS	E:3893401..3894423	YALI2_E00641g; Cytochrome c peroxidase
yli:2908689	CDS	E:join(3895987..3896185,3896258..3901878)	YALI2_E00642g; Protein MLP1
yli:2908690	CDS	E:complement(3902250..3902690)	YALI2_E01109g; Hypothetical protein
yli:2908691	CDS	E:complement(3903691..3906489)	YALI2_E01108g; GPI ethanolamine phosphate transferase 1
yli:2908692	CDS	E:3907849..3909270	YALI2_E00643g; Vacuolar aminopeptidase 1
yli:2908693	CDS	E:complement(3909370..3911679)	YALI2_E01107g; DnaJ subfamily B member 8
yli:2908571	CDS	E:complement(join(3913228..3918731,3918788..3918821))	YALI2_E01106g; Serine/threonine-protein kinase atr
yli:2908572	CDS	E:3919178..3922609	YALI2_E00644g; Elongator complex protein 1
yli:2908573	CDS	E:complement(3922862..3924877)	YALI2_E01105g; Hypothetical protein
yli:2908574	CDS	E:join(3927775..3927864,3928190..3929284)	YALI2_E00645g; Pyruvate dehydrogenase E1 component subunit alpha
yli:2908575	CDS	E:3929776..3936054	YALI2_E00646g; U5 small nuclear ribonucleoprotein helicase
yli:2908576	CDS	E:complement(3936193..3938550)	YALI2_E01104g; General transcription and DNA repair factor IIH helicase subunit XPD
yli:2908949	CDS	E:3938875..3939342	YALI2_E00647g; H/ACA ribonucleoprotein complex subunit NHP2
yli:2908950	CDS	E:complement(3939731..3940759)	YALI2_E01103g; Delta-aminolevulinic acid dehydratase
yli:2908951	CDS	E:3941391..3942104	YALI2_E00648g; PITH domain-containing protein
yli:2908952	CDS	E:complement(3942655..3943761)	YALI2_E01102g; E3 ubiquitin-protein ligase RNF13
yli:2908953	CDS	E:complement(join(3944943..3945371,3946042..3946044))	YALI2_E01101g; Cofilin
yli:2908954	CDS	E:complement(3946473..3948065)	YALI2_E01100g; Protein arginine methyltransferase NDUFAF7
yli:2908936	CDS	E:join(3948276..3948294,3948347..3949392)	YALI2_E00649g; Putative 2-dehydropantoate 2-reductase
yli:2908937	CDS	E:complement(3949535..3951370)	YALI2_E01099g; MFS siderochrome iron transporter C
yli:2908938	CDS	E:complement(3952251..3953459)	YALI2_E01098g; Ribosomal lysine N-methyltransferase set11
yli:2908939	CDS	E:join(3955554..3955568,3955736..3955744,3955830..3955890,3955948..3956921)	YALI2_E00650g; Hypothetical protein
yli:2908940	CDS	E:complement(3957011..3959284)	YALI2_E01097g; Saccharolysin
yli:2907698	CDS	E:complement(3960247..3962613)	YALI2_E01096g; Bifunctional purine biosynthetic protein ADE1
yli:2908268	CDS	E:complement(3963539..3965107)	YALI2_E01095g; ATP-dependent RNA helicase DHH1
yli:90949734	CDS	E:3966717..3967790	YALI2_E00651g; Dual specificity protein kinase FUZ7
yli:2908941	CDS	E:complement(3968783..3969067)	YALI2_E01094g; Hypothetical protein
yli:2908278	CDS	E:3971159..3972697	YALI2_E00652g; Putative transporter
yli:2908280	CDS	E:complement(join(3974353..3974781,3974890..3974910))	YALI2_E01093g; Eukaryotic translation initiation factor 1A, X-chromosomal
yli:2908084	CDS	E:3975313..3976137	YALI2_E00653g; CTD kinase subunit gamma
yli:2908085	CDS	E:complement(3976407..3978650)	YALI2_E01092g; Putative mitochondrial carnitine O-acetyltransferase
yli:2908086	CDS	E:3981415..3981870	YALI2_E00654g; Monothiol glutaredoxin-5
yli:2908087	CDS	E:complement(join(3982637..3982861,3982995..3983003))	YALI2_E01091g; Hypothetical protein
yli:2908088	CDS	E:3983409..3984431	YALI2_E00655g; WD repeat-containing protein 82
yli:2908018	CDS	E:3985430..3985756	YALI2_E00656g; Hypothetical protein
yli:2908019	CDS	E:complement(3985988..3986623)	YALI2_E01090g; Charged multivesicular body protein 6-A
yli:2908020	CDS	E:join(3986806..3987394,3987450..3989398)	YALI2_E00657g; Putative AAA domain-containing protein
yli:2908022	CDS	E:complement(3989570..3992428)	YALI2_E01089g; Hypothetical protein
yli:7009635	CDS	E:complement(join(3993176..3993422,3993481..3993500))	YALI2_E01088g; EKC/KEOPS complex subunit PCC1
yli:2908003	CDS	E:complement(3994465..3995040)	YALI2_E01087g; Hypothetical protein
yli:2908004	CDS	E:complement(3999004..3999672)	YALI2_E01086g; Carbonic anhydrase
yli:2908005	CDS	E:4005500..4006165	YALI2_E00658g; Hypothetical protein
yli:2908006	CDS	E:4011484..4015743	YALI2_E00659g; Hypothetical protein
yli:2908008	CDS	E:complement(4016505..4017386)	YALI2_E01085g; Ribosome production factor 1
yli:2908961	CDS	E:4018860..4019792	YALI2_E00660g; Signal recognition particle SEC65 subunit
yli:2907928	CDS	E:complement(4020055..4020714)	YALI2_E01084g; Orotate phosphoribosyltransferase
yli:2907818	CDS	E:4021233..4022351	YALI2_E00661g; Hypothetical protein
yli:2907819	tRNA	E:join(4022639..4022675,4022685..4022719)	YALI2_E00089t; tRNA-Glu
yli:2907820	CDS	E:complement(4022918..4025890)	YALI2_E01083g; Mitochondrial presequence protease
yli:2907821	CDS	E:4027221..4028807	YALI2_E00662g; Hypothetical protein
yli:2907822	CDS	E:complement(4029998..4031185)	YALI2_E01082g; Zinc-regulated transporter 2
yli:2907836	CDS	E:join(4034918..4034924,4035237..4039744)	YALI2_E00663g; Exocyst complex component SEC3
yli:2907837	CDS	E:4040927..4041703	YALI2_E00664g; Hypothetical protein
yli:2907838	CDS	E:4042079..4043599	YALI2_E00665g; Nuclear GTP-binding protein NUG1
yli:2907839	CDS	E:4044170..4045789	YALI2_E00666g; DNA damage-binding protein CMR1
yli:2907840	CDS	E:complement(4045942..4048290)	YALI2_E01081g; Beta-adaptin-like protein C
yli:2908843	CDS	E:4050958..4051938	YALI2_E00667g; GDP-mannose transporter
yli:2908844	CDS	E:complement(join(4052327..4052818,4053110..4054213))	YALI2_E01080g; Hypothetical protein
yli:2908845	CDS	E:complement(4055842..4057290)	YALI2_E01079g; Putative RNA-binding protein
yli:2908846	CDS	E:4059135..4060580	YALI2_E00668g; Mannan endo-1,6-alpha-mannosidase DCW1
yli:90949735	CDS	E:join(4061034..4061232,4061331..4061383)	YALI2_E00669g; Hypothetical protein
yli:2908841	CDS	E:4061892..4063031	YALI2_E00670g; Elongator complex protein 4
yli:2908842	CDS	E:4064350..4066026	YALI2_E00671g; Beta-TrCP
yli:2908836	CDS	E:4071436..4073856	YALI2_E00672g; DNA replication licensing factor mcm3
yli:2908837	CDS	E:join(4075095..4075111,4075188..4078887)	YALI2_E00673g; Manganese-transporting ATPase 1
yli:2908839	CDS	E:complement(4080797..4081390)	YALI2_E01078g; Hypothetical protein
yli:2908840	CDS	E:complement(4081883..4084453)	YALI2_E01077g; Calcium permeable stress-gated cation channel 1
yli:2908829	CDS	E:complement(4085537..4086856)	YALI2_E01076g; 2-(3-amino-3-carboxypropyl)histidine synthase subunit 1
yli:2908830	CDS	E:4087243..4088994	YALI2_E00674g; Protein SHQ1
yli:2908831	CDS	E:complement(4090970..4092619)	YALI2_E01075g; Hypothetical protein
yli:2908832	CDS	E:4097727..4098605	YALI2_E00675g; Putative enoyl-CoA hydratase 2
yli:2908833	CDS	E:join(4099363..4099403,4099648..4099942)	YALI2_E00676g; Transcription initiation factor IIA subunit 2
yli:2908834	CDS	E:complement(join(4100705..4103289,4103688..4103892))	YALI2_E01074g; CCR4-NOT transcriptional complex subunit
yli:2908822	CDS	E:4107153..4107887	YALI2_E00677g; Hypothetical protein
yli:2908823	CDS	E:4110093..4110998	YALI2_E00678g; 4-hydroxy-4-methyl-2-oxoglutarate aldolase
yli:2908824	CDS	E:4115995..4116882	YALI2_E00679g; PHO85 cyclin-1
yli:2908825	tRNA	E:join(4119837..4119873,4119888..4119932)	YALI2_E00090t; tRNA-Ser
yli:2908826	CDS	E:join(4121692..4121886,4122644..4125883)	YALI2_E00680g; PH and SEC7 domain-containing protein
yli:2908827	CDS	E:complement(4126050..4127300)	YALI2_E01073g; Hypothetical protein
yli:2908828	CDS	E:join(4128025..4128049,4128185..4128780)	YALI2_E00681g; Proteasome subunit beta type-3
yli:2908817	CDS	E:complement(join(4130787..4131106,4131454..4131487))	YALI2_E01072g; COX assembly mitochondrial protein 2
yli:2908818	CDS	E:join(4131709..4131838,4131974..4132260)	YALI2_E00682g; Altered inheritance of mitochondria protein 11
yli:2908819	CDS	E:complement(join(4132382..4132861,4133036..4133136,4133250..4133934))	YALI2_E01071g; Transcription factor tau 55 kDa subunit
yli:2908820	CDS	E:complement(join(4134400..4134652,4134915..4134973,4135036..4135038))	YALI2_E01070g; TMEM14 protein
yli:2908821	CDS	E:4136795..4137172	YALI2_E00683g; Hypothetical protein
yli:2908811	CDS	E:4138083..4139465	YALI2_E00684g; Hypothetical protein
yli:2908812	CDS	E:4140339..4142201	YALI2_E00685g; DNA topoisomerase 3
yli:2908813	CDS	E:complement(join(4142336..4142733,4142829..4142883))	YALI2_E01069g; Cytosine deaminase
yli:2908532	CDS	E:4144337..4145632	YALI2_E00686g; Peroxisomal biogenesis factor 3
yli:2908814	CDS	E:4147450..4148019	YALI2_E00687g; Putative RING finger protein
yli:2908815	CDS	E:complement(4149001..4150509)	YALI2_E01068g; Hypothetical protein
yli:2908816	CDS	E:4151333..4151746	YALI2_E00688g; 5-hydroxyisourate hydrolase
yli:2908804	CDS	E:complement(4151895..4152872)	YALI2_E01067g; Protein PGR
yli:2908805	CDS	E:complement(4153309..4154322)	YALI2_E01066g; INO80 complex subunit 1
yli:2908806	CDS	E:4155233..4156498	YALI2_E00689g; Eukaryotic translation initiation factor 3 subunit E
yli:2908807	CDS	E:complement(4157087..4158169)	YALI2_E01065g; Hypothetical protein
yli:2908808	CDS	E:4158814..4159995	YALI2_E00690g; Hypothetical protein
yli:2908809	CDS	E:complement(4160185..4161354)	YALI2_E01064g; tRNA (adenine(58)-N(1))-methyltransferase catalytic subunit TRM61
yli:2908810	CDS	E:4162074..4164056	YALI2_E00691g; U3 small nucleolar RNA-associated protein 8
yli:2908802	CDS	E:4166405..4167442	YALI2_E00692g; Putative dihydroorotase
yli:2908803	CDS	E:4168051..4169568	YALI2_E00693g; Zinc finger protein ZPR1
yli:2908794	CDS	E:complement(4169922..4171079)	YALI2_E01063g; Alpha-ketoglutarate-dependent sulfonate dioxygenase
yli:2908795	CDS	E:complement(4173153..4173734)	YALI2_E01062g; Hypothetical protein
yli:2908796	tRNA	E:join(4177058..4177095,4177114..4177149)	YALI2_E00091t; tRNA-Asn
yli:2908797	CDS	E:complement(4177455..4178243)	YALI2_E01061g; mitochondrial 37S ribosomal protein uS10m
yli:2908798	CDS	E:4179269..4181185	YALI2_E00694g; Hypothetical protein
yli:2908788	tRNA	E:complement(join(4181652..4181687,4181699..4181735))	YALI2_E00092t; tRNA-Lys
yli:2908789	CDS	E:complement(4183079..4186066)	YALI2_E01060g; Hypothetical protein
yli:2908790	CDS	E:complement(join(4187886..4193938,4194009))	YALI2_E01059g; General negative regulator of transcription subunit 1
yli:2908791	CDS	E:complement(4195063..4197051)	YALI2_E01058g; Putative acid phosphatase
yli:2908792	CDS	E:4199855..4200934	YALI2_E00695g; UDP-galactose transporter
yli:2908793	CDS	E:4202109..4202588	YALI2_E00696g; Transcriptional activator HAP2
yli:2908780	CDS	E:complement(4202939..4204885)	YALI2_E01057g; Hypothetical protein
yli:2908781	tRNA	E:4205367..4205440	YALI2_E00093t; tRNA-Ala
yli:2908782	CDS	E:complement(4206879..4207643)	YALI2_E01056g; Ras-related protein RSR1
yli:2908783	CDS	E:4211241..4212248	YALI2_E00697g; Hypothetical protein
yli:2908784	CDS	E:complement(4212444..4214030)	YALI2_E01055g; Threonine synthase
yli:2908774	CDS	E:complement(4214631..4216004)	YALI2_E01054g; Allantoinase
yli:2908775	CDS	E:complement(4217110..4217775)	YALI2_E01053g; Hypothetical protein
yli:2908776	CDS	E:4220108..4223434	YALI2_E00698g; Cell cycle serine/threonine-protein kinase hsk1
yli:2908777	CDS	E:4224057..4224911	YALI2_E00699g; Pre-mRNA-splicing factor CWC21
yli:2908778	tRNA	E:complement(4225175..4225258)	YALI2_E00094t; tRNA-Leu
yli:2908779	CDS	E:complement(4226436..4227452)	YALI2_E01052g; Hypothetical protein
yli:2908962	CDS	E:complement(4230539..4232212)	YALI2_E01051g; Signal recognition particle receptor subunit alpha
yli:2908768	CDS	E:join(4232847..4233156,4233310..4236866)	YALI2_E00700g; Putative AAA domain-containing protein
yli:2908770	CDS	E:complement(4237037..4238446)	YALI2_E01050g; Glutamyl-tRNA(Gln) amidotransferase subunit A
yli:90949736	CDS	E:4240496..4240747	YALI2_E00701g; uncharacterized protein
yli:2908771	CDS	E:4243491..4244534	YALI2_E00702g; Adenosine kinase
yli:2908763	CDS	E:complement(4244997..4247045)	YALI2_E01049g; Hypothetical protein
yli:2908764	CDS	E:complement(4250146..4251969)	YALI2_E01048g; Hypothetical protein
yli:2908765	CDS	E:join(4253243..4253286,4253492..4254089)	YALI2_E00703g; GTP-binding protein yptV4
yli:2908766	CDS	E:complement(4254839..4255786)	YALI2_E01047g; Thiosulfate sulfurtransferase
yli:2908767	CDS	E:complement(join(4257551..4258427,4258494..4261771))	YALI2_E01046g; Phosphatidylinositol 4-phosphate 5-kinase its3
yli:2908759	CDS	E:complement(4264785..4267643)	YALI2_E01045g; Lon protease 2, peroxisomal
yli:2908760	tRNA	E:complement(4270923..4271004)	YALI2_E00095t; tRNA-Leu
yli:2908761	CDS	E:complement(4271670..4272896)	YALI2_E01044g; Autophagy-related protein 17
yli:2908762	CDS	E:complement(4273464..4274588)	YALI2_E01043g; NADPH dehydrogenase 3
yli:2908752	CDS	E:complement(4275799..4277691)	YALI2_E01042g; Putative RNA-binding protein
yli:2908753	CDS	E:complement(4279302..4280036)	YALI2_E01041g; Hypothetical protein
yli:2908754	CDS	E:4281106..4282521	YALI2_E00704g; Protoheme IX farnesyltransferase
yli:2908755	CDS	E:complement(4282845..4284098)	YALI2_E01040g; Glutaryl-CoA dehydrogenase
yli:90949748	CDS	E:complement(4285435..4285902)	YALI2_E01039g; Hypothetical protein
yli:2908745	tRNA	E:complement(4286137..4286208)	YALI2_E00096t; tRNA-Ala
yli:2908746	CDS	E:complement(4287041..4288600)	YALI2_E01038g; Fatty aldehyde dehydrogenase
yli:2908747	CDS	E:complement(join(4290197..4292655,4293662..4293782))	YALI2_E01037g; Transcription factor BYE1
yli:2908748	CDS	E:complement(4294516..4295403)	YALI2_E01036g; Putative CDP-alcohol phosphatidyltransferase class-I family protein
yli:2908749	CDS	E:4296682..4297008	YALI2_E00705g; Hypothetical protein
yli:7009638	rRNA	E:complement(4303137..4303252)	YALI2_E00039r; 5S ribosomal RNA
yli:2908738	CDS	E:complement(4303610..4305232)	YALI2_E01035g; Myo-inositol transporter 2
yli:2908739	CDS	E:complement(4306594..4307652)	YALI2_E01034g; Galactose-1-phosphate uridylyltransferase
yli:2908740	CDS	E:4308729..4309427	YALI2_E00706g; Hypothetical protein
yli:2908741	CDS	E:4310344..4310724	YALI2_E00707g; Type 1 phosphatases regulator YPI1
yli:2908732	CDS	E:join(4311051..4311074,4311231..4311518)	YALI2_E00708g; Hypothetical protein
yli:2908733	CDS	E:4313400..4314677	YALI2_E00709g; Hypothetical protein
yli:2908734	CDS	E:complement(4314774..4315259)	YALI2_E01033g; Hypothetical protein
yli:2908735	CDS	E:complement(join(4316036..4316514,4316753..4316756))	YALI2_E01032g; Hypothetical protein
yli:2908736	CDS	E:complement(4316978..4318234)	YALI2_E01031g; Maintenance of telomere capping protein 1
yli:2908737	CDS	E:complement(4319847..4320287)	YALI2_E01030g; 60S ribosomal protein eL20
yli:2908725	CDS	E:complement(4323278..4323979)	YALI2_E01029g; Hypothetical protein
yli:2908726	CDS	E:complement(4324737..4325717)	YALI2_E01028g; Sporulation-specific protein 4
yli:2908727	CDS	E:complement(4329870..4330988)	YALI2_E01027g; Hypothetical protein
yli:2908728	tRNA	E:complement(join(4331842..4331876,4331892..4331928))	YALI2_E00097t; tRNA-Asp
yli:2908720	CDS	E:complement(4333568..4334353)	YALI2_E01026g; Hypothetical protein
yli:2908721	CDS	E:complement(4335186..4335782)	YALI2_E01025g; Hypothetical protein
yli:2908722	CDS	E:4336053..4337942	YALI2_E00710g; Putative ferric reductase transmembrane component
yli:2908723	CDS	E:complement(join(4338570..4339581,4339697..4339755))	YALI2_E01024g; Translation initiation factor eIF-2B subunit beta
yli:2908724	CDS	E:complement(4340219..4340923)	YALI2_E01023g; Telomere maintenance protein SDE2
yli:2908715	CDS	E:4341535..4342080	YALI2_E00711g; mitochondrial 54S ribosomal protein bL19m
yli:2908716	CDS	E:4343120..4344406	YALI2_E00712g; Elongation factor Tu
yli:2908717	CDS	E:complement(4346118..4346957)	YALI2_E01022g; Respiratory supercomplex factor 2
yli:2908718	CDS	E:complement(4348745..4349353)	YALI2_E01021g; Respiratory supercomplex factor 2
yli:2908719	CDS	E:complement(join(4350144..4350343,4350400..4351522))	YALI2_E01020g; Subtilase-type proteinase RRT12
yli:2908707	CDS	E:complement(join(4352041..4352496,4352771..4352783,4352856..4352881))	YALI2_E01019g; V-type proton ATPase 16 kDa proteolipid subunit
yli:2908708	CDS	E:4353735..4354115	YALI2_E00713g; small nucleolar ribonucleoprotein SNU13
yli:2908709	CDS	E:4354620..4355423	YALI2_E00714g; Hypothetical protein
yli:2908710	CDS	E:complement(join(4355598..4357349,4357413..4357418))	YALI2_E01018g; LMBR1 domain-containing protein 2 A
yli:90949737	CDS	E:join(4357712..4357743,4357785..4357849,4357898..4358052)	YALI2_E00715g; uncharacterized protein
yli:2908529	CDS	E:complement(4358395..4360521)	YALI2_E01017g; Nucleoporin nup85
yli:2908490	CDS	E:4362260..4363939	YALI2_E00716g; Phosphatidylinositol phosphatase PTPRQ
yli:2908471	tRNA	E:complement(join(4364446..4364481,4364500..4364537))	YALI2_E00098t; tRNA-Asn
yli:90949738	CDS	E:4365241..4365540	YALI2_E00717g; uncharacterized protein
yli:2908472	CDS	E:complement(4365737..4367284)	YALI2_E01016g; Cytochrome c oxidase assembly protein COX15
yli:2908447	CDS	E:complement(join(4367888..4368078,4368558..4368780))	YALI2_E01015g; Cytochrome b-c1 complex subunit 6
yli:2908433	CDS	E:complement(join(4370618..4371400,4371643..4371645))	YALI2_E01014g; 60S ribosomal protein eL8
yli:2908422	CDS	E:join(4373651..4373793,4373986..4374868)	YALI2_E00718g; Hypothetical protein
yli:2908410	CDS	E:4376137..4376901	YALI2_E00719g; 60S ribosomal protein uL2
yli:2908411	CDS	E:complement(4377674..4379137)	YALI2_E01013g; Hypothetical protein
yli:2908390	CDS	E:complement(4380316..4383834)	YALI2_E01012g; Structural maintenance of chromosomes protein 2
yli:2908082	tRNA	E:complement(join(4384048..4384091,4384110..4384147))	YALI2_E00099t; tRNA-Leu
yli:2908083	tRNA	E:4384848..4384929	YALI2_E00100t; tRNA-Ser
yli:2908582	CDS	E:complement(4385126..4387486)	YALI2_E01011g; Hypothetical protein
yli:2908896	CDS	E:complement(4388218..4390296)	YALI2_E01010g; Tryptophan synthase
yli:2908897	CDS	E:4392218..4394563	YALI2_E00720g; Transmembrane E3 ubiquitin-protein ligase 1
yli:2907995	CDS	E:complement(4394782..4395795)	YALI2_E01009g; Putative NADPH-dependent methylglyoxal reductase GRP2
yli:2908521	CDS	E:complement(4397031..4397627)	YALI2_E01008g; 40S ribosomal protein eS8
yli:2908522	CDS	E:4398280..4398489	YALI2_E00721g; Diphthamide biosynthesis protein 3
yli:2908509	CDS	E:4400124..4401365	YALI2_E00722g; Protein AST2
yli:2908478	CDS	E:4401689..4402375	YALI2_E00723g; Hypothetical protein
yli:2908465	CDS	E:complement(join(4402559..4403477,4403911..4403981))	YALI2_E01007g; Ribose-phosphate pyrophosphokinase 2
yli:2908454	CDS	E:complement(4404615..4405814)	YALI2_E01006g; Mitochondrial tRNA-specific 2-thiouridylase 1
yli:2908439	CDS	E:4407189..4410089	YALI2_E00724g; A-factor-processing enzyme
yli:2908440	CDS	E:complement(4410525..4411235)	YALI2_E01005g; Hypothetical protein
yli:2908423	CDS	E:4414812..4416560	YALI2_E00725g; External alternative NADH-ubiquinone oxidoreductase
yli:2908417	CDS	E:4416965..4418101	YALI2_E00726g; Hypothetical protein
yli:2908404	CDS	E:4418395..4419891	YALI2_E00727g; Putative histone deacetylase complex subunit cti6
yli:2908396	CDS	E:4420614..4421138	YALI2_E00728g; Free methionine-R-sulfoxide reductase
yli:2908397	CDS	E:complement(join(4421274..4421742,4421795..4421805))	YALI2_E01004g; Protein transport protein BET1
yli:2908384	CDS	E:4422583..4422981	YALI2_E00729g; Hypothetical protein
yli:2908378	CDS	E:4423692..4424426	YALI2_E00730g; Ribosome maturation protein SDO1
yli:2908034	CDS	E:complement(4424865..4426826)	YALI2_E01003g; Heat shock protein 70 1
yli:2908035	tRNA	E:complement(4428880..4428952)	YALI2_E00101t; tRNA-Arg
yli:2907890	CDS	E:complement(4429226..4430968)	YALI2_E01002g; Carboxypeptidase S
yli:2908987	tRNA	E:complement(join(4431925..4431960,4431974..4432009))	YALI2_E00102t; tRNA-Thr
yli:2908988	CDS	E:complement(join(4432769..4433028,4433302..4433434))	YALI2_E01001g; 40S ribosomal protein uS8
yli:2908528	CDS	E:complement(4433986..4434633)	YALI2_E01000g; Pre-mRNA-splicing factor CWC15
yli:2908515	CDS	E:4435956..4436879	YALI2_E00731g; NAP1-binding protein 2
yli:2908502	CDS	E:4438695..4440155	YALI2_E00732g; Hypothetical protein
yli:2908503	CDS	E:complement(4440846..4441418)	YALI2_E00999g; Hypothetical protein
yli:2908496	CDS	E:4443574..4444875	YALI2_E00733g; MICOS complex subunit MIC60
yli:2908484	CDS	E:complement(4445901..4446326)	YALI2_E00998g; 60S ribosomal protein uL23
yli:2908372	CDS	E:complement(4449486..4451174)	YALI2_E00997g; Sugar transporter STL1
yli:2908373	CDS	E:complement(4454461..4455150)	YALI2_E00996g; Disulfide-bond oxidoreductase YfcG
yli:2908359	CDS	E:4457821..4459497	YALI2_E00734g; Multidrug resistance protein 1
yli:2907791	CDS	E:complement(4460092..4461591)	YALI2_E00995g; Putative transporter MCH2
yli:2907792	CDS	E:complement(4462713..4463759)	YALI2_E00994g; Homocysteine S-methyltransferase
yli:2907772	CDS	E:complement(4464881..4465738)	YALI2_E00993g; Transcriptional regulatory protein SDS3
yli:2908234	CDS	E:4467661..4468800	YALI2_E00735g; Hypothetical protein
yli:2908101	CDS	E:4472950..4474686	YALI2_E00736g; Hypothetical protein
yli:2908102	CDS	E:complement(4476351..4477115)	YALI2_E00992g; Ribonuclease H1
yli:2908934	CDS	E:complement(4478490..4479176)	YALI2_E00991g; Hypothetical protein
yli:2907687	CDS	E:complement(4479726..4481105)	YALI2_E00990g; Acid phosphatase
yli:2907688	CDS	E:4485651..4487375	YALI2_E00737g; High-affinity methionine permease
yli:2908224	CDS	E:4491364..4492890	YALI2_E00738g; O-glycoside alpha-1,2-mannosyltransferase 4
yli:2907689	CDS	E:complement(4493199..4494071)	YALI2_E00989g; Ribonuclease T2-like
yli:2907690	CDS	E:complement(4495476..4496861)	YALI2_E00988g; Zinc finger protein rsv2
yli:2908704	CDS	E:complement(4499571..4499882)	YALI2_E00987g; Histone H4.2
yli:2907691	CDS	E:4501254..4501673	YALI2_E00739g; Histone H3
yli:7009639	rRNA	E:complement(4503790..4503905)	YALI2_E00040r; 5S ribosomal RNA
yli:2907685	tRNA	E:complement(join(4503915..4503949,4503966..4504002))	YALI2_E00103t; tRNA-Asp
yli:2907686	CDS	E:4504788..4506002	YALI2_E00740g; Hypothetical protein
yli:2908344	CDS	E:complement(4506181..4507002)	YALI2_E00986g; UPF0644 protein PB2B4.06
yli:2908345	CDS	E:4509288..4510319	YALI2_E00741g; Peroxisomal coenzyme A diphosphatase 1, peroxisomal
yli:2907895	CDS	E:4511258..4512499	YALI2_E00742g; Hypothetical protein
yli:2909040	CDS	E:4519256..4520458	YALI2_E00743g; Hypothetical protein
yli:2909041	CDS	E:complement(4523159..4523902)	YALI2_E00985g; Glutathione-specific gamma-glutamylcyclotransferase
yli:2908113	CDS	E:complement(join(4524153..4524664,4524781..4524901))	YALI2_E00984g; ADP-ribose pyrophosphatase
yli:7009640	CDS	E:join(4525381..4525442,4525521..4525734)	YALI2_E00744g; Transcription and mRNA export factor SUS1
yli:2908110	CDS	E:4526153..4526875	YALI2_E00745g; Defective in cullin neddylation protein 1
yli:7009641	CDS	E:join(4527105..4527140,4527203..4527415)	YALI2_E00746g; Putative signal peptidase complex subunit 1
yli:2908111	CDS	E:4528519..4532052	YALI2_E00747g; Lon protease
yli:2908948	CDS	E:4534815..4536362	YALI2_E00748g; Succinate-semialdehyde dehydrogenase
yli:2908589	CDS	E:complement(4536856..4537095)	YALI2_E00983g; Hypothetical protein
yli:2908590	tRNA	E:complement(join(4537482..4537517,4537532..4537567))	YALI2_E00104t; tRNA-Pro
yli:2907896	CDS	E:4538178..4539101	YALI2_E00749g; Pirin
yli:2907897	CDS	E:4539893..4541056	YALI2_E00750g; Metal homeostatis protein BSD2
yli:2908112	CDS	E:complement(join(4541303..4542157,4542214..4542237))	YALI2_E00982g; Tricarboxylate transport protein
yli:2908346	CDS	E:4543111..4544394	YALI2_E00751g; Actin-related protein 4
yli:2908225	CDS	E:complement(4544545..4545693)	YALI2_E00981g; Transcription initiation factor IIE subunit alpha
yli:2908226	CDS	E:4545831..4546934	YALI2_E00752g; WD repeat-containing protein 5
yli:2908246	CDS	E:complement(join(4547146..4547922,4548042..4548140,4548219..4548281))	YALI2_E00980g; 26S proteasome regulatory subunit RPN11
yli:2908694	CDS	E:4548590..4550539	YALI2_E00753g; Aspartate--tRNA ligase
yli:2908695	CDS	E:complement(4551291..4552859)	YALI2_E00979g; Indoleamine 2,3-dioxygenase
yli:90949739	CDS	E:4554824..4556035	YALI2_E00754g; Hypothetical protein
yli:2908352	CDS	E:complement(join(4556109..4559264,4559522..4559815))	YALI2_E00978g; DNA mismatch repair protein msh6
yli:2908353	CDS	E:4561794..4562480	YALI2_E00755g; GTP:AMP phosphotransferase
yli:2909048	CDS	E:complement(4563150..4563899)	YALI2_E00977g; Ribonuclease H1
yli:2908339	CDS	E:4566709..4567365	YALI2_E00756g; uncharacterized protein
yli:2908340	CDS	E:complement(4568122..4569660)	YALI2_E00976g; Putative succinyl-CoA:3-ketoacid coenzyme A transferase
yli:2908935	CDS	E:complement(4570860..4571876)	YALI2_E00975g; Porphobilinogen deaminase
yli:2908867	CDS	E:4572450..4574165	YALI2_E00757g; Pre-mRNA-processing factor 39
yli:90949747	CDS	E:complement(join(4574306..4574460,4574681..4574768,4574816..4574839))	YALI2_E00974g; uncharacterized protein
yli:2908868	CDS	E:4575002..4575931	YALI2_E00758g; rRNA-processing protein UTP23
yli:2908863	CDS	E:join(4576203..4576488,4576623..4576798)	YALI2_E00759g; Cytochrome c oxidase polypeptide 5
yli:2908858	CDS	E:4577211..4577666	YALI2_E00760g; Ubiquitin-conjugating enzyme E2 2
yli:2908859	CDS	E:complement(4578445..4579449)	YALI2_E00973g; Hypothetical protein
yli:7009642	rRNA	E:complement(4579678..4579793)	YALI2_E00041r; 5S ribosomal RNA
yli:2908854	tRNA	E:complement(4579802..4579872)	YALI2_E00105t; tRNA-Gly
yli:2908855	CDS	E:join(4580499..4580548,4580601..4582538,4582898..4584464)	YALI2_E00761g; Hypothetical protein
yli:2908161	CDS	E:complement(4584606..4585457)	YALI2_E00972g; Suppressor of disruption of TFIIS
yli:2907667	CDS	E:4586997..4588406	YALI2_E00762g; [Pyruvate dehydrogenase (acetyl-transferring)] kinase 2
yli:2907668	tRNA	E:complement(join(4588828..4588863,4588876..4588911))	YALI2_E00106t; tRNA-Trp
yli:2909015	CDS	E:join(4590053..4590300,4590348..4590925,4590980..4591541,4591586..4591712)	YALI2_E00763g; Cell division control protein 12
yli:2909016	CDS	E:4592806..4593531	YALI2_E00764g; Hypothetical protein
yli:2908290	CDS	E:complement(4593666..4594496)	YALI2_E00971g; Hypothetical protein
yli:2907898	tRNA	E:4595457..4595527	YALI2_E00107t; tRNA-Gly
yli:7009643	rRNA	E:4595536..4595651	YALI2_E00042r; 5S ribosomal RNA
yli:2907899	CDS	E:complement(4595820..4596896)	YALI2_E00970g; Hypothetical protein
yli:2908347	CDS	E:4598810..4600303	YALI2_E00765g; Baeyer-Villiger monooxygenase
yli:2908348	CDS	E:4601565..4603055	YALI2_E00766g; Baeyer-Villiger monooxygenase
yli:2907903	CDS	E:complement(4603393..4605078)	YALI2_E00969g; Kinesin-like protein tea2
yli:2907948	CDS	E:4606072..4606557	YALI2_E00767g; Tropomyosin
yli:2907949	CDS	E:join(4609269..4609333,4609497..4610622)	YALI2_E00768g; Saccharopepsin
yli:2908023	CDS	E:complement(4610923..4613613)	YALI2_E00968g; Serine/threonine-protein kinase RAD53
yli:2908024	tRNA	E:complement(join(4615056..4615099,4615127..4615164))	YALI2_E00108t; tRNA-Leu
yli:2908025	CDS	E:4616070..4617797	YALI2_E00769g; Putative serine/threonine-protein kinase IksA
yli:2908009	CDS	E:complement(join(4617954..4618516,4618700..4618760))	YALI2_E00967g; GTP-binding protein ypt5
yli:2908010	CDS	E:complement(4620120..4621991)	YALI2_E00966g; Hypothetical protein
yli:2907823	CDS	E:complement(4626505..4627419)	YALI2_E00965g; Derlin-2
yli:2907824	CDS	E:complement(4628130..4628918)	YALI2_E00964g; Ubiquinone biosynthesis protein COQ4
yli:2907825	CDS	E:4629474..4630490	YALI2_E00770g; Hypothetical protein
yli:2907841	CDS	E:complement(4630572..4632527)	YALI2_E00963g; Hypothetical protein
yli:2907842	CDS	E:4633854..4634630	YALI2_E00771g; Ubiquinone biosynthesis protein COQ9
yli:90949740	CDS	E:4636281..4636571	YALI2_E00772g; uncharacterized protein
yli:2907882	CDS	E:4637589..4638089	YALI2_E00773g; DASH complex subunit SPC19
yli:2907883	CDS	E:complement(4638399..4639184)	YALI2_E00962g; Octanoyltransferase
yli:2907884	CDS	E:4641411..4643396	YALI2_E00774g; Rab guanine nucleotide exchange factor sec2
yli:2908026	CDS	E:4644333..4646030	YALI2_E00775g; Hypothetical protein
yli:2908027	CDS	E:4646213..4646782	YALI2_E00776g; Mitochondrial inner membrane protease subunit 1
yli:2908028	CDS	E:complement(join(4647019..4648206,4648461..4648595))	YALI2_E00961g; Hypothetical protein
yli:2908696	CDS	E:complement(4651872..4652591)	YALI2_E00960g; Protein LUC7
yli:2908697	CDS	E:4653378..4654796	YALI2_E00777g; THP3
yli:2909049	CDS	E:4655969..4657528	YALI2_E00778g; E3 ubiquitin-protein ligase dbl4
yli:2909050	CDS	E:complement(4657927..4659225)	YALI2_E00959g; Actin-related protein 4
yli:2909051	CDS	E:4659678..4661369	YALI2_E00779g; MICOS complex subunit MIC60
yli:2908705	CDS	E:4662785..4664083	YALI2_E00780g; Hypothetical protein
yli:2908706	CDS	E:complement(4664264..4666531)	YALI2_E00958g; Ankyrin repeat domain-containing protein 27
yli:2908227	CDS	E:4669299..4670222	YALI2_E00781g; Hypothetical protein
yli:2908228	CDS	E:complement(join(4670636..4672546,4673204..4673212))	YALI2_E00957g; Protein scd2/ral3
yli:2908229	CDS	E:4677388..4678407	YALI2_E00782g; 3'(2'),5'-bisphosphate nucleotidase
yli:2908639	CDS	E:complement(4681753..4682748)	YALI2_E00956g; Hypothetical protein
yli:2908640	CDS	E:complement(4686417..4688288)	YALI2_E00955g; MFS siderochrome iron transporter C
yli:2907900	CDS	E:complement(4692726..4693739)	YALI2_E00954g; Hypothetical protein
yli:2907901	CDS	E:4699286..4703182	YALI2_E00783g; Pentatricopeptide repeat-containing protein 5
yli:2907902	CDS	E:complement(4703504..4707052)	YALI2_E00953g; Nuclear mRNA export protein SAC3
yli:2908108	CDS	E:4708085..4709770	YALI2_E00784g; Hypothetical protein
yli:2908109	CDS	E:4710547..4713105	YALI2_E00785g; Hypothetical protein
yli:2907664	CDS	E:complement(4713286..4714011)	YALI2_E00952g; Cell polarity protein alp11
yli:2907665	CDS	E:4714927..4716417	YALI2_E00786g; NEDD8-activating enzyme E1 regulatory subunit
yli:2907666	CDS	E:complement(4717720..4720170)	YALI2_E00951g; 6-phosphofructo-2-kinase 1
yli:2908106	CDS	E:complement(4722449..4723651)	YALI2_E00950g; Autophagy-related protein 18
yli:2908107	CDS	E:complement(join(4724819..4725064,4725467..4725550))	YALI2_E00949g; Protein MGR2
yli:2908341	CDS	E:complement(join(4726045..4726302,4726583..4726747))	YALI2_E00948g; Hypothetical protein
yli:2908342	CDS	E:4726971..4727666	YALI2_E00787g; Pyrrolidone-carboxylate peptidase
yli:90949741	CDS	E:4730751..4731161	YALI2_E00788g; Hypothetical protein
yli:2908343	CDS	E:4731596..4733422	YALI2_E00789g; rRNA methyltransferase 1
yli:2908350	CDS	E:4734983..4736809	YALI2_E00790g; Efflux pump AflT
yli:2908351	CDS	E:join(4737390..4738942,4738993..4739110)	YALI2_E00791g; Poly(A) polymerase PAPa
yli:2908103	CDS	E:complement(4739273..4740637)	YALI2_E00947g; Ribosomal lysine N-methyltransferase 4
yli:2908104	CDS	E:4741261..4742790	YALI2_E00792g; Nucleolar GTP-binding protein 2
yli:2908105	CDS	E:4743642..4744403	YALI2_E00793g; JmjC domain-containing protein 5
yli:2907682	CDS	E:complement(4744506..4745135)	YALI2_E00946g; Monothiol glutaredoxin-6
yli:2907683	CDS	E:complement(4746809..4748059)	YALI2_E00945g; Asparagine synthetase domain-containing protein
yli:2907684	CDS	E:4750363..4750791	YALI2_E00794g; Hypothetical protein
yli:2908659	CDS	E:complement(4751305..4752843)	YALI2_E00944g; MFS transporter PrlL
yli:2908660	CDS	E:4756804..4758723	YALI2_E00795g; DNA polymerase epsilon subunit B
yli:2908864	tRNA	E:complement(join(4758848..4758883,4758896..4758932))	YALI2_E00109t; tRNA-Lys
yli:2908865	CDS	E:4759816..4763109	YALI2_E00796g; Nucleoporin
yli:2908866	CDS	E:4764303..4767914	YALI2_E00797g; Late secretory pathway protein AVL9
yli:2908860	CDS	E:complement(4768507..4769400)	YALI2_E00943g; Hypothetical protein
yli:2908861	CDS	E:4772043..4772927	YALI2_E00798g; Hypothetical protein
yli:2908862	CDS	E:4775440..4776957	YALI2_E00799g; Putative transporter
yli:2908856	CDS	E:complement(4777013..4778740)	YALI2_E00942g; Pre-mRNA-splicing ATP-dependent RNA helicase PRP28
yli:2908857	CDS	E:4779285..4780706	YALI2_E00800g; Putative 26S proteasome regulatory subunit rpn3
yli:2908851	CDS	E:4781292..4782827	YALI2_E00801g; Mediator of RNA polymerase II transcription subunit 17
yli:2908530	CDS	E:4783833..4785629	YALI2_E00802g; Peroxisomal targeting signal receptor
yli:2908852	CDS	E:complement(4785949..4786452)	YALI2_E00941g; Hypothetical protein
yli:2908853	CDS	E:complement(4787795..4789390)	YALI2_E00940g; Importin subunit alpha
yli:2908535	CDS	E:complement(4791149..4791964)	YALI2_E00939g; DNA-dependent metalloprotease WSS1
yli:2908536	CDS	E:4792789..4794141	YALI2_E00803g; Hypothetical protein
yli:2908537	CDS	E:complement(4794268..4795080)	YALI2_E00938g; Enoyl-CoA delta isomerase 1, peroxisomal
yli:2908133	CDS	E:complement(4796774..4798138)	YALI2_E00937g; Formyl-CoA:oxalate CoA-transferase
yli:2908134	CDS	E:4798903..4799670	YALI2_E00804g; Hypothetical protein
yli:2907679	CDS	E:4800007..4802145	YALI2_E00805g; Hypothetical protein
yli:2907680	CDS	E:complement(join(4802258..4807074,4807232..4807538))	YALI2_E00936g; Chitin synthase 8
yli:2907681	CDS	E:complement(4811418..4814813)	YALI2_E00935g; Hypothetical protein
yli:2908287	CDS	E:4820821..4822122	YALI2_E00806g; Hypothetical protein
yli:2908288	tRNA	E:join(4822791..4822828,4822847..4822890)	YALI2_E00110t; tRNA-Leu
yli:2908289	CDS	E:4824011..4825108	YALI2_E00807g; Formate dehydrogenase
yli:2907887	tRNA	E:complement(join(4825357..4825392,4825410..4825445))	YALI2_E00111t; tRNA-Arg
yli:2907888	CDS	E:4826561..4829323	YALI2_E00808g; ATP-dependent helicase 1
yli:2907889	tRNA	E:complement(4829533..4829605)	YALI2_E00112t; tRNA-Val
yli:2908847	tRNA	E:complement(join(4829814..4829849,4829870..4829906))	YALI2_E00113t; tRNA-Lys
yli:2908848	tRNA	E:join(4831911..4831949,4831968..4832003)	YALI2_E00114t; tRNA-Tyr
yli:2908849	tRNA	E:complement(join(4832078..4832112,4832123..4832158))	YALI2_E00115t; tRNA-Gly
yli:2908850	tRNA	E:join(4834164..4834199,4834217..4834252)	YALI2_E00116t; tRNA-Arg
yli:2908799	CDS	E:complement(4834458..4835606)	YALI2_E00934g; Pre-mRNA-splicing factor CWC2
yli:2908800	CDS	E:4836022..4836582	YALI2_E00809g; Hypothetical protein
yli:2908801	tRNA	E:4837022..4837095	YALI2_E00117t; tRNA-Val
yli:2908785	CDS	E:complement(4837459..4838328)	YALI2_E00933g; Putative hydrolase nit2
yli:2908786	CDS	E:4839274..4840326	YALI2_E00810g; Putative oxidoreductase AIM33
yli:2908787	CDS	E:4841032..4841679	YALI2_E00811g; Mitochondrial import inner membrane translocase subunit TIM23
yli:2908772	CDS	E:complement(4843219..4844403)	YALI2_E00932g; tRNA-dihydrouridine(20) synthase [NAD(P)]
yli:2908773	CDS	E:join(4845486..4846041,4846091..4847760,4847839..4851102)	YALI2_E00812g; Morphogenesis-related protein MSB1
yli:2908756	CDS	E:complement(4852303..4853220)	YALI2_E00931g; Hypothetical protein
yli:2908757	tRNA	E:join(4856779..4856816,4856836..4856871)	YALI2_E00118t; tRNA-Ile
yli:90949746	CDS	E:complement(join(4857086..4857646,4857693..4858016))	YALI2_E00930g; Formate dehydrogenase
yli:2908742	CDS	E:join(4860942..4860966,4861644..4862938)	YALI2_E00813g; Aspartate aminotransferase, cytoplasmic
yli:2908743	CDS	E:complement(4863253..4864644)	YALI2_E00929g; Hypothetical protein
yli:2908744	CDS	E:4866115..4867779	YALI2_E00814g; uncharacterized protein
yli:2908729	tRNA	E:complement(join(4868039..4868073,4868090..4868126))	YALI2_E00119t; tRNA-Asp
yli:2908730	tRNA	E:join(4869471..4869507,4869521..4869555)	YALI2_E00120t; tRNA-Gln
yli:2908731	CDS	E:4871868..4874033	YALI2_E00815g; Inclusion body clearance protein IML2
yli:2908235	CDS	E:4875073..4877211	YALI2_E00816g; RAB6A-GEF complex partner protein 2
yli:90949742	CDS	E:4878563..4878976	YALI2_E00817g; uncharacterized protein
yli:2908236	tRNA	E:complement(join(4883185..4883228,4883243..4883280))	YALI2_E00121t; tRNA-Leu
yli:2908237	tRNA	E:complement(join(4883627..4883670,4883698..4883735))	YALI2_E00122t; tRNA-Leu
yli:2908238	CDS	E:4884496..4885497	YALI2_E00818g; Trans-enoyl reductase ACTTS2
yli:2907693	CDS	E:join(4886380..4886404,4886451..4886508,4886565..4887540)	YALI2_E00819g; Putative glutamine amidotransferase DUG3
yli:2907694	CDS	E:complement(4887917..4888501)	YALI2_E00928g; Thiosulfate:glutathione sulfurtransferase
yli:7009646	CDS	E:complement(join(4889662..4889897,4890148..4890205))	YALI2_E00927g; mitochondrial 54S ribosomal protein mL53
yli:2908558	CDS	E:4890614..4891231	YALI2_E00820g; Ubiquitin-like protein ATG12
yli:2908559	CDS	E:4892320..4894062	YALI2_E00821g; Putative MFS-type transporter
yli:2908560	tRNA	E:join(4894472..4894508,4894525..4894569)	YALI2_E00123t; tRNA-Ser
yli:2908561	tRNA	E:join(4895142..4895177,4895195..4895230)	YALI2_E00124t; tRNA-Arg
yli:2908562	CDS	E:4896976..4897947	YALI2_E00822g; Putative oxidoreductase
yli:2908563	CDS	E:complement(4898117..4900369)	YALI2_E00926g; Methionine--tRNA ligase, cytoplasmic
yli:2908564	CDS	E:complement(4903302..4904987)	YALI2_E00925g; Hypothetical protein
yli:2908565	CDS	E:4908468..4909151	YALI2_E00823g; Hypothetical protein
yli:2908291	CDS	E:complement(4909612..4911303)	YALI2_E00924g; Hypothetical protein
yli:2908292	CDS	E:join(4913113..4913310,4913550..4913909)	YALI2_E00824g; Mitochondrial import inner membrane translocase subunit TIM22
yli:2908293	CDS	E:4914776..4915540	YALI2_E00825g; Carbonyl reductase family member 4
yli:2908916	CDS	E:4915801..4917615	YALI2_E00826g; Chromatin structure-remodeling complex subunit RSC9
yli:7009647	CDS	E:4917806..4918099	YALI2_E00827g; V-type ATPase assembly factor pkr1
yli:7009648	CDS	E:complement(4918696..4918995)	YALI2_E00923g; Hypothetical protein
yli:2908917	CDS	E:4920896..4924849	YALI2_E00828g; Phosphoribosylformylglycinamidine synthase
yli:2908918	CDS	E:complement(4924991..4927642)	YALI2_E00922g; Oligopeptide transporter 2
yli:2908711	CDS	E:4930770..4932368	YALI2_E00829g; Vacuolar amino acid transporter 1
yli:2908712	CDS	E:complement(4932591..4933448)	YALI2_E00921g; 25S rRNA (adenine(2142)-N(1))-methyltransferase
yli:2908713	CDS	E:complement(4933645..4934355)	YALI2_E00920g; Hypothetical protein
yli:2908714	CDS	E:4936361..4937257	YALI2_E00830g; Putative purine nucleoside phosphorylase
yli:2908597	CDS	E:complement(join(4937483..4938376,4938423..4938425))	YALI2_E00919g; Protein transport protein SEC13
yli:2908598	CDS	E:4939195..4940598	YALI2_E00831g; General transcription and DNA repair factor IIH subunit TFB2
yli:2908599	CDS	E:complement(4940717..4941961)	YALI2_E00918g; Hypothetical protein
yli:2908600	CDS	E:join(4942526..4942564,4942906..4944864)	YALI2_E00832g; Vacuolar protein sorting-associated protein 1
yli:2908957	CDS	E:4946212..4946673	YALI2_E00833g; Hypothetical protein
yli:2908958	CDS	E:4947796..4951857	YALI2_E00834g; ATP-dependent helicase ULS1
yli:2908959	CDS	E:complement(4951922..4952731)	YALI2_E00917g; Protein arv1
yli:2908554	CDS	E:complement(4953217..4953945)	YALI2_E00916g; Eukaryotic translation initiation factor 3 subunit J
yli:2908555	CDS	E:4954179..4955471	YALI2_E00835g; SET domain-containing protein 8
yli:2908556	CDS	E:complement(4955593..4956582)	YALI2_E00915g; Diadenosine 5',5'''-P1,P4-tetraphosphate phosphorylase 2
yli:2908557	CDS	E:4957912..4960461	YALI2_E00836g; Target of rapamycin complex 2 subunit bit61
yli:90949745	CDS	E:complement(4960708..4961034)	YALI2_E00914g; uncharacterized protein
yli:2907916	CDS	E:4961281..4962360	YALI2_E00837g; 90S preribosome/SSU processome component KRR1
yli:2907917	CDS	E:complement(4962433..4963620)	YALI2_E00913g; Protein BTN1
yli:7009649	CDS	E:complement(join(4964268..4964738,4964792..4964818))	YALI2_E00912g; U6 snRNA-associated Sm-like protein LSm7
yli:2907918	CDS	E:complement(4965494..4966132)	YALI2_E00911g; Hypothetical protein
yli:2907919	CDS	E:complement(4971693..4973801)	YALI2_E00910g; Hypothetical protein
yli:2907642	CDS	E:4976550..4977890	YALI2_E00838g; Hydroxymethylglutaryl-CoA synthase
yli:2907644	CDS	E:join(4978989..4980127,4980386..4980511,4981252..4983244)	YALI2_E00839g; Poly(A) RNA polymerase protein 1
yli:2907645	CDS	E:complement(4983351..4984073)	YALI2_E00909g; Protein AIM2
yli:2907646	CDS	E:complement(4985481..4987019)	YALI2_E00908g; Purine-cytosine permease FCY2
yli:2907652	CDS	E:complement(4988620..4989750)	YALI2_E00907g; D-amino-acid oxidase
yli:2907653	CDS	E:complement(4990407..4991225)	YALI2_E00906g; Meiotically up-regulated gene 14 protein
yli:2907655	CDS	E:complement(4993271..4994530)	YALI2_E00905g; Hypothetical protein
yli:2907920	CDS	E:4996670..4997932	YALI2_E00840g; 3-oxoacyl-[acyl-carrier-protein] synthase
yli:2907921	CDS	E:complement(4998059..4998898)	YALI2_E00904g; Dolichyl-diphosphooligosaccharide--protein glycosyltransferase subunit SWP1
yli:2907923	CDS	E:complement(5000533..5003451)	YALI2_E00903g; C-1-tetrahydrofolate synthase
yli:2907924	CDS	E:complement(5005362..5008229)	YALI2_E00902g; GPI inositol-deacylase B
yli:2907908	CDS	E:5009851..5010456	YALI2_E00841g; Hypothetical protein
yli:2907909	CDS	E:complement(5010651..5011643)	YALI2_E00901g; D-arabinose 1-dehydrogenase
yli:2907910	CDS	E:join(5011959..5011961,5012441..5013442)	YALI2_E00842g; Chitin deacetylase 1
yli:2907911	CDS	E:complement(5013642..5017178)	YALI2_E00900g; Autophagy-related protein 23
yli:2907912	CDS	E:join(5017559..5017570,5017655..5018347)	YALI2_E00843g; Superoxide dismutase 1 copper chaperone
yli:2907913	CDS	E:complement(5018401..5018796)	YALI2_E00899g; Glutaredoxin
yli:2907914	CDS	E:5020622..5023792	YALI2_E00844g; Protein BRE4
yli:2907915	CDS	E:5024600..5025448	YALI2_E00845g; Receptor-type tyrosine-protein phosphatase zeta
yli:2907656	CDS	E:complement(5025520..5026383)	YALI2_E00898g; Hypothetical protein
yli:2907657	CDS	E:complement(join(5026917..5028394,5028555..5028567))	YALI2_E00897g; Peroxisomal catalase
yli:2907658	CDS	E:complement(join(5031437..5031984,5032113..5032116))	YALI2_E00896g; ADP-ribosylation factor-like protein 1
yli:7009650	CDS	E:complement(join(5032687..5032996,5033095..5033216))	YALI2_E00895g; Pre-mRNA-splicing factor cwf18
yli:2907659	CDS	E:5033398..5034750	YALI2_E00846g; mRNA cleavage and polyadenylation factor CLP1
yli:2907660	CDS	E:complement(5035014..5040623)	YALI2_E00894g; TATA-binding protein-associated factor MOT1
yli:2907696	CDS	E:5042583..5043923	YALI2_E00847g; Homocitrate synthase
yli:2907661	CDS	E:complement(5044956..5045591)	YALI2_E00893g; Hypothetical protein
yli:2907662	CDS	E:join(5046929..5046965,5047049..5049426)	YALI2_E00848g; V-type proton ATPase subunit a, vacuolar isoform
yli:2907663	CDS	E:complement(5049504..5050430)	YALI2_E00892g; m7GpppX diphosphatase
yli:2907647	CDS	E:5050798..5051292	YALI2_E00849g; Mediator of RNA polymerase II transcription subunit 9
yli:2907648	CDS	E:5051876..5052388	YALI2_E00850g; Hypothetical protein
yli:2907649	CDS	E:5053109..5054242	YALI2_E00851g; Mitochondrial import receptor subunit TOM40
yli:2907650	CDS	E:complement(5055123..5056757)	YALI2_E00891g; Hypothetical protein
yli:2907651	CDS	E:5060378..5062780	YALI2_E00852g; Hypothetical protein
yli:2907669	CDS	E:5063564..5064217	YALI2_E00853g; Uracil phosphoribosyltransferase
yli:2907670	CDS	E:complement(5064434..5064820)	YALI2_E00890g; Hypothetical protein
yli:2907671	CDS	E:5065027..5065728	YALI2_E00854g; mRNA turnover protein MRT4
yli:2907672	CDS	E:5065940..5066368	YALI2_E00855g; S1-like domain-containing protein
yli:2907943	CDS	E:complement(5066830..5067213)	YALI2_E00889g; Hypothetical protein
yli:2907944	CDS	E:complement(5067818..5069077)	YALI2_E00888g; Serine/threonine-protein kinase rio2
yli:2907945	CDS	E:complement(join(5069794..5070098,5070260..5070278))	YALI2_E00887g; 60S ribosomal protein eL33
yli:2907946	CDS	E:join(5070796..5070848,5070926..5071958)	YALI2_E00856g; D-amino-acid oxidase
yli:2907947	CDS	E:complement(join(5072194..5075547,5075593..5075607))	YALI2_E00886g; Hypothetical protein
yli:2907891	CDS	E:5075782..5077506	YALI2_E00857g; Putative U3 small nucleolar RNA-associated protein 18
yli:2907892	CDS	E:5077769..5079403	YALI2_E00858g; ATP-dependent RNA helicase DBP9
yli:2907893	CDS	E:complement(5079715..5080824)	YALI2_E00885g; Hypothetical protein
yli:2907894	CDS	E:5081377..5082210	YALI2_E00859g; Hypothetical protein
yli:7009651	CDS	E:join(5082562..5082708,5082805..5082912)	YALI2_E00860g; Mitochondrial distribution and morphology protein 35
yli:2907904	CDS	E:join(5083280..5083432,5083786..5083920)	YALI2_E00861g; Hypothetical protein
yli:2907905	CDS	E:complement(5084228..5084542)	YALI2_E00884g; Hypothetical protein
yli:2907906	CDS	E:complement(5085424..5088534)	YALI2_E00883g; Pro-apoptotic serine protease
yli:2907907	CDS	E:5089225..5089698	YALI2_E00862g; SWR1 complex subunit vps71
yli:2908281	CDS	E:complement(5089988..5091085)	YALI2_E00882g; Hypothetical protein
yli:2908282	CDS	E:complement(5091453..5092133)	YALI2_E00881g; Protein transport protein BOS1
yli:90949744	CDS	E:complement(5092696..5093733)	YALI2_E00880g; Cytochrome oxidase assembly protein shy1
yli:2908284	CDS	E:complement(5094277..5096376)	YALI2_E00879g; Hypothetical protein
yli:2908285	CDS	E:5097950..5100628	YALI2_E00863g; Ribonucleoside-diphosphate reductase large chain
yli:90949743	CDS	E:complement(5101839..5102474)	YALI2_E00878g; Hypothetical protein
yli:2908090	tRNA	E:join(5102593..5102630,5102649..5102692)	YALI2_E00125t; tRNA-Leu
yli:2908091	CDS	E:complement(join(5103348..5107547,5107603..5107794))	YALI2_E00877g; Metal resistance protein YCF1
yli:2908092	CDS	E:complement(5110735..5111295)	YALI2_E00876g; Putative N-acetyltransferase YhbS
yli:2912306	CDS	E:complement(5113020..5114384)	YALI2_E00875g; Alkaline extracellular protease
yli:2907695	CDS	E:complement(5115546..5117738)	YALI2_E00874g; GTPase-activating protein GYP7
yli:2908093	CDS	E:complement(5118729..5119991)	YALI2_E00873g; DDB1- and CUL4-associated factor 7
yli:2908121	CDS	E:join(5120609..5120669,5120736..5121133)	YALI2_E00864g; Putative ubiquitin-conjugating enzyme E2 W
yli:2908122	CDS	E:complement(5121320..5124898)	YALI2_E00872g; ATP-dependent helicase SGS1
yli:2908123	CDS	E:5126964..5128661	YALI2_E00865g; 2-methylisocitrate lyase
yli:2908124	CDS	E:join(5129408..5129434,5129603..5130742)	YALI2_E00866g; Mitochondrial inner membrane protein OXA1
yli:2908125	CDS	E:join(5131440..5131845,5131898..5131925,5132212..5132276,5132640..5132763,5133061..5133068,5133129..5138032)	YALI2_E00867g; GTPase-activating protein BEM2
yli:2907742	CDS	E:join(5142370..5142441,5142863..5142877,5143459..5143574,5143754..5145683)	YALI2_E00868g; Glucose transport transcription regulator RGT1
yli:2907743	tRNA	E:complement(join(5146428..5146463,5146481..5146518))	YALI2_E00126t; tRNA-Ile
yli:2907744	CDS	E:join(5148742..5148754,5148960..5150050)	YALI2_E00869g; Lipase A
yli:2907745	CDS	E:complement(5150239..5153481)	YALI2_E00871g; Hypothetical protein
yli:2907746	CDS	E:5154069..5156600	YALI2_E00870g; Hypothetical protein
yli:90949769	rRNA	F:complement(1562..4690)	YALI2_F00001r; 26S ribosomal RNA
yli:90949770	rRNA	F:complement(4752..6386)	YALI2_F00002r; 18S ribosomal RNA
yli:90949771	rRNA	F:complement(9753..13000)	YALI2_F00003r; 26S ribosomal RNA
yli:90949772	rRNA	F:complement(13062..14715)	YALI2_F00004r; 18S ribosomal RNA
yli:90949773	rRNA	F:complement(15519..21377)	YALI2_F00005r; 26S ribosomal RNA
yli:90949774	rRNA	F:complement(21439..23103)	YALI2_F00006r; 18S ribosomal RNA
yli:90949775	rRNA	F:complement(23916..29781)	YALI2_F00007r; 26S ribosomal RNA
yli:90949776	rRNA	F:complement(29843..31490)	YALI2_F00008r; 18S ribosomal RNA
yli:90949777	rRNA	F:complement(32295..38154)	YALI2_F00009r; 26S ribosomal RNA
yli:90949778	rRNA	F:complement(38216..39860)	YALI2_F00010r; 18S ribosomal RNA
yli:7009653	rRNA	F:complement(51413..51528)	YALI2_F00011r; 5S ribosomal RNA
yli:2908550	CDS	F:complement(56658..57218)	YALI2_F01008g; Hypothetical protein
yli:2908551	CDS	F:complement(join(57540..57802,57895..58312,58363..58623))	YALI2_F01007g; Hypothetical protein
yli:2908552	CDS	F:complement(join(59171..59717,59771..59913,59991..60106,60157..60623,60665..61311,61356..61697))	YALI2_F01006g; DNA mismatch repair protein MSH2
yli:90949814	CDS	F:complement(62892..63419)	YALI2_F01005g; Zinc/cadmium resistance protein
yli:2908553	CDS	F:complement(join(63490..63983,64040..64121))	YALI2_F01004g; Zinc/cadmium resistance protein
yli:2908544	CDS	F:join(65995..66059,66271..67130,67177..68648)	YALI2_F00001g; AP-3 complex subunit delta
yli:2908545	CDS	F:join(69335..69549,69618..69975,70032..71024)	YALI2_F00002g; Hypothetical protein
yli:2908547	CDS	F:join(72029..72092,72418..72728)	YALI2_F00003g; Putative mitochondrial pyruvate carrier 1
yli:2908548	CDS	F:join(73951..74075,74145..74377,74439..78346)	YALI2_F00004g; Superkiller protein 3
yli:2908549	CDS	F:complement(78506..79897)	YALI2_F01003g; Hypothetical protein
yli:2908538	CDS	F:complement(81428..83212)	YALI2_F01002g; Hypothetical protein
yli:2908539	CDS	F:complement(84398..86233)	YALI2_F01001g; Hypothetical protein
yli:2908540	CDS	F:86950..87204	YALI2_F00005g; Histone H4
yli:2908541	CDS	F:complement(88467..90341)	YALI2_F01000g; Leucine aminopeptidase 2
yli:2908247	CDS	F:complement(100207..101589)	YALI2_F00999g; Glycerol kinase
yli:2908286	CDS	F:105384..106352	YALI2_F00006g; Hypothetical protein
yli:2908543	CDS	F:complement(113129..113668)	YALI2_F00998g; Hypothetical protein
yli:2908542	CDS	F:complement(join(115668..116499,117283..117311))	YALI2_F00997g; Putative mitochondrial carrier
yli:2908248	CDS	F:join(124955..124990,125597..126685)	YALI2_F00007g; Glutamine synthetase
yli:2908249	CDS	F:complement(128895..129401)	YALI2_F00996g; Hypothetical protein
yli:2908250	CDS	F:join(132123..133497,134270..137544)	YALI2_F00008g; Serine/threonine-protein kinase STE20
yli:2908252	CDS	F:complement(139104..140351)	YALI2_F00995g; Cell cycle checkpoint control protein RAD9A
yli:2908239	CDS	F:complement(141176..142375)	YALI2_F00994g; Hypothetical protein
yli:2908240	CDS	F:complement(143495..144817)	YALI2_F00993g; Hypothetical protein
yli:2908241	CDS	F:146231..147454	YALI2_F00009g; Splicing factor U2AF-associated protein 2
yli:2908242	CDS	F:complement(149909..150661)	YALI2_F00992g; Glutathione-independent glyoxalase HSP31
yli:2908243	CDS	F:156044..157369	YALI2_F00010g; Hypothetical protein
yli:2908244	CDS	F:complement(158191..158562)	YALI2_F00991g; Hypothetical protein
yli:90949779	CDS	F:160024..161163	YALI2_F00011g; Hypothetical protein
yli:2908245	CDS	F:complement(162809..166279)	YALI2_F00990g; Protein HOS4
yli:2908218	CDS	F:167607..168836	YALI2_F00012g; Membrane protein PTM1
yli:2908219	CDS	F:complement(169947..170330)	YALI2_F00989g; Hypothetical protein
yli:2908220	CDS	F:171940..173808	YALI2_F00013g; Protein phosphatase PP2A regulatory subunit A
yli:2908221	CDS	F:complement(176115..177446)	YALI2_F00988g; Tyrosine-protein phosphatase MSG5
yli:2908222	CDS	F:complement(join(181836..183055,183480..183513))	YALI2_F00987g; Mitochondrial protein import protein MAS5
yli:2908223	CDS	F:complement(185344..185880)	YALI2_F00986g; Regulator of rDNA transcription 14
yli:2908425	CDS	F:complement(187761..188450)	YALI2_F00985g; NADH-ubiquinone oxidoreductase 23 kDa subunit
yli:2908205	CDS	F:191405..192370	YALI2_F00014g; Hypothetical protein
yli:2908206	CDS	F:196110..199568	YALI2_F00015g; Sterol regulatory element-binding protein cleavage-activating protein
yli:2908207	CDS	F:complement(200117..204232)	YALI2_F00984g; Hypothetical protein
yli:2908531	CDS	F:208702..209847	YALI2_F00016g; Peroxisomal biogenesis factor 2
yli:2908208	CDS	F:complement(join(210293..212405,212455..212477))	YALI2_F00983g; DNA ligase 1
yli:2908209	CDS	F:complement(213518..217024)	YALI2_F00982g; Target of rapamycin complex 2 subunit ste20
yli:2908210	CDS	F:218417..220018	YALI2_F00017g; GABA-specific permease
yli:2908211	CDS	F:222483..223325	YALI2_F00018g; Hypothetical protein
yli:2908212	CDS	F:complement(223563..226589)	YALI2_F00981g; Putative phospholipid-transporting ATPase
yli:2907721	CDS	F:227741..228751	YALI2_F00019g; Mediator of RNA polymerase II transcription subunit 4
yli:2908213	CDS	F:complement(229255..232401)	YALI2_F00980g; Protein SEY1
yli:7009601	rRNA	F:complement(233209..233324)	YALI2_F00012r; 5S ribosomal RNA
yli:2908214	CDS	F:complement(233904..235727)	YALI2_F00979g; Hypothetical protein
yli:2908215	CDS	F:240973..241827	YALI2_F00020g; Aquaporin-1
yli:2908216	CDS	F:complement(245009..247543)	YALI2_F00978g; DNA repair protein RAD16
yli:2908217	CDS	F:250335..252005	YALI2_F00021g; Lysine-specific permease
yli:2908011	tRNA	F:join(252965..253001,253015..253049)	YALI2_F00001t; tRNA-Gln
yli:2908267	CDS	F:complement(254551..256122)	YALI2_F00977g; Cytochrome P450 52A12
yli:2908012	tRNA	F:join(258510..258547,258575..258618)	YALI2_F00002t; tRNA-Leu
yli:2908013	CDS	F:complement(258911..261619)	YALI2_F00976g; Putative ferric reductase transmembrane component
yli:2908014	CDS	F:262825..263829	YALI2_F00022g; UPF0394 membrane protein
yli:2908015	CDS	F:266757..267773	YALI2_F00023g; Putative mitochondrial carrier
yli:2908016	CDS	F:complement(268128..269414)	YALI2_F00975g; Hypothetical protein
yli:90949780	CDS	F:join(271906..271941,272068..272247)	YALI2_F00024g; UPF0495 protein
yli:2908017	CDS	F:complement(join(272262..272284,272626..272893))	YALI2_F00974g; Hypothetical protein
yli:2908094	CDS	F:273937..274251	YALI2_F00025g; Thioredoxin-2
yli:2908055	CDS	F:complement(275986..280806)	YALI2_F00973g; Hypothetical protein
yli:2908056	CDS	F:complement(282120..283289)	YALI2_F00972g; OTU domain-containing protein 3
yli:2908057	CDS	F:join(286469..286579,286658..289402)	YALI2_F00026g; Putative transcriptional regulatory protein
yli:2908058	CDS	F:complement(290277..291116)	YALI2_F00971g; Putative triosephosphate isomerase
yli:2908059	CDS	F:complement(292104..293864)	YALI2_F00970g; Dihydroxyacetone kinase 1
yli:2908060	CDS	F:294318..294788	YALI2_F00027g; D-erythrulose-4-phosphate isomerase 1
yli:2908154	CDS	F:complement(296650..297591)	YALI2_F00969g; Sorbose reductase sou1
yli:2908155	CDS	F:302324..304816	YALI2_F00028g; Putative beta-glucosidase I
yli:2908156	CDS	F:complement(305475..308495)	YALI2_F00968g; Suppressor of profilin deletion
yli:2908567	CDS	F:complement(309879..312716)	YALI2_F00967g; Mitosis inhibitor protein kinase wee1
yli:2908157	CDS	F:315675..318287	YALI2_F00029g; Vacuolar segregation protein 7
yli:2908158	CDS	F:complement(join(318641..318861,319173..319233))	YALI2_F00966g; Cytochrome b-c1 complex subunit 8
yli:2908159	CDS	F:complement(319759..322473)	YALI2_F00965g; Importin subunit beta-2
yli:2908160	CDS	F:complement(join(324768..326116,326159..328565))	YALI2_F00964g; Tip elongation aberrant protein Tea4
yli:2908148	CDS	F:complement(330463..333357)	YALI2_F00963g; F-box/LRR-repeat protein 14
yli:2908149	CDS	F:complement(334632..336938)	YALI2_F00962g; Protein sel-1 1
yli:2908150	CDS	F:337253..338473	YALI2_F00030g; Hypothetical protein
yli:2908151	CDS	F:complement(338853..341333)	YALI2_F00961g; Putative ubiquitin carboxyl-terminal hydrolase CreB
yli:90949813	CDS	F:complement(join(343400..343567,343615..343647))	YALI2_F00960g; uncharacterized protein
yli:2908152	CDS	F:345799..348405	YALI2_F00031g; Protein SKT5
yli:2908153	CDS	F:complement(349167..350519)	YALI2_F00959g; Putative beta-glucosidase BtgE
yli:2908142	CDS	F:complement(352349..354778)	YALI2_F00958g; Putative RNA-binding protein
yli:2908143	CDS	F:354961..355710	YALI2_F00032g; Protein TMA23
yli:2908144	CDS	F:356615..357604	YALI2_F00033g; Pyridoxal reductase
yli:2908145	CDS	F:358334..362446	YALI2_F00034g; Sorting nexin-12
yli:7009603	CDS	F:complement(364181..364453)	YALI2_F00957g; Hypothetical protein
yli:2908146	CDS	F:complement(367428..369875)	YALI2_F00956g; Hypothetical protein
yli:2908135	CDS	F:complement(join(374591..376866,377051..378527))	YALI2_F00955g; Putative general negative regulator of transcription
yli:2907697	CDS	F:379082..379927	YALI2_F00035g; Putative NADH-ubiquinone oxidoreductase 30.4 kDa subunit
yli:2908136	CDS	F:complement(380683..381885)	YALI2_F00954g; Actin cytoskeleton-regulatory complex protein END3
yli:2908137	CDS	F:complement(383091..383636)	YALI2_F00953g; ADP-ribosylation factor 1
yli:2908138	CDS	F:385802..386770	YALI2_F00036g; ER-derived vesicles protein ERV29
yli:2908139	CDS	F:complement(387138..388169)	YALI2_F00952g; D-arabinitol 2-dehydrogenase [ribulose-forming]
yli:2908140	CDS	F:389107..389727	YALI2_F00037g; Hypothetical protein
yli:2908141	CDS	F:complement(390183..391100)	YALI2_F00951g; Hypothetical protein
yli:2908127	CDS	F:complement(391717..392109)	YALI2_F00950g; Vacuolar protein sorting-associated protein 55
yli:2908128	CDS	F:complement(392994..395693)	YALI2_F00949g; Putative leucine--tRNA ligase
yli:2908129	CDS	F:join(395940..395997,396118..397805)	YALI2_F00038g; Endosomal/prevacuolar sodium/hydrogen exchanger
yli:2908130	CDS	F:complement(399246..400094)	YALI2_F00948g; Hypothetical protein
yli:2908131	CDS	F:403238..406537	YALI2_F00039g; Structural maintenance of chromosomes protein 6
yli:2908132	CDS	F:complement(join(406849..412167,412230..412631))	YALI2_F00947g; Intracellular protein transport protein USO1
yli:2908126	CDS	F:complement(413182..415011)	YALI2_F00946g; Nuclear envelope protein ndc1
yli:2908114	CDS	F:416325..417554	YALI2_F00040g; DNA repair and recombination protein RAD52
yli:2908115	CDS	F:complement(418014..419312)	YALI2_F00945g; Eukaryotic peptide chain release factor subunit 1
yli:2908116	CDS	F:420608..421771	YALI2_F00041g; Meiotically up-regulated gene 89 protein
yli:2908117	CDS	F:423188..424750	YALI2_F00042g; 2-methylcitrate dehydratase
yli:90949782	CDS	F:425561..425791	YALI2_F00043g; Hypothetical protein
yli:90949783	CDS	F:425864..426331	YALI2_F00044g; Putative NADPH-dependent methylglyoxal reductase GRP2
yli:2908120	CDS	F:join(427054..427237,427298..427746)	YALI2_F00045g; Ubiquitin-conjugating enzyme E2 1
yli:2907780	CDS	F:join(428315..428317,428461..429768)	YALI2_F00046g; 26S proteasome regulatory subunit 4
yli:2907781	CDS	F:complement(430120..431124)	YALI2_F00944g; Putative 3-hydroxyisobutyrate dehydrogenase
yli:2907782	CDS	F:complement(432339..433700)	YALI2_F00943g; Serine--tRNA ligase, cytoplasmic
yli:2907783	CDS	F:433920..434423	YALI2_F00047g; Hypothetical protein
yli:2907784	CDS	F:complement(434716..437712)	YALI2_F00942g; Kinesin-like protein BimC
yli:2907785	CDS	F:complement(438886..440079)	YALI2_F00941g; ATP-dependent RNA helicase FAL1
yli:2907773	CDS	F:join(440219..440290,440649..441356)	YALI2_F00048g; Uridine-cytidine kinase 2
yli:2907774	CDS	F:442059..442733	YALI2_F00049g; Hypothetical protein
yli:2907775	CDS	F:442994..443830	YALI2_F00050g; Protein frg1
yli:2907776	CDS	F:complement(444038..445570)	YALI2_F00940g; Nitrogen permease regulator 2
yli:2907777	CDS	F:447330..449054	YALI2_F00051g; Heat shock protein 60
yli:2907778	CDS	F:450165..450587	YALI2_F00052g; Histone H2A.Z
yli:2907779	CDS	F:451118..452338	YALI2_F00053g; Putative aminomethyltransferase
yli:2907761	CDS	F:complement(452821..453486)	YALI2_F00939g; OPA3-like protein
yli:2907762	CDS	F:join(453853..453908,454528..455353)	YALI2_F00054g; ATP synthase subunit gamma
yli:2907763	CDS	F:455874..457055	YALI2_F00055g; Hypothetical protein
yli:2907764	CDS	F:complement(457317..458546)	YALI2_F00938g; Putative acyltransferase
yli:2907765	CDS	F:461405..463447	YALI2_F00056g; Quinidine resistance protein 3
yli:2907766	CDS	F:463977..465350	YALI2_F00057g; E3 ubiquitin-protein ligase hrd-1
yli:2907754	CDS	F:complement(465547..466230)	YALI2_F00937g; Alpha-ketoglutarate-dependent dioxygenase abh1
yli:2907755	CDS	F:466686..467444	YALI2_F00058g; Translin
yli:2907756	CDS	F:complement(468356..468799)	YALI2_F00936g; Mitochondrial import inner membrane translocase subunit TIM16
yli:2907757	CDS	F:469263..471179	YALI2_F00059g; SET domain-containing protein 3
yli:2907758	tRNA	F:complement(471335..471406)	YALI2_F00003t; tRNA-Thr
yli:2907759	CDS	F:complement(471928..474330)	YALI2_F00935g; Meiosis induction protein kinase IME2/SME1
yli:2907760	CDS	F:477408..479132	YALI2_F00060g; Hypothetical protein
yli:2907748	CDS	F:complement(479710..480819)	YALI2_F00934g; Transcriptional regulator MET32
yli:2907749	CDS	F:complement(join(484718..486146,486399..486532,486686..486733))	YALI2_F00933g; ATP synthase subunit alpha
yli:2907750	CDS	F:join(488367..488728,489235..489307)	YALI2_F00061g; Cytochrome c oxidase subunit 6A
yli:90949812	CDS	F:complement(491123..492547)	YALI2_F00932g; Protein phosphatase PP2A regulatory subunit B
yli:2907752	CDS	F:494713..496089	YALI2_F00062g; DNA-directed RNA polymerase III subunit RPC4
yli:2907753	CDS	F:complement(496518..497948)	YALI2_F00931g; Hypothetical protein
yli:2907747	CDS	F:499655..500611	YALI2_F00063g; Cell differentiation protein rcd1
yli:2907735	CDS	F:complement(501317..504349)	YALI2_F00930g; Hypothetical protein
yli:2907736	CDS	F:511575..513179	YALI2_F00064g; AP-1-like transcription factor CAP1
yli:2907737	CDS	F:complement(513775..517128)	YALI2_F00929g; Hypothetical protein
yli:2907738	CDS	F:complement(517936..520083)	YALI2_F00928g; Autophagy-related protein 13
yli:2907739	CDS	F:complement(522684..525455)	YALI2_F00927g; Coatomer subunit gamma
yli:2907740	CDS	F:complement(join(526742..527788,527866..527874))	YALI2_F00926g; Hypothetical protein
yli:2907741	CDS	F:529200..530789	YALI2_F00065g; High-affinity methionine permease
yli:2907729	CDS	F:complement(532130..533251)	YALI2_F00925g; Hypothetical protein
yli:2907730	CDS	F:complement(join(535850..539192,540045..540151))	YALI2_F00924g; Serine/threonine-protein kinase PSK1
yli:2907731	CDS	F:544327..544836	YALI2_F00066g; Cytochrome c oxidase polypeptide 5A
yli:2907732	CDS	F:join(549041..549153,549935..550037,550204..554445)	YALI2_F00067g; Mediator of RNA polymerase II transcription subunit 15
yli:2907733	CDS	F:complement(556248..557264)	YALI2_F00923g; Hypothetical protein
yli:2907734	CDS	F:complement(559128..560597)	YALI2_F00922g; Putative protein YbiU
yli:7009604	CDS	F:complement(join(564544..566451,567510..567533))	YALI2_F00921g; Hypothetical protein
yli:2907723	CDS	F:573872..575323	YALI2_F00068g; Endonuclease III
yli:2907724	CDS	F:576727..578319	YALI2_F00069g; Phenylacetate 2-hydroxylase
yli:2907725	CDS	F:complement(578650..579906)	YALI2_F00920g; Hypothetical protein
yli:2907726	CDS	F:581155..582093	YALI2_F00070g; Hypothetical protein
yli:2907728	CDS	F:complement(584348..586078)	YALI2_F00919g; Multidrug transporter QDR2
yli:2907713	CDS	F:complement(589228..591477)	YALI2_F00918g; Putative MFS-type transporter
yli:2907714	CDS	F:complement(join(594070..596463,597496..597519))	YALI2_F00917g; Endoribonuclease YSH1
yli:2908963	CDS	F:complement(598405..600015)	YALI2_F00916g; Signal recognition particle 54 kDa protein
yli:2907715	CDS	F:join(603513..605495,606922..607293)	YALI2_F00071g; Vacuolar fusion protein CCZ1
yli:90949784	CDS	F:607367..607810	YALI2_F00072g; uncharacterized protein
yli:2907716	CDS	F:complement(join(610067..612094,613177..613419))	YALI2_F00915g; mRNA cleavage and polyadenylation specificity factor complex subunit pta1
yli:2907717	CDS	F:615444..616553	YALI2_F00073g; Pheromone alpha factor receptor
yli:2907718	CDS	F:complement(617859..621089)	YALI2_F00914g; GPI inositol-deacylase A
yli:2907707	CDS	F:628051..628587	YALI2_F00074g; Hypothetical protein
yli:2907708	CDS	F:join(630209..630766,631142..631174)	YALI2_F00075g; POC1 centriolar protein B
yli:2907709	CDS	F:join(631989..631992,632409..633121)	YALI2_F00076g; Replication protein A 32 kDa subunit A
yli:2907710	CDS	F:complement(635416..636228)	YALI2_F00913g; Isopentenyl-diphosphate Delta-isomerase
yli:2907711	CDS	F:join(637931..637939,638509..639762)	YALI2_F00077g; Hypothetical protein
yli:2907712	CDS	F:complement(640682..642067)	YALI2_F00912g; Metacaspase-1
yli:2907701	CDS	F:complement(644043..645350)	YALI2_F00911g; Hypothetical protein
yli:90949785	CDS	F:join(647893..647982,648237..648362)	YALI2_F00078g; uncharacterized protein
yli:2907702	CDS	F:complement(652635..653885)	YALI2_F00910g; Isocitrate dehydrogenase [NADP]
yli:2907703	CDS	F:complement(join(657759..657820,658254..658416))	YALI2_F00909g; Hypothetical protein
yli:7009605	CDS	F:join(658653..658719,658936..658941,659438..659547)	YALI2_F00079g; uncharacterized protein
yli:2907704	CDS	F:660463..662388	YALI2_F00080g; Vacuolar protein sorting-associated protein 33
yli:2907705	CDS	F:complement(join(664197..665427,665885..665901))	YALI2_F00908g; NEDD8-activating enzyme E1 catalytic subunit
yli:2907706	CDS	F:complement(666599..669265)	YALI2_F00907g; Glycogen phosphorylase
yli:2907699	CDS	F:673468..674874	YALI2_F00081g; Membrane protein PTM1
yli:2907927	CDS	F:680724..682109	YALI2_F00082g; Cell wall integrity and stress response component 4
yli:2907700	tRNA	F:complement(684137..684209)	YALI2_F00004t; tRNA-Ala
yli:2909023	CDS	F:complement(join(686812..688582,689484..689506))	YALI2_F00906g; 5'-AMP-activated protein kinase subunit beta
yli:2909024	CDS	F:691915..693027	YALI2_F00083g; Beta-peptidyl aminopeptidase BapA
yli:2909025	CDS	F:complement(695499..696863)	YALI2_F00905g; Zinc transporter YKE4
yli:2909026	CDS	F:complement(699424..701142)	YALI2_F00904g; SWI/SNF and RSC complexes subunit ssr1
yli:2909027	CDS	F:join(704932..705010,705051..709069)	YALI2_F00084g; Putative ATP-dependent helicase IRC5
yli:2909028	CDS	F:complement(710552..712780)	YALI2_F00903g; Lanosterol synthase
yli:2908882	CDS	F:713839..714240	YALI2_F00085g; Ergosterol biosynthetic protein 28
yli:2908883	CDS	F:complement(join(715909..717035,717748))	YALI2_F00902g; cAMP-dependent protein kinase regulatory subunit
yli:2908884	CDS	F:719951..721441	YALI2_F00086g; Putative aldehyde dehydrogenase-like protein
yli:2908885	CDS	F:complement(722938..723555)	YALI2_F00901g; N-acetylglucosamine-induced protein 1
yli:2908886	tRNA	F:complement(join(723921..723956,723980..724016))	YALI2_F00005t; tRNA-Phe
yli:2908887	CDS	F:join(724471..724496,725354..726479)	YALI2_F00087g; Endochitinase B1
yli:7009606	CDS	F:complement(join(727292..728224,728771..728821,728917..728946))	YALI2_F00900g; Hypothetical protein
yli:2908888	CDS	F:729671..730894	YALI2_F00088g; Hypothetical protein
yli:2908898	CDS	F:733178..734587	YALI2_F00089g; DNA primase large subunit
yli:2908899	CDS	F:738337..739002	YALI2_F00090g; Hypothetical protein
yli:2908900	CDS	F:complement(742730..743410)	YALI2_F00899g; Hypothetical protein
yli:2908901	CDS	F:747689..748648	YALI2_F00091g; Hypothetical protein
yli:2908902	CDS	F:complement(749778..752168)	YALI2_F00898g; DNA replication licensing factor mcm2
yli:2908903	CDS	F:758639..762055	YALI2_F00092g; Hypothetical protein
yli:2908591	CDS	F:complement(764574..765932)	YALI2_F00897g; Ribosomal RNA-processing protein 14
yli:2908592	CDS	F:complement(join(767938..768522,768752..768811))	YALI2_F00896g; GTP-binding nuclear protein GSP1/Ran
yli:2908593	CDS	F:complement(771279..771578)	YALI2_F00895g; Hypothetical protein
yli:2908594	CDS	F:join(772473..772496,773237..773539)	YALI2_F00093g; Hypothetical protein
yli:2908595	CDS	F:774178..775086	YALI2_F00094g; G/U mismatch-specific uracil DNA glycosylase
yli:2908596	CDS	F:776989..779763	YALI2_F00095g; DNA replication licensing factor MCM4
yli:2908606	tRNA	F:join(780156..780192,780202..780237)	YALI2_F00006t; tRNA-Lys
yli:2908607	CDS	F:complement(780921..784349)	YALI2_F00894g; Hypothetical protein
yli:2908608	CDS	F:785137..788304	YALI2_F00096g; Hypothetical protein
yli:2908611	CDS	F:791338..792009	YALI2_F00097g; Hypothetical protein
yli:2908612	tRNA	F:complement(792827..792898)	YALI2_F00007t; tRNA-Thr
yli:2908626	CDS	F:794454..795452	YALI2_F00098g; Hypothetical protein
yli:2908627	CDS	F:complement(795884..797080)	YALI2_F00893g; 2-oxoisovalerate dehydrogenase subunit beta
yli:2908628	CDS	F:join(799644..799717,799781..799835,800146..800853)	YALI2_F00099g; Putative vacuolar amino acid transporter YPQ1
yli:2908629	CDS	F:complement(join(801161..801590,801712..801740))	YALI2_F00892g; DNA-directed RNA polymerases I, II, and III subunit RPABC2
yli:2908630	CDS	F:804031..805998	YALI2_F00100g; Transcription factor IIIA
yli:2908631	CDS	F:complement(806621..808771)	YALI2_F00891g; Phosphorus acquisition-controlling protein
yli:2908271	CDS	F:complement(join(812401..813437,814085..814100))	YALI2_F00890g; Autophagy-related protein 37
yli:2908272	CDS	F:complement(814842..816014)	YALI2_F00889g; Hypothetical protein
yli:2908162	CDS	F:816938..817732	YALI2_F00101g; 1-(5-phosphoribosyl)-5-[(5-phosphoribosylamino)methylideneamino] imidazole-4-carboxamide isomerase
yli:2908163	CDS	F:complement(join(818418..819158,819235..819237))	YALI2_F00888g; Triosephosphate isomerase
yli:2908165	CDS	F:complement(821567..822571)	YALI2_F00887g; Histidine protein methyltransferase 1
yli:2908166	CDS	F:822888..824003	YALI2_F00102g; Hypothetical protein
yli:2908167	CDS	F:complement(824430..825239)	YALI2_F00886g; Hypothetical protein
yli:2908193	CDS	F:complement(join(825482..828286,828466..828474))	YALI2_F00885g; Protein transport protein SEC24
yli:2908194	CDS	F:join(833410..834098,834886..835621)	YALI2_F00103g; Cutinase gene palindrome-binding protein
yli:7009607	rRNA	F:complement(837345..837460)	YALI2_F00013r; 5S ribosomal RNA
yli:2908195	tRNA	F:complement(837469..837539)	YALI2_F00008t; tRNA-Gly
yli:2908269	CDS	F:841935..843200	YALI2_F00104g; Glucan 1,3-beta-glucosidase
yli:2908196	CDS	F:845504..846877	YALI2_F00105g; Hypothetical protein
yli:2908197	CDS	F:848929..850992	YALI2_F00106g; RING finger protein
yli:2908198	CDS	F:complement(join(851095..851426,852072..852222))	YALI2_F00884g; Sorting nexin-3
yli:2907929	CDS	F:852724..854886	YALI2_F00107g; Anaphase-promoting complex subunit 5
yli:2907930	CDS	F:complement(855782..856867)	YALI2_F00883g; Mitochondrial carrier protein RIM2
yli:2907931	CDS	F:complement(join(859852..860326,860596..860606))	YALI2_F00882g; 60S ribosomal protein eL21
yli:2907932	CDS	F:complement(join(862211..862782,863072..863078))	YALI2_F00881g; 40S ribosomal protein uS4
yli:2907933	CDS	F:join(863601..863686,864825..865707)	YALI2_F00108g; DNA-directed RNA polymerase II subunit RPB3
yli:2907934	CDS	F:866791..867861	YALI2_F00109g; WD repeat-containing protein JIP5
yli:2907969	CDS	F:complement(868073..869266)	YALI2_F00880g; 4-hydroxybenzoate polyprenyltransferase
yli:2907970	CDS	F:870635..871798	YALI2_F00110g; Diphosphomevalonate decarboxylase
yli:2907971	CDS	F:complement(872103..873554)	YALI2_F00879g; Hypothetical protein
yli:2907972	CDS	F:complement(join(876753..877488,877658..877689))	YALI2_F00878g; 40S ribosomal protein eS1
yli:2907973	CDS	F:879729..882806	YALI2_F00111g; DNA repair protein RAD5
yli:90949811	CDS	F:complement(884543..885358)	YALI2_F00877g; Hypothetical protein
yli:2908485	CDS	F:888549..888932	YALI2_F00112g; Hypothetical protein
yli:2908486	CDS	F:complement(889800..890336)	YALI2_F00876g; Ubiquitin-conjugating enzyme E2-20 kDa
yli:2908487	CDS	F:complement(891771..892643)	YALI2_F00875g; Hypothetical protein
yli:2908488	CDS	F:complement(join(897163..897578,897913..897931))	YALI2_F00874g; 40S ribosomal protein S15
yli:2908489	CDS	F:join(898211,898496..898821)	YALI2_F00113g; ribosomal protein P2
yli:2908467	CDS	F:complement(900636..902372)	YALI2_F00873g; Cruciform DNA-recognizing protein 1
yli:2908468	CDS	F:904539..905723	YALI2_F00114g; Cystathionine gamma-lyase
yli:2908469	CDS	F:complement(906379..908565)	YALI2_F00872g; Transcriptional regulatory protein DEP1
yli:2908470	CDS	F:909725..911239	YALI2_F00115g; Nucleolar protein 12
yli:2908459	CDS	F:912474..914003	YALI2_F00116g; Cysteine proteinase 1
yli:2908441	CDS	F:complement(916559..918532)	YALI2_F00871g; acetate--CoA ligase
yli:2908442	CDS	F:922549..924072	YALI2_F00117g; Putative transporter
yli:2908443	CDS	F:complement(925114..927120)	YALI2_F00870g; Hypothetical protein
yli:2908444	CDS	F:join(928475..928484,928581..933496)	YALI2_F00118g; Septation initiation network scaffold protein cdc11
yli:2908426	CDS	F:934374..935006	YALI2_F00119g; NADH-ubiquinone oxidoreductase 19.3 kDa subunit
yli:7009608	CDS	F:complement(join(935555..935763,936268..936340))	YALI2_F00869g; NUVM protein
yli:2908445	CDS	F:complement(936663..939137)	YALI2_F00868g; Hypothetical protein
yli:2908446	CDS	F:complement(941870..943714)	YALI2_F00867g; Hypothetical protein
yli:2908428	CDS	F:951781..953481	YALI2_F00120g; Rab proteins geranylgeranyltransferase component A
yli:2908429	CDS	F:complement(953734..955173)	YALI2_F00866g; Kinetochore-associated protein MTW1
yli:2908430	CDS	F:join(957101..957103,957316..957741)	YALI2_F00121g; 40S ribosomal protein eS12
yli:2908431	CDS	F:complement(959657..960523)	YALI2_F00865g; DNA-directed RNA polymerase I subunit RPA43
yli:2908432	CDS	F:complement(961216..962139)	YALI2_F00864g; DNA damage checkpoint control protein RAD17
yli:2908418	CDS	F:962894..963424	YALI2_F00122g; Hypothetical protein
yli:2908419	CDS	F:complement(963812..965380)	YALI2_F00863g; Mitochondrial inner membrane magnesium transporter MRS2
yli:7009609	CDS	F:join(965733..965814,966413..966594)	YALI2_F00123g; Hypothetical protein
yli:2908420	CDS	F:complement(join(966832..967488,968129..968134))	YALI2_F00862g; Replication termination factor 2
yli:2908421	CDS	F:join(968487..968539,969016..969574)	YALI2_F00124g; Splicing factor U2AF 23 kDa subunit
yli:2908405	CDS	F:join(970106..970152,970756..971464)	YALI2_F00125g; Proteasome subunit alpha type-2
yli:2908406	CDS	F:complement(971784..974471)	YALI2_F00861g; Putative di- and tripeptidase DUG2
yli:2908407	CDS	F:complement(975620..977269)	YALI2_F00860g; Putative lipase ATG15
yli:2908408	CDS	F:979664..980761	YALI2_F00126g; Transcription initiation factor TFIID subunit 4
yli:2908409	CDS	F:complement(981026..982138)	YALI2_F00859g; Hypothetical protein
yli:2908385	CDS	F:complement(982510..985800)	YALI2_F00858g; Condensin complex subunit 1
yli:2908386	CDS	F:complement(986968..988209)	YALI2_F00857g; Sphingosine N-acyltransferase LAC1
yli:2908387	CDS	F:990292..992349	YALI2_F00127g; Class E vacuolar protein-sorting machinery protein HSE1
yli:2908388	CDS	F:complement(992650..993813)	YALI2_F00856g; Phosphoserine aminotransferase
yli:2908389	CDS	F:994835..995644	YALI2_F00128g; Protein FAM50A
yli:2908076	CDS	F:complement(995930..996727)	YALI2_F00855g; 18S rRNA (guanine(1575)-N(7))-methyltransferase
yli:7009610	rRNA	F:997388..997503	YALI2_F00014r; 5S ribosomal RNA
yli:2908077	CDS	F:complement(1001241..1003328)	YALI2_F00854g; Putative ATP-dependent helicase IRC3
yli:2908078	CDS	F:complement(1004035..1005816)	YALI2_F00853g; Putative 4-coumarate--CoA ligase-like 8
yli:2908079	CDS	F:1008516..1010147	YALI2_F00129g; Sterol O-acyltransferase 2
yli:2908080	CDS	F:complement(1011758..1012612)	YALI2_F00852g; Hypothetical protein
yli:2908081	CDS	F:complement(1012915..1013835)	YALI2_F00851g; Hypothetical protein
yli:2907722	CDS	F:join(1014175..1014188,1014876..1015209)	YALI2_F00130g; Small nuclear ribonucleoprotein Sm D2
yli:2908516	CDS	F:complement(1015462..1017102)	YALI2_F00850g; Hypothetical protein
yli:2908517	CDS	F:complement(1018003..1018431)	YALI2_F00849g; UPF0047 protein
yli:2908518	CDS	F:1019482..1020096	YALI2_F00131g; Ureidoglycolate lyase
yli:90949786	CDS	F:1022211..1022444	YALI2_F00132g; uncharacterized protein
yli:2908519	CDS	F:1023491..1024048	YALI2_F00133g; mitochondrial 54S ribosomal protein mL57
yli:2908520	CDS	F:1027087..1028001	YALI2_F00134g; Elongation of fatty acids protein A
yli:2908504	CDS	F:join(1030328..1030374,1030785..1032393)	YALI2_F00135g; Sugar transporter STL1
yli:2908505	CDS	F:join(1033444..1033485,1033537..1033629,1034073..1043576)	YALI2_F00136g; Vacuolar protein sorting-associated protein 13A
yli:2908506	CDS	F:complement(1043794..1044894)	YALI2_F00848g; Methionyl-tRNA formyltransferase
yli:7009611	CDS	F:complement(1045092..1045364)	YALI2_F00847g; Ubiquitin-like protein SMT3
yli:2908507	CDS	F:1046026..1047495	YALI2_F00137g; Pantothenate transporter liz1
yli:2908508	CDS	F:1048820..1050859	YALI2_F00138g; Putative protein PB7E8.02
yli:2908473	CDS	F:complement(join(1051770..1052291,1052342..1052617))	YALI2_F00846g; Hypothetical protein
yli:2908474	CDS	F:1053161..1054816	YALI2_F00139g; Efflux pump TerG
yli:2908475	tRNA	F:complement(join(1055107..1055142,1055157..1055192))	YALI2_F00009t; tRNA-Trp
yli:2908476	CDS	F:1056272..1057246	YALI2_F00140g; D-galacturonate reductase
yli:2908477	tRNA	F:complement(1057474..1057547)	YALI2_F00010t; tRNA-Val
yli:2908460	CDS	F:1059168..1060766	YALI2_F00141g; b(0,+)-type amino acid transporter 1
yli:2908461	CDS	F:1063442..1065811	YALI2_F00142g; Ferric reductase transmembrane component 3
yli:2908462	CDS	F:complement(1066322..1068022)	YALI2_F00845g; Multidrug transporter
yli:2908463	CDS	F:join(1072304..1072353,1072941..1079841)	YALI2_F00143g; Serine/threonine-protein kinase tor2
yli:2908464	CDS	F:complement(1080483..1082219)	YALI2_F00844g; Lysine histidine transporter-like 1
yli:2908448	CDS	F:complement(1085494..1086702)	YALI2_F00843g; Hypothetical protein
yli:2908449	tRNA	F:complement(join(1087444..1087479,1087496..1087533))	YALI2_F00011t; tRNA-Asn
yli:2908450	CDS	F:complement(1088684..1088938)	YALI2_F00842g; Hypothetical protein
yli:7009612	rRNA	F:complement(1089406..1089521)	YALI2_F00015r; 5S ribosomal RNA
yli:2908451	CDS	F:1092202..1094001	YALI2_F00144g; Pheromone-regulated protein PRM7
yli:2908452	CDS	F:complement(1094360..1095130)	YALI2_F00841g; DNA/RNA-binding protein KIN17
yli:2908453	CDS	F:complement(1095805..1096998)	YALI2_F00840g; Putative glycosyltransferase HOC1
yli:90949810	CDS	F:complement(1098094..1099725)	YALI2_F00839g; Putative amidase
yli:2908436	CDS	F:1100758..1101843	YALI2_F00145g; Protein HGH1
yli:2908437	CDS	F:1102486..1103487	YALI2_F00146g; Replication factor C subunit 4
yli:2908438	CDS	F:complement(1104133..1105002)	YALI2_F00838g; Putative CAAX prenyl protease 2
yli:2908427	CDS	F:1106823..1109096	YALI2_F00147g; Vacuolar protein sorting-associated protein 52
yli:2908412	tRNA	F:join(1109281..1109318,1109337..1109380)	YALI2_F00012t; tRNA-Leu
yli:2908413	CDS	F:1109578..1110330	YALI2_F00148g; Hypothetical protein
yli:2908414	CDS	F:complement(join(1110498..1111253,1111303..1111305))	YALI2_F00837g; Putative proteasome subunit alpha type-7
yli:2908415	CDS	F:join(1111678..1111720,1111765..1111780,1111829..1113767)	YALI2_F00149g; Mitochondrial Rho GTPase 1
yli:2908416	CDS	F:complement(1113952..1117506)	YALI2_F00836g; Myosin-2 heavy chain, non muscle
yli:2908398	CDS	F:complement(1119290..1120165)	YALI2_F00835g; Hypothetical protein
yli:2908400	CDS	F:1123543..1125714	YALI2_F00150g; Serine/threonine-protein kinase MPS1
yli:2908401	CDS	F:complement(1125964..1126377)	YALI2_F00834g; Altered inheritance rate of mitochondria protein 29
yli:2908402	CDS	F:1127391..1129241	YALI2_F00151g; Alpha-actinin-like protein 1
yli:2908403	CDS	F:complement(join(1129388..1130710,1130771..1130788))	YALI2_F00833g; Formamidopyrimidine-DNA glycosylase
yli:2908391	CDS	F:1131231..1132019	YALI2_F00152g; Hypothetical protein
yli:2908392	CDS	F:1132715..1134748	YALI2_F00153g; Saccharolysin
yli:2908393	CDS	F:1135630..1136544	YALI2_F00154g; Hypothetical protein
yli:2908394	CDS	F:complement(1136783..1138450)	YALI2_F00832g; Glucose-6-phosphate isomerase
yli:2908395	CDS	F:complement(1140366..1141529)	YALI2_F00831g; GPI-anchor transamidase
yli:2908379	CDS	F:complement(1142289..1142882)	YALI2_F00830g; Nuclear nucleic acid-binding protein C1D
yli:2908380	CDS	F:join(1147701..1147719,1147897..1149674)	YALI2_F00155g; Hypothetical protein
yli:2908381	CDS	F:complement(1150159..1152120)	YALI2_F00829g; Hypothetical protein
yli:2908382	CDS	F:complement(1152983..1153513)	YALI2_F00828g; Putative gluconokinase
yli:2908383	CDS	F:complement(1154507..1155973)	YALI2_F00827g; UBX domain-containing protein 2
yli:2908374	CDS	F:complement(1156745..1157905)	YALI2_F00826g; mRNA-capping enzyme subunit beta
yli:2908375	CDS	F:join(1159648..1159759,1159826..1160643)	YALI2_F00156g; Serine-threonine kinase receptor-associated protein
yli:2908376	CDS	F:join(1161323..1161355,1161451..1161462,1161611..1161741,1161793..1162282)	YALI2_F00157g; THO complex subunit 4
yli:2908377	CDS	F:join(1162913..1162921,1162967..1163824)	YALI2_F00158g; 6-deoxy-6-sulfogluconolactonase
yli:2908982	CDS	F:complement(join(1163935..1164367,1164417..1164481))	YALI2_F00825g; Putative zinc-finger protein
yli:2908983	CDS	F:join(1164925..1165047,1165111..1165641)	YALI2_F00159g; Hypothetical protein
yli:2908984	CDS	F:complement(1165759..1166586)	YALI2_F00824g; DSC E3 ubiquitin ligase complex subunit 3
yli:2908985	CDS	F:complement(1169204..1169851)	YALI2_F00823g; Hypothetical protein
yli:2908986	CDS	F:complement(1171740..1173233)	YALI2_F00822g; Putative MFS-type transporter
yli:2908533	CDS	F:1175187..1176239	YALI2_F00160g; Hypothetical protein
yli:2908534	CDS	F:complement(1176367..1178385)	YALI2_F00821g; Hypothetical protein
yli:2908523	CDS	F:complement(1180425..1181447)	YALI2_F00820g; NADPH-dependent alkenal/one oxidoreductase, chloroplastic
yli:2908524	CDS	F:1182811..1184328	YALI2_F00161g; 60S ribosomal export protein NMD3
yli:7009613	rRNA	F:1184608..1184723	YALI2_F00016r; 5S ribosomal RNA
yli:2908525	CDS	F:complement(join(1185451..1188774,1189342..1189398))	YALI2_F00819g; Cytokinesis protein SepH
yli:2908526	tRNA	F:1190728..1190799	YALI2_F00013t; tRNA-Glu
yli:2908527	CDS	F:complement(1191031..1191789)	YALI2_F00818g; Peroxiredoxin PRX1
yli:2908510	CDS	F:1194054..1194980	YALI2_F00162g; Phosphatidylglycerol phospholipase C
yli:2908511	tRNA	F:join(1195310..1195345,1195363..1195398)	YALI2_F00014t; tRNA-Arg
yli:2908512	CDS	F:complement(1195755..1197017)	YALI2_F00817g; Peroxisomal NADH pyrophosphatase NUDT12
yli:2908513	CDS	F:complement(join(1197784..1199293,1199729..1199763))	YALI2_F00816g; Casein kinase I hhp1
yli:2908514	CDS	F:complement(join(1201963..1202358,1203401..1203424))	YALI2_F00815g; Hypothetical protein
yli:2908497	CDS	F:1206436..1208802	YALI2_F00163g; Autophagy-related protein 9
yli:2908498	CDS	F:complement(1209104..1211602)	YALI2_F00814g; Putative nucleolar complex protein 14
yli:2908499	CDS	F:join(1212192..1212249,1212484..1212914)	YALI2_F00164g; Nascent polypeptide-associated complex subunit beta
yli:2908500	CDS	F:1216224..1217858	YALI2_F00165g; Glutamate decarboxylase
yli:2908501	CDS	F:complement(join(1218690..1218786,1218888..1218979))	YALI2_F00813g; 60S ribosomal protein eL29
yli:2908491	CDS	F:join(1220642..1220695,1220748..1220993)	YALI2_F00166g; U6 snRNA-associated Sm-like protein LSm2
yli:2908492	CDS	F:complement(join(1221104..1221332,1221864..1221907,1221954..1221956))	YALI2_F00812g; Protein transport protein Sec61 subunit beta
yli:2908493	CDS	F:complement(1222917..1224008)	YALI2_F00811g; Hypothetical protein
yli:2908494	CDS	F:1224372..1224749	YALI2_F00167g; Hypothetical protein
yli:2908479	CDS	F:1226273..1226905	YALI2_F00168g; 40S ribosomal protein uS7
yli:2908480	CDS	F:1228897..1231035	YALI2_F00169g; N-alpha-acetyltransferase, 35 NatC auxiliary subunit
yli:90949787	CDS	F:1231648..1232085	YALI2_F00170g; uncharacterized protein
yli:2908481	CDS	F:complement(1233274..1234548)	YALI2_F00810g; Cytochrome b-c1 complex subunit 2
yli:2908482	CDS	F:1236689..1238488	YALI2_F00171g; DNA-directed RNA polymerase III subunit RPC3
yli:2908483	CDS	F:complement(1239248..1241311)	YALI2_F00809g; U3 small nucleolar RNA-associated protein 4
yli:2908367	CDS	F:1242301..1245285	YALI2_F00172g; Condensin complex subunit 3
yli:2908368	CDS	F:1247150..1248295	YALI2_F00173g; Sterol 24-C-methyltransferase
yli:2908369	CDS	F:complement(1249804..1250859)	YALI2_F00808g; Glycogenin-1
yli:2908370	CDS	F:join(1251830,1252212..1252597)	YALI2_F00174g; ubiquitin-60S ribosomal protein L40 fusion protein
yli:2907874	CDS	F:complement(1254875..1258531)	YALI2_F00807g; Osmosensing histidine protein kinase SLN1
yli:2907875	CDS	F:complement(join(1261273..1264217,1264266..1264371))	YALI2_F00806g; Cleavage and polyadenylation factor complex subunit
yli:2908230	CDS	F:1266188..1268320	YALI2_F00175g; ATP-dependent RNA helicase
yli:2908231	CDS	F:complement(join(1269508..1269646,1269793..1274045))	YALI2_F00805g; Serine/threonine-protein kinase BCK1/SLK1/SSP31
yli:2908232	CDS	F:complement(1274859..1275302)	YALI2_F00804g; mitochondrial 54S ribosomal protein bL21m
yli:2908233	CDS	F:1276511..1279243	YALI2_F00176g; Mitofusin FZO1
yli:2908095	CDS	F:complement(1279726..1280946)	YALI2_F00803g; Queuine tRNA-ribosyltransferase catalytic subunit
yli:2908096	CDS	F:complement(join(1282308..1283483,1283530..1283634))	YALI2_F00802g; 33 kDa ribonucleoprotein, chloroplastic
yli:2908097	CDS	F:complement(1285988..1286728)	YALI2_F00801g; Hypothetical protein
yli:2908098	CDS	F:complement(1287329..1289359)	YALI2_F00800g; Hypothetical protein
yli:2908099	CDS	F:1290957..1293107	YALI2_F00177g; Hypothetical protein
yli:2908100	CDS	F:complement(1293179..1294288)	YALI2_F00799g; Hypothetical protein
yli:2908333	CDS	F:complement(1295421..1296569)	YALI2_F00798g; Hypothetical protein
yli:2908334	CDS	F:complement(1297079..1298050)	YALI2_F00797g; Putative NADPH-dependent methylglyoxal reductase GRP2
yli:2908335	CDS	F:complement(1298682..1299710)	YALI2_F00796g; Putative NADPH-dependent methylglyoxal reductase GRP2
yli:2908336	CDS	F:complement(1304266..1305078)	YALI2_F00795g; Hypothetical protein
yli:2908337	CDS	F:1308846..1312505	YALI2_F00178g; DNA repair protein REV1
yli:2908338	CDS	F:1314222..1315388	YALI2_F00179g; Candidapepsin-3
yli:2907873	CDS	F:complement(join(1315998..1317385,1317710..1317754,1317979..1318093))	YALI2_F00794g; Pyruvate kinase
yli:2908328	CDS	F:join(1320414..1320449,1320642..1321064)	YALI2_F00180g; Nucleoside diphosphate kinase
yli:2908329	CDS	F:1322641..1323576	YALI2_F00181g; Uricase
yli:2908330	CDS	F:1324899..1326617	YALI2_F00182g; Dihydroxyacetone kinase 2
yli:2908331	CDS	F:complement(1326913..1327761)	YALI2_F00793g; DNA-directed RNA polymerase III subunit RPC6
yli:2908332	CDS	F:1328325..1329236	YALI2_F00183g; Hypothetical protein
yli:2908698	CDS	F:1330266..1331132	YALI2_F00184g; Uridylate kinase
yli:2908699	CDS	F:1331519..1331974	YALI2_F00185g; U4/U6.U5 small nuclear ribonucleoprotein component snu23
yli:2908700	CDS	F:join(1333294..1333607,1334230..1334335)	YALI2_F00186g; DNA-directed RNA polymerases I, II, and III subunit RPABC3
yli:2908701	CDS	F:complement(join(1334452..1334857,1335141..1335267,1335318..1335375))	YALI2_F00792g; V-type proton ATPase subunit c''
yli:2908702	CDS	F:join(1335608..1335617,1335681..1336099)	YALI2_F00187g; Hypothetical protein
yli:2908703	CDS	F:complement(1336367..1337098)	YALI2_F00791g; Uroporphyrinogen-III synthase
yli:2908942	CDS	F:1337791..1338537	YALI2_F00188g; EKC/KEOPS complex subunit BUD32
yli:2908943	CDS	F:complement(1338714..1340360)	YALI2_F00790g; Pre-mRNA-splicing factor sap61
yli:2908944	CDS	F:1341045..1341473	YALI2_F00189g; Hypothetical protein
yli:2908945	CDS	F:1341959..1342498	YALI2_F00190g; Hypothetical protein
yli:2908946	CDS	F:join(1342827..1342891,1342941..1345341)	YALI2_F00191g; Phosphatidylinositol 3-kinase vps34
yli:2908947	CDS	F:1346538..1348289	YALI2_F00192g; ARS-binding protein 1
yli:2908970	CDS	F:complement(1349049..1350194)	YALI2_F00789g; S-(hydroxymethyl)glutathione dehydrogenase
yli:2908971	CDS	F:complement(1352535..1353260)	YALI2_F00788g; Dephospho-CoA kinase CAB5
yli:2908972	CDS	F:complement(1353877..1354263)	YALI2_F00787g; Hypothetical protein
yli:2908973	CDS	F:join(1355122..1355152,1355293..1355341,1355533..1356115)	YALI2_F00193g; Elongation factor 1-beta
yli:2908974	CDS	F:1359880..1362519	YALI2_F00194g; Oligopeptide transporter 2
yli:2908975	CDS	F:complement(join(1363531..1367072,1367132..1367348))	YALI2_F00786g; Protein kinase C-like
yli:2908976	CDS	F:complement(join(1369599..1369688,1369767..1369946))	YALI2_F00785g; mitochondrial 37S ribosomal protein mS37
yli:2908977	CDS	F:1370453..1370905	YALI2_F00195g; ubiquitin-40S ribosomal protein S31 fusion protein
yli:2908978	CDS	F:complement(1371090..1371563)	YALI2_F00784g; Desumoylating isopeptidase 1
yli:2908979	CDS	F:1372693..1375509	YALI2_F00196g; 26S proteasome regulatory subunit RPN2
yli:2908980	CDS	F:complement(1376168..1377736)	YALI2_F00783g; Putative U3 small nucleolar RNA-associated protein 7
yli:2908981	CDS	F:1378431..1379513	YALI2_F00197g; ANL1P interacting protein
yli:7009614	rRNA	F:complement(1379639..1379754)	YALI2_F00017r; 5S ribosomal RNA
yli:2908989	tRNA	F:complement(join(1379763..1379797,1379811..1379847))	YALI2_F00015t; tRNA-Gln
yli:2908990	CDS	F:complement(1380194..1380733)	YALI2_F00782g; Hypothetical protein
yli:2908991	CDS	F:complement(1382428..1383837)	YALI2_F00781g; D-3-phosphoglycerate dehydrogenase 1
yli:2908992	CDS	F:1386086..1387039	YALI2_F00198g; Mitochondrial metalloendopeptidase OMA1
yli:2908993	CDS	F:1388473..1390923	YALI2_F00199g; Lipase 4
yli:2908994	CDS	F:1391428..1392039	YALI2_F00200g; mitochondrial 54S ribosomal protein uL6m
yli:2908995	CDS	F:complement(1392491..1393162)	YALI2_F00780g; Cytochrome c oxidase assembly factor 1
yli:2908996	CDS	F:1393725..1394579	YALI2_F00201g; mitochondrial 54S ribosomal protein uL3m
yli:2908997	CDS	F:complement(join(1394872..1397918,1398196..1398391))	YALI2_F00779g; Exportin-1
yli:2908999	CDS	F:complement(1400412..1402622)	YALI2_F00778g; Hypothetical protein
yli:2909001	CDS	F:1405486..1406718	YALI2_F00202g; Hsp70/Hsp90 co-chaperone CNS1
yli:2909002	CDS	F:1412833..1413555	YALI2_F00203g; Hypothetical protein
yli:2909003	CDS	F:complement(join(1420032..1421007,1421625..1421659))	YALI2_F00777g; D-amino-acid oxidase
yli:2909004	CDS	F:1424334..1424813	YALI2_F00204g; Hypothetical protein
yli:2909005	CDS	F:complement(1426056..1428839)	YALI2_F00776g; Oligopeptide transporter 2
yli:2909006	tRNA	F:complement(1430608..1430681)	YALI2_F00016t; tRNA-Ala
yli:2909007	CDS	F:complement(1431370..1432602)	YALI2_F00775g; Protein mlo2
yli:2909008	CDS	F:1434138..1435403	YALI2_F00205g; DNA repair protein RAD57
yli:2907935	tRNA	F:join(1435881..1435917,1435937..1435972)	YALI2_F00017t; tRNA-Phe
yli:2907936	CDS	F:1438899..1440398	YALI2_F00206g; Hypothetical protein
yli:2907937	tRNA	F:complement(join(1441370..1441405,1441425..1441462))	YALI2_F00018t; tRNA-Ile
yli:2907938	CDS	F:complement(1441881..1442387)	YALI2_F00774g; Hypothetical protein
yli:2907939	CDS	F:complement(1442562..1445297)	YALI2_F00773g; Putative protein RSN1
yli:2907940	CDS	F:complement(1448202..1448540)	YALI2_F00772g; Mediator of RNA polymerase II transcription subunit 22
yli:2907941	CDS	F:1449281..1450249	YALI2_F00207g; Serine/threonine-protein phosphatase 4 catalytic subunit
yli:2907942	CDS	F:complement(join(1450849..1450959,1451429..1451677))	YALI2_F00771g; Hypothetical protein
yli:2908964	CDS	F:join(1453032..1453037,1453545..1454438)	YALI2_F00208g; Repressor of RNA polymerase III transcription MAF1
yli:2908965	CDS	F:1455638..1456990	YALI2_F00209g; Putative aspartic-type endopeptidase OpsB
yli:2908966	tRNA	F:join(1457641..1457678,1457693..1457736)	YALI2_F00019t; tRNA-Leu
yli:7009615	rRNA	F:complement(1459377..1459492)	YALI2_F00018r; 5S ribosomal RNA
yli:2908967	CDS	F:1460768..1461583	YALI2_F00210g; Hypothetical protein
yli:2908968	CDS	F:1462058..1462378	YALI2_F00211g; Hypothetical protein
yli:2908969	CDS	F:complement(1463196..1465895)	YALI2_F00770g; Protein msp1
yli:2908889	CDS	F:complement(1467277..1468536)	YALI2_F00769g; UPF0674 endoplasmic reticulum membrane protein
yli:2908890	CDS	F:1469152..1471122	YALI2_F00212g; Translation factor GUF1
yli:2908891	CDS	F:complement(1471468..1472058)	YALI2_F00768g; Ankyrin repeat-containing protein P1E11.10
yli:2908892	CDS	F:1472620..1473372	YALI2_F00213g; Mitochondrial inner membrane protease ATP23
yli:2908895	CDS	F:complement(join(1474046..1474823,1474870..1475382,1475495..1475793,1475834..1476286,1476338..1476451))	YALI2_F00767g; Hypothetical protein
yli:2907872	CDS	F:1481242..1483344	YALI2_F00214g; Acyl-coenzyme A oxidase 2
yli:2907800	tRNA	F:complement(1483595..1483668)	YALI2_F00020t; tRNA-Ala
yli:2907801	CDS	F:1485935..1488400	YALI2_F00215g; Hypothetical protein
yli:2907802	CDS	F:complement(1488455..1490077)	YALI2_F00766g; Xylulose kinase
yli:2907803	CDS	F:complement(1490390..1493749)	YALI2_F00765g; Hypothetical protein
yli:2907804	tRNA	F:complement(join(1494658..1494693,1494708..1494743))	YALI2_F00021t; tRNA-Pro
yli:2907805	CDS	F:complement(1495168..1496325)	YALI2_F00764g; Krueppel-like factor 15
yli:2908175	CDS	F:join(1500317..1500322,1500793..1502139)	YALI2_F00216g; Putative CAAX prenyl protease 1
yli:2908176	CDS	F:complement(join(1502449..1502669,1503034..1503268))	YALI2_F00763g; 40S ribosomal protein uS15
yli:2908177	CDS	F:complement(join(1504307..1504397,1504861..1504991))	YALI2_F00762g; Hypothetical protein
yli:2908178	CDS	F:1506044..1506961	YALI2_F00217g; Hypothetical protein
yli:2908179	CDS	F:complement(1507241..1508083)	YALI2_F00761g; Hsp70 nucleotide exchange factor FES1
yli:2908180	CDS	F:complement(1508804..1510777)	YALI2_F00760g; Exocyst complex component EXO84
yli:2907962	CDS	F:1511932..1513806	YALI2_F00218g; F-box-like/WD repeat-containing protein TBL1X
yli:2907963	CDS	F:1514149..1515393	YALI2_F00219g; Hypothetical protein
yli:2907964	CDS	F:1516502..1517275	YALI2_F00220g; Hypothetical protein
yli:2907965	CDS	F:complement(1517358..1519625)	YALI2_F00759g; Threonine--tRNA ligase, cytoplasmic
yli:2907966	CDS	F:1521596..1524163	YALI2_F00221g; Protein SQS1
yli:2907967	CDS	F:complement(1524647..1524889)	YALI2_F00758g; Hypothetical protein
yli:2907968	CDS	F:1527414..1528343	YALI2_F00222g; Methylsterol monooxygenase
yli:2909018	CDS	F:complement(join(1529430..1533315,1533462..1533466))	YALI2_F00757g; Mediator of RNA polymerase II transcription subunit 12
yli:2909019	CDS	F:complement(1534849..1535481)	YALI2_F00756g; Hypothetical protein
yli:2909020	CDS	F:1538657..1540723	YALI2_F00223g; Serine/threonine-protein kinase KSP1
yli:2909021	CDS	F:complement(1541808..1542482)	YALI2_F00755g; Hypothetical protein
yli:2909022	CDS	F:complement(1544716..1545588)	YALI2_F00754g; Putative feruloyl esterase A
yli:2908602	tRNA	F:complement(1547449..1547522)	YALI2_F00022t; tRNA-Val
yli:2908601	CDS	F:complement(join(1548675..1550249,1550599..1550601))	YALI2_F00753g; T-complex protein 1 subunit beta
yli:2908604	CDS	F:join(1553437..1553576,1554408..1555269)	YALI2_F00224g; Transcription factor SFP1
yli:2908605	CDS	F:1558119..1560122	YALI2_F00225g; Seipin
yli:2908603	CDS	F:1560680..1561894	YALI2_F00226g; Hypothetical protein
yli:2908620	CDS	F:1562661..1563257	YALI2_F00227g; Protein transport protein SFT2
yli:90949809	CDS	F:complement(1563520..1563744)	YALI2_F00752g; Hypothetical protein
yli:2908621	CDS	F:complement(1564020..1564982)	YALI2_F00751g; NAD-dependent histone deacetylase SIR2
yli:2908622	CDS	F:complement(1566195..1566773)	YALI2_F00750g; Hypothetical protein
yli:2908623	CDS	F:complement(1568495..1569280)	YALI2_F00749g; Cysteine dioxygenase
yli:2908624	CDS	F:complement(1570914..1571987)	YALI2_F00748g; GPI mannosyltransferase 2
yli:2908625	CDS	F:1573364..1574164	YALI2_F00228g; Hypothetical protein
yli:2908632	CDS	F:complement(1574874..1576550)	YALI2_F00747g; Ran-binding protein 9
yli:2908634	CDS	F:1579415..1580116	YALI2_F00229g; Hypothetical protein
yli:2908635	CDS	F:complement(1582067..1583416)	YALI2_F00746g; Adenosylhomocysteinase
yli:2908636	CDS	F:join(1584985..1584999,1586074..1586907)	YALI2_F00230g; Phosphoglycerate mutase-like protein AT74H
yli:2908637	CDS	F:1588614..1589987	YALI2_F00231g; Carboxypeptidase Y
yli:2908638	CDS	F:complement(1593509..1595761)	YALI2_F00745g; Ferric/cupric reductase transmembrane component 2
yli:2908261	CDS	F:complement(1598666..1600864)	YALI2_F00744g; Outer spore wall assembly protein SHE10
yli:2908262	CDS	F:1602458..1605028	YALI2_F00232g; SIT4-associating protein
yli:2908263	CDS	F:complement(1605301..1606164)	YALI2_F00743g; DnaJ shv
yli:2908264	CDS	F:complement(1607406..1608572)	YALI2_F00742g; Pheromone a factor receptor
yli:2908265	CDS	F:1609759..1610382	YALI2_F00233g; Putative very-long-chain (3R)-3-hydroxyacyl-CoA dehydratase
yli:2908266	CDS	F:1610912..1611349	YALI2_F00234g; Succinate dehydrogenase assembly factor 2
yli:2908187	CDS	F:complement(1613047..1614369)	YALI2_F00741g; Retrograde regulation protein 1
yli:2908188	CDS	F:1617568..1617978	YALI2_F00235g; ER-derived vesicles protein ERV14
yli:2908189	CDS	F:complement(join(1618300..1619455,1619503..1619543))	YALI2_F00740g; Hypothetical protein
yli:2908190	CDS	F:1620207..1620704	YALI2_F00236g; Hypothetical protein
yli:2908191	CDS	F:complement(1621108..1622106)	YALI2_F00739g; Hypothetical protein
yli:2908192	CDS	F:complement(join(1623508..1627692,1627768..1628211))	YALI2_F00738g; Metal resistance protein YCF1
yli:2907956	CDS	F:complement(1629234..1630664)	YALI2_F00737g; Putative J domain-containing protein
yli:2907957	CDS	F:complement(1631609..1632106)	YALI2_F00736g; Hypothetical protein
yli:2907958	CDS	F:complement(join(1632649..1634981,1635100..1635211))	YALI2_F00735g; Cell division control protein 48
yli:2907959	CDS	F:1636072..1637109	YALI2_F00237g; Type IV inositol polyphosphate 5-phosphatase 11
yli:2907960	CDS	F:1638453..1640270	YALI2_F00238g; Bifunctional protein RIB2
yli:2907961	CDS	F:complement(1640861..1643287)	YALI2_F00734g; N-terminal acetyltransferase A complex subunit nat1
yli:2907951	CDS	F:1647502..1648152	YALI2_F00239g; Hypothetical protein
yli:2907950	CDS	F:complement(1657349..1658641)	YALI2_F00733g; Hypothetical protein
yli:2907955	CDS	F:join(1679679..1680314,1680522..1680553,1680611..1680803)	YALI2_F00240g; Hypothetical protein
yli:2907953	CDS	F:1688764..1689519	YALI2_F00241g; ATP-dependent Clp protease proteolytic subunit 2
yli:2907954	CDS	F:complement(1690032..1691909)	YALI2_F00732g; Cell wall integrity protein scw1
yli:2908960	CDS	F:1693269..1695167	YALI2_F00242g; pH-response regulator protein PalH/RIM21
yli:2908069	tRNA	F:join(1695797..1695833,1695854..1695889)	YALI2_F00023t; tRNA-Lys
yli:2908070	CDS	F:1697462..1699810	YALI2_F00243g; Heat shock protein 78
yli:2908071	tRNA	F:complement(1700485..1700558)	YALI2_F00024t; tRNA-Ala
yli:2908072	CDS	F:complement(1701097..1702074)	YALI2_F00731g; Hypothetical protein
yli:7009618	rRNA	F:1702861..1702976	YALI2_F00019r; 5S ribosomal RNA
yli:2908073	CDS	F:1703619..1704767	YALI2_F00244g; Hypothetical protein
yli:2908074	CDS	F:1706287..1707708	YALI2_F00245g; DnaJ 1
yli:2908075	CDS	F:1711583..1713613	YALI2_F00246g; TBC1 domain family member 14
yli:2908042	CDS	F:1717507..1719426	YALI2_F00247g; Sphingomyelin phosphodiesterase 2
yli:2908043	CDS	F:1723457..1724653	YALI2_F00248g; Putative protein phosphatase 2C 62
yli:2908044	CDS	F:complement(join(1726170..1730246,1730490..1731083))	YALI2_F00730g; Pentafunctional AROM polypeptide
yli:2908045	CDS	F:1732343..1733686	YALI2_F00249g; p21-activated protein kinase-interacting protein 1
yli:2908046	CDS	F:1734325..1734834	YALI2_F00250g; Myosin regulatory light chain 1
yli:2908047	CDS	F:1735243..1737366	YALI2_F00251g; Hypothetical protein
yli:2908199	CDS	F:complement(1737540..1738457)	YALI2_F00729g; TPR repeat-containing thioredoxin TTL4
yli:2908200	CDS	F:complement(1738983..1740071)	YALI2_F00728g; Ceramide very long chain fatty acid hydroxylase SCS7
yli:2908201	CDS	F:1742097..1743233	YALI2_F00252g; tRNA (guanine(9)-N1)-methyltransferase
yli:2908202	CDS	F:1745641..1749960	YALI2_F00253g; Protein zds1
yli:2908203	CDS	F:complement(1750464..1752131)	YALI2_F00727g; Transcription initiation factor IIF subunit alpha
yli:90949788	CDS	F:join(1753375..1753475,1753892..1754126)	YALI2_F00254g; Hypothetical protein
yli:2908204	CDS	F:complement(join(1754603..1758323,1758369..1758382))	YALI2_F00726g; Hypothetical protein
yli:90949808	CDS	F:complement(join(1759873..1760550,1760592..1760783))	YALI2_F00725g; Putative protein YcjY
yli:90949789	CDS	F:join(1761509..1761577,1761618..1761747,1761807..1762071,1762146..1762446)	YALI2_F00255g; Putative protein YcjY
yli:2908171	CDS	F:1765368..1766519	YALI2_F00256g; Ammonium transporter MEP2
yli:2908172	CDS	F:complement(1767696..1768562)	YALI2_F00724g; Hypothetical protein
yli:2908173	CDS	F:1769914..1773075	YALI2_F00257g; Exocyst complex component sec15
yli:2908174	CDS	F:complement(1773441..1774724)	YALI2_F00723g; mitochondrial 37S ribosomal protein uS2m
yli:2909009	CDS	F:complement(1777756..1778817)	YALI2_F00722g; Hypothetical protein
yli:2909010	CDS	F:complement(1780269..1780778)	YALI2_F00721g; Hypothetical protein
yli:2909011	CDS	F:1781271..1782962	YALI2_F00258g; Pre-mRNA-splicing factor CWC25
yli:7009619	CDS	F:complement(join(1783357..1783675,1783722..1783774))	YALI2_F00720g; Hypothetical protein
yli:7009620	CDS	F:1783883..1785484	YALI2_F00259g; Hypothetical protein
yli:2909012	CDS	F:complement(1786019..1786390)	YALI2_F00719g; rRNA-processing protein CGR1
yli:2909013	CDS	F:1786567..1787508	YALI2_F00260g; Checkpoint protein hus1
yli:2909014	CDS	F:1788604..1789404	YALI2_F00261g; Glyoxylate pathway regulator
yli:2907849	CDS	F:complement(1790166..1791860)	YALI2_F00718g; Ino eighty subunit 1
yli:2907885	CDS	F:complement(1792409..1795339)	YALI2_F00717g; Dibasic-processing endoprotease
yli:90949807	CDS	F:complement(1797411..1801253)	YALI2_F00716g; LINE-1 retrotransposable element ORF2 protein
yli:90949806	CDS	F:complement(1801316..1803460)	YALI2_F00715g; Hypothetical protein
yli:2907850	CDS	F:1804009..1807872	YALI2_F00262g; Rho-type GTPase-activating protein 1
yli:2908311	CDS	F:complement(1808189..1808806)	YALI2_F00714g; Transcription initiation factor TFIID subunit 3
yli:2908310	CDS	F:1809121..1809690	YALI2_F00263g; Putative coatomer subunit zeta
yli:2908314	CDS	F:complement(join(1810390..1813788,1814222..1814227))	YALI2_F00713g; Ribosome quality control complex subunit 2
yli:2908312	CDS	F:complement(1814883..1817030)	YALI2_F00712g; Putative glucan endo-1,3-beta-glucosidase BtgC
yli:2908313	CDS	F:1818675..1821113	YALI2_F00264g; Oleate-activated transcription factor 1
yli:2907876	CDS	F:join(1821967..1822107,1822170..1822313,1822382..1828258)	YALI2_F00265g; Myosin type-2 heavy chain 1
yli:7009621	CDS	F:join(1828900..1828956,1829002..1829089,1829153..1829340)	YALI2_F00266g; Transcription elongation factor SPT4
yli:2907877	CDS	F:1829427..1830092	YALI2_F00267g; Hypothetical protein
yli:2907878	CDS	F:complement(1830314..1831258)	YALI2_F00711g; Cytochrome c oxidase assembly protein COX18
yli:2907879	CDS	F:complement(1831556..1833031)	YALI2_F00710g; Mitochondrial-processing peptidase subunit alpha
yli:2907881	CDS	F:1834397..1835461	YALI2_F00268g; Homoserine kinase
yli:2908321	CDS	F:1836988..1838256	YALI2_F00269g; Nuclear localization sequence-binding protein
yli:2908322	CDS	F:1840707..1841894	YALI2_F00270g; mRNA decay activator protein ZFP36L2
yli:2908323	CDS	F:complement(join(1842520..1846476,1846580..1847269))	YALI2_F00709g; Hypothetical protein
yli:2908324	CDS	F:complement(1847969..1848832)	YALI2_F00708g; Inorganic pyrophosphatase
yli:2908325	tRNA	F:complement(1849791..1849862)	YALI2_F00025t; tRNA-His
yli:2908326	CDS	F:1850670..1852556	YALI2_F00271g; Hypothetical protein
yli:2908315	CDS	F:1853671..1855473	YALI2_F00272g; Putative transporter SEO1
yli:2908316	CDS	F:complement(1855828..1858662)	YALI2_F00707g; Protein kinase byr2
yli:2908317	CDS	F:complement(1861119..1862306)	YALI2_F00706g; NIPA-like protein 3
yli:2908318	CDS	F:join(1866983..1868312,1869052..1870784)	YALI2_F00273g; Hypothetical protein
yli:2908319	CDS	F:complement(1871813..1875097)	YALI2_F00705g; Hypothetical protein
yli:2908320	CDS	F:join(1877527..1877671,1877737..1881230)	YALI2_F00274g; Virulence protein SSD1
yli:2908680	CDS	F:1882374..1883978	YALI2_F00275g; Putative drug/proton antiporter YHK8
yli:2908681	CDS	F:complement(1884126..1885310)	YALI2_F00704g; Hypothetical protein
yli:2908682	CDS	F:complement(join(1887192..1891890,1891937..1892124))	YALI2_F00703g; DNA-directed RNA polymerase I subunit
yli:2908683	CDS	F:join(1894492..1894643,1894817..1897574)	YALI2_F00276g; Inner centromere protein-related protein pic1
yli:90949805	CDS	F:complement(1904343..1908245)	YALI2_F00702g; LINE-1 retrotransposable element ORF2 protein
yli:90949804	CDS	F:complement(1908420..1909952)	YALI2_F00701g; Hypothetical protein
yli:2908686	tRNA	F:complement(join(1918085..1918120,1918130..1918166))	YALI2_F00026t; tRNA-Lys
yli:2908687	CDS	F:complement(1918539..1919645)	YALI2_F00700g; Formate dehydrogenase
yli:2908181	CDS	F:1922472..1925096	YALI2_F00277g; Oligopeptide transporter 2
yli:7009623	rRNA	F:complement(1925608..1925721)	YALI2_F00020r; 5S ribosomal RNA
yli:2908182	CDS	F:1929413..1931008	YALI2_F00278g; Putative MFS-type transporter
yli:2908183	CDS	F:complement(join(1931524..1931581,1931662..1932023))	YALI2_F00699g; Hypothetical protein
yli:2908184	CDS	F:complement(1932490..1935630)	YALI2_F00698g; Inositol hexakisphosphate kinase 1
yli:2908185	CDS	F:1937950..1939083	YALI2_F00279g; Cysteine synthase 1
yli:2908186	CDS	F:complement(1939295..1940254)	YALI2_F00697g; Serine/threonine-protein phosphatase PP2A catalytic subunit
yli:2907996	CDS	F:join(1940633..1941289,1941560..1941940)	YALI2_F00280g; Hypothetical protein
yli:2908578	CDS	F:complement(1942202..1943824)	YALI2_F00696g; Lysophospholipase 3
yli:2908579	CDS	F:complement(1945689..1946618)	YALI2_F00695g; Palmitoyl-protein thioesterase 1
yli:2908581	CDS	F:complement(1947811..1950525)	YALI2_F00694g; Kinesin-like protein BimC
yli:2908580	CDS	F:1951718..1952395	YALI2_F00281g; Maf-like protein
yli:2908030	CDS	F:1954930..1956039	YALI2_F00282g; Putative mitochondrial phosphate carrier protein
yli:2908031	CDS	F:1956472..1957299	YALI2_F00283g; Putative RNA-binding protein
yli:2908029	CDS	F:complement(join(1957615..1958498,1958551..1958594,1958646..1958845))	YALI2_F00693g; Hypothetical protein
yli:2908033	CDS	F:complement(1959353..1959850)	YALI2_F00692g; Hypothetical protein
yli:2908032	CDS	F:complement(1960210..1961112)	YALI2_F00691g; Hypothetical protein
yli:2908355	CDS	F:complement(1961422..1962786)	YALI2_F00690g; Hypothetical protein
yli:2908356	CDS	F:1963922..1964719	YALI2_F00284g; Transcription initiation factor IIE subunit beta
yli:2908354	CDS	F:1965164..1966570	YALI2_F00285g; U3 small nucleolar RNA-associated protein 6
yli:2908358	CDS	F:complement(1966730..1967536)	YALI2_F00689g; Hypothetical protein
yli:2908357	CDS	F:1967864..1968616	YALI2_F00286g; Cleavage and polyadenylation specificity factor subunit 5
yli:2907787	CDS	F:complement(1969006..1970397)	YALI2_F00688g; Transcriptional adapter 2
yli:2907788	CDS	F:join(1971286..1971288,1971412..1971825)	YALI2_F00287g; 40S ribosomal protein eS17
yli:2907786	CDS	F:join(1972684..1974247,1974309..1974385)	YALI2_F00288g; DNA damage-responsive transcriptional repressor RPH1
yli:2907790	CDS	F:complement(1976507..1980358)	YALI2_F00687g; Hypothetical protein
yli:2907789	CDS	F:complement(1982945..1983586)	YALI2_F00686g; Hypothetical protein
yli:2907768	CDS	F:1983979..1985763	YALI2_F00289g; Diphthine--ammonia ligase
yli:2907767	CDS	F:complement(1990508..1993651)	YALI2_F00685g; Importin subunit beta-3
yli:2907770	CDS	F:1995682..1998669	YALI2_F00290g; Protein SYG1
yli:2907771	CDS	F:2001450..2002319	YALI2_F00291g; Hypothetical protein
yli:2907769	CDS	F:complement(2002758..2003753)	YALI2_F00684g; Hypothetical protein
yli:2908930	CDS	F:complement(join(2004293..2004475,2004980..2004982))	YALI2_F00683g; 40S ribosomal protein eS30
yli:2908929	CDS	F:complement(2006197..2006766)	YALI2_F00682g; Hypothetical protein
yli:2908932	CDS	F:2009277..2014091	YALI2_F00292g; Serine/threonine-protein kinase cek1
yli:2908933	CDS	F:2015535..2016596	YALI2_F00293g; Acyl-coenzyme A thioesterase 8
yli:2908931	CDS	F:complement(join(2016732..2017516,2017567..2017615))	YALI2_F00681g; Hypothetical protein
yli:2908294	CDS	F:2017906..2019963	YALI2_F00294g; Origin recognition complex subunit 3
yli:2908295	CDS	F:complement(join(2020074..2020362,2020442..2021556))	YALI2_F00680g; Dolichyl-diphosphooligosaccharide--protein glycosyltransferase subunit 1
yli:2908674	CDS	F:2022770..2024569	YALI2_F00295g; Hypothetical protein
yli:2908675	CDS	F:complement(2024664..2026262)	YALI2_F00679g; Eukaryotic translation initiation factor 3 subunit D
yli:2908676	CDS	F:join(2026871..2026920,2026993..2027007,2027081..2027125,2027202..2027623,2027682..2027803)	YALI2_F00296g; Proteasome subunit beta type-1
yli:2908677	CDS	F:complement(2027904..2029919)	YALI2_F00678g; Hypothetical protein
yli:2908678	CDS	F:complement(2030642..2030956)	YALI2_F00677g; UPF0357 protein
yli:2908679	CDS	F:2035629..2038001	YALI2_F00297g; Putative mannosyl-oligosaccharide glucosidase
yli:2908036	CDS	F:complement(2038769..2039575)	YALI2_F00676g; Putative vacuolar amino acid transporter YPQ3
yli:2908040	CDS	F:2054332..2055558	YALI2_F00298g; Hypothetical protein
yli:2908041	CDS	F:complement(2057108..2058064)	YALI2_F00675g; Hypothetical protein
yli:2908922	CDS	F:complement(2060325..2062292)	YALI2_F00674g; Leucine-rich repeat-containing protein sog2
yli:2908924	CDS	F:complement(2066114..2068984)	YALI2_F00673g; Protein SKT5
yli:2908925	CDS	F:join(2078112..2078124,2078914..2080880)	YALI2_F00299g; ATP-dependent RNA helicase SUV3
yli:2908926	CDS	F:complement(2081163..2083556)	YALI2_F00672g; Conidiophore development regulator AbaA
yli:2908927	CDS	F:2088252..2090024	YALI2_F00300g; UPF0061 protein
yli:2908928	CDS	F:complement(2090133..2091323)	YALI2_F00671g; Protein CSN12
yli:2908653	CDS	F:2091885..2092763	YALI2_F00301g; Protein PXR1
yli:2908654	CDS	F:complement(2103642..2104463)	YALI2_F00670g; Putative N-terminal acetyltransferase 2
yli:2908655	CDS	F:complement(2104978..2105661)	YALI2_F00669g; Protein YIP4
yli:2908656	tRNA	F:complement(2105803..2105875)	YALI2_F00027t; tRNA-Ala
yli:2908657	CDS	F:complement(2106362..2107249)	YALI2_F00668g; Hypothetical protein
yli:2908658	CDS	F:2109359..2110984	YALI2_F00302g; Serine palmitoyltransferase 2
yli:2908061	CDS	F:2113111..2115909	YALI2_F00303g; Ubiquitin carboxyl-terminal hydrolase 4
yli:2908062	CDS	F:2117489..2118667	YALI2_F00304g; Actin-related protein 2
yli:2908063	CDS	F:complement(2119180..2120451)	YALI2_F00667g; Zinc-regulated transporter 1
yli:2908064	CDS	F:complement(2124009..2125097)	YALI2_F00666g; Mitochondrial carrier protein LEU5
yli:2908065	tRNA	F:2126847..2126920	YALI2_F00028t; tRNA-Ala
yli:2908066	CDS	F:complement(2127300..2128289)	YALI2_F00665g; DNA repair protein rhp51
yli:2908067	tRNA	F:complement(join(2131974..2132009,2132029..2132066))	YALI2_F00029t; tRNA-Ile
yli:2908068	CDS	F:complement(2133189..2134763)	YALI2_F00664g; Hypothetical protein
yli:2909042	tRNA	F:2135989..2136070	YALI2_F00030t; tRNA-Ser
yli:2909043	CDS	F:complement(join(2136781..2137685,2137926..2137998))	YALI2_F00663g; Transaldolase
yli:2909044	CDS	F:2140604..2141710	YALI2_F00305g; Mitochondrial magnesium exporter 1
yli:2909045	CDS	F:complement(join(2142106..2142762,2143321..2143347))	YALI2_F00662g; V-type proton ATPase subunit E
yli:2909046	CDS	F:complement(join(2144312..2146461,2146616..2147621))	YALI2_F00661g; Hypothetical protein
yli:7009624	rRNA	F:complement(2160619..2160734)	YALI2_F00021r; 5S ribosomal RNA
yli:2908919	CDS	F:2163659..2164372	YALI2_F00306g; Ubiquitin carboxyl-terminal hydrolase isozyme L3
yli:2908920	CDS	F:complement(2164807..2165454)	YALI2_F00660g; mRNA-decapping enzyme subunit 1
yli:2908921	CDS	F:complement(2166029..2166916)	YALI2_F00659g; Hypothetical protein
yli:2908253	CDS	F:2168648..2171071	YALI2_F00307g; Anaphase spindle elongation protein 1
yli:2908254	CDS	F:complement(2171201..2172214)	YALI2_F00658g; Transcription initiation factor IIF subunit beta
yli:7009625	rRNA	F:complement(2172827..2172942)	YALI2_F00022r; 5S ribosomal RNA
yli:2908255	CDS	F:2174159..2175223	YALI2_F00308g; Pre-mRNA-splicing factor 18
yli:2908256	CDS	F:complement(2176381..2177733)	YALI2_F00657g; 20S-pre-rRNA D-site endonuclease NOB1
yli:2908257	CDS	F:2178560..2180119	YALI2_F00309g; Protein SGT1
yli:2908258	CDS	F:complement(2180920..2182404)	YALI2_F00656g; LETM1 domain-containing protein mdm28
yli:2908613	CDS	F:2184338..2184967	YALI2_F00310g; Hypothetical protein
yli:2908614	CDS	F:complement(join(2185262..2185793,2186335..2186411))	YALI2_F00655g; Peroxisomal membrane protein PMP22
yli:2908615	CDS	F:2188583..2191144	YALI2_F00311g; SWI/SNF complex subunit SMARCC2
yli:2908616	CDS	F:2191490..2192239	YALI2_F00312g; Hypothetical protein
yli:2908617	CDS	F:2192900..2193997	YALI2_F00313g; Formate dehydrogenase
yli:2908618	CDS	F:2194583..2195626	YALI2_F00314g; Eukaryotic translation initiation factor 3 subunit H
yli:2908619	CDS	F:2196640..2199174	YALI2_F00315g; Beta-glucosidase 2
yli:2908583	CDS	F:complement(2199250..2200188)	YALI2_F00654g; Putative tRNA (cytidine(32)/guanosine(34)-2'-O)-methyltransferase
yli:2908584	CDS	F:2200947..2201288	YALI2_F00316g; BolA-like protein 3
yli:2908585	CDS	F:complement(2201670..2202884)	YALI2_F00653g; Hypothetical protein
yli:2908586	CDS	F:2204547..2206700	YALI2_F00317g; Eukaryotic translation initiation factor 3 subunit B
yli:2908587	CDS	F:2207367..2208485	YALI2_F00318g; tRNA acetyltransferase TAN1
yli:2908588	CDS	F:complement(2208802..2210937)	YALI2_F00652g; CBL-interacting protein kinase 2
yli:2907811	CDS	F:complement(join(2214192..2215203,2215533..2215561))	YALI2_F00651g; V-type proton ATPase subunit D
yli:2907812	CDS	F:2215977..2217074	YALI2_F00319g; Conserved oligomeric Golgi complex subunit 8
yli:2907813	CDS	F:2219039..2219920	YALI2_F00320g; Glyoxylate pathway regulator
yli:2907814	tRNA	F:join(2221070..2221107,2221126..2221169)	YALI2_F00031t; tRNA-Leu
yli:2907815	CDS	F:complement(2221376..2223124)	YALI2_F00650g; Lysine--tRNA ligase, cytoplasmic
yli:2907816	CDS	F:2224030..2225514	YALI2_F00321g; Histone acetyltransferase
yli:2907817	CDS	F:complement(2225567..2226580)	YALI2_F00649g; Meiotic recombination protein SPO11
yli:2908876	CDS	F:2227495..2228856	YALI2_F00322g; Gamma-butyrobetaine dioxygenase
yli:2908877	CDS	F:complement(2228933..2231242)	YALI2_F00648g; Dynamin-related protein dnm1
yli:2908878	CDS	F:2233722..2235380	YALI2_F00323g; Fatty-acid amide hydrolase 1
yli:2908879	CDS	F:complement(2235514..2236989)	YALI2_F00647g; Putative transporter
yli:7009627	rRNA	F:complement(2240607..2240725)	YALI2_F00023r; 5S ribosomal RNA
yli:2908880	CDS	F:complement(2241773..2243572)	YALI2_F00646g; Conserved oligomeric Golgi complex subunit 6
yli:2908881	CDS	F:2245147..2246889	YALI2_F00324g; Carboxypeptidase S
yli:2908904	CDS	F:2253543..2255138	YALI2_F00325g; Transcriptional repressor XBP1
yli:2908905	tRNA	F:join(2255798..2255835,2255853..2255888)	YALI2_F00032t; tRNA-Asn
yli:2908906	CDS	F:join(2257300..2257318,2257823..2258733)	YALI2_F00326g; Phosphatidylinositol transfer protein SFH5
yli:2908907	CDS	F:complement(2260981..2263257)	YALI2_F00645g; Putative transcriptional regulatory protein STB4
yli:90949790	CDS	F:2266551..2266829	YALI2_F00327g; Hypothetical protein
yli:2908909	CDS	F:complement(2267363..2268085)	YALI2_F00644g; Hypothetical protein
yli:2908569	CDS	F:complement(2268221..2273488)	YALI2_F00643g; Protein SPA2
yli:2908570	CDS	F:2276116..2277051	YALI2_F00328g; Hypothetical protein
yli:2907988	CDS	F:2278297..2279973	YALI2_F00329g; Alkaline phosphatase
yli:7009628	rRNA	F:2282078..2282193	YALI2_F00024r; 5S ribosomal RNA
yli:2907989	CDS	F:complement(2282521..2283753)	YALI2_F00642g; Hypothetical protein
yli:2907990	CDS	F:join(2286315..2286389,2286451..2286464,2286536..2286575,2286626..2287336)	YALI2_F00330g; E3 ubiquitin-protein ligase CHIP
yli:2907991	tRNA	F:complement(join(2287434..2287468,2287484..2287520))	YALI2_F00033t; tRNA-Asp
yli:2907992	CDS	F:complement(join(2288470..2289740,2290187..2290232))	YALI2_F00641g; Enolase
yli:2907993	CDS	F:complement(2291722..2294274)	YALI2_F00640g; Homeobox protein ANF-1
yli:2907994	CDS	F:2298666..2300480	YALI2_F00331g; COP9 signalosome complex subunit 2
yli:7009629	rRNA	F:complement(2300776..2300891)	YALI2_F00025r; 5S ribosomal RNA
yli:2907982	CDS	F:complement(2301396..2302949)	YALI2_F00639g; Ammonium transporter MEP1
yli:2907983	CDS	F:complement(join(2312101..2313470,2313667..2313682))	YALI2_F00638g; Hypothetical protein
yli:2907984	CDS	F:complement(join(2316555..2321107,2321537..2321717))	YALI2_F00637g; Oxysterol-binding protein
yli:2907985	CDS	F:complement(2324093..2324488)	YALI2_F00636g; Hypothetical protein
yli:2907986	CDS	F:2325481..2326329	YALI2_F00332g; Hypothetical protein
yli:2907987	CDS	F:complement(join(2326544..2329686,2329951..2330035))	YALI2_F00635g; Transforming growth factor-beta receptor-associated protein 1
yli:2907826	CDS	F:2330218..2331543	YALI2_F00333g; pH-response regulator protein PalC
yli:2907827	CDS	F:complement(join(2331722..2331909,2331972..2332113))	YALI2_F00634g; Anaphase-promoting complex subunit 11
yli:2907828	CDS	F:2332785..2333369	YALI2_F00334g; Transcriptional activator HAP3
yli:2907829	tRNA	F:2334112..2334193	YALI2_F00034t; tRNA-Ser
yli:2907830	CDS	F:2334423..2335877	YALI2_F00335g; ATP-dependent DNA helicase Q-like 3
yli:2907831	CDS	F:complement(2336002..2336904)	YALI2_F00633g; Diphthine methyl ester synthase
yli:2907843	CDS	F:2337984..2338877	YALI2_F00336g; Hypothetical protein
yli:2907844	CDS	F:2339617..2340093	YALI2_F00337g; Hypothetical protein
yli:2907845	CDS	F:2341775..2342749	YALI2_F00338g; Hypothetical protein
yli:2907846	CDS	F:complement(2343397..2343852)	YALI2_F00632g; Mitochondrial intermembrane space cysteine motif-containing protein MIX17
yli:2908424	CDS	F:2345389..2346789	YALI2_F00339g; NADH-ubiquinone oxidoreductase 49 kDa subunit
yli:2907847	CDS	F:complement(join(2347785..2348368,2348909..2348939))	YALI2_F00631g; GTP-binding protein rho3
yli:2907848	CDS	F:2351008..2351727	YALI2_F00340g; Chaperone protein DnaJ
yli:2908869	CDS	F:complement(join(2352373..2353229,2353774))	YALI2_F00630g; Mitochondrial outer membrane protein porin
yli:2908870	CDS	F:2355592..2356086	YALI2_F00341g; Hypothetical protein
yli:2908871	CDS	F:2357036..2358997	YALI2_F00342g; Pumilio homology domain family member 6
yli:2908872	CDS	F:2359488..2360039	YALI2_F00343g; U3 small nucleolar ribonucleoprotein IMP3
yli:2908873	CDS	F:complement(2360576..2361850)	YALI2_F00629g; Putative alpha-1,6-mannosyltransferase MNN11
yli:2908874	CDS	F:complement(2362661..2365171)	YALI2_F00628g; Heme-responsive zinc finger transcription factor HAP1
yli:2908875	CDS	F:2367507..2368886	YALI2_F00344g; MFS transporter AsaE
yli:2908273	CDS	F:2373097..2376519	YALI2_F00345g; Multidrug resistance regulator 1
yli:2908274	CDS	F:complement(2378297..2379163)	YALI2_F00627g; Cell wall synthesis protein KRE9
yli:2908275	CDS	F:2381150..2381539	YALI2_F00346g; mitochondrial 54S ribosomal protein uL14m
yli:2908276	CDS	F:complement(join(2382197..2382506,2382573..2382598))	YALI2_F00626g; DNA-directed RNA polymerase II subunit RPB9
yli:2908277	CDS	F:join(2382889..2382953,2383106..2383532)	YALI2_F00347g; mitochondrial 54S ribosomal protein bL12m
yli:2907886	CDS	F:complement(2384052..2384963)	YALI2_F00625g; Hypothetical protein
yli:2909036	CDS	F:2386021..2386782	YALI2_F00348g; mitochondrial 54S ribosomal protein mL61
yli:2909035	CDS	F:2387431..2388687	YALI2_F00349g; 25S rRNA (adenine(645)-N(1))-methyltransferase
yli:2909038	CDS	F:complement(2388897..2390198)	YALI2_F00624g; Prephenate dehydrogenase [NADP(+)]
yli:2909039	CDS	F:2390769..2393015	YALI2_F00350g; Conserved oligomeric Golgi complex subunit 3
yli:2909037	CDS	F:complement(join(2393308..2393516,2393576..2393594))	YALI2_F00623g; General transcription and DNA repair factor IIH subunit TFB5
yli:2908641	CDS	F:2394451..2397549	YALI2_F00351g; Vacuolar protein sorting-associated protein 41
yli:2908642	CDS	F:complement(2397633..2398934)	YALI2_F00622g; Nitrosoguanidine resistance protein SNG1
yli:2908643	CDS	F:2401199..2401930	YALI2_F00352g; Hypothetical protein
yli:2908644	CDS	F:complement(2402833..2405472)	YALI2_F00621g; Mediator of RNA polymerase II transcription subunit 16
yli:2908645	CDS	F:2407651..2409090	YALI2_F00353g; Protein YTP1
yli:2908646	CDS	F:2412548..2413924	YALI2_F00354g; NADP-specific glutamate dehydrogenase
yli:2908360	CDS	F:complement(join(2415319..2416691,2416978..2417038))	YALI2_F00620g; Cys-Gly metallodipeptidase DUG1
yli:2908361	CDS	F:2418012..2419007	YALI2_F00355g; Eukaryotic translation initiation factor 4E type 2
yli:2908362	CDS	F:2424494..2426587	YALI2_F00356g; Nitrogen regulatory protein AreA
yli:7009630	CDS	F:complement(2428107..2428538)	YALI2_F00619g; Putative N-acetyltransferase YvbK
yli:2908363	CDS	F:2429354..2430799	YALI2_F00357g; Histone promoter control protein 2
yli:2908364	tRNA	F:join(2430986..2431021,2431036..2431071)	YALI2_F00035t; tRNA-Pro
yli:2908365	CDS	F:complement(2431369..2432754)	YALI2_F00618g; Cysteine proteinase 1
yli:2908366	CDS	F:complement(2433737..2438263)	YALI2_F00617g; Protein SNQ2
yli:2908661	CDS	F:complement(join(2441147..2441196,2441669..2442254))	YALI2_F00616g; Hypothetical protein
yli:2908662	CDS	F:complement(2442449..2444887)	YALI2_F00615g; Putative cation exchanger
yli:7009631	rRNA	F:complement(2445845..2445960)	YALI2_F00026r; 5S ribosomal RNA
yli:2908663	tRNA	F:complement(2445969..2446039)	YALI2_F00036t; tRNA-Gly
yli:2908664	CDS	F:2449196..2451175	YALI2_F00358g; Arabinose-proton symporter
yli:2908665	CDS	F:complement(join(2451914..2453995,2454095..2454103))	YALI2_F00614g; GTPase-activating protein GYP5
yli:2908666	CDS	F:complement(2454812..2456005)	YALI2_F00613g; Hypothetical protein
yli:90949791	CDS	F:join(2457584..2457644,2457691..2457718,2457815..2457968)	YALI2_F00359g; Hypothetical protein
yli:2908667	CDS	F:complement(2458298..2458618)	YALI2_F00612g; mitochondrial 54S ribosomal protein mL54
yli:2908668	CDS	F:2459014..2460930	YALI2_F00360g; Synchronized import protein 1
yli:2908669	CDS	F:2461164..2461745	YALI2_F00361g; RNA polymerase II subunit A C-terminal domain phosphatase SSU72
yli:2908670	CDS	F:complement(2461845..2463089)	YALI2_F00611g; tRNA pseudouridine(38/39) synthase
yli:2908671	CDS	F:2463291..2465171	YALI2_F00362g; ATP-dependent rRNA helicase SPB4
yli:2908672	CDS	F:2468924..2469718	YALI2_F00363g; High mobility group protein 1
yli:2908673	CDS	F:complement(2470113..2470817)	YALI2_F00610g; Hypothetical protein
yli:2908299	CDS	F:2472009..2473448	YALI2_F00364g; tRNA threonylcarbamoyladenosine dehydratase 2
yli:2908298	CDS	F:complement(2478161..2479804)	YALI2_F00609g; Protein YSC84
yli:2908297	CDS	F:complement(2480814..2481698)	YALI2_F00608g; Mitochondrial ATPase complex subunit ATP10
yli:2908296	CDS	F:complement(2482970..2484637)	YALI2_F00607g; Metal tolerance protein 5
yli:2908652	CDS	F:join(2486372..2486389,2486622..2487542)	YALI2_F00365g; ADP/ATP carrier protein
yli:2908651	CDS	F:2488990..2489478	YALI2_F00366g; Transcriptional regulatory protein SAP30
yli:2908650	CDS	F:2490481..2491020	YALI2_F00367g; Coupling of ubiquitin conjugation to ER degradation protein 1
yli:2908649	CDS	F:complement(2491212..2492459)	YALI2_F00606g; Alkaline extracellular protease
yli:2908648	CDS	F:complement(join(2496029..2497354,2497416..2497433))	YALI2_F00605g; Hypothetical protein
yli:2908647	CDS	F:join(2499121..2499194,2499408..2499951)	YALI2_F00368g; Putative Ras-related protein Rab7
yli:2907678	CDS	F:complement(2500209..2502014)	YALI2_F00604g; Peroxisomal membrane protein PEX29
yli:2907677	CDS	F:join(2503259..2503268,2503319..2504301)	YALI2_F00369g; Mitotic checkpoint protein BUB3.1
yli:2907676	CDS	F:2505066..2506517	YALI2_F00370g; Putative transporter
yli:2907675	CDS	F:complement(2506601..2508139)	YALI2_F00603g; Lysophospholipid acyltransferase
yli:2907674	CDS	F:complement(2508682..2509191)	YALI2_F00602g; Hypothetical protein
yli:2907673	CDS	F:complement(2509716..2510897)	YALI2_F00601g; Ferrochelatase
yli:2908309	CDS	F:complement(2511956..2512429)	YALI2_F00600g; Deoxyuridine 5'-triphosphate nucleotidohydrolase
yli:2908308	CDS	F:complement(2512749..2514788)	YALI2_F00599g; G protein-coupled receptor GPR1
yli:2908307	CDS	F:2518117..2521329	YALI2_F00371g; DNA polymerase gamma
yli:2908306	CDS	F:complement(join(2521434..2524105,2524356..2524404))	YALI2_F00598g; Cohesin subunit psc3
yli:2908305	CDS	F:2526385..2529126	YALI2_F00372g; ERAD-associated E3 ubiquitin-protein ligase doa10
yli:2908303	CDS	F:2532475..2533704	YALI2_F00373g; Hypothetical protein
yli:2908956	tRNA	F:complement(2534087..2534160)	YALI2_F00037t; tRNA-Ala
yli:2908566	CDS	F:complement(join(2534674..2535965,2536020..2536107,2536175..2536225))	YALI2_F00597g; Suppressor protein STP22 of temperature-sensitive alpha-factor receptor and arginine permease
yli:90949792	CDS	F:join(2536589..2536596,2536672..2536755,2537033..2537168)	YALI2_F00374g; ATP synthase H
yli:2908955	CDS	F:complement(join(2537203..2538022,2538077..2538096))	YALI2_F00596g; Derlin-1
yli:2907981	CDS	F:2538432..2541440	YALI2_F00375g; Lysophospholipase 2
yli:2907980	CDS	F:2541888..2542808	YALI2_F00376g; Pirin
yli:2907979	CDS	F:complement(2542966..2544567)	YALI2_F00595g; Low-affinity glucose transporter
yli:2907978	CDS	F:complement(2544964..2546262)	YALI2_F00594g; ELMO domain-containing protein
yli:2907977	CDS	F:complement(2546778..2547653)	YALI2_F00593g; Putative methyltransferase
yli:90949803	CDS	F:complement(2547840..2548736)	YALI2_F00592g; Siderophore iron transporter MirC
yli:2907976	CDS	F:complement(2548809..2549786)	YALI2_F00591g; MFS siderochrome iron transporter C
yli:2907975	CDS	F:complement(2550964..2553648)	YALI2_F00590g; Hypothetical protein
yli:2909034	CDS	F:join(2554671..2554706,2554813..2557635)	YALI2_F00377g; Coatomer subunit beta
yli:2909033	CDS	F:complement(2557989..2558846)	YALI2_F00589g; CTP-dependent diacylglycerol kinase 1
yli:2909032	CDS	F:2564536..2566995	YALI2_F00378g; Hypothetical protein
yli:2909031	tRNA	F:complement(join(2568383..2568418,2568437..2568474))	YALI2_F00038t; tRNA-Asn
yli:2909030	CDS	F:complement(2569559..2572330)	YALI2_F00588g; Oligopeptide transporter 2
yli:2909029	CDS	F:complement(2574976..2577843)	YALI2_F00587g; Eukaryotic translation initiation factor 3 subunit A
yli:2908002	CDS	F:2582293..2583777	YALI2_F00379g; Hypothetical protein
yli:2908001	CDS	F:join(2584832..2584946,2585256..2585734)	YALI2_F00380g; Pleckstrin homology domain-containing family A member 8
yli:2908000	CDS	F:complement(2585958..2587103)	YALI2_F00586g; 30-kDa cleavage and polyadenylation specificity factor 30
yli:2907999	CDS	F:2592580..2593566	YALI2_F00381g; Hypothetical protein
yli:2907998	CDS	F:2595601..2596176	YALI2_F00382g; Hypothetical protein
yli:2907997	CDS	F:2596901..2598220	YALI2_F00383g; Hypothetical protein
yli:2907863	CDS	F:join(2599757..2599812,2600002..2601391)	YALI2_F00384g; Transcription factor RLM1
yli:2907862	CDS	F:join(2603235..2603240,2603385..2604107)	YALI2_F00385g; 40S ribosomal protein eS6
yli:2907861	CDS	F:complement(2605929..2607257)	YALI2_F00585g; Hypothetical protein
yli:90949802	CDS	F:complement(2608630..2608890)	YALI2_F00584g; Hypothetical protein
yli:2907860	CDS	F:complement(2609180..2610583)	YALI2_F00583g; Mannan endo-1,6-alpha-mannosidase DCW1
yli:2907859	CDS	F:2613066..2613365	YALI2_F00386g; Cyclin-dependent kinases regulatory subunit
yli:2907858	CDS	F:complement(2614512..2615426)	YALI2_F00582g; Endoribonuclease LACTB2
yli:2907857	CDS	F:2617181..2618788	YALI2_F00387g; Hypothetical protein
yli:2907856	CDS	F:complement(2619095..2620930)	YALI2_F00581g; E3 ubiquitin-protein ligase DMA2
yli:2907855	CDS	F:complement(2622752..2623678)	YALI2_F00580g; Hypothetical protein
yli:2907854	CDS	F:complement(2625312..2626283)	YALI2_F00579g; Putative oxidoreductase
yli:2907853	CDS	F:complement(2628369..2629340)	YALI2_F00578g; Hypothetical protein
yli:2907852	CDS	F:complement(2629762..2632746)	YALI2_F00577g; KH domain-containing protein
yli:2907851	CDS	F:2633667..2634272	YALI2_F00388g; Hypothetical protein
yli:2907835	CDS	F:complement(2634785..2636857)	YALI2_F00576g; Glycogen [starch] synthase
yli:90949793	CDS	F:2639677..2639937	YALI2_F00389g; uncharacterized protein
yli:2907870	CDS	F:2640018..2641088	YALI2_F00390g; Peroxisomal targeting signal 2 receptor
yli:2907834	CDS	F:complement(2645954..2647156)	YALI2_F00575g; Hypothetical protein
yli:2907833	CDS	F:2656720..2661534	YALI2_F00391g; Protein dopey
yli:2907832	CDS	F:complement(2661620..2662267)	YALI2_F00574g; eRF1 methyltransferase catalytic subunit MTQ2
yli:7009633	CDS	F:join(2662391..2662408,2662527..2662544,2662646..2662675,2662880..2663047)	YALI2_F00392g; Ubiquitin-like protein Rub1
yli:2907810	CDS	F:2663520..2665550	YALI2_F00393g; Pre-mRNA-splicing factor CLF1
yli:2907809	CDS	F:complement(2665877..2667694)	YALI2_F00573g; Branchpoint-bridging protein
yli:7009632	CDS	F:join(2668938..2668989,2669278..2669495)	YALI2_F00394g; NADH dehydrogenase [ubiquinone] iron-sulfur protein 5-A
yli:2907808	CDS	F:2670323..2671900	YALI2_F00395g; Putative metalloreductase AIM14
yli:2907807	CDS	F:complement(2672174..2673520)	YALI2_F00572g; Hypothetical protein
yli:2907806	CDS	F:2676528..2676836	YALI2_F00396g; uncharacterized protein
yli:2911469	CDS	F:complement(2678089..2679555)	YALI2_F00571g; ATP-dependent RNA helicase DBP5
yli:2911470	CDS	F:join(2681049..2681051,2681195..2682592)	YALI2_F00397g; RuvB-like helicase 2
yli:2911941	CDS	F:complement(join(2682904..2683333,2683901..2683954,2684010..2684011))	YALI2_F00570g; V-type proton ATPase 16 kDa proteolipid subunit 2
yli:2911552	CDS	F:2686583..2687596	YALI2_F00398g; Hypothetical protein
yli:2911553	CDS	F:complement(2687833..2688807)	YALI2_F00569g; Lipase 2
yli:2911986	CDS	F:2692803..2693108	YALI2_F00399g; Hypothetical protein
yli:2912754	CDS	F:complement(join(2695593..2695619,2696246..2696892,2697407..2698364))	YALI2_F00568g; Peptidyl-prolyl cis-trans isomerase-like 4
yli:2912999	CDS	F:2700717..2701409	YALI2_F00400g; Hypothetical protein
yli:2912964	CDS	F:2703442..2705337	YALI2_F00401g; Putative sphingomyelin phosphodiesterase asm-3
yli:2912965	CDS	F:complement(2708242..2709594)	YALI2_F00567g; Putative acid phosphatase
yli:2912971	CDS	F:complement(2712253..2715684)	YALI2_F00566g; U3 small nucleolar RNA-associated protein 22
yli:2912871	CDS	F:2716319..2717236	YALI2_F00402g; Thioredoxin-2
yli:2912872	CDS	F:complement(2717596..2718972)	YALI2_F00565g; Metal-binding activator 1
yli:2912062	CDS	F:2722577..2723353	YALI2_F00403g; Eukaryotic translation initiation factor 2 subunit beta
yli:2912063	CDS	F:complement(join(2723971..2725448,2725538..2725565))	YALI2_F00564g; Pre-mRNA-splicing factor PRP46
yli:2912069	CDS	F:complement(2726624..2727175)	YALI2_F00563g; Hypothetical protein
yli:2912064	CDS	F:2733892..2735112	YALI2_F00404g; Biofilm regulator 1
yli:7009587	CDS	F:complement(join(2737134..2737411,2738080..2738101))	YALI2_F00562g; NADH dehydrogenase [ubiquinone] 1 beta subcomplex subunit 7
yli:7009588	CDS	F:join(2748663..2748679,2748901..2749042)	YALI2_F00405g; uncharacterized protein
yli:2912065	CDS	F:2749412..2751481	YALI2_F00406g; S-adenosyl-L-methionine-dependent tRNA 4-demethylwyosine synthase
yli:2912066	CDS	F:2751988..2753145	YALI2_F00407g; Hypothetical protein
yli:2911827	CDS	F:join(2753417..2753453,2753519..2754864)	YALI2_F00408g; Alpha-1,3/1,6-mannosyltransferase ALG2
yli:2911828	CDS	F:complement(2755207..2756244)	YALI2_F00561g; SAGA-associated factor 73
yli:2911879	CDS	F:2758284..2759474	YALI2_F00409g; Transcriptional regulator prz1
yli:2911880	CDS	F:2760083..2761441	YALI2_F00410g; Putative kinetochore protein NUF2
yli:2911881	CDS	F:complement(2761625..2763361)	YALI2_F00560g; Beta-lactamase-like protein 2
yli:2912962	CDS	F:complement(2764980..2765633)	YALI2_F00559g; 60S ribosomal protein uL1
yli:2912963	CDS	F:join(2766532..2767200,2767335..2767571)	YALI2_F00411g; rRNA methyltransferase 2
yli:2912953	CDS	F:join(2769592..2769610,2770050..2770354)	YALI2_F00412g; 60S ribosomal protein eL33
yli:2912092	CDS	F:complement(join(2770874..2771541,2772307..2772589,2773518..2775203))	YALI2_F00558g; Putative lipase
yli:2912113	CDS	F:complement(2776728..2779073)	YALI2_F00557g; Putative U3 small nucleolar RNA-associated protein 13
yli:2912114	CDS	F:2780419..2781075	YALI2_F00413g; C-8 sterol isomerase
yli:2912331	CDS	F:join(2782616..2783521,2783571..2785937)	YALI2_F00414g; Transcriptional activator SPT7
yli:2912332	CDS	F:complement(2786130..2787806)	YALI2_F00556g; Protein OS-9
yli:2912354	CDS	F:2788400..2789464	YALI2_F00415g; mitochondrial 54S ribosomal protein mL38
yli:7009589	CDS	F:complement(2789856..2790128)	YALI2_F00555g; ATP synthase subunit E
yli:2912355	CDS	F:2790649..2791128	YALI2_F00416g; Hypothetical protein
yli:2912356	CDS	F:2793442..2794038	YALI2_F00417g; Hypothetical protein
yli:7009590	CDS	F:complement(join(2794564..2794899,2795048..2795059))	YALI2_F00554g; 60S ribosomal protein eL22
yli:2912459	CDS	F:complement(2795519..2796367)	YALI2_F00553g; 25S rRNA (uridine(2843)-N(3))-methyltransferase
yli:2912460	CDS	F:complement(2796547..2797866)	YALI2_F00552g; Transgelin
yli:2912602	CDS	F:complement(2798381..2798887)	YALI2_F00551g; Hypothetical protein
yli:2912603	CDS	F:complement(2799619..2800989)	YALI2_F00550g; Hypothetical protein
yli:2912604	CDS	F:2801382..2802887	YALI2_F00418g; Protein polybromo-1
yli:2912650	CDS	F:2803707..2805185	YALI2_F00419g; Hypothetical protein
yli:2912651	CDS	F:2807915..2808874	YALI2_F00420g; Ribose-phosphate pyrophosphokinase 2
yli:2912825	CDS	F:complement(2809276..2809959)	YALI2_F00549g; Mediator of RNA polymerase II transcription subunit 6
yli:2912826	CDS	F:complement(2810561..2812006)	YALI2_F00548g; Hypothetical protein
yli:2912827	CDS	F:complement(2813851..2815953)	YALI2_F00547g; BHLH transcription factor Yas2p
yli:2911548	CDS	F:complement(2820052..2821338)	YALI2_F00546g; F-box protein pof7
yli:2911549	CDS	F:complement(2822497..2824962)	YALI2_F00545g; Hypothetical protein
yli:2911550	CDS	F:2826207..2827496	YALI2_F00421g; Protein MSS51
yli:7009591	CDS	F:join(2828334..2828400,2828866..2829092)	YALI2_F00422g; Hypothetical protein
yli:2912008	CDS	F:2829631..2830428	YALI2_F00423g; Proteasome subunit beta type-7
yli:2912009	CDS	F:join(2833144..2833167,2833235..2834842)	YALI2_F00424g; 3',5'-cyclic-nucleotide phosphodiesterase
yli:2911651	CDS	F:complement(join(2835244..2836800,2836848..2836850))	YALI2_F00544g; Coatomer subunit delta
yli:2911652	CDS	F:2837905..2839290	YALI2_F00425g; Nuclear distribution protein NudE 1
yli:2911653	CDS	F:complement(2839462..2841108)	YALI2_F00543g; Vacuolar protein sorting-associated protein 9A
yli:2911776	CDS	F:2842675..2843808	YALI2_F00426g; RCC1 repeat-containing protein
yli:2911777	CDS	F:2844790..2845413	YALI2_F00427g; Protein OPI10
yli:2911800	CDS	F:complement(2845485..2846321)	YALI2_F00542g; Hypothetical protein
yli:2911801	CDS	F:complement(2846724..2847194)	YALI2_F00541g; Low molecular weight phosphotyrosine protein phosphatase
yli:2911792	CDS	F:2847645..2848925	YALI2_F00428g; Nucleotide exchange factor SIL1
yli:2911802	CDS	F:complement(2849519..2851486)	YALI2_F00540g; Hypothetical protein
yli:7009592	CDS	F:join(2851983..2852027,2852445..2852900)	YALI2_F00429g; Bis(5'-nucleosyl)-tetraphosphatase [asymmetrical]
yli:2911904	CDS	F:complement(2853365..2853721)	YALI2_F00539g; mitochondrial 37S ribosomal protein mS41
yli:2911905	CDS	F:2858043..2859587	YALI2_F00430g; Diacylglycerol O-acyltransferase 1
yli:2911906	CDS	F:complement(join(2859768..2863021,2863340..2863428,2863658..2863674))	YALI2_F00538g; Glycerophosphocholine phosphodiesterase GDE1
yli:2912909	CDS	F:complement(2864663..2866609)	YALI2_F00537g; ABC1 family protein
yli:2912003	CDS	F:2868252..2870321	YALI2_F00431g; Acyl-coenzyme A oxidase 1
yli:2912910	CDS	F:complement(join(2870836..2882747,2882807..2882973,2883662..2883669))	YALI2_F00536g; Dynein heavy chain, cytoplasmic
yli:2912700	CDS	F:2885359..2887371	YALI2_F00432g; Catabolite repression protein CreC
yli:2912701	CDS	F:2889891..2891465	YALI2_F00433g; Carboxylic acid transporter protein
yli:2912702	tRNA	F:join(2891981..2892016,2892034..2892069)	YALI2_F00039t; tRNA-Arg
yli:2912553	CDS	F:2894129..2895058	YALI2_F00434g; Hypothetical protein
yli:2912554	CDS	F:2896326..2897270	YALI2_F00435g; Hypothetical protein
yli:2912555	CDS	F:complement(2897361..2897915)	YALI2_F00535g; Putative protein YqaC
yli:2912628	CDS	F:complement(2898280..2899212)	YALI2_F00534g; Phosphoribosylaminoimidazole-succinocarboxamide synthase
yli:2912629	CDS	F:2899838..2900659	YALI2_F00436g; Hypothetical protein
yli:2911625	CDS	F:complement(2900816..2901370)	YALI2_F00533g; Iron-sulfur cluster assembly 2
yli:2911626	CDS	F:2901829..2904396	YALI2_F00437g; Polyphosphoinositide phosphatase
yli:2911627	CDS	F:complement(2904606..2905304)	YALI2_F00532g; Exosome complex component RRP40
yli:2911876	CDS	F:complement(2905739..2906617)	YALI2_F00531g; Spermidine synthase
yli:2911877	CDS	F:2907737..2908849	YALI2_F00438g; t-SNARE affecting a late Golgi compartment protein 2
yli:2912957	CDS	F:complement(2908916..2910421)	YALI2_F00530g; Hypothetical protein
yli:2912958	CDS	F:2910569..2913538	YALI2_F00439g; tRNA wybutosine-synthesizing protein 4
yli:2912959	CDS	F:complement(2913661..2914926)	YALI2_F00529g; UPF0400 protein
yli:2911942	CDS	F:2915552..2916205	YALI2_F00440g; Clathrin light chain
yli:2911943	CDS	F:2916637..2917146	YALI2_F00441g; UDP-N-acetylglucosamine transferase subunit ALG13
yli:2911944	CDS	F:complement(2917371..2918285)	YALI2_F00528g; Pirin
yli:2911931	CDS	F:complement(2918839..2920398)	YALI2_F00527g; Hypothetical protein
yli:2911932	CDS	F:2921262..2922119	YALI2_F00442g; Putative mitochondrial carrier
yli:2911933	CDS	F:complement(2922517..2923710)	YALI2_F00526g; Acid extracellular protease
yli:2911983	CDS	F:join(2926529..2928807,2928853..2930746)	YALI2_F00443g; DNA replication ATP-dependent helicase/nuclease dna2
yli:2911984	CDS	F:complement(2930877..2931776)	YALI2_F00525g; Hypothetical protein
yli:2911985	CDS	F:complement(2932350..2933558)	YALI2_F00524g; Ectonucleoside triphosphate diphosphohydrolase 5
yli:2912966	CDS	F:2934586..2936394	YALI2_F00444g; Hypothetical protein
yli:2912967	CDS	F:complement(2936562..2938310)	YALI2_F00523g; Hypothetical protein
yli:2912968	CDS	F:complement(2939225..2942086)	YALI2_F00522g; Protein cwh43
yli:2912854	CDS	F:complement(2943112..2944095)	YALI2_F00521g; ATPase GET3
yli:2912855	CDS	F:join(2945839..2946030,2946799..2949621)	YALI2_F00445g; 2-oxoglutarate dehydrogenase
yli:2912856	CDS	F:2956120..2957364	YALI2_F00446g; Secreted beta-glucosidase SUN41
yli:2912857	CDS	F:2958529..2958945	YALI2_F00447g; Hypothetical protein
yli:2912190	CDS	F:complement(2959038..2961323)	YALI2_F00520g; Putative urea active transporter 1
yli:2912191	CDS	F:complement(2962133..2962669)	YALI2_F00519g; Hypothetical protein
yli:2911587	CDS	F:2965074..2967245	YALI2_F00448g; pH-response regulator protein PalI/RIM9
yli:2912192	CDS	F:complement(2967497..2968849)	YALI2_F00518g; Rab GDP-dissociation inhibitor
yli:2912465	CDS	F:2969929..2971431	YALI2_F00449g; Hypothetical protein
yli:2912466	CDS	F:join(2971787..2971789,2971835..2971925,2971972..2972297)	YALI2_F00450g; Protein AIM7
yli:2912467	CDS	F:complement(2972428..2975805)	YALI2_F00517g; Hypothetical protein
yli:2912511	CDS	F:complement(2976400..2979669)	YALI2_F00516g; Putative exocyst complex component sec8
yli:2912512	CDS	F:complement(join(2980299..2984041,2984095..2984320))	YALI2_F00515g; Putative serine/threonine-protein kinase VPS15
yli:2912513	CDS	F:complement(join(2984579..2985408,2985457..2985523,2985578..2985820))	YALI2_F00514g; Sporulation-specific mitogen-activated protein kinase SMK1
yli:2912832	CDS	F:2986208..2990596	YALI2_F00451g; COP1-interactive protein 1
yli:2912833	CDS	F:2990833..2991903	YALI2_F00452g; Pre-mRNA-splicing factor SLT11
yli:2912834	CDS	F:complement(2992054..2992620)	YALI2_F00513g; Hypothetical protein
yli:2911473	CDS	F:2995172..2996011	YALI2_F00453g; uncharacterized protein
yli:2911474	CDS	F:3001722..3003488	YALI2_F00454g; Hypothetical protein
yli:2911475	CDS	F:3004831..3006324	YALI2_F00455g; Putative lipase ROG1
yli:2911476	CDS	F:3007098..3007763	YALI2_F00456g; Imidazoleglycerol-phosphate dehydratase
yli:2911658	CDS	F:complement(3008118..3008849)	YALI2_F00512g; Hypothetical protein
yli:2911659	CDS	F:3009246..3011927	YALI2_F00457g; Serine/threonine-protein kinase KIC1
yli:2911660	CDS	F:complement(join(3012469..3012727,3013074..3013201))	YALI2_F00511g; Cytochrome b-c1 complex subunit 7
yli:2911704	CDS	F:3015998..3016927	YALI2_F00458g; Putative protein YcjY
yli:2911705	CDS	F:complement(3017248..3018747)	YALI2_F00510g; G2-specific protein kinase nim-1
yli:2911706	CDS	F:3020139..3021935	YALI2_F00459g; Altered inheritance of mitochondria protein 3
yli:2911950	CDS	F:complement(3022762..3023220)	YALI2_F00509g; Calmodulin
yli:2911951	CDS	F:3023712..3025103	YALI2_F00460g; Chitobiosyldiphosphodolichol beta-mannosyltransferase
yli:2911952	CDS	F:3026791..3028824	YALI2_F00461g; Hypothetical protein
yli:2911953	CDS	F:complement(join(3029330..3030524,3031011..3031014,3031076..3031109))	YALI2_F00508g; Actin-related protein 3
yli:2912903	CDS	F:3033658..3035334	YALI2_F00462g; Hypothetical protein
yli:2912904	CDS	F:complement(3036005..3036874)	YALI2_F00507g; Putative N-acetyltransferase
yli:2912905	CDS	F:complement(3039731..3040486)	YALI2_F00506g; Putative N-acetyltransferase
yli:2912364	CDS	F:complement(3042130..3043728)	YALI2_F00505g; Catalase T
yli:2912365	CDS	F:3045686..3046228	YALI2_F00463g; ribosome biogenesis protein NIP7
yli:2912366	CDS	F:complement(3046568..3048376)	YALI2_F00504g; Signal recognition particle subunit SRP72
yli:2912367	CDS	F:complement(3049161..3050954)	YALI2_F00503g; Putative aspartic-type endopeptidase OpsB
yli:2912236	CDS	F:3052055..3053545	YALI2_F00464g; ATP-dependent RNA helicase MRH4
yli:2912237	CDS	F:complement(3053693..3054808)	YALI2_F00502g; Spindle assembly checkpoint kinase
yli:2912238	CDS	F:3055079..3056557	YALI2_F00465g; Ribosomal lysine N-methyltransferase set10
yli:2912874	CDS	F:complement(3057900..3058367)	YALI2_F00501g; Hypothetical protein
yli:2912875	CDS	F:complement(3059145..3062900)	YALI2_F00500g; Sphingomyelin phosphodiesterase 2
yli:2912876	CDS	F:complement(3066074..3068050)	YALI2_F00499g; Sphingomyelin phosphodiesterase 2
yli:2912894	CDS	F:complement(3072298..3073446)	YALI2_F00498g; Lipase A
yli:2912895	CDS	F:3076656..3077867	YALI2_F00466g; Hypothetical protein
yli:7009594	CDS	F:complement(join(3078094..3078464,3078547..3078562))	YALI2_F00497g; Cytochrome c oxidase assembly protein COX19
yli:2912896	CDS	F:complement(3078875..3082885)	YALI2_F00496g; Putative phospholipid-transporting ATPase DRS2
yli:2912897	CDS	F:join(3083900..3083901,3084144..3084420)	YALI2_F00467g; 60S ribosomal protein eL43
yli:2912898	CDS	F:3088191..3089828	YALI2_F00468g; Hypothetical protein
yli:2912048	CDS	F:complement(3090968..3091927)	YALI2_F00495g; Succinate/fumarate mitochondrial transporter
yli:2912049	CDS	F:complement(join(3094742..3095637,3095801..3095822))	YALI2_F00494g; Twinfilin
yli:2912050	CDS	F:3097907..3100504	YALI2_F00469g; Guanine nucleotide exchange factor LTE1
yli:2912051	CDS	F:3102292..3103890	YALI2_F00470g; Catalase T
yli:2912052	CDS	F:3104800..3106419	YALI2_F00471g; Putative amidase
yli:2912101	CDS	F:complement(3106663..3108615)	YALI2_F00493g; Putative ATP-citrate synthase subunit 1
yli:2912102	CDS	F:3109700..3112678	YALI2_F00472g; Putative phospholipase
yli:7009597	CDS	F:join(3113819..3113821,3114099..3114344)	YALI2_F00473g; 40S ribosomal protein eS27
yli:90949801	CDS	F:complement(3115035..3115343)	YALI2_F00492g; uncharacterized protein
yli:2912103	CDS	F:complement(3115507..3116463)	YALI2_F00491g; Hypothetical protein
yli:2912104	CDS	F:join(3117043..3117231,3117326..3117739)	YALI2_F00474g; Endosomal protein P24B
yli:2912143	CDS	F:complement(3117987..3119246)	YALI2_F00490g; Putative cardiolipin-specific deacylase
yli:2912144	CDS	F:3120743..3122158	YALI2_F00475g; Putative transporter MCH2
yli:2912145	CDS	F:join(3128555..3128641,3128695..3130017)	YALI2_F00476g; Hypothetical protein
yli:2912146	CDS	F:complement(3133046..3134071)	YALI2_F00489g; Hypothetical protein
yli:2912147	CDS	F:complement(join(3137586..3138112,3138252..3138324))	YALI2_F00488g; Putative endoplasmic reticulum membrane protein
yli:90949800	CDS	F:complement(3139883..3141814)	YALI2_F00487g; Heat shock protein 70 1
yli:90949794	CDS	F:3143587..3144105	YALI2_F00477g; Rhizopuspepsin-3
yli:90949795	CDS	F:3144125..3144724	YALI2_F00478g; Hypothetical protein
yli:2912283	CDS	F:complement(3144923..3147022)	YALI2_F00486g; Putative ferric reductase transmembrane component
yli:90949799	CDS	F:complement(3149826..3150098)	YALI2_F00485g; 60S ribosomal protein L19-A
yli:2912284	CDS	F:join(3152555..3152761,3152936..3158191)	YALI2_F00479g; Urea amidolyase
yli:2912347	CDS	F:3162151..3163815	YALI2_F00480g; Putative transporter SEO1
yli:2912348	CDS	F:complement(3165065..3166438)	YALI2_F00484g; Putative acid phosphatase
yli:90949781	rRNA	F:3179312..3180992	YALI2_F00027r; 18S ribosomal RNA
yli:90949796	CDS	F:join(3183273..3183364,3183412..3183462,3183836..3187008,3187059..3188288,3188357..3189231)	YALI2_F00481g; Anti-sigma-I factor RsgI2
yli:90949798	CDS	F:complement(3189259..3189630)	YALI2_F00483g; ATP-dependent DNA helicase PIF1
yli:90949797	CDS	F:complement(3189729..3190727)	YALI2_F00482g; ATP-dependent DNA helicase PIF1
yli:1500512	rRNA	MT:72..3042	YalifMr30; 23S ribosomal RNA
yli:1500513	tRNA	MT:3063..3133	YalifMt32; tRNA-Thr
yli:1500504	tRNA	MT:3183..3252	YalifMt33; tRNA-Glu
yli:1500511	tRNA	MT:3272..3343	YalifMt34; tRNA-Met
yli:1500497	tRNA	MT:3374..3445	YalifMt35; tRNA-Met
yli:1500496	tRNA	MT:3488..3569	YalifMt36; tRNA-Leu
yli:1500494	tRNA	MT:3599..3679	YalifMt37; tRNA-Leu
yli:1500492	tRNA	MT:3900..3972	YalifMt38; tRNA-Gln
yli:1500493	tRNA	MT:3991..4061	YalifMt39; tRNA-Lys
yli:1500519	tRNA	MT:4332..4403	YalifMt40; tRNA-Ile
yli:1500517	tRNA	MT:4409..4495	YalifMt41; tRNA-Ser
yli:1500515	tRNA	MT:4594..4665	YalifMt42; tRNA-Ala
yli:1500516	tRNA	MT:4674..4746	YalifMt43; tRNA-Phe
yli:1500518	tRNA	MT:4983..5067	YalifMt44; tRNA-Tyr
yli:1500514	tRNA	MT:5460..5530	YalifMt45; tRNA-Asn
yli:802611	CDS	MT:5596..6153	nd6, YalifMp01; ND6 protein
yli:802607	CDS	MT:join(6408..6536,7569..8465)	nd1, YalifMp02; ND1 protein
yli:1500501	tRNA	MT:8558..8626	YalifMt46; tRNA-Cys
yli:1500495	tRNA	MT:8985..9055	YalifMt47; tRNA-Gly
yli:1500510	rRNA	MT:9333..10923	YalifMr31; 16S ribosomal RNA
yli:1500505	tRNA	MT:10937..11007	YalifMt48; tRNA-His
yli:1500500	tRNA	MT:12158..12229	YalifMt49; tRNA-Asp
yli:1500498	tRNA	MT:12414..12484	YalifMt50; tRNA-Lys
yli:802596	CDS	MT:join(13151..13377,14680..14707,16071..16216,17468..17801,19485..19495,20666..20801,22100..22339,23567..23584,23833..24003,25313..25609)	cox1, YalifMp03; cytochrome c oxidase subunit 1
yli:802606	CDS	MT:join(13151..13377,14680..14707,16071..16216,17468..17801,19485..19495,20666..20801,22100..23209)	cox1-i7, YalifMp05; COX1-i7 protein
yli:802613	CDS	MT:join(13151..13377,14680..14707,16071..16216,17468..17801,19485..20576)	cox1-i5, YalifMp06; COX1-i5 protein
yli:802614	CDS	MT:join(13151..13377,14680..14707,16071..17189)	cox1-i3, YalifMp08; COX1-i3 protein
yli:802605	CDS	MT:join(13151..13377,14680..15715)	cox1-i2, YalifMp09; COX1-i2 protein
yli:802602	CDS	MT:13151..14350	cox1-i1, YalifMp10; COX1-i1 protein
yli:802620	CDS	MT:21062..21808	cox1-i6, YalifMp11; COX1-i6 protein
yli:802621	CDS	MT:26072..26218	atp8, YalifMp12; ATP8 protein
yli:802623	CDS	MT:26692..27459	atp6, YalifMp13; ATP6 protein
yli:802599	CDS	MT:join(27760..28203,29248..29610)	cox3, YalifMp14; cytochrome c oxidase subunit 3
yli:802610	CDS	MT:28364..28921	cox3-i3, YalifMp15; COX3-i1
yli:802604	CDS	MT:29620..31080	nd4, YalifMp16; ND4 protein
yli:1500507	tRNA	MT:31272..31342	YalifMt51; tRNA-Trp
yli:1500508	tRNA	MT:31462..31543	YalifMt52; tRNA-Leu
yli:1500509	tRNA	MT:31683..31753	YalifMt53; tRNA-Pro
yli:802622	CDS	MT:31827..32057	atp9, YalifMp17; ATP synthetase subunit 9
yli:1500506	tRNA	MT:32092..32163	YalifMt54; tRNA-Tyr
yli:802608	CDS	MT:32582..33310	cox2, YalifMp18; cytochrome c oxidase subunit 2
yli:802609	CDS	MT:33568..33837	nd4L, YalifMp19; ND4L protein
yli:802624	CDS	MT:join(33838..34563,35780..35986,37291..38325)	nd5, YalifMp20; ND5 protein
yli:802600	CDS	MT:join(33838..34563,35780..37222)	nd1-i2, YalifMp21; ND1-i2 protein
yli:802612	CDS	MT:33838..35604	nd5-i1, YalifMp22; ND5-i1 protein
yli:1500502	tRNA	MT:38715..38793	YalifMt55; tRNA-Ser
yli:1500503	tRNA	MT:38829..38899	YalifMt56; tRNA-Arg
yli:802619	CDS	MT:join(39051..39479,40861..40937,42188..42437,43714..43763,45440..45791)	cob, YalifMp23; COB protein
yli:802618	CDS	MT:39051..40292	cob-i1, YalifMp27; COB-i1 protein
yli:5618851	tRNA	MT:42468..42550	YalifMt58; pseudogene
yli:802601	CDS	MT:45833..47242	nd2, YalifMp28; ND2 protein
yli:802603	CDS	MT:47262..47648	nd3, YalifMp29; ND3 protein
yli:1500499	tRNA	MT:47755..47832	YalifMt57; tRNA-Ile
