rxn_id,rxn_name,rxn_type,root_cause,detail,has_gpr,lb,ub,compartments,n_orphan_mets,n_deadend_mets,orphan_mets,deadend_mets,reaction_str
R1027,bicarbonate formation,metabolic,bound_zero,lb==ub==0,False,0.0,0.0,C_ex,0,0,,,m1176[C_ex] + m214[C_ex] --> m1172[C_ex] + m342[C_ex]
R1040,"cholestenol delta-isomerase, lumped reaction",metabolic,bound_zero,lb==ub==0,False,0.0,0.0,C_cy,0,0,,,m109[C_cy] + m256[C_cy] + m359[C_cy] --> m10[C_cy] + m255[C_cy] + 2.0 m32[C_cy] + m353[C_cy]
R1138,"glucose transport, vacuolar",transport,bound_zero,lb==ub==0,False,0.0,0.0,"C_cy,C_va",0,1,,m1236[C_va],m295[C_cy] --> m1236[C_va]
R1163,H+ diffusion,transport,bound_zero,lb==ub==0,False,0.0,0.0,"C_cy,C_va",0,0,,,m10[C_cy] --> m1007[C_va]
R1297,phosphate transport,transport,bound_zero,lb==ub==0,False,0.0,0.0,"C_cy,C_va",0,1,,m1354[C_va],m35[C_cy] --> m1354[C_va]
R1349,trehalose vacuolar transport,transport,bound_zero,lb==ub==0,False,0.0,0.0,"C_cy,C_va",0,1,,m1380[C_va],m294[C_cy] --> m1380[C_va]
R1363,water diffusion,transport,bound_zero,lb==ub==0,False,0.0,0.0,"C_cy,C_va",0,0,,,m32[C_cy] --> m1384[C_va]
R1371,lipid pseudoreaction,metabolic,bound_zero,lb==ub==0,False,0.0,0.0,C_cy,1,0,m1394[C_cy],,0.0056 m1000[C_cy] + 0.000417 m1190[C_cy] + 0.001583 m1393[C_cy] + 0.000812 m1394[C_cy] + 0.000206 m1395[C_cy] + 0.00039 m1396[C_cy] + 0.00288 m1397[C_cy] + 0.000697 m1398[C_cy] + 0.000781 m1399[C_cy] + 5.6e-05 m351[C_cy] + 0.000125 m353[C_cy] + 1.5e-05 m359[C_cy] + 9.6e-05 m362[C_cy] + 0.000114 m363[C_cy] + 3.2e-05 m449[C_cy] --> m1400[C_cy]
R1387,yeast 6 biomass pseudoreaction,transport,bound_zero,lb==ub==0,False,0.0,0.0,"C_cy,C_en",0,0,,,0.2646 m1011[C_cy] + 1.1348 m1123[C_cy] + 1.1348 m12[C_en] + 0.8079 m1324[C_cy] + m1400[C_cy] + 59.276 m141[C_cy] + 0.0599 m149[C_cy] + 0.4588 m274[C_cy] + 0.0234 m294[C_cy] + 0.1607 m315[C_cy] + 0.1017 m321[C_cy] + 59.276 m32[C_cy] + 0.2975 m336[C_cy] + 0.0066 m448[C_cy] + 0.0024 m459[C_cy] + 0.0024 m465[C_cy] + 0.0036 m505[C_cy] + 0.5185 m549[C_cy] + 0.1054 m554[C_cy] + 0.3018 m556[C_cy] + 0.2904 m591[C_cy] + 0.0663 m619[C_cy] + 0.1927 m747[C_cy] + 0.2964 m778[C_cy] + 0.2862 m795[C_cy] + 0.0507 m807[C_cy] + 0.1339 m862[C_cy] + 0.046 m86[C_cy] + 0.0036 m89[C_cy] + 0.1647 m906[C_cy] + 0.00099 m926[C_cy] + 0.046 m93[C_cy] + 0.1854 m944[C_cy] + 0.0447 m95[C_cy] + 0.02 m964[C_cy] + 0.1914 m979[C_cy] + 0.0284 m988[C_cy] + 0.102 m996[C_cy] --> 0.2646 m1010[C_cy] + 59.305 m10[C_cy] + m1401[C_cy] + 59.276 m143[C_cy] + 0.4588 m273[C_cy] + 0.1607 m314[C_cy] + 0.1017 m320[C_cy] + 0.2975 m335[C_cy] + 58.7 m35[C_cy] + 0.0066 m447[C_cy] + 0.1054 m553[C_cy] + 0.3018 m555[C_cy] + 0.2904 m590[C_cy] + 0.0663 m618[C_cy] + 0.1927 m746[C_cy] + 0.2964 m777[C_cy] + 0.2862 m794[C_cy] + 0.0507 m806[C_cy] + 0.1339 m861[C_cy] + 0.1647 m905[C_cy] + 0.1854 m943[C_cy] + 0.1914 m978[C_cy] + 0.0284 m987[C_cy] + 0.102 m995[C_cy]
R17,2-deoxy-D-arabino-heptulosonate 7-phosphate synthetase,metabolic,bound_zero,lb==ub==0,True,0.0,0.0,C_mi,0,0,,,m26[C_mi] + m55[C_mi] + m56[C_mi] --> 3.0 m28[C_mi] + m57[C_mi] + m58[C_mi]
R1710,yeast 8 biomass pseudoreaction,transport,bound_zero,lb==ub==0,False,0.0,0.0,"C_cy,C_en",0,0,,,0.2646 m1011[C_cy] + 1.1348 m1123[C_cy] + 1.1348 m12[C_en] + 0.8079 m1324[C_cy] + m1400[C_cy] + 59.276 m141[C_cy] + 0.0599 m149[C_cy] + 1e-06 m1635[C_cy] + 0.4588 m274[C_cy] + 0.0234 m294[C_cy] + 0.1607 m315[C_cy] + 0.1017 m321[C_cy] + 59.276 m32[C_cy] + 0.2975 m336[C_cy] + 1e-06 m401[C_cy] + 0.0066 m448[C_cy] + 0.0024 m459[C_cy] + 0.0024 m465[C_cy] + 0.0036 m505[C_cy] + 0.5185 m549[C_cy] + 0.1054 m554[C_cy] + 0.3018 m556[C_cy] + 0.2904 m591[C_cy] + 0.0663 m619[C_cy] + 0.1927 m747[C_cy] + 0.2964 m778[C_cy] + 0.2862 m795[C_cy] + 0.0507 m807[C_cy] + 0.1339 m862[C_cy] + 0.046 m86[C_cy] + 0.0036 m89[C_cy] + 0.1647 m906[C_cy] + 0.00099 m926[C_cy] + 0.046 m93[C_cy] + 0.1854 m944[C_cy] + 0.0447 m95[C_cy] + 0.02 m964[C_cy] + 0.1914 m979[C_cy] + 0.0284 m988[C_cy] + 0.102 m996[C_cy] --> 0.2646 m1010[C_cy] + 59.305 m10[C_cy] + m1401[C_cy] + 59.276 m143[C_cy] + 0.4588 m273[C_cy] + 0.1607 m314[C_cy] + 0.1017 m320[C_cy] + 0.2975 m335[C_cy] + 58.7 m35[C_cy] + 0.0066 m447[C_cy] + 0.1054 m553[C_cy] + 0.3018 m555[C_cy] + 0.2904 m590[C_cy] + 0.0663 m618[C_cy] + 0.1927 m746[C_cy] + 0.2964 m777[C_cy] + 0.2862 m794[C_cy] + 0.0507 m806[C_cy] + 0.1339 m861[C_cy] + 0.1647 m905[C_cy] + 0.1854 m943[C_cy] + 0.1914 m978[C_cy] + 0.0284 m987[C_cy] + 0.102 m995[C_cy]
R1720,DAG kinase,metabolic,bound_zero,lb==ub==0,True,0.0,0.0,C_em,0,0,,,m1649[C_em] + m376[C_em] --> m1600[C_em] + m377[C_em] + m378[C_em]
R1725,choline/ethanolaminephosphotransferase,metabolic,bound_zero,lb==ub==0,True,0.0,0.0,C_em,0,0,,,m1602[C_em] + m1649[C_em] --> m1601[C_em] + m1633[C_em] + m377[C_em]
R1726,cholinephosphotransferase,metabolic,bound_zero,lb==ub==0,True,0.0,0.0,C_em,0,0,,,m1603[C_em] + m1649[C_em] --> m1601[C_em] + m1632[C_em] + m377[C_em]
R1772,diacylglycerol acyltransferase,metabolic,bound_zero,lb==ub==0,True,0.0,0.0,C_em,0,0,,,m1649[C_em] + m567[C_em] --> m1634[C_em] + m233[C_em]
R1775,diacylglycerol pyrophosphate phosphatase,metabolic,bound_zero,lb==ub==0,True,0.0,0.0,C_gm,0,1,,m1704[C_gm],m1619[C_gm] + m1688[C_gm] --> m1620[C_gm] + m1704[C_gm]
R1795,"diglyceride transport, ER membrane-Golgi membrane",transport,bound_zero,lb==ub==0,False,0.0,0.0,"C_em,C_gm",0,1,,m1704[C_gm],m1649[C_em] --> m1704[C_gm]
R1815,inositolphosphotransferase,transport,bound_zero,lb==ub==0,True,0.0,0.0,"C_gm,C_go",0,1,,m1704[C_gm],m1325[C_go] + m1679[C_gm] --> m1312[C_go] + m1704[C_gm]
R1816,inositolphosphotransferase,transport,bound_zero,lb==ub==0,True,0.0,0.0,"C_gm,C_go",0,1,,m1704[C_gm],m1330[C_go] + m1679[C_gm] --> m1317[C_go] + m1704[C_gm]
R1817,inositolphosphotransferase,transport,bound_zero,lb==ub==0,True,0.0,0.0,"C_gm,C_go",0,1,,m1704[C_gm],m1327[C_go] + m1679[C_gm] --> m1314[C_go] + m1704[C_gm]
R1818,inositolphosphotransferase,transport,bound_zero,lb==ub==0,True,0.0,0.0,"C_gm,C_go",0,1,,m1704[C_gm],m1332[C_go] + m1679[C_gm] --> m1319[C_go] + m1704[C_gm]
R1819,inositolphosphotransferase,transport,bound_zero,lb==ub==0,True,0.0,0.0,"C_gm,C_go",0,1,,m1704[C_gm],m1326[C_go] + m1679[C_gm] --> m1313[C_go] + m1704[C_gm]
R1820,inositolphosphotransferase,transport,bound_zero,lb==ub==0,True,0.0,0.0,"C_gm,C_go",0,1,,m1704[C_gm],m1331[C_go] + m1679[C_gm] --> m1318[C_go] + m1704[C_gm]
R1821,inositolphosphotransferase,transport,bound_zero,lb==ub==0,True,0.0,0.0,"C_gm,C_go",0,1,,m1704[C_gm],m1328[C_go] + m1679[C_gm] --> m1315[C_go] + m1704[C_gm]
R1822,inositolphosphotransferase,transport,bound_zero,lb==ub==0,True,0.0,0.0,"C_gm,C_go",0,1,,m1704[C_gm],m1333[C_go] + m1679[C_gm] --> m1320[C_go] + m1704[C_gm]
R1823,inositolphosphotransferase,transport,bound_zero,lb==ub==0,True,0.0,0.0,"C_gm,C_go",0,1,,m1704[C_gm],m1329[C_go] + m1679[C_gm] --> m1316[C_go] + m1704[C_gm]
R1824,inositolphosphotransferase,transport,bound_zero,lb==ub==0,True,0.0,0.0,"C_gm,C_go",0,1,,m1704[C_gm],m1334[C_go] + m1679[C_gm] --> m1321[C_go] + m1704[C_gm]
R1825,IPC synthase,transport,bound_zero,lb==ub==0,True,0.0,0.0,"C_gm,C_go",0,2,,m1704[C_gm];m1707[C_go],m1033[C_go] + m1679[C_gm] --> m1704[C_gm] + m1707[C_go]
R1826,IPC synthase,transport,bound_zero,lb==ub==0,True,0.0,0.0,"C_gm,C_go",0,2,,m1704[C_gm];m1708[C_go],m1034[C_go] + m1679[C_gm] --> m1704[C_gm] + m1708[C_go]
R1827,IPC synthase,transport,bound_zero,lb==ub==0,True,0.0,0.0,"C_gm,C_go",0,2,,m1704[C_gm];m1709[C_go],m1035[C_go] + m1679[C_gm] --> m1704[C_gm] + m1709[C_go]
R1828,IPC synthase,transport,bound_zero,lb==ub==0,True,0.0,0.0,"C_gm,C_go",0,2,,m1704[C_gm];m1710[C_go],m1036[C_go] + m1679[C_gm] --> m1704[C_gm] + m1710[C_go]
R1829,IPC synthase,transport,bound_zero,lb==ub==0,True,0.0,0.0,"C_gm,C_go",0,2,,m1704[C_gm];m1711[C_go],m1179[C_go] + m1679[C_gm] --> m1704[C_gm] + m1711[C_go]
R1830,IPC synthase,transport,bound_zero,lb==ub==0,True,0.0,0.0,"C_gm,C_go",0,2,,m1704[C_gm];m1712[C_go],m1182[C_go] + m1679[C_gm] --> m1704[C_gm] + m1712[C_go]
R1831,IPC synthase,transport,bound_zero,lb==ub==0,True,0.0,0.0,"C_gm,C_go",0,2,,m1704[C_gm];m1713[C_go],m1180[C_go] + m1679[C_gm] --> m1704[C_gm] + m1713[C_go]
R1832,IPC synthase,transport,bound_zero,lb==ub==0,True,0.0,0.0,"C_gm,C_go",0,2,,m1704[C_gm];m1714[C_go],m1183[C_go] + m1679[C_gm] --> m1704[C_gm] + m1714[C_go]
R1833,IPC synthase,transport,bound_zero,lb==ub==0,True,0.0,0.0,"C_gm,C_go",0,2,,m1704[C_gm];m1715[C_go],m1181[C_go] + m1679[C_gm] --> m1704[C_gm] + m1715[C_go]
R1834,IPC synthase,transport,bound_zero,lb==ub==0,True,0.0,0.0,"C_gm,C_go",0,2,,m1704[C_gm];m1716[C_go],m1184[C_go] + m1679[C_gm] --> m1704[C_gm] + m1716[C_go]
R1843,1-acyl-sn-gylcerol-3-phosphate acyltransferase,metabolic,bound_zero,lb==ub==0,True,0.0,0.0,C_em,0,0,,,m567[C_em] + m575[C_em] --> m233[C_em] + m378[C_em]
R1899,O-succinylhomoserine lyase (elimination),metabolic,bound_zero,lb==ub==0,True,0.0,0.0,C_cy,0,0,,,m32[C_cy] + m849[C_cy] --> m38[C_cy] + m442[C_cy] + m541[C_cy]
R1950,dihydrofolate:NADP+ oxidoreductase,metabolic,bound_zero,lb==ub==0,True,0.0,0.0,C_cy,0,0,,,5.0 m10[C_cy] + m41[C_cy] + m478[C_cy] --> m40[C_cy] + m479[C_cy]
R1951,dihydrofolate:NADP+ oxidoreductase,metabolic,bound_zero,lb==ub==0,True,0.0,0.0,C_mi,0,0,,,m178[C_mi] + 5.0 m28[C_mi] + m480[C_mi] --> m126[C_mi] + m176[C_mi]
R26,2-oxo-4-methyl-3-carboxypentanoate decarboxylation,metabolic,bound_zero,lb==ub==0,True,0.0,0.0,C_cy,0,1,,m81[C_cy],m80[C_cy] --> m81[C_cy] + m82[C_cy]
R352,glycerol-3-phosphate/dihydroxyacetone phosphate acyltransferase,metabolic,bound_zero,lb==ub==0,True,0.0,0.0,C_em,0,0,,,m567[C_em] + m574[C_em] --> m233[C_em] + m575[C_em]
R491,isoleucine transaminase,metabolic,bound_zero,lb==ub==0,True,0.0,0.0,C_cy,0,0,,,m51[C_cy] + m743[C_cy] --> m10[C_cy] + m50[C_cy] + m744[C_cy]
R520,leucine transaminase,metabolic,bound_zero,lb==ub==0,True,0.0,0.0,C_cy,0,1,,m81[C_cy],m51[C_cy] + m775[C_cy] --> m50[C_cy] + m81[C_cy]
R573,NADH:ubiquinone oxidoreductase,metabolic,bound_zero,lb==ub==0,True,0.0,0.0,C_mi,0,0,,,m30[C_mi] + m468[C_mi] --> m27[C_mi] + m471[C_mi]
R696,reduced glutathione via ABC system,transport,bound_zero,lb==ub==0,True,0.0,0.0,"C_cy,C_va",0,1,,m925[C_va],m141[C_cy] + m32[C_cy] + m530[C_cy] --> m143[C_cy] + m35[C_cy] + m925[C_va]
R746,taurcholate via ABC system,transport,bound_zero,lb==ub==0,True,0.0,0.0,"C_cy,C_va",1,1,m965[C_cy],m966[C_va],m141[C_cy] + m32[C_cy] + m965[C_cy] --> m143[C_cy] + m35[C_cy] + m966[C_va]
R795,"V-ATPase, vacuole",transport,bound_zero,lb==ub==0,True,0.0,0.0,"C_cy,C_va",0,0,,,2.0 m10[C_cy] + m141[C_cy] + m32[C_cy] --> 2.0 m1007[C_va] + m143[C_cy] + m35[C_cy]
R796,valine transaminase,metabolic,bound_zero,lb==ub==0,True,0.0,0.0,C_cy,0,0,,,m1008[C_cy] + m51[C_cy] --> m50[C_cy] + m67[C_cy]
R853,glutathione transport,transport,bound_zero,lb==ub==0,True,0.0,0.0,"C_cy,C_va",0,1,,m925[C_va],m530[C_cy] --> m925[C_va]
R859,glycogen vacuolar 'transport' via autophagy,transport,bound_zero,lb==ub==0,False,0.0,0.0,"C_cy,C_va",0,1,,m1058[C_va],m549[C_cy] --> m1058[C_va]
R869,L-asparagine transport,transport,bound_zero,lb==ub==0,True,0.0,0.0,"C_cy,C_va",0,0,,,m1007[C_va] + m319[C_cy] --> m1066[C_va] + m10[C_cy]
R870,L-aspartate transport,transport,bound_zero,lb==ub==0,True,0.0,0.0,"C_cy,C_va",0,0,,,m1007[C_va] + m1066[C_va] --> m10[C_cy] + m319[C_cy]
R871,L-aspartate transport,transport,bound_zero,lb==ub==0,True,0.0,0.0,"C_cy,C_va",0,0,,,m1007[C_va] + m1067[C_va] --> m10[C_cy] + m267[C_cy]
R876,L-glutamate transport,transport,bound_zero,lb==ub==0,True,0.0,0.0,"C_cy,C_va",0,0,,,m1007[C_va] + m1071[C_va] --> m10[C_cy] + m50[C_cy]
R878,L-glutamine transport,transport,bound_zero,lb==ub==0,True,0.0,0.0,"C_cy,C_va",0,0,,,m1007[C_va] + m130[C_cy] --> m1073[C_va] + m10[C_cy]
R879,L-glutamine transport,transport,bound_zero,lb==ub==0,True,0.0,0.0,"C_cy,C_va",0,0,,,m1007[C_va] + m1073[C_va] --> m10[C_cy] + m130[C_cy]
R883,L-isoleucine transport,transport,bound_zero,lb==ub==0,True,0.0,0.0,"C_cy,C_va",0,0,,,m1007[C_va] + m1076[C_va] --> m10[C_cy] + m743[C_cy]
R887,"L-leucine transport, vacuoluar",transport,bound_zero,lb==ub==0,True,0.0,0.0,"C_cy,C_va",0,0,,,m1007[C_va] + m775[C_cy] --> m1080[C_va] + m10[C_cy]
R888,"L-leucine transport, vacuoluar",transport,bound_zero,lb==ub==0,True,0.0,0.0,"C_cy,C_va",0,0,,,m1007[C_va] + m1080[C_va] --> m10[C_cy] + m775[C_cy]
R897,L-tyrosine transport,transport,bound_zero,lb==ub==0,True,0.0,0.0,"C_cy,C_va",0,0,,,m1007[C_va] + m992[C_cy] --> m1089[C_va] + m10[C_cy]
R898,L-tyrosine transport,transport,bound_zero,lb==ub==0,True,0.0,0.0,"C_cy,C_va",0,0,,,m1007[C_va] + m1089[C_va] --> m10[C_cy] + m992[C_cy]
R91,acetyl-CoA synthetase,metabolic,bound_zero,lb==ub==0,True,0.0,0.0,C_mi,0,0,,,m201[C_mi] + m46[C_mi] + m73[C_mi] --> m204[C_mi] + m48[C_mi] + m71[C_mi]
R918,putrescine transport,transport,bound_zero,lb==ub==0,True,0.0,0.0,"C_cy,C_va",0,1,,m1102[C_va],m1007[C_va] + m850[C_cy] --> m10[C_cy] + m1102[C_va]
R92,acetyl-CoA synthetase nuclear,metabolic,bound_zero,lb==ub==0,True,0.0,0.0,C_nu,0,1,,m210[C_nu],m205[C_nu] + m206[C_nu] + m207[C_nu] --> m208[C_nu] + m209[C_nu] + m210[C_nu]
R925,spermidine transport,transport,bound_zero,lb==ub==0,True,0.0,0.0,"C_cy,C_va",0,1,,m1110[C_va],m1007[C_va] + m467[C_cy] --> m10[C_cy] + m1110[C_va]
R927,spermine transport,transport,bound_zero,lb==ub==0,True,0.0,0.0,"C_cy,C_va",0,1,,m1112[C_va],m1007[C_va] + m902[C_cy] --> m10[C_cy] + m1112[C_va]
R1003,adenine exchange,exchange,exchange_closed,"boundary, metabolite unreachable",False,0.0,1000.0,C_ex,1,0,m1026[C_ex],,m1026[C_ex] --> 
R1007,adenosine exchange,exchange,exchange_closed,"boundary, metabolite unreachable",False,0.0,1000.0,C_ex,1,0,m1027[C_ex],,m1027[C_ex] --> 
R1011,allantoate exchange,exchange,exchange_closed,"boundary, metabolite unreachable",False,0.0,1000.0,C_ex,1,0,m1029[C_ex],,m1029[C_ex] --> 
R1012,allantoin exchange,exchange,exchange_closed,"boundary, metabolite unreachable",False,0.0,1000.0,C_ex,1,0,m1030[C_ex],,m1030[C_ex] --> 
R1013,"alpha,alpha-trehalose exchange",exchange,exchange_closed,"boundary, metabolite unreachable",False,0.0,1000.0,C_ex,1,0,m1167[C_ex],,m1167[C_ex] --> 
R1023,bicarbonate exchange,exchange,exchange_closed,"boundary, metabolite unreachable",False,0.0,1000.0,C_ex,0,0,,,m1172[C_ex] --> 
R1029,biotin exchange,exchange,exchange_closed,"boundary, metabolite unreachable",False,-1000.0,1000.0,C_ex,0,0,,,m1032[C_ex] <=> 
R1041,choline exchange,exchange,exchange_closed,"boundary, metabolite unreachable",False,0.0,1000.0,C_ex,1,0,m1037[C_ex],,m1037[C_ex] --> 
R1058,cytidine exchange,exchange,exchange_closed,"boundary, metabolite unreachable",False,0.0,1000.0,C_ex,1,0,m1040[C_ex],,m1040[C_ex] --> 
R1061,cytosine exchange,exchange,exchange_closed,"boundary, metabolite unreachable",False,0.0,1000.0,C_ex,1,0,m1041[C_ex],,m1041[C_ex] --> 
R1065,D-fructose exchange,exchange,exchange_closed,"boundary, metabolite unreachable",False,0.0,1000.0,C_ex,0,0,,,m963[C_ex] --> 
R1066,D-galactose exchange,exchange,exchange_closed,"boundary, metabolite unreachable",False,0.0,1000.0,C_ex,1,0,m1042[C_ex],,m1042[C_ex] --> 
R1067,D-galacturonate exchange,exchange,exchange_closed,"boundary, metabolite unreachable",False,0.0,1000.0,C_ex,1,0,m1197[C_ex],,m1197[C_ex] --> 
R1068,D-glucitol exchange,exchange,exchange_closed,"boundary, metabolite unreachable",False,0.0,1000.0,C_ex,0,0,,,m1199[C_ex] --> 
R1071,D-mannose exchange,exchange,exchange_closed,"boundary, metabolite unreachable",False,0.0,1000.0,C_ex,1,0,m1044[C_ex],,m1044[C_ex] --> 
R1072,D-ribose exchange,exchange,exchange_closed,"boundary, metabolite unreachable",False,0.0,1000.0,C_ex,1,0,m1203[C_ex],,m1203[C_ex] --> 
R1074,D-xylose exchange,exchange,exchange_closed,"boundary, metabolite unreachable",False,0.0,1000.0,C_ex,0,0,,,m1205[C_ex] --> 
R1083,decanoate exchange,exchange,exchange_closed,"boundary, metabolite unreachable",False,0.0,1000.0,C_ex,1,0,m1207[C_ex],,m1207[C_ex] --> 
R1086,deoxycytidine exchange,exchange,exchange_closed,"boundary, metabolite unreachable",False,0.0,1000.0,C_ex,1,0,m1209[C_ex],,m1209[C_ex] --> 
R1115,ethanolamine exchange,exchange,exchange_closed,"boundary, metabolite unreachable",False,0.0,1000.0,C_ex,0,0,,,m1047[C_ex] --> 
R1126,FMN exchange,exchange,exchange_closed,"boundary, metabolite unreachable",False,0.0,1000.0,C_ex,1,0,m213[C_ex],,m213[C_ex] --> 
R1127,folic acid exchange,exchange,exchange_closed,"boundary, metabolite unreachable",False,0.0,1000.0,C_ex,0,0,,,m1050[C_ex] --> 
R1134,gamma-aminobutyrate exchange,exchange,exchange_closed,"boundary, metabolite unreachable",False,0.0,1000.0,C_ex,1,0,m1021[C_ex],,m1021[C_ex] --> 
R1139,glutathione disulfide exchange,exchange,exchange_closed,"boundary, metabolite unreachable",False,0.0,1000.0,C_ex,1,0,m1237[C_ex],,m1237[C_ex] --> 
R1140,glutathione exchange,exchange,exchange_closed,"boundary, metabolite unreachable",False,0.0,1000.0,C_ex,1,0,m1052[C_ex],,m1052[C_ex] --> 
R1147,glycolaldehyde exchange,exchange,exchange_closed,"boundary, metabolite unreachable",False,0.0,1000.0,C_ex,0,0,,,m1242[C_ex] --> 
R1153,guanosine exchange,exchange,exchange_closed,"boundary, metabolite unreachable",False,0.0,1000.0,C_ex,1,0,m1247[C_ex],,m1247[C_ex] --> 
R1166,hexadecanal exchange,exchange,exchange_closed,"boundary, metabolite unreachable",False,0.0,1000.0,C_ex,1,0,m1252[C_ex],,m1252[C_ex] --> 
R1176,inosine exchange,exchange,exchange_closed,"boundary, metabolite unreachable",False,0.0,1000.0,C_ex,1,0,m1261[C_ex],,m1261[C_ex] --> 
R1189,iron(2+) exchange,exchange,exchange_closed,"boundary, metabolite unreachable",False,0.0,1000.0,C_ex,1,0,m1273[C_ex],,m1273[C_ex] --> 
R1190,isoamyl acetate exchange,exchange,exchange_closed,"boundary, metabolite unreachable",False,0.0,1000.0,C_ex,0,0,,,m1062[C_ex] --> 
R1193,isoamylol exchange,exchange,exchange_closed,"boundary, metabolite unreachable",False,0.0,1000.0,C_ex,0,0,,,m1277[C_ex] --> 
R1198,L-arabinitol exchange,exchange,exchange_closed,"boundary, metabolite unreachable",False,0.0,1000.0,C_ex,0,0,,,m1281[C_ex] --> 
R1201,L-arabinose exchange,exchange,exchange_closed,"boundary, metabolite unreachable",False,0.0,1000.0,C_ex,0,0,,,m1283[C_ex] --> 
R1209,L-glucitol exchange,exchange,exchange_closed,"boundary, metabolite unreachable",False,0.0,1000.0,C_ex,0,0,,,m1289[C_ex] --> 
R1216,L-homoserine transport,exchange,exchange_closed,"boundary, metabolite unreachable",False,0.0,1000.0,C_ex,1,0,m1294[C_ex],,m1294[C_ex] --> 
R1229,L-sorbose exchange,exchange,exchange_closed,"boundary, metabolite unreachable",False,0.0,1000.0,C_ex,0,0,,,m1303[C_ex] --> 
R1249,maltose exchange,exchange,exchange_closed,"boundary, metabolite unreachable",False,0.0,1000.0,C_ex,1,0,m1322[C_ex],,m1322[C_ex] --> 
R1263,myo-inositol exchange,exchange,exchange_closed,"boundary, metabolite unreachable",False,0.0,1000.0,C_ex,1,0,m1060[C_ex],,m1060[C_ex] --> 
R1269,NMN exchange,exchange,exchange_closed,"boundary, metabolite unreachable",False,0.0,1000.0,C_ex,1,0,m1337[C_ex],,m1337[C_ex] --> 
R1294,pectin exchange,exchange,exchange_closed,"boundary, metabolite unreachable",False,0.0,1000.0,C_ex,1,0,m1351[C_ex],,m1351[C_ex] --> 
R1298,potassium exchange,exchange,exchange_closed,"boundary, metabolite unreachable",False,-1000.0,1000.0,C_ex,0,0,,,m1099[C_ex] <=> 
R1305,pyridoxine exchange,exchange,exchange_closed,"boundary, metabolite unreachable",False,-1000.0,1000.0,C_ex,0,0,,,m1357[C_ex] <=> 
R1314,riboflavin exchange,exchange,exchange_closed,"boundary, metabolite unreachable",False,0.0,1000.0,C_ex,0,0,,,m216[C_ex] --> 
R1319,S-adenosyl-L-methionine exchange,exchange,exchange_closed,"boundary, metabolite unreachable",False,0.0,1000.0,C_ex,1,0,m1104[C_ex],,m1104[C_ex] --> 
R1320,S-methyl-L-methionine exchange,exchange,exchange_closed,"boundary, metabolite unreachable",False,0.0,1000.0,C_ex,1,0,m1105[C_ex],,m1105[C_ex] --> 
R1323,sodium exchange,exchange,exchange_closed,"boundary, metabolite unreachable",False,-1000.0,1000.0,C_ex,0,0,,,m1108[C_ex] <=> 
R1332,sucrose exchange,exchange,exchange_closed,"boundary, metabolite unreachable",False,0.0,1000.0,C_ex,1,0,m962[C_ex],,m962[C_ex] --> 
R1335,taurine exchange,exchange,exchange_closed,"boundary, metabolite unreachable",False,0.0,1000.0,C_ex,0,0,,,m1115[C_ex] --> 
R1339,thiamine(1+) diphosphate(1-) exchange,exchange,exchange_closed,"boundary, metabolite unreachable",False,0.0,1000.0,C_ex,1,0,m971[C_ex],,m971[C_ex] --> 
R1340,thiamine(1+) exchange,exchange,exchange_closed,"boundary, metabolite unreachable",False,-1000.0,1000.0,C_ex,0,0,,,m972[C_ex] <=> 
R1341,thiamine(1+) monophosphate exchange,exchange,exchange_closed,"boundary, metabolite unreachable",False,0.0,1000.0,C_ex,1,0,m973[C_ex],,m973[C_ex] --> 
R1346,thymidine exchange,exchange,exchange_closed,"boundary, metabolite unreachable",False,0.0,1000.0,C_ex,1,0,m1378[C_ex],,m1378[C_ex] --> 
R1354,uracil exchange,exchange,exchange_closed,"boundary, metabolite unreachable",False,0.0,1000.0,C_ex,1,0,m1117[C_ex],,m1117[C_ex] --> 
R1356,uridine exchange,exchange,exchange_closed,"boundary, metabolite unreachable",False,0.0,1000.0,C_ex,1,0,m1119[C_ex],,m1119[C_ex] --> 
R1366,xanthosine exchange,exchange,exchange_closed,"boundary, metabolite unreachable",False,0.0,1000.0,C_ex,1,0,m1386[C_ex],,m1386[C_ex] --> 
R1368,xylitol exchange,exchange,exchange_closed,"boundary, metabolite unreachable",False,0.0,1000.0,C_ex,1,0,m1388[C_ex],,m1388[C_ex] --> 
R1369,zymosterol exchange,exchange,exchange_closed,"boundary, metabolite unreachable",False,0.0,1000.0,C_ex,1,0,m1390[C_ex],,m1390[C_ex] --> 
R1712,raffinose exchange,exchange,exchange_closed,"boundary, metabolite unreachable",False,0.0,1000.0,C_ex,1,0,m1636[C_ex],,m1636[C_ex] --> 
R1713,melibiose exchange,exchange,exchange_closed,"boundary, metabolite unreachable",False,0.0,1000.0,C_ex,0,0,,,m1637[C_ex] --> 
R1967,EXC_OUT_m1824,exchange,exchange_closed,"boundary, metabolite unreachable",False,0.0,1000.0,C_ex,0,0,,,m1824[C_ex] --> 
R1983,2-Deoxy-D-Ribose exchange,exchange,exchange_closed,"boundary, metabolite unreachable",False,0.0,1000.0,C_ex,0,0,,,m1837[C_ex] --> 
R1984,Palatinose exchange,exchange,exchange_closed,"boundary, metabolite unreachable",False,0.0,1000.0,C_ex,1,0,m1838[C_ex],,m1838[C_ex] --> 
R1986,Salicin exchange,exchange,exchange_closed,"boundary, metabolite unreachable",False,0.0,1000.0,C_ex,1,0,m1841[C_ex],,m1841[C_ex] --> 
R1990,5-aminopentanoate exchange,exchange,exchange_closed,"boundary, metabolite unreachable",False,0.0,1000.0,C_ex,1,0,m1844[C_ex],,m1844[C_ex] --> 
R1992,D-glucosamine exchange,exchange,exchange_closed,"boundary, metabolite unreachable",False,0.0,1000.0,C_ex,0,0,,,m1847[C_ex] --> 
R1994,(R)-3-Hydroxybutanoate exchange,exchange,exchange_closed,"boundary, metabolite unreachable",False,0.0,1000.0,C_ex,1,0,m1849[C_ex],,m1849[C_ex] --> 
R1998,5-dehydro-D-gluconate exchange,exchange,exchange_closed,"boundary, metabolite unreachable",False,0.0,1000.0,C_ex,1,0,m1851[C_ex],,m1851[C_ex] --> 
R2005,3-oxalomalate(3-) exchange,exchange,exchange_closed,"boundary, metabolite unreachable",False,0.0,1000.0,C_ex,1,0,m1856[C_ex],,m1856[C_ex] --> 
R2018,Gly-Asp exchange,exchange,exchange_closed,"boundary, metabolite unreachable",False,0.0,1000.0,C_ex,0,0,,,m1869[C_ex] --> 
R2026,Gly-Glu exchange,exchange,exchange_closed,"boundary, metabolite unreachable",False,0.0,1000.0,C_ex,0,0,,,m1860[C_ex] --> 
R2031,Ala-Gly exchange,exchange,exchange_closed,"boundary, metabolite unreachable",False,0.0,1000.0,C_ex,0,0,,,m1876[C_ex] --> 
R2036,Gly-Pro exchange,exchange,exchange_closed,"boundary, metabolite unreachable",False,0.0,1000.0,C_ex,0,0,,,m1864[C_ex] --> 
R2061,Magnesium exchange,exchange,exchange_closed,"boundary, metabolite unreachable",False,-1000.0,1000.0,C_ex,0,0,,,m1892[C_ex] <=> 
R2208,Indole_3_acetonitrile exchange,exchange,exchange_closed,"boundary, metabolite unreachable",False,0.0,1000.0,C_ex,1,0,m1895[C_ex],,m1895[C_ex] --> 
R2211,alpha_Aminopropiononitrile exchange,exchange,exchange_closed,"boundary, metabolite unreachable",False,0.0,1000.0,C_ex,1,0,m1897[C_ex],,m1897[C_ex] --> 
R2214,gamma_Amino_gamma_cyanobutanoate exchange,exchange,exchange_closed,"boundary, metabolite unreachable",False,0.0,1000.0,C_ex,1,0,m1899[C_ex],,m1899[C_ex] --> 
R2270,pyridoxal exchange,exchange,exchange_closed,"boundary, metabolite unreachable",False,-1000.0,1000.0,C_ex,0,0,,,mpyridoxal[C_ex] <=> 
R2272,hexadecane exchange,exchange,exchange_closed,"boundary, metabolite unreachable",False,0.0,1000.0,C_ex,0,0,,,m1787[C_ex] --> 
R2273,triolein exchange,exchange,exchange_closed,"boundary, metabolite unreachable",False,0.0,1000.0,C_ex,1,0,mtriolein[C_ex],,mtriolein[C_ex] --> 
R2275,tributyrin exchange,exchange,exchange_closed,"boundary, metabolite unreachable",False,0.0,1000.0,C_ex,1,0,m1807[C_ex],,m1807[C_ex] --> 
R941,(1-3)-beta-D-glucan exchange,exchange,exchange_closed,"boundary, metabolite unreachable",False,0.0,1000.0,C_ex,1,0,m510[C_ex],,m510[C_ex] --> 
R943,(R)-carnitine exchange,exchange,exchange_closed,"boundary, metabolite unreachable",False,0.0,1000.0,C_ex,0,0,,,m1069[C_ex] --> 
R947,"(R,R)-2,3-butanediol exchange",exchange,exchange_closed,"boundary, metabolite unreachable",False,0.0,1000.0,C_ex,0,0,,,m1020[C_ex] --> 
R948,(S)-lactate exchange,exchange,exchange_closed,"boundary, metabolite unreachable",False,0.0,1000.0,C_ex,1,0,m1079[C_ex],,m1079[C_ex] --> 
R950,1-(sn-glycero-3-phospho)-1D-myo-inositol exchange,exchange,exchange_closed,"boundary, metabolite unreachable",False,0.0,1000.0,C_ex,0,0,,,m1053[C_ex] --> 
R951,1-acylglycerophosphocholine exchange,exchange,exchange_closed,"boundary, metabolite unreachable",False,0.0,1000.0,C_ex,0,0,,,m1133[C_ex] --> 
R954,2'-deoxyadenosine exchange,exchange,exchange_closed,"boundary, metabolite unreachable",False,0.0,1000.0,C_ex,1,0,m1135[C_ex],,m1135[C_ex] --> 
R955,2'-deoxyguanosine exchange,exchange,exchange_closed,"boundary, metabolite unreachable",False,0.0,1000.0,C_ex,1,0,m1137[C_ex],,m1137[C_ex] --> 
R956,2'-deoxyinosine exchange,exchange,exchange_closed,"boundary, metabolite unreachable",False,0.0,1000.0,C_ex,1,0,m1139[C_ex],,m1139[C_ex] --> 
R957,2'-deoxyuridine exchange,exchange,exchange_closed,"boundary, metabolite unreachable",False,0.0,1000.0,C_ex,1,0,m1141[C_ex],,m1141[C_ex] --> 
R987,5-aminolevulinate exchange,exchange,exchange_closed,"boundary, metabolite unreachable",False,0.0,1000.0,C_ex,1,0,m1022[C_ex],,m1022[C_ex] --> 
R991,5-formyltetrahydrofolic acid exchange,exchange,exchange_closed,"boundary, metabolite unreachable",False,0.0,1000.0,C_ex,0,0,,,m1023[C_ex] --> 
R992,"7,8-diaminononanoate exchange",exchange,exchange_closed,"boundary, metabolite unreachable",False,0.0,1000.0,C_ex,0,0,,,m1152[C_ex] --> 
R994,8-amino-7-oxononanoate exchange,exchange,exchange_closed,"boundary, metabolite unreachable",False,0.0,1000.0,C_ex,0,0,,,m1024[C_ex] --> 
R1375,spontaneous kynurenic acid to quinaldic acid,metabolic,missing_consumer,deadend product: m1404[C_cy],False,0.0,1000.0,C_cy,0,1,,m1404[C_cy],m1403[C_cy] --> m1404[C_cy]
R1380,tryptophan transaminase,metabolic,missing_consumer,deadend product: m986[C_cy],True,0.0,1000.0,C_cy,0,1,,m986[C_cy],m772[C_cy] + m860[C_cy] --> m859[C_cy] + m986[C_cy]
R168,ATP adenylyltransferase,metabolic,missing_consumer,deadend product: m339[C_cy],True,0.0,1000.0,C_cy,0,1,,m339[C_cy],m10[C_cy] + m143[C_cy] + m266[C_cy] --> m339[C_cy] + m35[C_cy]
R169,ATP adenylyltransferase,metabolic,missing_consumer,deadend product: m340[C_cy],True,0.0,1000.0,C_cy,0,1,,m340[C_cy],m266[C_cy] + m268[C_cy] --> 4.0 m10[C_cy] + m340[C_cy] + m35[C_cy]
R1716,phosphatidylinositol 4-kinase,metabolic,missing_consumer,deadend product: m1643[C_vm],True,0.0,1000.0,C_vm,0,1,,m1643[C_vm],m16[C_vm] + m897[C_vm] --> m1643[C_vm] + m18[C_vm] + m19[C_vm]
R1735,LPE phospholipase B,metabolic,missing_consumer,deadend product: m1664[C_en],True,0.0,1000.0,C_en,0,1,,m1664[C_en],m1594[C_en] + m1663[C_en] --> m1661[C_en] + m1664[C_en] + m24[C_en]
R1737,LPS phospholipase B,metabolic,missing_consumer,deadend product: m1667[C_en],True,0.0,1000.0,C_en,0,1,,m1667[C_en],m1594[C_en] + m1666[C_en] --> m1661[C_en] + m1667[C_en] + m24[C_en]
R1740,"PI 4,5-P2 phospholipase C",metabolic,missing_consumer,deadend product: m1671[C_cy],True,0.0,1000.0,C_cy,0,1,,m1671[C_cy],m1669[C_cy] + m32[C_cy] --> m10[C_cy] + m1670[C_cy] + m1671[C_cy]
R175,biotin-[acetyl-CoA-carboxylase] ligase,metabolic,missing_consumer,deadend product: m349[C_cy],True,0.0,1000.0,C_cy,0,1,,m349[C_cy],m141[C_cy] + m348[C_cy] --> m10[C_cy] + m203[C_cy] + m349[C_cy]
R1774,diacylglycerol pyrophosphate phosphatase,metabolic,missing_consumer,deadend product: m1703[C_vm],True,0.0,1000.0,C_vm,0,1,,m1703[C_vm],m1617[C_vm] + m1686[C_vm] --> m1618[C_vm] + m1703[C_vm]
R1942,L-Serine hydro-lyase,metabolic,missing_consumer,deadend product: m1814[C_cy],True,0.0,1000.0,C_cy,0,1,,m1814[C_cy],m441[C_cy] --> m1814[C_cy] + m32[C_cy]
R1952,2'-Deoxyinosine-5'-triphosphate pyrophosphohydrolase,metabolic,missing_consumer,deadend product: m1808[C_cy],True,0.0,1000.0,C_cy,0,1,,m1808[C_cy],m32[C_cy] + m845[C_cy] --> m10[C_cy] + m1808[C_cy] + m203[C_cy]
R1970,(S)3-methyl-2-oxopentanoate dehydrogenase,metabolic,missing_consumer,deadend product: m1830[C_mi],True,0.0,1000.0,C_mi,0,1,,m1830[C_mi],m27[C_mi] + m28[C_mi] + m489[C_mi] + m73[C_mi] --> m1830[C_mi] + m30[C_mi] + m44[C_mi]
R1988,Salicin 6-phosphate glucohydrolase,metabolic,missing_consumer,deadend product: m1843[C_cy],False,0.0,1000.0,C_cy,0,1,,m1843[C_cy],2.0 m10[C_cy] + m1842[C_cy] + m32[C_cy] --> m1843[C_cy] + m296[C_cy]
R2094,S-Adenosyl-L-methionine:catechol O-methyltransferase,metabolic,missing_consumer,deadend product: m1951[C_cy],True,0.0,1000.0,C_cy,0,1,,m1951[C_cy],m1950[C_cy] + m256[C_cy] --> m10[C_cy] + m1951[C_cy] + m255[C_cy]
R2098,S-Adenosyl-L-methionine:catechol O-methyltransferase,metabolic,missing_consumer,deadend product: m1957[C_cy],True,0.0,1000.0,C_cy,0,1,,m1957[C_cy],m1956[C_cy] + m256[C_cy] --> m1957[C_cy] + m255[C_cy]
R2105,UDP-N-Acetyl-D-glucosamine:N-acetyl-D-glucosaminyl diphosphodolichol N-acetyl-D-glucosaminyltransferase,metabolic,missing_consumer,deadend product: m1969[C_er],True,0.0,1000.0,C_er,0,1,,m1969[C_er],m1965[C_er] + m1968[C_er] --> m1966[C_er] + m1969[C_er]
R2136,"dihydroceramide, NADPH: oxygen oxidoreductase",metabolic,missing_consumer,deadend product: m1986[C_er],True,0.0,1000.0,C_er,0,1,,m1986[C_er],m102[C_er] + m103[C_er] + m1985[C_er] + m387[C_er] --> m104[C_er] + m1986[C_er] + m389[C_er]
R2137,UDP-D-glucuronate carboxy-lyase,metabolic,missing_consumer,deadend product: m1987[C_cy],True,0.0,1000.0,C_cy,0,1,,m1987[C_cy],m1723[C_cy] --> m1987[C_cy] + m82[C_cy]
R2191,NO NAME,metabolic,missing_consumer,deadend product: m2027[C_cy],True,0.0,1000.0,C_cy,0,1,,m2027[C_cy],m109[C_cy] + m10[C_cy] + m123[C_cy] + m2026[C_cy] --> m122[C_cy] + m2027[C_cy] + m32[C_cy]
R2194,triacylglycerol acylhydrolase,metabolic,missing_consumer,deadend product: m2028[C_er],True,0.0,1000.0,C_er,0,1,,m2028[C_er],m2014[C_er] + m389[C_er] --> m2011[C_er] + m2028[C_er]
R2242,2 octaprenyl 6 hydroxyphenol methylase nuclear,metabolic,missing_consumer,deadend product: m1924[C_nu],True,0.0,1000.0,C_nu,0,1,,m1924[C_nu],m1923[C_nu] + m1925[C_nu] --> m1924[C_nu] + m1926[C_nu] + m627[C_nu]
R235,cis-prenyltransferase step 19,metabolic,missing_consumer,deadend product: m432[C_lp],True,0.0,1000.0,C_lp,0,1,,m432[C_lp],m412[C_lp] + m431[C_lp] --> m413[C_lp] + m432[C_lp]
R263,deoxyribokinase,metabolic,missing_consumer,deadend product: m473[C_cy],True,0.0,1000.0,C_cy,0,1,,m473[C_cy],m141[C_cy] + m472[C_cy] --> m143[C_cy] + m473[C_cy]
R317,g-glutamyltransferase,metabolic,missing_consumer,deadend product: m543[C_cy],True,0.0,1000.0,C_cy,0,1,,m543[C_cy],m114[C_cy] + m530[C_cy] --> m542[C_cy] + m543[C_cy]
R394,hnRNP arginine N-methyltransferase,metabolic,missing_consumer,deadend product: m623[C_cy],True,0.0,1000.0,C_cy,0,1,,m623[C_cy],m256[C_cy] + m615[C_cy] --> m10[C_cy] + m255[C_cy] + m623[C_cy]
R396,homocitrate synthase,metabolic,missing_consumer,deadend product: m628[C_nu],True,0.0,1000.0,C_nu,0,1,,m628[C_nu],m208[C_nu] + m625[C_nu] + m626[C_nu] --> m207[C_nu] + m628[C_nu]
R427,IPS phospholipase C,metabolic,missing_consumer,deadend product: m663[C_er],True,0.0,1000.0,C_er,0,1,,m663[C_er],m389[C_er] + m662[C_er] --> m386[C_er] + m663[C_er]
R428,IPS phospholipase C,metabolic,missing_consumer,deadend product: m663[C_er],True,0.0,1000.0,C_er,0,1,,m663[C_er],m389[C_er] + m664[C_er] --> m391[C_er] + m663[C_er]
R429,IPS phospholipase C,metabolic,missing_consumer,deadend product: m663[C_er],True,0.0,1000.0,C_er,0,1,,m663[C_er],m389[C_er] + m665[C_er] --> m390[C_er] + m663[C_er]
R430,IPS phospholipase C,metabolic,missing_consumer,deadend product: m663[C_er],True,0.0,1000.0,C_er,0,1,,m663[C_er],m389[C_er] + m666[C_er] --> m393[C_er] + m663[C_er]
R431,IPS phospholipase C,metabolic,missing_consumer,deadend product: m663[C_er],True,0.0,1000.0,C_er,0,1,,m663[C_er],m389[C_er] + m667[C_er] --> m388[C_er] + m663[C_er]
R432,IPS phospholipase C,metabolic,missing_consumer,deadend product: m663[C_er],True,0.0,1000.0,C_er,0,1,,m663[C_er],m389[C_er] + m668[C_er] --> m392[C_er] + m663[C_er]
R433,IPS phospholipase C,metabolic,missing_consumer,deadend product: m663[C_er],True,0.0,1000.0,C_er,0,1,,m663[C_er],m389[C_er] + m669[C_er] --> m397[C_er] + m663[C_er]
R434,IPS phospholipase C,metabolic,missing_consumer,deadend product: m663[C_er],True,0.0,1000.0,C_er,0,1,,m663[C_er],m389[C_er] + m670[C_er] --> m398[C_er] + m663[C_er]
R435,IPS phospholipase C,metabolic,missing_consumer,deadend product: m663[C_er],True,0.0,1000.0,C_er,0,1,,m663[C_er],m389[C_er] + m671[C_er] --> m399[C_er] + m663[C_er]
R436,IPS phospholipase C,metabolic,missing_consumer,deadend product: m663[C_er],True,0.0,1000.0,C_er,0,1,,m663[C_er],m389[C_er] + m672[C_er] --> m400[C_er] + m663[C_er]
R437,IPS phospholipase C,metabolic,missing_consumer,deadend product: m674[C_er],True,0.0,1000.0,C_er,0,1,,m674[C_er],m389[C_er] + m673[C_er] --> m386[C_er] + m674[C_er]
R438,IPS phospholipase C,metabolic,missing_consumer,deadend product: m674[C_er],True,0.0,1000.0,C_er,0,1,,m674[C_er],m389[C_er] + m675[C_er] --> m391[C_er] + m674[C_er]
R439,IPS phospholipase C,metabolic,missing_consumer,deadend product: m674[C_er],True,0.0,1000.0,C_er,0,1,,m674[C_er],m389[C_er] + m676[C_er] --> m390[C_er] + m674[C_er]
R440,IPS phospholipase C,metabolic,missing_consumer,deadend product: m674[C_er],True,0.0,1000.0,C_er,0,1,,m674[C_er],m389[C_er] + m677[C_er] --> m393[C_er] + m674[C_er]
R441,IPS phospholipase C,metabolic,missing_consumer,deadend product: m674[C_er],True,0.0,1000.0,C_er,0,1,,m674[C_er],m389[C_er] + m678[C_er] --> m388[C_er] + m674[C_er]
R442,IPS phospholipase C,metabolic,missing_consumer,deadend product: m674[C_er],True,0.0,1000.0,C_er,0,1,,m674[C_er],m389[C_er] + m679[C_er] --> m392[C_er] + m674[C_er]
R443,IPS phospholipase C,metabolic,missing_consumer,deadend product: m674[C_er],True,0.0,1000.0,C_er,0,1,,m674[C_er],m389[C_er] + m680[C_er] --> m397[C_er] + m674[C_er]
R444,IPS phospholipase C,metabolic,missing_consumer,deadend product: m674[C_er],True,0.0,1000.0,C_er,0,1,,m674[C_er],m389[C_er] + m681[C_er] --> m398[C_er] + m674[C_er]
R445,IPS phospholipase C,metabolic,missing_consumer,deadend product: m674[C_er],True,0.0,1000.0,C_er,0,1,,m674[C_er],m389[C_er] + m682[C_er] --> m399[C_er] + m674[C_er]
R446,IPS phospholipase C,metabolic,missing_consumer,deadend product: m674[C_er],True,0.0,1000.0,C_er,0,1,,m674[C_er],m389[C_er] + m683[C_er] --> m400[C_er] + m674[C_er]
R512,L-serine dehydrogenase,metabolic,missing_consumer,deadend product: m767[C_cy],True,0.0,1000.0,C_cy,0,1,,m767[C_cy],m41[C_cy] + m441[C_cy] --> 2.0 m10[C_cy] + m40[C_cy] + m767[C_cy]
R546,methionyl-tRNA formyltransferase,metabolic,missing_consumer,deadend product: m805[C_mi],True,0.0,1000.0,C_mi,0,1,,m805[C_mi],m534[C_mi] + m804[C_mi] --> m126[C_mi] + m28[C_mi] + m805[C_mi]
R567,NAD nucleosidase nuclear,metabolic,missing_consumer,deadend product: m818[C_nu],True,0.0,1000.0,C_nu,0,1,,m818[C_nu],m626[C_nu] + m817[C_nu] --> 2.0 m627[C_nu] + m818[C_nu] + m819[C_nu]
R569,NAD synthase,metabolic,missing_consumer,deadend product: m210[C_nu],True,0.0,1000.0,C_nu,0,1,,m210[C_nu],m206[C_nu] + m626[C_nu] + m821[C_nu] + m822[C_nu] --> m209[C_nu] + m210[C_nu] + m817[C_nu] + m823[C_nu]
R577,nicotinamide N-methyltransferase,metabolic,missing_consumer,deadend product: m830[C_cy],True,0.0,1000.0,C_cy,0,1,,m830[C_cy],m256[C_cy] + m829[C_cy] --> m255[C_cy] + m830[C_cy]
R579,nicotinamide-nucleotide adenylyltransferase,metabolic,missing_consumer,deadend product: m210[C_nu],True,0.0,1000.0,C_nu,0,1,,m210[C_nu],m206[C_nu] + m832[C_nu] --> m210[C_nu] + m817[C_nu]
R582,nicotinate-nucleotide diphosphorylase (carboxylating),metabolic,missing_consumer,deadend product: m828[C_mi],True,0.0,1000.0,C_mi,0,1,,m828[C_mi],3.0 m28[C_mi] + m827[C_mi] + m834[C_mi] --> m204[C_mi] + m44[C_mi] + m828[C_mi]
R663,Phytosphingosine phosphate lyase,metabolic,missing_consumer,deadend product: m895[C_er],True,0.0,1000.0,C_er,0,2,,m895[C_er];m896[C_er],m894[C_er] --> m102[C_er] + m895[C_er] + m896[C_er]
R666,polyamine oxidase,metabolic,missing_consumer,deadend product: m899[C_cy],True,0.0,1000.0,C_cy,0,1,,m899[C_cy],m109[C_cy] + m32[C_cy] + m898[C_cy] --> m10[C_cy] + m280[C_cy] + m301[C_cy] + m899[C_cy]
R692,pyruvate decarboxylase (acetoin-forming),metabolic,missing_consumer,deadend product: m174[C_cy],True,0.0,1000.0,C_cy,0,1,,m174[C_cy],m173[C_cy] + m4[C_cy] --> m174[C_cy] + m82[C_cy]
R727,sirohydrochlorin ferrochetalase,metabolic,missing_consumer,deadend product: m949[C_cy],True,0.0,1000.0,C_cy,0,1,,m949[C_cy],m947[C_cy] + m948[C_cy] --> 3.0 m10[C_cy] + m949[C_cy]
R730,sphinganine phosphate lyase,metabolic,missing_consumer,deadend product: m896[C_er],True,0.0,1000.0,C_er,0,2,,m896[C_er];m951[C_er],m950[C_er] --> m102[C_er] + m896[C_er] + m951[C_er]
R747,taurine dioxygenase,metabolic,missing_consumer,deadend product: m968[C_cy],True,0.0,1000.0,C_cy,0,1,,m968[C_cy],m109[C_cy] + m10[C_cy] + m51[C_cy] + m967[C_cy] --> m541[C_cy] + m82[C_cy] + m879[C_cy] + m968[C_cy]
R75,acetaldehyde condensation,metabolic,missing_consumer,deadend product: m174[C_cy],True,0.0,1000.0,C_cy,0,1,,m174[C_cy],2.0 m173[C_cy] --> m174[C_cy]
R753,thiamine-diphosphate kinase,metabolic,missing_consumer,deadend product: m976[C_cy],True,0.0,1000.0,C_cy,0,1,,m976[C_cy],m141[C_cy] + m975[C_cy] --> m143[C_cy] + m976[C_cy]
R770,tryptophan transaminase,metabolic,missing_consumer,deadend product: m986[C_cy],True,0.0,1000.0,C_cy,0,1,,m986[C_cy],m51[C_cy] + m772[C_cy] --> m10[C_cy] + m50[C_cy] + m986[C_cy]
R777,UDP-glucose:ergosterol glucosyltransferase,metabolic,missing_consumer,deadend product: m1001[C_cy],True,0.0,1000.0,C_cy,0,1,,m1001[C_cy],m1000[C_cy] + 2.0 m10[C_cy] + m8[C_cy] --> m1001[C_cy] + m11[C_cy]
R1194,L-1-pyrroline-3-hydroxy-5-carboxylate spontaneous conversion to L-4-hydroxyglutamate semialdehyde,metabolic,missing_producer,orphan substrate: m753[C_mi],False,0.0,1000.0,C_mi,1,0,m753[C_mi],,m26[C_mi] + m28[C_mi] + m753[C_mi] --> m755[C_mi]
R141,"alpha 1,2-mannosyltransferase",metabolic,missing_producer,orphan substrate: m289[C_go],True,0.0,1000.0,C_go,1,1,m289[C_go],m291[C_go],m289[C_go] + m290[C_go] --> m291[C_go] + m292[C_go] + m293[C_go]
R144,amidase,metabolic,missing_producer,orphan substrate: m298[C_cy],True,0.0,1000.0,C_cy,1,1,m298[C_cy],m299[C_cy],m298[C_cy] + m32[C_cy] --> m10[C_cy] + m299[C_cy] + m38[C_cy]
R1460,"fatty-acid--CoA ligase (arachidate), cell envelope",metabolic,missing_producer,orphan substrate: m1494[C_en],True,0.0,1000.0,C_en,2,2,m1494[C_en];m1495[C_en],m1496[C_en];m1497[C_en],m1494[C_en] + m1495[C_en] + m21[C_en] --> m1496[C_en] + m1497[C_en] + m1498[C_en]
R1461,"fatty-acid--CoA ligase (behenate), cell envelope",metabolic,missing_producer,orphan substrate: m1494[C_en],True,0.0,1000.0,C_en,2,2,m1494[C_en];m1499[C_en],m1496[C_en];m1497[C_en],m1494[C_en] + m1499[C_en] + m21[C_en] --> m1496[C_en] + m1497[C_en] + m1500[C_en]
R1462,"fatty-acid--CoA ligase (lignoceric acid), cell envelope",metabolic,missing_producer,orphan substrate: m1494[C_en],True,0.0,1000.0,C_en,1,2,m1494[C_en],m1496[C_en];m1497[C_en],m1494[C_en] + m1501[C_en] + m21[C_en] --> m1496[C_en] + m1497[C_en] + m1502[C_en]
R1463,"fatty-acid--CoA ligase (cerotic acid), cell envelope",metabolic,missing_producer,orphan substrate: m1494[C_en],True,0.0,1000.0,C_en,1,2,m1494[C_en],m1496[C_en];m1497[C_en],m1494[C_en] + m1503[C_en] + m21[C_en] --> m1496[C_en] + m1497[C_en] + m1504[C_en]
R1464,"fatty-acid--CoA ligase (behenate), ER membrane",metabolic,missing_producer,orphan substrate: m1505[C_em],True,0.0,1000.0,C_em,1,0,m1505[C_em],,m1469[C_em] + m1505[C_em] + m233[C_em] --> m1434[C_em] + m1471[C_em] + m380[C_em]
R1467,"fatty-acid--CoA ligase (behenate), lipid particle",metabolic,missing_producer,orphan substrate: m1508[C_lp],True,0.0,1000.0,C_lp,1,0,m1508[C_lp],,m1477[C_lp] + m1508[C_lp] + m573[C_lp] --> m1479[C_lp] + m1509[C_lp] + m413[C_lp]
R155,arginyl-tRNA synthetase,metabolic,missing_producer,orphan substrate: m317[C_mi],True,0.0,1000.0,C_mi,1,1,m317[C_mi],m318[C_mi],m316[C_mi] + m317[C_mi] + m46[C_mi] --> m204[C_mi] + m318[C_mi] + m48[C_mi]
R158,"asparaginyl-tRNA synthetase, miotchondrial",metabolic,missing_producer,orphan substrate: m323[C_mi],True,0.0,1000.0,C_mi,1,1,m323[C_mi],m324[C_mi],m322[C_mi] + m323[C_mi] + m46[C_mi] --> m204[C_mi] + m324[C_mi] + m48[C_mi]
R166,Aspartyl-tRNA synthetase,metabolic,missing_producer,orphan substrate: m337[C_mi],True,0.0,1000.0,C_mi,1,1,m337[C_mi],m338[C_mi],m329[C_mi] + m337[C_mi] + m46[C_mi] --> m204[C_mi] + m338[C_mi] + m48[C_mi]
R1711,raffinose invertase,metabolic,missing_producer,orphan substrate: m1636[C_ex],True,0.0,1000.0,C_ex,1,0,m1636[C_ex],,m1636[C_ex] + m214[C_ex] --> m1637[C_ex] + m963[C_ex]
R173,"beta-1,4 mannosyltransferase",metabolic,missing_producer,orphan substrate: m344[C_cy],True,0.0,1000.0,C_cy,1,1,m344[C_cy],m345[C_cy],m343[C_cy] + m344[C_cy] --> m268[C_cy] + m345[C_cy]
R1760,"lysoPA phosphatase, cytoplasm",metabolic,missing_producer,orphan substrate: m1689[C_cy],True,0.0,1000.0,C_cy,1,1,m1689[C_cy],m1690[C_cy],m1689[C_cy] + m32[C_cy] --> m1690[C_cy] + m35[C_cy]
R1761,"lysoPA phosphatase, vacuolar membrane",metabolic,missing_producer,orphan substrate: m1691[C_vm],True,0.0,1000.0,C_vm,1,1,m1691[C_vm],m1692[C_vm],m1617[C_vm] + m1691[C_vm] --> m1618[C_vm] + m1692[C_vm]
R1762,"lysoPA phosphatase, Golgi membrane",metabolic,missing_producer,orphan substrate: m1693[C_gm],True,0.0,1000.0,C_gm,1,1,m1693[C_gm],m1694[C_gm],m1619[C_gm] + m1693[C_gm] --> m1620[C_gm] + m1694[C_gm]
R1764,"DAG lipase, mitochondrion",metabolic,missing_producer,orphan substrate: m1696[C_mi],True,0.0,1000.0,C_mi,1,1,m1696[C_mi],m1697[C_mi],m1696[C_mi] + m26[C_mi] --> m1697[C_mi] + m1698[C_mi] + m28[C_mi]
R1895,extracellular tributyrin hydrolysis,metabolic,missing_producer,orphan substrate: m1807[C_ex],True,0.0,1000.0,C_ex,1,0,m1807[C_ex],,m1807[C_ex] + m214[C_ex] --> m1459[C_ex] + m1805[C_ex]
R1908,ATP:pantothenate 4'-phosphotransferase,metabolic,missing_producer,orphan substrate: m1721[C_cy],True,0.0,1000.0,C_cy,1,0,m1721[C_cy],,m141[C_cy] + m1721[C_cy] --> m143[C_cy] + m854[C_cy]
R1909,ATP:pantothenate 4'-phosphotransferase,metabolic,missing_producer,orphan substrate: m1722[C_cy],True,0.0,1000.0,C_cy,1,0,m1722[C_cy],,m141[C_cy] + m1722[C_cy] --> m10[C_cy] + m143[C_cy] + m887[C_cy]
R1912,ADP-ribose ribophosphohydrolase,metabolic,missing_producer,orphan substrate: m1725[C_cy],True,0.0,1000.0,C_cy,1,0,m1725[C_cy],,2.0 m10[C_cy] + m1725[C_cy] + m32[C_cy] --> m86[C_cy] + m889[C_cy]
R1930,cellobiose glucohydrolase,metabolic,missing_producer,orphan substrate: m1813[C_cy],True,0.0,1000.0,C_cy,1,0,m1813[C_cy],,m1813[C_cy] + m32[C_cy] --> 2.0 m295[C_cy]
R1932,5-oxo-L-proline amidohydrolase (ATP-hydrolysing),metabolic,missing_producer,orphan substrate: m1809[C_cy],True,0.0,1000.0,C_cy,1,0,m1809[C_cy],,m141[C_cy] + m1809[C_cy] + 2.0 m32[C_cy] --> m143[C_cy] + m35[C_cy] + m50[C_cy]
R1985,Palatinose hydrolase,metabolic,missing_producer,orphan substrate: m1838[C_ex],False,0.0,1000.0,C_ex,1,0,m1838[C_ex],,m1838[C_ex] + m214[C_ex] --> m511[C_ex] + m963[C_ex]
R2087,2-phenylacetamide amidohydrolase,metabolic,missing_producer,orphan substrate: m1931[C_cy],True,0.0,1000.0,C_cy,1,1,m1931[C_cy],m1932[C_cy],m1931[C_cy] + m32[C_cy] --> m1932[C_cy] + m38[C_cy]
R2088,Indole-3-acetamide amidohydrolase,metabolic,missing_producer,orphan substrate: m2052[C_cy],True,0.0,1000.0,C_cy,1,0,m2052[C_cy],,m2052[C_cy] + m32[C_cy] --> m1259[C_cy] + m38[C_cy]
R2095,"4-(2-Aminoethyl)-1,2-benzenediol:oxygen oxidoreductase(deaminating)(flavin-containing)",metabolic,missing_producer,orphan substrate: m1953[C_cy],True,0.0,1000.0,C_cy,1,0,m1953[C_cy],,m109[C_cy] + m1953[C_cy] + m32[C_cy] --> m10[C_cy] + m1952[C_cy] + m301[C_cy] + m38[C_cy]
R2097,S-Adenosyl-L-methionine:catechol O-methyltransferase,metabolic,missing_producer,orphan substrate: m1954[C_cy],True,0.0,1000.0,C_cy,1,1,m1954[C_cy],m1955[C_cy],m1954[C_cy] + m256[C_cy] --> m1955[C_cy] + m255[C_cy]
R2100,"3,4-dihydroxyphenylethyleneglycol:NAD+ oxidoreductase",metabolic,missing_producer,orphan substrate: m1959[C_cy],True,0.0,1000.0,C_cy,1,0,m1959[C_cy],,m122[C_cy] + m1959[C_cy] --> m10[C_cy] + m123[C_cy] + m1958[C_cy]
R217,cis-prenyltransferase step 01,metabolic,missing_producer,orphan substrate: m411[C_lp],True,0.0,1000.0,C_lp,1,0,m411[C_lp],,3.0 m1249[C_lp] + m411[C_lp] + m412[C_lp] --> m413[C_lp] + m414[C_lp]
R2183,Agmatine amidinohydrolase,metabolic,missing_producer,orphan substrate: m2022[C_cy],True,0.0,1000.0,C_cy,1,0,m2022[C_cy],,m2022[C_cy] + m32[C_cy] --> m285[C_cy] + m850[C_cy]
R2198,"O3-acetyl-L-serine:thiosulfate 2-amino-2-carboxyethyltransferase (reducing, L-cysteine-forming); O3-acetyl-L-serine acetate-lyase (thiosulfate-reducing, L-cysteine-forming)",metabolic,missing_producer,orphan substrate: m2033[C_cy],True,0.0,1000.0,C_cy,1,1,m2033[C_cy],m2034[C_cy],m2032[C_cy] + m2033[C_cy] + m446[C_cy] --> m10[C_cy] + m202[C_cy] + m2034[C_cy] + m443[C_cy] + m879[C_cy]
R2204,L-methionine:oxidized-thioredoxin S-oxidoreductase,metabolic,missing_producer,orphan substrate: m2033[C_cy],True,0.0,1000.0,C_cy,2,1,m2033[C_cy];m2036[C_cy],m2034[C_cy],m2033[C_cy] + m2036[C_cy] --> m2034[C_cy] + m32[C_cy] + m74[C_cy]
R2250,Hydroxybenzoate octaprenyltransferase,metabolic,missing_producer,orphan substrate: m1930[C_cy],True,0.0,1000.0,C_cy,1,0,m1930[C_cy],,m1930[C_cy] + m366[C_cy] --> m1929[C_cy] + m203[C_cy]
R2251,amidase,metabolic,missing_producer,orphan substrate: m1931[C_cy],True,0.0,1000.0,C_cy,1,1,m1931[C_cy],m1932[C_cy],m1931[C_cy] + m32[C_cy] --> m1932[C_cy] + m38[C_cy]
R2252,amidase,metabolic,missing_producer,orphan substrate: m1933[C_cy],True,0.0,1000.0,C_cy,1,0,m1933[C_cy],,m1933[C_cy] + m32[C_cy] --> m1259[C_cy] + m38[C_cy]
R2274,triolein hydrolysis,metabolic,missing_producer,orphan substrate: mtriolein[C_ex],False,0.0,1000.0,C_ex,1,0,mtriolein[C_ex],,mtriolein[C_ex] --> m1056[C_ex] + 3.0 m1463[C_ex]
R286,diphthine synthase,metabolic,missing_producer,orphan substrate: m497[C_cy],True,0.0,1000.0,C_cy,1,1,m497[C_cy],m498[C_cy],m256[C_cy] + m497[C_cy] --> m255[C_cy] + m498[C_cy]
R287,dolichol kinase,metabolic,missing_producer,orphan substrate: m499[C_cy],True,0.0,1000.0,C_cy,1,0,m499[C_cy],,m406[C_cy] + m499[C_cy] --> m10[C_cy] + m500[C_cy] + m501[C_cy]
R294,"exo-1,3-beta-glucan glucohydrase",metabolic,missing_producer,orphan substrate: m510[C_ex],True,0.0,1000.0,C_ex,1,0,m510[C_ex],,94.0 m342[C_ex] + m510[C_ex] --> 46.0 m214[C_ex] + m511[C_ex]
R296,fatty acid oxidation (C18:2),metabolic,missing_producer,orphan substrate: m514[C_pe],True,0.0,1000.0,C_pe,1,0,m514[C_pe],,8.0 m116[C_pe] + 8.0 m182[C_pe] + 6.0 m221[C_pe] + 8.0 m375[C_pe] + m514[C_pe] --> 8.0 m118[C_pe] + 8.0 m119[C_pe] + 9.0 m183[C_pe] + 6.0 m222[C_pe]
R30,"3',5'-cyclic-nucleotide phosphodiesterase",metabolic,missing_producer,orphan substrate: m88[C_cy],True,0.0,1000.0,C_cy,1,0,m88[C_cy],,m32[C_cy] + m88[C_cy] --> m89[C_cy]
R31,"3',5'-cyclic-nucleotide phosphodiesterase",metabolic,missing_producer,orphan substrate: m90[C_cy],True,0.0,1000.0,C_cy,1,0,m90[C_cy],,m32[C_cy] + m90[C_cy] --> m91[C_cy]
R310,formate-tetrahydrofolate ligase,metabolic,missing_producer,orphan substrate: m533[C_mi],True,0.0,1000.0,C_mi,1,0,m533[C_mi],,m126[C_mi] + m46[C_mi] + m533[C_mi] --> m197[C_mi] + 2.0 m28[C_mi] + m534[C_mi] + m58[C_mi]
R318,galactokinase,metabolic,missing_producer,orphan substrate: m544[C_cy],True,0.0,1000.0,C_cy,1,0,m544[C_cy],,m141[C_cy] + m544[C_cy] --> 2.0 m10[C_cy] + m143[C_cy] + m545[C_cy]
R33,"3',5'-cyclic-nucleotide phosphodiesterase",metabolic,missing_producer,orphan substrate: m94[C_cy],True,0.0,1000.0,C_cy,1,0,m94[C_cy],,m32[C_cy] + m94[C_cy] --> m95[C_cy]
R338,glutamyl-tRNA synthetase,metabolic,missing_producer,orphan substrate: m557[C_mi],True,0.0,1000.0,C_mi,1,1,m557[C_mi],m558[C_mi],m29[C_mi] + m46[C_mi] + m557[C_mi] --> m204[C_mi] + m48[C_mi] + m558[C_mi]
R393,histidyl-tRNA synthetase,metabolic,missing_producer,orphan substrate: m621[C_mi],True,0.0,1000.0,C_mi,1,1,m621[C_mi],m622[C_mi],m46[C_mi] + m620[C_mi] + m621[C_mi] --> m204[C_mi] + m48[C_mi] + m622[C_mi]
R406,hydroxyacylglutathione hydrolase,metabolic,missing_producer,orphan substrate: m639[C_mi],True,0.0,1000.0,C_mi,1,0,m639[C_mi],,m26[C_mi] + m639[C_mi] --> m561[C_mi] + m5[C_mi]
R447,IPS phospholipase C,metabolic,missing_producer,orphan substrate: m684[C_mi],True,0.0,1000.0,C_mi,1,2,m684[C_mi],m685[C_mi];m686[C_mi],m26[C_mi] + m684[C_mi] --> m685[C_mi] + m686[C_mi]
R448,IPS phospholipase C,metabolic,missing_producer,orphan substrate: m687[C_mi],True,0.0,1000.0,C_mi,1,2,m687[C_mi],m685[C_mi];m688[C_mi],m26[C_mi] + m687[C_mi] --> m685[C_mi] + m688[C_mi]
R449,IPS phospholipase C,metabolic,missing_producer,orphan substrate: m689[C_mi],True,0.0,1000.0,C_mi,1,2,m689[C_mi],m685[C_mi];m690[C_mi],m26[C_mi] + m689[C_mi] --> m685[C_mi] + m690[C_mi]
R450,IPS phospholipase C,metabolic,missing_producer,orphan substrate: m691[C_mi],True,0.0,1000.0,C_mi,1,2,m691[C_mi],m685[C_mi];m692[C_mi],m26[C_mi] + m691[C_mi] --> m685[C_mi] + m692[C_mi]
R451,IPS phospholipase C,metabolic,missing_producer,orphan substrate: m693[C_mi],True,0.0,1000.0,C_mi,1,2,m693[C_mi],m685[C_mi];m694[C_mi],m26[C_mi] + m693[C_mi] --> m685[C_mi] + m694[C_mi]
R452,IPS phospholipase C,metabolic,missing_producer,orphan substrate: m695[C_mi],True,0.0,1000.0,C_mi,1,2,m695[C_mi],m685[C_mi];m696[C_mi],m26[C_mi] + m695[C_mi] --> m685[C_mi] + m696[C_mi]
R453,IPS phospholipase C,metabolic,missing_producer,orphan substrate: m697[C_mi],True,0.0,1000.0,C_mi,1,2,m697[C_mi],m685[C_mi];m698[C_mi],m26[C_mi] + m697[C_mi] --> m685[C_mi] + m698[C_mi]
R454,IPS phospholipase C,metabolic,missing_producer,orphan substrate: m699[C_mi],True,0.0,1000.0,C_mi,1,2,m699[C_mi],m685[C_mi];m700[C_mi],m26[C_mi] + m699[C_mi] --> m685[C_mi] + m700[C_mi]
R455,IPS phospholipase C,metabolic,missing_producer,orphan substrate: m701[C_mi],True,0.0,1000.0,C_mi,1,2,m701[C_mi],m685[C_mi];m702[C_mi],m26[C_mi] + m701[C_mi] --> m685[C_mi] + m702[C_mi]
R456,IPS phospholipase C,metabolic,missing_producer,orphan substrate: m703[C_mi],True,0.0,1000.0,C_mi,1,2,m703[C_mi],m685[C_mi];m704[C_mi],m26[C_mi] + m703[C_mi] --> m685[C_mi] + m704[C_mi]
R457,IPS phospholipase C,metabolic,missing_producer,orphan substrate: m705[C_mi],True,0.0,1000.0,C_mi,1,2,m705[C_mi],m686[C_mi];m706[C_mi],m26[C_mi] + m705[C_mi] --> m686[C_mi] + m706[C_mi]
R458,IPS phospholipase C,metabolic,missing_producer,orphan substrate: m707[C_mi],True,0.0,1000.0,C_mi,1,2,m707[C_mi],m688[C_mi];m706[C_mi],m26[C_mi] + m707[C_mi] --> m688[C_mi] + m706[C_mi]
R459,IPS phospholipase C,metabolic,missing_producer,orphan substrate: m708[C_mi],True,0.0,1000.0,C_mi,1,2,m708[C_mi],m690[C_mi];m706[C_mi],m26[C_mi] + m708[C_mi] --> m690[C_mi] + m706[C_mi]
R460,IPS phospholipase C,metabolic,missing_producer,orphan substrate: m709[C_mi],True,0.0,1000.0,C_mi,1,2,m709[C_mi],m692[C_mi];m706[C_mi],m26[C_mi] + m709[C_mi] --> m692[C_mi] + m706[C_mi]
R461,IPS phospholipase C,metabolic,missing_producer,orphan substrate: m710[C_mi],True,0.0,1000.0,C_mi,1,2,m710[C_mi],m694[C_mi];m706[C_mi],m26[C_mi] + m710[C_mi] --> m694[C_mi] + m706[C_mi]
R462,IPS phospholipase C,metabolic,missing_producer,orphan substrate: m711[C_mi],True,0.0,1000.0,C_mi,1,2,m711[C_mi],m696[C_mi];m706[C_mi],m26[C_mi] + m711[C_mi] --> m696[C_mi] + m706[C_mi]
R463,IPS phospholipase C,metabolic,missing_producer,orphan substrate: m712[C_mi],True,0.0,1000.0,C_mi,1,2,m712[C_mi],m698[C_mi];m706[C_mi],m26[C_mi] + m712[C_mi] --> m698[C_mi] + m706[C_mi]
R464,IPS phospholipase C,metabolic,missing_producer,orphan substrate: m713[C_mi],True,0.0,1000.0,C_mi,1,2,m713[C_mi],m700[C_mi];m706[C_mi],m26[C_mi] + m713[C_mi] --> m700[C_mi] + m706[C_mi]
R465,IPS phospholipase C,metabolic,missing_producer,orphan substrate: m714[C_mi],True,0.0,1000.0,C_mi,1,2,m714[C_mi],m702[C_mi];m706[C_mi],m26[C_mi] + m714[C_mi] --> m702[C_mi] + m706[C_mi]
R466,IPS phospholipase C,metabolic,missing_producer,orphan substrate: m715[C_mi],True,0.0,1000.0,C_mi,1,2,m715[C_mi],m704[C_mi];m706[C_mi],m26[C_mi] + m715[C_mi] --> m704[C_mi] + m706[C_mi]
R467,IPS phospholipase C,metabolic,missing_producer,orphan substrate: m716[C_mi],True,0.0,1000.0,C_mi,1,2,m716[C_mi],m686[C_mi];m717[C_mi],m26[C_mi] + m716[C_mi] --> m686[C_mi] + m717[C_mi]
R468,IPS phospholipase C,metabolic,missing_producer,orphan substrate: m718[C_mi],True,0.0,1000.0,C_mi,1,2,m718[C_mi],m688[C_mi];m717[C_mi],m26[C_mi] + m718[C_mi] --> m688[C_mi] + m717[C_mi]
R469,IPS phospholipase C,metabolic,missing_producer,orphan substrate: m719[C_mi],True,0.0,1000.0,C_mi,1,2,m719[C_mi],m690[C_mi];m717[C_mi],m26[C_mi] + m719[C_mi] --> m690[C_mi] + m717[C_mi]
R470,IPS phospholipase C,metabolic,missing_producer,orphan substrate: m720[C_mi],True,0.0,1000.0,C_mi,1,2,m720[C_mi],m692[C_mi];m717[C_mi],m26[C_mi] + m720[C_mi] --> m692[C_mi] + m717[C_mi]
R471,IPS phospholipase C,metabolic,missing_producer,orphan substrate: m721[C_mi],True,0.0,1000.0,C_mi,1,2,m721[C_mi],m694[C_mi];m717[C_mi],m26[C_mi] + m721[C_mi] --> m694[C_mi] + m717[C_mi]
R472,IPS phospholipase C,metabolic,missing_producer,orphan substrate: m722[C_mi],True,0.0,1000.0,C_mi,1,2,m722[C_mi],m696[C_mi];m717[C_mi],m26[C_mi] + m722[C_mi] --> m696[C_mi] + m717[C_mi]
R473,IPS phospholipase C,metabolic,missing_producer,orphan substrate: m723[C_mi],True,0.0,1000.0,C_mi,1,2,m723[C_mi],m698[C_mi];m717[C_mi],m26[C_mi] + m723[C_mi] --> m698[C_mi] + m717[C_mi]
R474,IPS phospholipase C,metabolic,missing_producer,orphan substrate: m724[C_mi],True,0.0,1000.0,C_mi,1,2,m724[C_mi],m700[C_mi];m717[C_mi],m26[C_mi] + m724[C_mi] --> m700[C_mi] + m717[C_mi]
R475,IPS phospholipase C,metabolic,missing_producer,orphan substrate: m725[C_mi],True,0.0,1000.0,C_mi,1,2,m725[C_mi],m702[C_mi];m717[C_mi],m26[C_mi] + m725[C_mi] --> m702[C_mi] + m717[C_mi]
R476,IPS phospholipase C,metabolic,missing_producer,orphan substrate: m726[C_mi],True,0.0,1000.0,C_mi,1,2,m726[C_mi],m704[C_mi];m717[C_mi],m26[C_mi] + m726[C_mi] --> m704[C_mi] + m717[C_mi]
R494,isoleucyl-tRNA synthetase,metabolic,missing_producer,orphan substrate: m748[C_mi],True,0.0,1000.0,C_mi,1,1,m748[C_mi],m749[C_mi],m46[C_mi] + m745[C_mi] + m748[C_mi] --> m204[C_mi] + m48[C_mi] + m749[C_mi]
R500,L-1-pyrroline-3-hydroxy-5-carboxylate dehydrogenase,metabolic,missing_producer,orphan substrate: m753[C_mi],True,0.0,1000.0,C_mi,1,0,m753[C_mi],,2.0 m26[C_mi] + m27[C_mi] + m28[C_mi] + m753[C_mi] --> m30[C_mi] + m754[C_mi]
R509,L-hydroxyproline reductase (NADP),metabolic,missing_producer,orphan substrate: m764[C_cy],True,0.0,1000.0,C_cy,1,0,m764[C_cy],,4.0 m10[C_cy] + m40[C_cy] + m764[C_cy] --> m32[C_cy] + m41[C_cy] + m765[C_cy]
R51,4-hydroxy-L-threonine synthase,metabolic,missing_producer,orphan substrate: m135[C_cy],True,0.0,1000.0,C_cy,1,1,m135[C_cy],m136[C_cy],2.0 m10[C_cy] + m135[C_cy] + m32[C_cy] --> m136[C_cy] + m35[C_cy]
R52,4-hydroxybenzoate formation,metabolic,missing_producer,orphan substrate: m137[C_mi],False,0.0,1000.0,C_mi,1,0,m137[C_mi],,m137[C_mi] + m26[C_mi] + 4.0 m28[C_mi] --> m138[C_mi] + m73[C_mi]
R523,leucyl-tRNA synthetase,metabolic,missing_producer,orphan substrate: m779[C_mi],True,0.0,1000.0,C_mi,1,1,m779[C_mi],m780[C_mi],m46[C_mi] + m776[C_mi] + m779[C_mi] --> m204[C_mi] + m48[C_mi] + m780[C_mi]
R532,lysyl-tRNA synthetase,metabolic,missing_producer,orphan substrate: m797[C_mi],True,0.0,1000.0,C_mi,1,1,m797[C_mi],m798[C_mi],m46[C_mi] + m796[C_mi] + m797[C_mi] --> m204[C_mi] + m48[C_mi] + m798[C_mi]
R548,methionyl-tRNA synthetase,metabolic,missing_producer,orphan substrate: m808[C_mi],True,0.0,1000.0,C_mi,2,0,m808[C_mi];m809[C_mi],,m46[C_mi] + m808[C_mi] + m809[C_mi] --> m204[C_mi] + m48[C_mi] + m804[C_mi]
R575,NAPRtase,metabolic,missing_producer,orphan substrate: m826[C_mi],True,0.0,1000.0,C_mi,1,1,m826[C_mi],m828[C_mi],3.0 m28[C_mi] + m826[C_mi] + m827[C_mi] --> m204[C_mi] + m828[C_mi]
R604,O-acetylhomoserine (thiol)-lyase,metabolic,missing_producer,orphan substrate: m848[C_cy],True,0.0,1000.0,C_cy,1,0,m848[C_cy],,m444[C_cy] + m848[C_cy] --> m202[C_cy] + m74[C_cy]
R626,phenylalanyl-tRNA synthetase,metabolic,missing_producer,orphan substrate: m864[C_mi],True,0.0,1000.0,C_mi,1,1,m864[C_mi],m865[C_mi],m46[C_mi] + m863[C_mi] + m864[C_mi] --> m204[C_mi] + m48[C_mi] + m865[C_mi]
R65,5-methyltetrahydropteroyltriglutamate-homocysteine S-methyltransferase,metabolic,missing_producer,orphan substrate: m161[C_cy],True,0.0,1000.0,C_cy,1,1,m161[C_cy],m163[C_cy],m161[C_cy] + m162[C_cy] --> m163[C_cy] + m74[C_cy]
R707,ribonucleotide reductase,metabolic,missing_producer,orphan substrate: m931[C_nu],True,0.0,1000.0,C_nu,1,1,m931[C_nu],m933[C_nu],m657[C_nu] + m931[C_nu] --> m626[C_nu] + m932[C_nu] + m933[C_nu]
R709,ribonucleotide reductase,metabolic,missing_producer,orphan substrate: m931[C_nu],True,0.0,1000.0,C_nu,1,1,m931[C_nu],m933[C_nu],m931[C_nu] + m934[C_nu] --> m626[C_nu] + m933[C_nu] + m935[C_nu]
R711,ribonucleotide reductase,metabolic,missing_producer,orphan substrate: m931[C_nu],True,0.0,1000.0,C_nu,1,1,m931[C_nu],m933[C_nu],m931[C_nu] + m936[C_nu] --> m626[C_nu] + m933[C_nu] + m937[C_nu]
R737,squalene epoxidase (NAD),metabolic,missing_producer,orphan substrate: m957[C_er],True,0.0,1000.0,C_er,1,1,m957[C_er],m960[C_er],m387[C_er] + m957[C_er] + m958[C_er] --> m389[C_er] + m959[C_er] + m960[C_er]
R74,8-amino-7-oxononanoate synthase,metabolic,missing_producer,orphan substrate: m171[C_cy],True,0.0,1000.0,C_cy,1,0,m171[C_cy],,m114[C_cy] + m171[C_cy] --> m172[C_cy] + m69[C_cy] + m82[C_cy]
R750,thiamin diphosphatase,metabolic,missing_producer,orphan substrate: m971[C_ex],True,0.0,1000.0,C_ex,1,0,m971[C_ex],,2.0 m214[C_ex] + m971[C_ex] --> 2.0 m215[C_ex] + m342[C_ex] + m972[C_ex]
R751,thiamin phosphatase,metabolic,missing_producer,orphan substrate: m973[C_ex],True,0.0,1000.0,C_ex,1,0,m973[C_ex],,m214[C_ex] + m973[C_ex] --> m215[C_ex] + m972[C_ex]
R760,threonyl-tRNA synthetase,metabolic,missing_producer,orphan substrate: m980[C_mi],True,0.0,1000.0,C_mi,1,1,m980[C_mi],m981[C_mi],m46[C_mi] + m771[C_mi] + m980[C_mi] --> m204[C_mi] + m48[C_mi] + m981[C_mi]
R772,tryptophanyl-tRNA synthetase,metabolic,missing_producer,orphan substrate: m990[C_mi],True,0.0,1000.0,C_mi,1,1,m990[C_mi],m991[C_mi],m46[C_mi] + m989[C_mi] + m990[C_mi] --> m204[C_mi] + m48[C_mi] + m991[C_mi]
R774,tyrosine transaminase,metabolic,missing_producer,orphan substrate: m993[C_pe],True,0.0,1000.0,C_pe,1,0,m993[C_pe],,m332[C_pe] + m993[C_pe] --> m330[C_pe] + m994[C_pe]
R776,tyrosyl-tRNA synthetase,metabolic,missing_producer,orphan substrate: m998[C_mi],True,0.0,1000.0,C_mi,1,1,m998[C_mi],m999[C_mi],m46[C_mi] + m997[C_mi] + m998[C_mi] --> m204[C_mi] + m48[C_mi] + m999[C_mi]
R799,valyl-tRNA synthetase,metabolic,missing_producer,orphan substrate: m1012[C_mi],True,0.0,1000.0,C_mi,1,1,m1012[C_mi],m1013[C_mi],m1009[C_mi] + m1012[C_mi] + m46[C_mi] --> m1013[C_mi] + m204[C_mi] + m48[C_mi]
R94,acid phosphatase (secreted),metabolic,missing_producer,orphan substrate: m213[C_ex],True,0.0,1000.0,C_ex,1,0,m213[C_ex],,m213[C_ex] + m214[C_ex] --> m215[C_ex] + m216[C_ex]
R1000,acetate transport,transport,other,reachable but blocked (loop/stoichiometry),False,-1000.0,1000.0,"C_cy,C_nu",0,0,,,m202[C_cy] <=> m205[C_nu]
R1001,acetyl-CoA transport,transport,other,reachable but blocked (loop/stoichiometry),False,-1000.0,1000.0,"C_cy,C_nu",0,0,,,m68[C_cy] <=> m208[C_nu]
R1004,adenine transport,transport,other,reachable but blocked (loop/stoichiometry),False,-1000.0,1000.0,"C_cy,C_mi",0,0,,,m145[C_cy] <=> m910[C_mi]
R1006,"adenosine 3',5'-bisphosphate transport",transport,other,reachable but blocked (loop/stoichiometry),False,-1000.0,1000.0,"C_cy,C_mi",0,0,,,m85[C_cy] <=> m1163[C_mi]
R1017,AMP transport,transport,other,reachable but blocked (loop/stoichiometry),False,-1000.0,1000.0,"C_cy,C_nu",0,0,,,m209[C_nu] <=> m86[C_cy]
R1018,arginine transport,transport,other,reachable but blocked (loop/stoichiometry),False,0.0,1000.0,"C_cy,C_mi",0,0,,,m10[C_cy] + m310[C_cy] --> m28[C_mi] + m316[C_mi]
R1019,asparagine transport,transport,other,reachable but blocked (loop/stoichiometry),False,0.0,1000.0,"C_cy,C_mi",0,0,,,m319[C_cy] --> m322[C_mi]
R1033,CDP transport,transport,other,reachable but blocked (loop/stoichiometry),False,-1000.0,1000.0,"C_cy,C_nu",0,0,,,m500[C_cy] <=> m934[C_nu]
R1034,ceramide transport,transport,other,reachable but blocked (loop/stoichiometry),False,-1000.0,1000.0,"C_er,C_go",0,0,,,m1179[C_go] <=> m386[C_er]
R1035,ceramide transport,transport,other,reachable but blocked (loop/stoichiometry),False,-1000.0,1000.0,"C_er,C_go",0,0,,,m1180[C_go] <=> m388[C_er]
R1036,ceramide transport,transport,other,reachable but blocked (loop/stoichiometry),False,-1000.0,1000.0,"C_er,C_go",0,0,,,m1181[C_go] <=> m399[C_er]
R1037,ceramide transport,transport,other,reachable but blocked (loop/stoichiometry),False,-1000.0,1000.0,"C_er,C_go",0,0,,,m1182[C_go] <=> m391[C_er]
R1038,ceramide transport,transport,other,reachable but blocked (loop/stoichiometry),False,-1000.0,1000.0,"C_er,C_go",0,0,,,m1183[C_go] <=> m392[C_er]
R1039,ceramide transport,transport,other,reachable but blocked (loop/stoichiometry),False,-1000.0,1000.0,"C_er,C_go",0,0,,,m1184[C_go] <=> m400[C_er]
R1042,choline transport,transport,other,reachable but blocked (loop/stoichiometry),False,-1000.0,1000.0,"C_cy,C_en",0,0,,,m1186[C_en] <=> m404[C_cy]
R1043,chorismate pyruvate lyase,metabolic,other,reachable but blocked (loop/stoichiometry),False,0.0,1000.0,C_cy,0,0,,,m129[C_cy] --> m366[C_cy] + m4[C_cy]
R1049,CO2 transport,transport,other,reachable but blocked (loop/stoichiometry),False,-1000.0,1000.0,"C_cy,C_er",0,0,,,m82[C_cy] <=> m942[C_er]
R1055,coenzyme A transport,transport,other,reachable but blocked (loop/stoichiometry),False,-1000.0,1000.0,"C_cy,C_nu",0,0,,,m69[C_cy] <=> m207[C_nu]
R1057,complex sphingolipid transport,transport,other,reachable but blocked (loop/stoichiometry),False,-1000.0,1000.0,"C_cy,C_go",0,0,,,m1189[C_go] <=> m1190[C_cy]
R1064,D-erythrose 4-phosphate transport,transport,other,reachable but blocked (loop/stoichiometry),False,-1000.0,1000.0,"C_cy,C_mi",0,0,,,m106[C_cy] <=> m55[C_mi]
R1073,D-sorbitol transport,transport,other,reachable but blocked (loop/stoichiometry),False,-1000.0,1000.0,"C_cy,C_ex",0,0,,,m1199[C_ex] <=> m457[C_cy]
R1075,D-xylose transport,transport,other,reachable but blocked (loop/stoichiometry),False,-1000.0,1000.0,"C_cy,C_ex",0,0,,,m1205[C_ex] <=> m1016[C_cy]
R1076,dADP transport,transport,other,reachable but blocked (loop/stoichiometry),False,-1000.0,1000.0,"C_cy,C_nu",0,0,,,m607[C_cy] <=> m932[C_nu]
R1077,dCDP transport,transport,other,reachable but blocked (loop/stoichiometry),False,-1000.0,1000.0,"C_cy,C_nu",0,0,,,m840[C_cy] <=> m935[C_nu]
R1079,dATP deamination,metabolic,other,reachable but blocked (loop/stoichiometry),False,0.0,1000.0,C_cy,0,0,,,m32[C_cy] + m606[C_cy] --> 4.0 m10[C_cy] + m38[C_cy] + m845[C_cy]
R1081,dADP deamination,metabolic,other,reachable but blocked (loop/stoichiometry),False,0.0,1000.0,C_cy,0,0,,,m32[C_cy] + m607[C_cy] --> 3.0 m10[C_cy] + m38[C_cy] + m844[C_cy]
R1082,deamino-NAD+ diffusion,transport,other,reachable but blocked (loop/stoichiometry),False,-1000.0,1000.0,"C_cy,C_nu",0,0,,,m820[C_cy] <=> m821[C_nu]
R1092,dephospho-CoA kinase,metabolic,other,reachable but blocked (loop/stoichiometry),True,0.0,1000.0,C_cy,0,0,,,2.0 m10[C_cy] + m141[C_cy] + m855[C_cy] --> m143[C_cy] + m69[C_cy]
R1093,dGDP transport,transport,other,reachable but blocked (loop/stoichiometry),False,-1000.0,1000.0,"C_cy,C_nu",0,0,,,m466[C_cy] <=> m937[C_nu]
R1094,dhnpt transport,transport,other,reachable but blocked (loop/stoichiometry),False,-1000.0,1000.0,"C_cy,C_mi",0,0,,,m283[C_cy] <=> m482[C_mi]
R1095,diamine transaminase,metabolic,other,reachable but blocked (loop/stoichiometry),False,0.0,1000.0,C_cy,0,0,,,3.0 m10[C_cy] + m68[C_cy] + m902[C_cy] --> m69[C_cy] + m901[C_cy]
R1096,dihydrofolate transport,transport,other,reachable but blocked (loop/stoichiometry),False,-1000.0,1000.0,"C_cy,C_mi",0,0,,,m478[C_cy] <=> m480[C_mi]
R1097,dihydroneopterin triphosphate pyrophosphatase,metabolic,other,reachable but blocked (loop/stoichiometry),False,0.0,1000.0,C_cy,0,0,,,m282[C_cy] + m32[C_cy] --> m203[C_cy] + m484[C_cy]
R1098,dihydropteroate transport,transport,other,reachable but blocked (loop/stoichiometry),False,-1000.0,1000.0,"C_cy,C_mi",0,0,,,m481[C_cy] <=> m487[C_mi]
R11,"2,5-diamino-6-ribitylamino-4(3H)-pyrimidinone 5'-phosphate deaminase",metabolic,other,reachable but blocked (loop/stoichiometry),True,0.0,1000.0,C_cy,0,0,,,m32[C_cy] + m36[C_cy] --> 2.0 m10[C_cy] + m37[C_cy] + m38[C_cy]
R1111,ergosterol transport,transport,other,reachable but blocked (loop/stoichiometry),False,-1000.0,1000.0,"C_cy,C_en",0,0,,,m1000[C_cy] <=> m1216[C_en]
R1116,farnesyl diphosphate transport,transport,other,reachable but blocked (loop/stoichiometry),False,-1000.0,1000.0,"C_cy,C_mi",0,0,,,m512[C_cy] <=> m610[C_mi]
R1117,"decanoate (n-C10:0) transport, cytoplasm-peroxisome",transport,other,reachable but blocked (loop/stoichiometry),True,-1000.0,1000.0,"C_cy,C_pe",0,0,,,m1220[C_cy] <=> m516[C_pe]
R1125,FMN adenylyltransferase,metabolic,other,reachable but blocked (loop/stoichiometry),False,0.0,1000.0,C_mi,0,0,,,m46[C_mi] + m928[C_mi] --> m204[C_mi] + m563[C_mi]
R113,"acylation of GPI inositol at 2 position, GPI-anchor assembly, step 3",metabolic,other,reachable but blocked (loop/stoichiometry),True,-1000.0,1000.0,C_er,0,0,,,m249[C_er] + m250[C_er] <=> m251[C_er] + m252[C_er]
R1135,GDP transport,transport,other,reachable but blocked (loop/stoichiometry),False,-1000.0,1000.0,"C_cy,C_go",0,0,,,m292[C_go] <=> m268[C_cy]
R1136,GDP transport,transport,other,reachable but blocked (loop/stoichiometry),False,-1000.0,1000.0,"C_cy,C_nu",0,0,,,m268[C_cy] <=> m936[C_nu]
R1137,GDP-alpha-D-mannose transport,transport,other,reachable but blocked (loop/stoichiometry),False,-1000.0,1000.0,"C_cy,C_go",0,0,,,m343[C_cy] <=> m290[C_go]
R1145,glycoaldehyde transport,transport,other,reachable but blocked (loop/stoichiometry),False,-1000.0,1000.0,"C_cy,C_mi",0,0,,,m1147[C_cy] <=> m483[C_mi]
R1146,glycoaldehyde transport,transport,other,reachable but blocked (loop/stoichiometry),False,-1000.0,1000.0,"C_cy,C_ex",0,0,,,m1242[C_ex] <=> m1147[C_cy]
R1152,guanine transport,transport,other,reachable but blocked (loop/stoichiometry),False,-1000.0,1000.0,"C_cy,C_mi",0,0,,,m595[C_cy] <=> m916[C_mi]
R1155,guanosine transport,transport,other,reachable but blocked (loop/stoichiometry),False,0.0,1000.0,"C_cy,C_mi",0,0,,,m593[C_cy] --> m915[C_mi]
R1169,"L-histidine transport, mitochondrial",transport,other,reachable but blocked (loop/stoichiometry),False,0.0,1000.0,"C_cy,C_mi",0,0,,,m615[C_cy] --> m620[C_mi]
R1171,hydrogen peroxide transport,transport,other,reachable but blocked (loop/stoichiometry),False,-1000.0,1000.0,"C_cy,C_nu",0,0,,,m301[C_cy] <=> m1256[C_nu]
R1175,indole-3-acetate transport,transport,other,reachable but blocked (loop/stoichiometry),False,-1000.0,1000.0,"C_cy,C_mi",0,0,,,m1259[C_cy] <=> m1260[C_mi]
R1179,IPC transport,transport,other,reachable but blocked (loop/stoichiometry),False,-1000.0,1000.0,"C_er,C_go",0,0,,,m1263[C_go] <=> m727[C_er]
R1180,IPC transport,transport,other,reachable but blocked (loop/stoichiometry),False,-1000.0,1000.0,"C_er,C_go",0,0,,,m1264[C_go] <=> m732[C_er]
R1181,IPC transport,transport,other,reachable but blocked (loop/stoichiometry),False,-1000.0,1000.0,"C_er,C_go",0,0,,,m1265[C_go] <=> m730[C_er]
R1182,IPC transport,transport,other,reachable but blocked (loop/stoichiometry),False,-1000.0,1000.0,"C_er,C_go",0,0,,,m1266[C_go] <=> m734[C_er]
R1183,IPC transport,transport,other,reachable but blocked (loop/stoichiometry),False,-1000.0,1000.0,"C_er,C_go",0,0,,,m1267[C_go] <=> m736[C_er]
R1184,IPC transport,transport,other,reachable but blocked (loop/stoichiometry),False,-1000.0,1000.0,"C_er,C_go",0,0,,,m1268[C_go] <=> m729[C_er]
R1185,IPC transport,transport,other,reachable but blocked (loop/stoichiometry),False,-1000.0,1000.0,"C_er,C_go",0,0,,,m1269[C_go] <=> m733[C_er]
R1186,IPC transport,transport,other,reachable but blocked (loop/stoichiometry),False,-1000.0,1000.0,"C_er,C_go",0,0,,,m1270[C_go] <=> m731[C_er]
R1187,IPC transport,transport,other,reachable but blocked (loop/stoichiometry),False,-1000.0,1000.0,"C_er,C_go",0,0,,,m1271[C_go] <=> m735[C_er]
R1188,IPC transport,transport,other,reachable but blocked (loop/stoichiometry),False,-1000.0,1000.0,"C_er,C_go",0,0,,,m1272[C_go] <=> m737[C_er]
R119,adenosylmethionine-8-amino-7-oxononanoate transaminase,metabolic,other,reachable but blocked (loop/stoichiometry),True,-1000.0,1000.0,C_cy,0,0,,,m172[C_cy] + m256[C_cy] <=> m10[C_cy] + m258[C_cy] + m259[C_cy]
R1191,isoamyl alcohol transport,transport,other,reachable but blocked (loop/stoichiometry),False,-1000.0,1000.0,"C_cy,C_ex",0,0,,,m1276[C_cy] <=> m1277[C_ex]
R1192,isoamyl alcohol transport,transport,other,reachable but blocked (loop/stoichiometry),False,-1000.0,1000.0,"C_cy,C_mi",0,0,,,m1276[C_cy] <=> m1278[C_mi]
R1195,L-2-amino-3-oxobutanoate decarboxylation (spontaneous),metabolic,other,reachable but blocked (loop/stoichiometry),False,0.0,1000.0,C_cy,0,0,,,m10[C_cy] + m580[C_cy] --> m300[C_cy] + m82[C_cy]
R1199,L-arabinitol transport,transport,other,reachable but blocked (loop/stoichiometry),False,-1000.0,1000.0,"C_cy,C_ex",0,0,,,m1281[C_ex] <=> m309[C_cy]
R12,"2,5-diamino-6-ribosylamino-4(3H)-pyrimidinone 5'-phosphate reductase (NADPH)",metabolic,other,reachable but blocked (loop/stoichiometry),True,0.0,1000.0,C_cy,0,0,,,3.0 m10[C_cy] + m39[C_cy] + m40[C_cy] --> m36[C_cy] + m41[C_cy]
R1200,L-arabinoase transport,transport,other,reachable but blocked (loop/stoichiometry),False,-1000.0,1000.0,"C_cy,C_ex",0,0,,,m1283[C_ex] <=> m308[C_cy]
R1207,L-erythro-4-hydroxyglutamate transport,transport,other,reachable but blocked (loop/stoichiometry),False,-1000.0,1000.0,"C_cy,C_mi",0,0,,,m759[C_cy] <=> m754[C_mi]
R1208,L-erythro-4-hydroxyglutamate transport,transport,other,reachable but blocked (loop/stoichiometry),False,-1000.0,1000.0,"C_cy,C_pe",0,0,,,m759[C_cy] <=> m762[C_pe]
R1212,L-glutamate transport,transport,other,reachable but blocked (loop/stoichiometry),False,-1000.0,1000.0,"C_cy,C_nu",0,0,,,m50[C_cy] <=> m823[C_nu]
R1214,L-glutamine transport,transport,other,reachable but blocked (loop/stoichiometry),False,-1000.0,1000.0,"C_cy,C_nu",0,0,,,m130[C_cy] <=> m822[C_nu]
R1227,L-serine transport,transport,other,reachable but blocked (loop/stoichiometry),False,-1000.0,1000.0,"C_cy,C_er",0,0,,,m441[C_cy] <=> m941[C_er]
R1228,L-sorbitol transport,transport,other,reachable but blocked (loop/stoichiometry),False,-1000.0,1000.0,"C_cy,C_ex",0,0,,,m1289[C_ex] <=> m768[C_cy]
R1230,L-sorbose transport,transport,other,reachable but blocked (loop/stoichiometry),False,-1000.0,1000.0,"C_cy,C_ex",0,0,,,m1303[C_ex] <=> m769[C_cy]
R1237,lysine transport,transport,other,reachable but blocked (loop/stoichiometry),False,0.0,1000.0,"C_cy,C_mi",0,0,,,m793[C_cy] --> m796[C_mi]
R1238,M(IP)2C transport,transport,other,reachable but blocked (loop/stoichiometry),False,-1000.0,1000.0,"C_er,C_go",0,0,,,m1312[C_go] <=> m673[C_er]
R1239,M(IP)2C transport,transport,other,reachable but blocked (loop/stoichiometry),False,-1000.0,1000.0,"C_er,C_go",0,0,,,m1313[C_go] <=> m678[C_er]
R1240,M(IP)2C transport,transport,other,reachable but blocked (loop/stoichiometry),False,-1000.0,1000.0,"C_er,C_go",0,0,,,m1314[C_go] <=> m676[C_er]
R1241,M(IP)2C transport,transport,other,reachable but blocked (loop/stoichiometry),False,-1000.0,1000.0,"C_er,C_go",0,0,,,m1315[C_go] <=> m680[C_er]
R1242,M(IP)2C transport,transport,other,reachable but blocked (loop/stoichiometry),False,-1000.0,1000.0,"C_er,C_go",0,0,,,m1316[C_go] <=> m682[C_er]
R1243,M(IP)2C transport,transport,other,reachable but blocked (loop/stoichiometry),False,-1000.0,1000.0,"C_er,C_go",0,0,,,m1317[C_go] <=> m675[C_er]
R1244,M(IP)2C transport,transport,other,reachable but blocked (loop/stoichiometry),False,-1000.0,1000.0,"C_er,C_go",0,0,,,m1318[C_go] <=> m679[C_er]
R1245,M(IP)2C transport,transport,other,reachable but blocked (loop/stoichiometry),False,-1000.0,1000.0,"C_er,C_go",0,0,,,m1319[C_go] <=> m677[C_er]
R1246,M(IP)2C transport,transport,other,reachable but blocked (loop/stoichiometry),False,-1000.0,1000.0,"C_er,C_go",0,0,,,m1320[C_go] <=> m681[C_er]
R1247,M(IP)2C transport,transport,other,reachable but blocked (loop/stoichiometry),False,-1000.0,1000.0,"C_er,C_go",0,0,,,m1321[C_go] <=> m683[C_er]
R1253,MIPC transport,transport,other,reachable but blocked (loop/stoichiometry),False,-1000.0,1000.0,"C_er,C_go",0,0,,,m1325[C_go] <=> m662[C_er]
R1254,MIPC transport,transport,other,reachable but blocked (loop/stoichiometry),False,-1000.0,1000.0,"C_er,C_go",0,0,,,m1326[C_go] <=> m667[C_er]
R1255,MIPC transport,transport,other,reachable but blocked (loop/stoichiometry),False,-1000.0,1000.0,"C_er,C_go",0,0,,,m1327[C_go] <=> m665[C_er]
R1256,MIPC transport,transport,other,reachable but blocked (loop/stoichiometry),False,-1000.0,1000.0,"C_er,C_go",0,0,,,m1328[C_go] <=> m669[C_er]
R1257,MIPC transport,transport,other,reachable but blocked (loop/stoichiometry),False,-1000.0,1000.0,"C_er,C_go",0,0,,,m1329[C_go] <=> m671[C_er]
R1258,MIPC transport,transport,other,reachable but blocked (loop/stoichiometry),False,-1000.0,1000.0,"C_er,C_go",0,0,,,m1330[C_go] <=> m664[C_er]
R1259,MIPC transport,transport,other,reachable but blocked (loop/stoichiometry),False,-1000.0,1000.0,"C_er,C_go",0,0,,,m1331[C_go] <=> m668[C_er]
R1260,MIPC transport,transport,other,reachable but blocked (loop/stoichiometry),False,-1000.0,1000.0,"C_er,C_go",0,0,,,m1332[C_go] <=> m666[C_er]
R1261,MIPC transport,transport,other,reachable but blocked (loop/stoichiometry),False,-1000.0,1000.0,"C_er,C_go",0,0,,,m1333[C_go] <=> m670[C_er]
R1262,MIPC transport,transport,other,reachable but blocked (loop/stoichiometry),False,-1000.0,1000.0,"C_er,C_go",0,0,,,m1334[C_go] <=> m672[C_er]
R1267,nicotinamide diffusion,transport,other,reachable but blocked (loop/stoichiometry),False,-1000.0,1000.0,"C_cy,C_nu",0,0,,,m829[C_cy] <=> m819[C_nu]
R1270,NMN transport,transport,other,reachable but blocked (loop/stoichiometry),False,-1000.0,1000.0,"C_cy,C_nu",0,0,,,m831[C_cy] <=> m832[C_nu]
R1271,NMN transport,transport,other,reachable but blocked (loop/stoichiometry),False,-1000.0,1000.0,"C_cy,C_pe",0,0,,,m831[C_cy] <=> m816[C_pe]
R129,alanyl-tRNA synthetase,metabolic,other,reachable but blocked (loop/stoichiometry),True,0.0,1000.0,C_cy,0,0,,,m114[C_cy] + m141[C_cy] + m273[C_cy] --> m203[C_cy] + m274[C_cy] + m86[C_cy]
R1290,palmitoyl-CoA transport,transport,other,reachable but blocked (loop/stoichiometry),False,-1000.0,1000.0,"C_cy,C_er",0,0,,,m1349[C_cy] <=> m250[C_er]
R1291,panthetheine 4'-phosphate transport,transport,other,reachable but blocked (loop/stoichiometry),False,-1000.0,1000.0,"C_cy,C_mi",0,0,,,m854[C_cy] <=> m1350[C_mi]
R1292,panthetheine-phosphate adenylyltransferase,metabolic,other,reachable but blocked (loop/stoichiometry),False,0.0,1000.0,C_mi,0,0,,,m1350[C_mi] + m46[C_mi] --> m204[C_mi] + 2.0 m28[C_mi] + m475[C_mi]
R1295,phenylalanine transport,transport,other,reachable but blocked (loop/stoichiometry),False,0.0,1000.0,"C_cy,C_mi",0,0,,,m859[C_cy] --> m863[C_mi]
R1299,protoporphyrinogen IX transport,transport,other,reachable but blocked (loop/stoichiometry),False,-1000.0,1000.0,"C_cy,C_mi",0,0,,,m438[C_cy] <=> m907[C_mi]
R1300,PRPP transport,transport,other,reachable but blocked (loop/stoichiometry),False,-1000.0,1000.0,"C_cy,C_mi",0,0,,,m253[C_cy] <=> m827[C_mi]
R1302,pyridoxal kinase,metabolic,other,reachable but blocked (loop/stoichiometry),False,0.0,1000.0,C_cy,0,0,,,m141[C_cy] + m918[C_cy] --> m143[C_cy] + m921[C_cy]
R1306,pyridoxine kinase,metabolic,other,reachable but blocked (loop/stoichiometry),True,0.0,1000.0,C_cy,0,0,,,m141[C_cy] + m923[C_cy] --> m143[C_cy] + m922[C_cy]
R1307,pyrimidine phosphatase,metabolic,other,reachable but blocked (loop/stoichiometry),False,0.0,1000.0,C_cy,0,0,,,2.0 m10[C_cy] + m32[C_cy] + m37[C_cy] --> m35[C_cy] + m929[C_cy]
R1312,quinolinate transport,transport,other,reachable but blocked (loop/stoichiometry),False,-1000.0,1000.0,"C_cy,C_mi",0,0,,,m833[C_cy] <=> m834[C_mi]
R1315,riboflavin transport,transport,other,reachable but blocked (loop/stoichiometry),False,0.0,1000.0,"C_cy,C_mi",0,0,,,m926[C_cy] --> m927[C_mi]
R1316,riboflavin transport,transport,other,reachable but blocked (loop/stoichiometry),False,0.0,1000.0,"C_cy,C_ex",0,0,,,m216[C_ex] --> m926[C_cy]
R1318,S-adenosyl-L-homocysteine transport,transport,other,reachable but blocked (loop/stoichiometry),False,-1000.0,1000.0,"C_cy,C_mi",0,0,,,m255[C_cy] <=> m62[C_mi]
R1324,spermidine acetyltransferase,metabolic,other,reachable but blocked (loop/stoichiometry),False,0.0,1000.0,C_cy,0,0,,,m467[C_cy] + m68[C_cy] --> m10[C_cy] + m69[C_cy] + m898[C_cy]
R1342,thiamine-phosphate kinase,metabolic,other,reachable but blocked (loop/stoichiometry),False,0.0,1000.0,C_cy,0,0,,,m141[C_cy] + m977[C_cy] --> m143[C_cy] + m975[C_cy]
R1343,thiazole phosphate synthesis (ribose 5-phosphate),metabolic,other,reachable but blocked (loop/stoichiometry),True,0.0,1000.0,C_cy,0,0,,,m10[C_cy] + m272[C_cy] + m443[C_cy] + m444[C_cy] + m889[C_cy] --> m133[C_cy] + m202[C_cy] + 3.0 m32[C_cy] + m38[C_cy] + m4[C_cy] + m643[C_cy] + m82[C_cy]
R1344,thiazole phosphate synthesis (xylulose 5-phosphate),metabolic,other,reachable but blocked (loop/stoichiometry),False,0.0,1000.0,C_cy,0,0,,,m10[C_cy] + m272[C_cy] + m443[C_cy] + m444[C_cy] + m938[C_cy] --> m133[C_cy] + m202[C_cy] + 3.0 m32[C_cy] + m38[C_cy] + m4[C_cy] + m643[C_cy] + m82[C_cy]
R1350,tryptophan transport,transport,other,reachable but blocked (loop/stoichiometry),False,0.0,1000.0,"C_cy,C_mi",0,0,,,m772[C_cy] --> m989[C_mi]
R1351,tyrosine transport,transport,other,reachable but blocked (loop/stoichiometry),False,0.0,1000.0,"C_cy,C_mi",0,0,,,m992[C_cy] --> m997[C_mi]
R1352,tyrosine transport,transport,other,reachable but blocked (loop/stoichiometry),False,-1000.0,1000.0,"C_cy,C_pe",0,0,,,m992[C_cy] <=> m994[C_pe]
R1353,UMP transport,transport,other,reachable but blocked (loop/stoichiometry),False,-1000.0,1000.0,"C_cy,C_nu",0,0,,,m149[C_cy] <=> m1002[C_nu]
R1359,water diffusion,transport,other,reachable but blocked (loop/stoichiometry),False,-1000.0,1000.0,"C_cy,C_go",0,0,,,m32[C_cy] <=> m835[C_go]
R137,alkaline phosphatase (dihydroneopterin),metabolic,other,reachable but blocked (loop/stoichiometry),True,0.0,1000.0,C_cy,0,0,,,m282[C_cy] + 3.0 m32[C_cy] --> m283[C_cy] + 3.0 m35[C_cy]
R1372,yeast 5 biomass pseudoreaction,metabolic,other,reachable but blocked (loop/stoichiometry),False,0.0,1000.0,C_cy,0,0,,,7.8432973114156e-06 m1008[C_cy] + 3.47912799027774e-05 m1123[C_cy] + 1.0895163969554e-05 m114[C_cy] + 8.17900264381083e-06 m130[C_cy] + 2.5055825263316e-05 m1324[C_cy] + 3.05186665813837e-05 m1400[C_cy] + 0.00180975692827605 m141[C_cy] + 2.04475066095271e-06 m149[C_cy] + 5.24921065199799e-06 m267[C_cy] + 9.91856663894969e-06 m272[C_cy] + 7.14136798004378e-07 m294[C_cy] + 4.15053865506818e-06 m310[C_cy] + 5.24921065199799e-06 m319[C_cy] + 0.00180975692827605 m32[C_cy] + 7.75174131167145e-06 m441[C_cy] + 1.30925079634136e-06 m443[C_cy] + 7.41603597927623e-08 m459[C_cy] + 7.41603597927623e-08 m465[C_cy] + 1.09562013027167e-07 m505[C_cy] + 8.17900264381083e-06 m50[C_cy] + 1.58391879557381e-05 m549[C_cy] + 2.28889999360378e-06 m615[C_cy] + 5.24921065199799e-06 m743[C_cy] + 1.52593332906918e-06 m74[C_cy] + 3.93690798899849e-06 m765[C_cy] + 6.01217731653258e-06 m770[C_cy] + 8.54522664278743e-07 m772[C_cy] + 7.62966664534592e-06 m775[C_cy] + 7.2939613129507e-06 m793[C_cy] + 3.47912799027774e-06 m859[C_cy] + 1.55645199565057e-06 m86[C_cy] + 1.09562013027167e-07 m89[C_cy] + 2.74667999232453e-08 m926[C_cy] + 1.55645199565057e-06 m93[C_cy] + 1.52593332906918e-06 m95[C_cy] + 6.10373331627673e-07 m964[C_cy] + 2.94505132510352e-06 m992[C_cy] --> 0.00179144572832722 m10[C_cy] + 3.05186665813837e-05 m1401[C_cy] + 0.00180975692827605 m143[C_cy] + 0.00180975692827605 m35[C_cy]
R1374,kynurenine aminotransferase,metabolic,other,reachable but blocked (loop/stoichiometry),True,-1000.0,1000.0,C_cy,0,0,,,m4[C_cy] + m752[C_cy] <=> m114[C_cy] + m1403[C_cy] + m32[C_cy]
R1394,B-ketoacyl-ACP synthase (acetoacetyl-ACP),metabolic,other,reachable but blocked (loop/stoichiometry),True,0.0,1000.0,C_mi,0,0,,,m180[C_mi] + m28[C_mi] + m801[C_mi] --> m1410[C_mi] + m179[C_mi] + m44[C_mi]
R1395,B-ketoacyl-ACP synthase (3-oxo-hexanoyl-ACP),metabolic,other,reachable but blocked (loop/stoichiometry),True,0.0,1000.0,C_mi,0,0,,,m1411[C_mi] + m28[C_mi] + m801[C_mi] --> m1412[C_mi] + m179[C_mi] + m44[C_mi]
R1396,B-ketoacyl-ACP synthase (3-oxo-octanoyl-ACP),metabolic,other,reachable but blocked (loop/stoichiometry),True,0.0,1000.0,C_mi,0,0,,,m1413[C_mi] + m28[C_mi] + m801[C_mi] --> m1414[C_mi] + m179[C_mi] + m44[C_mi]
R1397,3-oxoacyl-ACP reductase (3-hydroxybutanoyl-ACP),metabolic,other,reachable but blocked (loop/stoichiometry),True,0.0,1000.0,C_mi,0,0,,,m1410[C_mi] + m176[C_mi] + m28[C_mi] --> m1415[C_mi] + m178[C_mi]
R1398,3-oxoacyl-ACP reductase (3-hydroxyhexanoyl-ACP),metabolic,other,reachable but blocked (loop/stoichiometry),True,0.0,1000.0,C_mi,0,0,,,m1412[C_mi] + m176[C_mi] + m28[C_mi] --> m1416[C_mi] + m178[C_mi]
R1399,3-oxoacyl-ACP reductase (3-hydroxyoctanoyl-ACP),metabolic,other,reachable but blocked (loop/stoichiometry),True,0.0,1000.0,C_mi,0,0,,,m1414[C_mi] + m176[C_mi] + m28[C_mi] --> m1417[C_mi] + m178[C_mi]
R14,2-amino-4-hydroxy-6-hydroxymethyldihydropteridine diphosphokinase,metabolic,other,reachable but blocked (loop/stoichiometry),True,0.0,1000.0,C_mi,0,0,,,m45[C_mi] + m46[C_mi] --> m47[C_mi] + m48[C_mi]
R1400,3-hydroxyacyl-thioester dehydratase (trans-but-2-enoyl-ACP),metabolic,other,reachable but blocked (loop/stoichiometry),True,-1000.0,1000.0,C_mi,0,0,,,m1415[C_mi] <=> m1418[C_mi] + m26[C_mi]
R1401,3-hydroxyacyl-thioester dehydratase (trans-hex-2-enoyl-ACP),metabolic,other,reachable but blocked (loop/stoichiometry),True,-1000.0,1000.0,C_mi,0,0,,,m1416[C_mi] <=> m1419[C_mi] + m26[C_mi]
R1402,3-hydroxyacyl-thioester dehydratase (trans-oct-2-enoyl-ACP),metabolic,other,reachable but blocked (loop/stoichiometry),True,-1000.0,1000.0,C_mi,0,0,,,m1417[C_mi] <=> m1420[C_mi] + m26[C_mi]
R1403,enoyl-ACP reductase (butanoyl-ACP),metabolic,other,reachable but blocked (loop/stoichiometry),True,0.0,1000.0,C_mi,0,0,,,m1418[C_mi] + m176[C_mi] + m28[C_mi] --> m1411[C_mi] + m178[C_mi]
R1404,enoyl-ACP reductase (hexanoyl-ACP),metabolic,other,reachable but blocked (loop/stoichiometry),True,0.0,1000.0,C_mi,0,0,,,m1419[C_mi] + m176[C_mi] + m28[C_mi] --> m1413[C_mi] + m178[C_mi]
R1405,enoyl-ACP reductase (octanoyl-ACP),metabolic,other,reachable but blocked (loop/stoichiometry),True,0.0,1000.0,C_mi,0,0,,,m1420[C_mi] + m176[C_mi] + m28[C_mi] --> m1421[C_mi] + m178[C_mi]
R145,Aminoacetone:oxygen oxidoreductase(deaminating)(flavin-containing),metabolic,other,reachable but blocked (loop/stoichiometry),False,0.0,1000.0,C_cy,0,0,,,m109[C_cy] + m300[C_cy] + m32[C_cy] --> m10[C_cy] + m301[C_cy] + m302[C_cy] + m38[C_cy]
R150,arabinose reductase,metabolic,other,reachable but blocked (loop/stoichiometry),True,0.0,1000.0,C_cy,0,0,,,m10[C_cy] + m308[C_cy] + m40[C_cy] --> m309[C_cy] + m41[C_cy]
R154,arginyl-tRNA synthetase,metabolic,other,reachable but blocked (loop/stoichiometry),True,0.0,1000.0,C_cy,0,0,,,m141[C_cy] + m310[C_cy] + m314[C_cy] --> m203[C_cy] + m315[C_cy] + m86[C_cy]
R157,Asparaginyl-tRNA synthetase,metabolic,other,reachable but blocked (loop/stoichiometry),True,0.0,1000.0,C_cy,0,0,,,m141[C_cy] + m319[C_cy] + m320[C_cy] --> m203[C_cy] + m321[C_cy] + m86[C_cy]
R1595,"glycerol 3-phosphate transport, cytoplasm-ER membrane",transport,other,reachable but blocked (loop/stoichiometry),False,-1000.0,1000.0,"C_cy,C_em",0,0,,,m562[C_cy] <=> m574[C_em]
R1600,"CDP transport, cytoplasm-ER membrane",transport,other,reachable but blocked (loop/stoichiometry),False,-1000.0,1000.0,"C_cy,C_em",0,0,,,m500[C_cy] <=> m1600[C_em]
R1602,"CDP-ethanolamine transport, cytoplasm-ER membrane",transport,other,reachable but blocked (loop/stoichiometry),False,-1000.0,1000.0,"C_cy,C_em",0,0,,,m880[C_cy] <=> m1602[C_em]
R1603,"CDP-choline transport, cytoplasm-ER membrane",transport,other,reachable but blocked (loop/stoichiometry),False,-1000.0,1000.0,"C_cy,C_em",0,0,,,m407[C_cy] <=> m1603[C_em]
R1610,"episterol transport, cytoplasm-ER membrane",transport,other,reachable but blocked (loop/stoichiometry),False,-1000.0,1000.0,"C_cy,C_em",0,0,,,m362[C_cy] <=> m232[C_em]
R1611,"fecosterol transport, cytoplasm-ER membrane",transport,other,reachable but blocked (loop/stoichiometry),False,-1000.0,1000.0,"C_cy,C_em",0,0,,,m363[C_cy] <=> m237[C_em]
R1612,"lanosterol transport, cytoplasm-ER membrane",transport,other,reachable but blocked (loop/stoichiometry),False,-1000.0,1000.0,"C_cy,C_em",0,0,,,m449[C_cy] <=> m239[C_em]
R1635,"docosanoyl-CoA transport, lipid particle-cytoplasm",transport,other,reachable but blocked (loop/stoichiometry),False,-1000.0,1000.0,"C_cy,C_lp",0,0,,,m1509[C_lp] <=> m1520[C_cy]
R1643,"sn-glycero-3-phosphocholine transport, cell envelope-cytoplasm",transport,other,reachable but blocked (loop/stoichiometry),False,-1000.0,1000.0,"C_cy,C_en",0,0,,,m1613[C_en] <=> m578[C_cy]
R1644,"1-(sn-glycero-3-phospho)-1D-myo-inositol transport, cell envelope-cytoplasm",transport,other,reachable but blocked (loop/stoichiometry),False,-1000.0,1000.0,"C_cy,C_en",0,0,,,m1614[C_en] <=> m1054[C_cy]
R1645,"palmitate transport, cell envelope-cytoplasm",transport,other,reachable but blocked (loop/stoichiometry),False,-1000.0,1000.0,"C_cy,C_en",0,0,,,m1615[C_en] <=> m1223[C_cy]
R1647,"stearate transport, cell envelope-cytoplasm",transport,other,reachable but blocked (loop/stoichiometry),False,-1000.0,1000.0,"C_cy,C_en",0,0,,,m1616[C_en] <=> m1096[C_cy]
R1649,"icosanoyl-CoA transport, cell envelope-cytoplasm",transport,other,reachable but blocked (loop/stoichiometry),False,-1000.0,1000.0,"C_cy,C_en",0,0,,,m1498[C_en] <=> m1518[C_cy]
R165,Aspartyl-tRNA synthetase,metabolic,other,reachable but blocked (loop/stoichiometry),True,0.0,1000.0,C_cy,0,0,,,m141[C_cy] + m267[C_cy] + m335[C_cy] --> m203[C_cy] + m336[C_cy] + m86[C_cy]
R1650,"docosanoyl-CoA transport, cell envelope-cytoplasm",transport,other,reachable but blocked (loop/stoichiometry),False,-1000.0,1000.0,"C_cy,C_en",0,0,,,m1500[C_en] <=> m1520[C_cy]
R1651,"tetracosanoyl-CoA transport, cell envelope-cytoplasm",transport,other,reachable but blocked (loop/stoichiometry),False,-1000.0,1000.0,"C_cy,C_en",0,0,,,m1502[C_en] <=> m1374[C_cy]
R1652,"hexacosanoyl-CoA transport, cell envelope-cytoplasm",transport,other,reachable but blocked (loop/stoichiometry),False,-1000.0,1000.0,"C_cy,C_en",0,0,,,m1504[C_en] <=> m1251[C_cy]
R1667,"palmitoleoyl-CoA transport, cytoplasm-mitochondrial membrane",transport,other,reachable but blocked (loop/stoichiometry),False,-1000.0,1000.0,"C_cy,C_mm",0,0,,,m1516[C_cy] <=> m1624[C_mm]
R1668,"oleoyl-CoA transport, cytoplasm-mitochondrial membrane",transport,other,reachable but blocked (loop/stoichiometry),False,-1000.0,1000.0,"C_cy,C_mm",0,0,,,m1517[C_cy] <=> m1625[C_mm]
R1669,"palmitate transport, mitochondrial membrane-cytoplasm",transport,other,reachable but blocked (loop/stoichiometry),False,-1000.0,1000.0,"C_cy,C_mm",0,0,,,m1626[C_mm] <=> m1223[C_cy]
R1670,"stearate transport, mitochondrial membrane-cytoplasm",transport,other,reachable but blocked (loop/stoichiometry),False,-1000.0,1000.0,"C_cy,C_mm",0,0,,,m1627[C_mm] <=> m1096[C_cy]
R1671,"coenzyme A transport, mitochondrial membrane-cytoplasm",transport,other,reachable but blocked (loop/stoichiometry),False,-1000.0,1000.0,"C_cy,C_mm",0,0,,,m792[C_mm] <=> m69[C_cy]
R1690,"lignoceric acid transport, cell envelope-ER membrane",transport,other,reachable but blocked (loop/stoichiometry),False,-1000.0,1000.0,"C_em,C_en",0,0,,,m1501[C_en] <=> m1506[C_em]
R1691,"cerotic acid transport, cell envelope-ER membrane",transport,other,reachable but blocked (loop/stoichiometry),False,-1000.0,1000.0,"C_em,C_en",0,0,,,m1503[C_en] <=> m1507[C_em]
R1709,heme a transport,transport,other,reachable but blocked (loop/stoichiometry),False,-1000.0,1000.0,"C_cy,C_mi",0,0,,,m609[C_mi] <=> m1635[C_cy]
R1719,"lysoPI acyltransferase, ER membrane",metabolic,other,reachable but blocked (loop/stoichiometry),True,-1000.0,1000.0,C_em,0,0,,,m1647[C_em] + m567[C_em] <=> m1648[C_em] + m233[C_em]
R1723,CL phospholipase,metabolic,other,reachable but blocked (loop/stoichiometry),True,0.0,1000.0,C_mm,0,0,,,m1623[C_mm] + m1651[C_mm] --> m1654[C_mm] + m1655[C_mm] + m382[C_mm]
R1724,MLCL:PC acyltransferase,metabolic,other,reachable but blocked (loop/stoichiometry),True,-1000.0,1000.0,C_mm,0,0,,,m1654[C_mm] + m791[C_mm] <=> m1651[C_mm] + m789[C_mm]
R1727,"lysoPC acyltransferase, mitochondrial membrane",metabolic,other,reachable but blocked (loop/stoichiometry),False,0.0,1000.0,C_mm,0,0,,,m789[C_mm] + m790[C_mm] --> m791[C_mm] + m792[C_mm]
R1732,PC phospholipase B,metabolic,other,reachable but blocked (loop/stoichiometry),True,0.0,1000.0,C_en,0,0,,,m1594[C_en] + m1659[C_en] --> m1660[C_en] + m1661[C_en] + m24[C_en]
R1733,LPC phospholipase B,metabolic,other,reachable but blocked (loop/stoichiometry),True,0.0,1000.0,C_en,0,0,,,m1594[C_en] + m1660[C_en] --> m1613[C_en] + m1661[C_en] + m24[C_en]
R1734,PE phospholipase B,metabolic,other,reachable but blocked (loop/stoichiometry),True,0.0,1000.0,C_en,0,0,,,m1594[C_en] + m1662[C_en] --> m1661[C_en] + m1663[C_en] + m24[C_en]
R1736,PS phospholipase B,metabolic,other,reachable but blocked (loop/stoichiometry),True,0.0,1000.0,C_en,0,0,,,m1594[C_en] + m1665[C_en] --> m1661[C_en] + m1666[C_en] + m24[C_en]
R1738,PI phospholipase B,metabolic,other,reachable but blocked (loop/stoichiometry),True,0.0,1000.0,C_en,0,0,,,m1594[C_en] + m1644[C_en] --> m1661[C_en] + m1668[C_en] + m24[C_en]
R1739,LPI phospholipase B,metabolic,other,reachable but blocked (loop/stoichiometry),True,0.0,1000.0,C_en,0,0,,,m1594[C_en] + m1668[C_en] --> m1614[C_en] + m1661[C_en] + m24[C_en]
R174,biotin synthase,metabolic,other,reachable but blocked (loop/stoichiometry),True,-1000.0,1000.0,C_cy,0,0,,,m346[C_cy] + m347[C_cy] <=> 2.0 m10[C_cy] + m348[C_cy]
R1741,"PI 4,5-P2 phospholipase C",metabolic,other,reachable but blocked (loop/stoichiometry),True,0.0,1000.0,C_nu,0,0,,,m1672[C_nu] + m626[C_nu] --> m1673[C_nu] + m627[C_nu] + m661[C_nu]
R1743,PC phospholipase D,metabolic,other,reachable but blocked (loop/stoichiometry),True,0.0,1000.0,C_en,0,0,,,m1594[C_en] + m1659[C_en] --> m1186[C_en] + m1675[C_en] + m24[C_en]
R1782,"diglyceride transport, nucleus-cytoplasm",transport,other,reachable but blocked (loop/stoichiometry),False,-1000.0,1000.0,"C_cy,C_nu",0,0,,,m1673[C_nu] <=> m1670[C_cy]
R1794,"phosphatidylcholine transport, ER membrane-mitochondrial membrane",transport,other,reachable but blocked (loop/stoichiometry),False,-1000.0,1000.0,"C_em,C_mm",0,0,,,m1632[C_em] <=> m791[C_mm]
R1796,"phosphatidate transport, ER membrane-Golgi membrane",transport,other,reachable but blocked (loop/stoichiometry),False,-1000.0,1000.0,"C_em,C_gm",0,0,,,m378[C_em] <=> m1688[C_gm]
R18,"2-hexaprenyl-6-methoxy-1,4-benzoquinone methyltransferase",metabolic,other,reachable but blocked (loop/stoichiometry),True,0.0,1000.0,C_mi,0,0,,,m59[C_mi] + m60[C_mi] --> m28[C_mi] + m61[C_mi] + m62[C_mi]
R1800,"phosphatidate transport, ER membrane-vacuolar membrane",transport,other,reachable but blocked (loop/stoichiometry),False,-1000.0,1000.0,"C_em,C_vm",0,0,,,m378[C_em] <=> m1686[C_vm]
R1808,"phosphatidyl-L-serine transport, ER membrane-cell envelope",transport,other,reachable but blocked (loop/stoichiometry),False,-1000.0,1000.0,"C_em,C_en",0,0,,,m1631[C_em] <=> m1665[C_en]
R1809,"phosphatidate transport, cell envelope-ER membrane",transport,other,reachable but blocked (loop/stoichiometry),False,-1000.0,1000.0,"C_em,C_en",0,0,,,m1675[C_en] <=> m378[C_em]
R1842,phospholipase D,metabolic,other,reachable but blocked (loop/stoichiometry),True,0.0,1000.0,C_en,0,0,,,m1594[C_en] + m1659[C_en] --> m1186[C_en] + m1675[C_en] + m24[C_en]
R1861,decane transport e--c,transport,other,reachable but blocked (loop/stoichiometry),True,-1000.0,1000.0,"C_cy,C_ex",0,0,,,m1785[C_ex] <=> m1786[C_cy]
R1862,hexadecane transport e--c,transport,other,reachable but blocked (loop/stoichiometry),True,-1000.0,1000.0,"C_cy,C_ex",0,0,,,m1787[C_ex] <=> m1788[C_cy]
R1863,alkane oxidase (C10),metabolic,other,reachable but blocked (loop/stoichiometry),True,-1000.0,1000.0,C_cy,0,0,,,m109[C_cy] + m10[C_cy] + m1786[C_cy] + m40[C_cy] <=> m1789[C_cy] + m32[C_cy] + m41[C_cy]
R1865,alkane oxidase (C12),metabolic,other,reachable but blocked (loop/stoichiometry),True,-1000.0,1000.0,C_cy,0,0,,,m109[C_cy] + m10[C_cy] + m1791[C_cy] + m40[C_cy] <=> m1792[C_cy] + m32[C_cy] + m41[C_cy]
R1867,alkane oxidase (C16),metabolic,other,reachable but blocked (loop/stoichiometry),True,-1000.0,1000.0,C_cy,0,0,,,m109[C_cy] + m10[C_cy] + m1788[C_cy] + m40[C_cy] <=> m1794[C_cy] + m32[C_cy] + m41[C_cy]
R1876,octadecenoate (n-C18:1) transport,transport,other,reachable but blocked (loop/stoichiometry),False,-1000.0,1000.0,"C_cy,C_ex",0,0,,,m1799[C_ex] <=> m1801[C_cy]
R1880,"linoleoyl-CoA transport, cytoplasm-mitochondrial membrane",transport,other,reachable but blocked (loop/stoichiometry),False,-1000.0,1000.0,"C_cy,C_mm",0,0,,,m1798[C_cy] <=> m1743[C_mm]
R1881,dodecane transport e--c,transport,other,reachable but blocked (loop/stoichiometry),True,-1000.0,1000.0,"C_cy,C_ex",0,0,,,m1802[C_ex] <=> m1791[C_cy]
R1885,long-chain aldehyde dehydrogenase (C10),metabolic,other,reachable but blocked (loop/stoichiometry),True,0.0,1000.0,C_cy,0,0,,,m122[C_cy] + m1790[C_cy] + m32[C_cy] --> m1220[C_cy] + m123[C_cy]
R1886,long-chain aldehyde dehydrogenase (C12),metabolic,other,reachable but blocked (loop/stoichiometry),True,0.0,1000.0,C_cy,0,0,,,m122[C_cy] + m1793[C_cy] + m32[C_cy] --> m1221[C_cy] + m123[C_cy]
R1887,long-chain aldehyde dehydrogenase (C16),metabolic,other,reachable but blocked (loop/stoichiometry),True,0.0,1000.0,C_cy,0,0,,,m1795[C_cy] + m32[C_cy] + m41[C_cy] --> m10[C_cy] + m1223[C_cy] + m40[C_cy]
R189,CAAX farnesyltransferase,metabolic,other,reachable but blocked (loop/stoichiometry),True,-1000.0,1000.0,C_cy,0,0,,,m366[C_cy] + m367[C_cy] <=> m203[C_cy] + m368[C_cy]
R1891,"glycerol transport, mm - cy",transport,other,reachable but blocked (loop/stoichiometry),False,-1000.0,1000.0,"C_cy,C_mm",0,0,,,m1652[C_mm] <=> m277[C_cy]
R1893,mannitol dehydrogenase,metabolic,other,reachable but blocked (loop/stoichiometry),True,-1000.0,1000.0,C_cy,0,0,,,m1804[C_cy] + m41[C_cy] <=> m10[C_cy] + m40[C_cy] + m458[C_cy]
R1896,extracellular dibutyrin hydrolysis,metabolic,other,reachable but blocked (loop/stoichiometry),True,0.0,1000.0,C_ex,0,0,,,m1805[C_ex] + m214[C_ex] --> m1459[C_ex] + m1806[C_ex]
R1897,extracellular monobutyrate hydrolysis,metabolic,other,reachable but blocked (loop/stoichiometry),True,0.0,1000.0,C_ex,0,0,,,m1806[C_ex] + m214[C_ex] --> m1056[C_ex] + m1459[C_ex]
R19,2-hexaprenyl-6-methoxyphenol monooxygenase,metabolic,other,reachable but blocked (loop/stoichiometry),True,0.0,1000.0,C_mi,0,0,,,m63[C_mi] + m64[C_mi] --> m26[C_mi] + m59[C_mi]
R1910,UDP-glucose:NAD+ 6-oxidoreductase,metabolic,other,reachable but blocked (loop/stoichiometry),True,-1000.0,1000.0,C_cy,0,0,,,2.0 m122[C_cy] + m32[C_cy] + m8[C_cy] <=> 3.0 m10[C_cy] + 2.0 m123[C_cy] + m1723[C_cy]
R1937,glutathione gamma-glutamylaminopeptidase,metabolic,other,reachable but blocked (loop/stoichiometry),True,-1000.0,1000.0,C_cy,0,0,,,m32[C_cy] + m530[C_cy] <=> m50[C_cy] + m542[C_cy]
R1941,serine racemase,metabolic,other,reachable but blocked (loop/stoichiometry),True,-1000.0,1000.0,C_cy,0,0,,,m441[C_cy] <=> m1811[C_cy]
R1946,ATP:D-glucosamine 6-phosphotransferase,metabolic,other,reachable but blocked (loop/stoichiometry),True,0.0,1000.0,C_cy,0,0,,,m141[C_cy] + m1810[C_cy] --> m10[C_cy] + m143[C_cy] + m550[C_cy]
R1965,mannitol transport extracellular,transport,other,reachable but blocked (loop/stoichiometry),False,-1000.0,1000.0,"C_cy,C_ex",0,0,,,m1804[C_cy] <=> m1824[C_ex]
R1969,3-methyl-2-oxopentanoate dehydrogenase,metabolic,other,reachable but blocked (loop/stoichiometry),True,0.0,1000.0,C_mi,0,0,,,m27[C_mi] + m70[C_mi] + m73[C_mi] --> m1829[C_mi] + m30[C_mi] + m44[C_mi]
R198,ceramide-1 hydroxylase (24C),metabolic,other,reachable but blocked (loop/stoichiometry),True,0.0,1000.0,C_er,0,0,,,m102[C_er] + m103[C_er] + m386[C_er] + m387[C_er] --> m104[C_er] + m388[C_er] + m389[C_er]
R1982,2-Deoxy-D-Ribose transport,transport,other,reachable but blocked (loop/stoichiometry),True,-1000.0,1000.0,"C_cy,C_ex",0,0,,,m472[C_cy] <=> m1837[C_ex]
R199,ceramide-1 hydroxylase (24C),metabolic,other,reachable but blocked (loop/stoichiometry),True,0.0,1000.0,C_er,0,0,,,m102[C_er] + m103[C_er] + m386[C_er] + m387[C_er] --> m104[C_er] + m389[C_er] + m390[C_er]
R1991,5-aminopentanoate:2-oxoglutarate aminotransferase,metabolic,other,reachable but blocked (loop/stoichiometry),False,-1000.0,1000.0,C_cy,0,0,,,m1845[C_cy] + m51[C_cy] <=> m1846[C_cy] + m50[C_cy]
R1993,D-glucosamine transport via diffusion,transport,other,reachable but blocked (loop/stoichiometry),False,-1000.0,1000.0,"C_cy,C_ex",0,0,,,m1810[C_cy] <=> m1847[C_ex]
R1997,(R)-3-Hydroxybutanoate:NAD+ oxidoreductase,metabolic,other,reachable but blocked (loop/stoichiometry),False,-1000.0,1000.0,C_cy,0,0,,,m122[C_cy] + m1848[C_cy] <=> m123[C_cy] + m1821[C_cy]
R200,ceramide-1 hydroxylase (26C),metabolic,other,reachable but blocked (loop/stoichiometry),True,0.0,1000.0,C_er,0,0,,,m102[C_er] + m103[C_er] + m387[C_er] + m391[C_er] --> m104[C_er] + m389[C_er] + m392[C_er]
R2000,D-Gluconate:NADP+ 5-oxidoreductase,metabolic,other,reachable but blocked (loop/stoichiometry),False,0.0,1000.0,C_cy,0,0,,,m10[C_cy] + m1852[C_cy] + m40[C_cy] --> m1724[C_cy] + m41[C_cy]
R2007,3-oxalomalate glyoxylate-lyase (oxaloacetate-forming),metabolic,other,reachable but blocked (loop/stoichiometry),False,-1000.0,1000.0,C_cy,0,0,,,3.0 m10[C_cy] + m1857[C_cy] <=> m271[C_cy] + m328[C_cy]
R201,ceramide-1 hydroxylase (26C),metabolic,other,reachable but blocked (loop/stoichiometry),True,0.0,1000.0,C_er,0,0,,,m102[C_er] + m103[C_er] + m387[C_er] + m391[C_er] --> m104[C_er] + m389[C_er] + m393[C_er]
R2019,Gly-Asp transport via proton antiport,transport,other,reachable but blocked (loop/stoichiometry),False,-1000.0,1000.0,"C_cy,C_ex",0,0,,,m1869[C_ex] + m342[C_ex] <=> m10[C_cy] + m1870[C_cy]
R2020,Gly-Asp transport via proton antiport,transport,other,reachable but blocked (loop/stoichiometry),False,-1000.0,1000.0,"C_cy,C_va",0,0,,,m10[C_cy] + m1870[C_cy] <=> m1007[C_va] + m1871[C_va]
R2021,cytosol nonspecific dipeptidase,metabolic,other,reachable but blocked (loop/stoichiometry),False,0.0,1000.0,C_va,0,0,,,m1384[C_va] + m1871[C_va] --> m1067[C_va] + m1863[C_va]
R2027,Gly-glu transport via proton antiport,transport,other,reachable but blocked (loop/stoichiometry),False,-1000.0,1000.0,"C_cy,C_ex",0,0,,,m1860[C_ex] + m342[C_ex] <=> m10[C_cy] + m1861[C_cy]
R2028,Gly-glu transport via proton antiport,transport,other,reachable but blocked (loop/stoichiometry),False,-1000.0,1000.0,"C_cy,C_va",0,0,,,m10[C_cy] + m1861[C_cy] <=> m1007[C_va] + m1862[C_va]
R2029,cytosol nonspecific dipeptidase,metabolic,other,reachable but blocked (loop/stoichiometry),False,0.0,1000.0,C_va,0,0,,,m1384[C_va] + m1862[C_va] --> m1071[C_va] + m1863[C_va]
R2030,Glycine transport (vacuole),transport,other,reachable but blocked (loop/stoichiometry),False,-1000.0,1000.0,"C_cy,C_va",0,0,,,m10[C_cy] + m272[C_cy] <=> m1007[C_va] + m1863[C_va]
R2032,Ala-Gly transport via proton antiport,transport,other,reachable but blocked (loop/stoichiometry),False,-1000.0,1000.0,"C_cy,C_ex",0,0,,,m1876[C_ex] <=> m1877[C_cy]
R2033,Ala-Gly transport via proton antiport,transport,other,reachable but blocked (loop/stoichiometry),False,-1000.0,1000.0,"C_cy,C_va",0,0,,,m1877[C_cy] <=> m1878[C_va]
R2034,cytosol nonspecific dipeptidase,metabolic,other,reachable but blocked (loop/stoichiometry),False,0.0,1000.0,C_va,0,0,,,m1384[C_va] + m1878[C_va] --> m1863[C_va] + m1879[C_va]
R2035,L-alanine transport (vacuole),transport,other,reachable but blocked (loop/stoichiometry),False,-1000.0,1000.0,"C_cy,C_va",0,0,,,m114[C_cy] <=> m1879[C_va]
R2037,Gly-Pro transport via proton antiport,transport,other,reachable but blocked (loop/stoichiometry),False,-1000.0,1000.0,"C_cy,C_ex",0,0,,,m1864[C_ex] + m342[C_ex] <=> m10[C_cy] + m1865[C_cy]
R2038,Gly-Pro transport via proton antiport,transport,other,reachable but blocked (loop/stoichiometry),False,-1000.0,1000.0,"C_cy,C_va",0,0,,,m10[C_cy] + m1865[C_cy] <=> m1007[C_va] + m1866[C_va]
R2039,cytosol nonspecific dipeptidase,metabolic,other,reachable but blocked (loop/stoichiometry),False,0.0,1000.0,C_va,0,0,,,m1384[C_va] + m1866[C_va] --> m1863[C_va] + m1867[C_va]
R2040,proline transport (vacuole),transport,other,reachable but blocked (loop/stoichiometry),False,-1000.0,1000.0,"C_cy,C_va",0,0,,,m10[C_cy] + m765[C_cy] <=> m1007[C_va] + m1867[C_va]
R2044,fatty acid transport,transport,other,reachable but blocked (loop/stoichiometry),False,-1000.0,1000.0,"C_cy,C_ex",0,0,,,m1395[C_cy] <=> m1885[C_ex]
R2045,Reaction,metabolic,other,reachable but blocked (loop/stoichiometry),True,0.0,1000.0,C_ex,0,0,,,m1055[C_ex] + m1885[C_ex] --> m1133[C_ex]
R2046,Reaction,metabolic,other,reachable but blocked (loop/stoichiometry),True,-1000.0,1000.0,C_go,0,0,,,m1265[C_go] + m290[C_go] <=> m1327[C_go]
R2047,1D-myo-inositol 1-phosphate transport,transport,other,reachable but blocked (loop/stoichiometry),False,-1000.0,1000.0,"C_cy,C_go",0,0,,,m813[C_cy] <=> m1886[C_go]
R2048,Reaction,metabolic,other,reachable but blocked (loop/stoichiometry),True,-1000.0,1000.0,C_go,0,0,,,m1327[C_go] + m1886[C_go] + 2.0 m293[C_go] <=> m1314[C_go] + m835[C_go]
R2049,phosphatidylcholine transport,transport,other,reachable but blocked (loop/stoichiometry),True,-1000.0,1000.0,"C_cy,C_go",0,0,,,m1894[C_go] <=> m1397[C_cy]
R2052,phosphatidyl-L-serine transport,transport,other,reachable but blocked (loop/stoichiometry),True,-1000.0,1000.0,"C_cy,C_en",0,0,,,m1396[C_cy] <=> m1663[C_en]
R2058,glyoxylate/hydroxypyruvate reductase,metabolic,other,reachable but blocked (loop/stoichiometry),True,-1000.0,1000.0,C_cy,0,0,,,m1815[C_cy] <=> m1890[C_cy]
R2059,glucose 1-dehydrogenase,metabolic,other,reachable but blocked (loop/stoichiometry),True,-1000.0,1000.0,C_cy,0,0,,,m295[C_cy] <=> m1891[C_cy]
R206,ceramide-3 synthase (24C),metabolic,other,reachable but blocked (loop/stoichiometry),True,0.0,1000.0,C_er,0,0,,,m102[C_er] + m103[C_er] + m387[C_er] + m388[C_er] --> m104[C_er] + m389[C_er] + m397[C_er]
R2060,Magnesium transport,transport,other,reachable but blocked (loop/stoichiometry),True,-1000.0,1000.0,"C_cy,C_ex",0,0,,,m1892[C_ex] <=> m1893[C_cy]
R207,ceramide-3 synthase (26C),metabolic,other,reachable but blocked (loop/stoichiometry),True,0.0,1000.0,C_er,0,0,,,m102[C_er] + m103[C_er] + m387[C_er] + m392[C_er] --> m104[C_er] + m389[C_er] + m398[C_er]
R2071,Indole-3-acetaldehyde:NAD+ oxidoreductase,metabolic,other,reachable but blocked (loop/stoichiometry),True,0.0,1000.0,C_cy,0,0,,,m122[C_cy] + m2042[C_cy] + m32[C_cy] --> m123[C_cy] + m1259[C_cy]
R2072,3-(indol-3-yl)pyruvate carboxy-lyase [(2-indol-3-yl)acetaldehyde-forming],metabolic,other,reachable but blocked (loop/stoichiometry),False,0.0,1000.0,C_cy,0,0,,,m10[C_cy] + m2044[C_cy] --> m2042[C_cy] + m82[C_cy]
R2073,L-Tryptophan:2-oxoglutarate aminotransferase,metabolic,other,reachable but blocked (loop/stoichiometry),True,0.0,1000.0,C_cy,0,0,,,m51[C_cy] + m772[C_cy] --> m2044[C_cy] + m50[C_cy]
R208,ceramide-4 synthase (24C),metabolic,other,reachable but blocked (loop/stoichiometry),True,0.0,1000.0,C_er,0,0,,,m102[C_er] + m103[C_er] + m387[C_er] + m397[C_er] --> m104[C_er] + m389[C_er] + m399[C_er]
R2080,ATP:ethanolamine O-phosphotransferase,metabolic,other,reachable but blocked (loop/stoichiometry),True,0.0,1000.0,C_cy,0,0,,,m141[C_cy] + m508[C_cy] --> 2.0 m10[C_cy] + m143[C_cy] + m509[C_cy]
R2082,"3-Methylbutanoyl-CoA:(acceptor) 2,3-oxidoreductase",metabolic,other,reachable but blocked (loop/stoichiometry),True,0.0,1000.0,C_cy,0,0,,,4.0 m10[C_cy] + m2049[C_cy] + m528[C_cy] --> m1048[C_cy] + m2050[C_cy]
R2083,3-Methylcrotonyl-CoA transport,transport,other,reachable but blocked (loop/stoichiometry),False,-1000.0,1000.0,"C_cy,C_mi",0,0,,,m1831[C_mi] <=> m2050[C_cy]
R2084,3-Methylbutanoyl-CoA transport,transport,other,reachable but blocked (loop/stoichiometry),False,-1000.0,1000.0,"C_cy,C_mi",0,0,,,m1828[C_mi] <=> 4.0 m10[C_cy] + m2049[C_cy]
R209,ceramide-4 synthase (26C),metabolic,other,reachable but blocked (loop/stoichiometry),True,0.0,1000.0,C_er,0,0,,,m102[C_er] + m103[C_er] + m387[C_er] + m398[C_er] --> m104[C_er] + m389[C_er] + m400[C_er]
R2096,"3,4-Dihydroxyphenylacetaldehyde:NAD+ oxidoreductase",metabolic,other,reachable but blocked (loop/stoichiometry),True,0.0,1000.0,C_cy,0,0,,,m122[C_cy] + m1952[C_cy] + m32[C_cy] --> m10[C_cy] + m123[C_cy] + m1950[C_cy]
R2099,"3,4-Dihydroxymandelaldehyde:NAD+ oxidoreductase",metabolic,other,reachable but blocked (loop/stoichiometry),True,0.0,1000.0,C_cy,0,0,,,m122[C_cy] + m1958[C_cy] + m32[C_cy] --> m10[C_cy] + m123[C_cy] + m1956[C_cy]
R21,2-isopropylmalate synthase,metabolic,other,reachable but blocked (loop/stoichiometry),True,0.0,1000.0,C_cy,0,0,,,m32[C_cy] + m67[C_cy] + m68[C_cy] --> m66[C_cy] + m69[C_cy]
R2101,Dolichyl phosphate D-mannose transport,transport,other,reachable but blocked (loop/stoichiometry),False,-1000.0,1000.0,"C_cy,C_er",0,0,,,m502[C_er] <=> m1960[C_cy]
R2106,UDP-N-Acetyl-D-glucosamine:dolichyl-phosphate N-Acetyl-D-glucosamine phosphotransferase,metabolic,other,reachable but blocked (loop/stoichiometry),True,-1000.0,1000.0,C_er,0,0,,,m1965[C_er] + m503[C_er] <=> m1967[C_er] + m1968[C_er]
R2107,UDP-N-acetyl-alpha-D-glucosamine transport,transport,other,reachable but blocked (loop/stoichiometry),False,-1000.0,1000.0,"C_cy,C_er",0,0,,,m1965[C_er] <=> m1964[C_cy]
R2108,UTP:N-acetyl-alpha-D-glucosamine-1-phosphate uridylyltransferase,metabolic,other,reachable but blocked (loop/stoichiometry),True,0.0,1000.0,C_cy,0,0,,,m10[C_cy] + m439[C_cy] + m878[C_cy] --> m1964[C_cy] + m203[C_cy]
R2110,UMP transport,transport,other,reachable but blocked (loop/stoichiometry),False,-1000.0,1000.0,"C_cy,C_er",0,0,,,m149[C_cy] <=> 2.0 m102[C_er] + m1967[C_er]
R2111,UDP transport,transport,other,reachable but blocked (loop/stoichiometry),False,-1000.0,1000.0,"C_cy,C_er",0,0,,,m11[C_cy] <=> 3.0 m102[C_er] + m1966[C_er]
R2114,3-Hydroxy-2-methylpropanoate:NAD+ oxidoreductase,metabolic,other,reachable but blocked (loop/stoichiometry),True,0.0,1000.0,C_cy,0,0,,,m122[C_cy] + m1974[C_cy] --> m10[C_cy] + m123[C_cy] + m1975[C_cy]
R2115,(S)-3-Hydroxyisobutyryl-CoA hydrolase,metabolic,other,reachable but blocked (loop/stoichiometry),False,0.0,1000.0,C_cy,0,0,,,m1973[C_cy] + m32[C_cy] --> m10[C_cy] + m1974[C_cy] + m69[C_cy]
R2116,(S)-3-Hydroxyisobutyryl-CoA hydro-lyase,metabolic,other,reachable but blocked (loop/stoichiometry),True,0.0,1000.0,C_cy,0,0,,,m1972[C_cy] + m32[C_cy] --> m1973[C_cy]
R2117,"2-methylpropanoyl-CoA:(acceptor) 2,3-oxidoreductase",transport,other,reachable but blocked (loop/stoichiometry),False,-1000.0,1000.0,"C_cy,C_mi",0,0,,,m1971[C_cy] + m528[C_cy] <=> m1972[C_cy] + m566[C_mi]
R2118,2-Methylpropanoyl-CoA transport,transport,other,reachable but blocked (loop/stoichiometry),False,-1000.0,1000.0,"C_cy,C_mi",0,0,,,m1829[C_mi] <=> 4.0 m10[C_cy] + m1971[C_cy]
R212,choline kinase,metabolic,other,reachable but blocked (loop/stoichiometry),True,0.0,1000.0,C_cy,0,0,,,m141[C_cy] + m404[C_cy] --> m10[C_cy] + m143[C_cy] + m405[C_cy]
R2123,Phenethylamine:oxygen oxidoreductase (deaminating),metabolic,other,reachable but blocked (loop/stoichiometry),True,-1000.0,1000.0,C_cy,0,0,,,m109[C_cy] + m1977[C_cy] + m32[C_cy] <=> m301[C_cy] + m38[C_cy] + m866[C_cy]
R213,choline phosphate cytididyltransferase,metabolic,other,reachable but blocked (loop/stoichiometry),True,0.0,1000.0,C_cy,0,0,,,m405[C_cy] + m406[C_cy] --> m203[C_cy] + m407[C_cy]
R2134,acyl-CoA:sphingosine N-acyltransferase,metabolic,other,reachable but blocked (loop/stoichiometry),True,0.0,1000.0,C_er,0,0,,,m1984[C_er] + m386[C_er] --> m1985[C_er] + m252[C_er]
R2138,UDPglucose:dolichyl-phosphate beta-D-glucosyltransferase,metabolic,other,reachable but blocked (loop/stoichiometry),True,-1000.0,1000.0,C_er,0,0,,,m1988[C_er] + m503[C_er] <=> m1966[C_er] + m1989[C_er]
R2139,UDP-glucose transport,transport,other,reachable but blocked (loop/stoichiometry),False,-1000.0,1000.0,"C_cy,C_er",0,0,,,m1988[C_er] <=> m8[C_cy]
R2140,No name,metabolic,other,reachable but blocked (loop/stoichiometry),True,-1000.0,1000.0,C_cy,0,0,,,m1990[C_cy] + m32[C_cy] <=> m1992[C_cy] + m69[C_cy]
R2141,3-Hydroxypropionyl-CoA hydro-lyase,metabolic,other,reachable but blocked (loop/stoichiometry),True,-1000.0,1000.0,C_cy,0,0,,,m1990[C_cy] <=> m1991[C_cy] + m32[C_cy]
R2142,"propanoyl-CoA:electron-transfer flavoprotein 2,3-oxidoreductase",metabolic,other,reachable but blocked (loop/stoichiometry),False,-1000.0,1000.0,C_cy,0,0,,,m1970[C_cy] + m528[C_cy] <=> m1048[C_cy] + m1991[C_cy]
R2143,"Inositol phosphorylceramide synthase (ceramide-1, 24C), yeast-specific",metabolic,other,reachable but blocked (loop/stoichiometry),True,0.0,1000.0,C_cy,0,0,,,0.01 m1393[C_cy] + m1980[C_cy] --> 0.01 m1994[C_cy] + 0.01 m1995[C_cy]
R2146,"mannose-inositiol phophorylceramide synthase (ceramide-1, 24C), yeast-specific",metabolic,other,reachable but blocked (loop/stoichiometry),True,0.0,1000.0,C_cy,0,0,,,0.01 m1995[C_cy] + m343[C_cy] --> m10[C_cy] + 0.01 m2001[C_cy] + m268[C_cy]
R2147,mannosylinositol phosphorylceramide A (C24)_C54H106NO16P transport,transport,other,reachable but blocked (loop/stoichiometry),False,-1000.0,1000.0,"C_cy,C_er",0,0,,,m662[C_er] <=> m2001[C_cy]
R2148,"Inositol phosphorylceramide synthase (ceramide-1, 26C), yeast-specific",metabolic,other,reachable but blocked (loop/stoichiometry),True,0.0,1000.0,C_cy,0,0,,,0.01 m1393[C_cy] + m1979[C_cy] --> 0.01 m1994[C_cy] + 0.01 m1996[C_cy]
R2149,"mannose-inositol phosphorylceramide synthase (ceramide-1, 26C), yeast-specific",metabolic,other,reachable but blocked (loop/stoichiometry),True,0.0,1000.0,C_cy,0,0,,,0.01 m1996[C_cy] + m343[C_cy] --> m10[C_cy] + 0.01 m2002[C_cy] + m268[C_cy]
R2150,mannosylinositol phosphorylceramide A (C26)_C56H110NO16P transport,transport,other,reachable but blocked (loop/stoichiometry),False,-1000.0,1000.0,"C_cy,C_er",0,0,,,m664[C_er] <=> m2002[C_cy]
R2151,"Inositol phosphorylceramide synthase (ceramide-2, 24C), yeast-specific",metabolic,other,reachable but blocked (loop/stoichiometry),True,0.0,1000.0,C_cy,0,0,,,0.01 m1393[C_cy] + m1982[C_cy] --> 0.01 m1994[C_cy] + 0.01 m1997[C_cy]
R2152,"mannose-inositol phosphorylceramide synthase (ceramide-2, 24C), yeast-specific",metabolic,other,reachable but blocked (loop/stoichiometry),True,0.0,1000.0,C_cy,0,0,,,0.01 m1997[C_cy] + m343[C_cy] --> m10[C_cy] + 0.01 m2003[C_cy] + m268[C_cy]
R2153,mannosylinositol phosphorylceramide B (C24)_C54H106NO17P transport,transport,other,reachable but blocked (loop/stoichiometry),False,-1000.0,1000.0,"C_cy,C_er",0,0,,,m667[C_er] <=> m2003[C_cy]
R2154,"Inositol phosphoryceramide synthase (ceramide-2, 26C), yeast-specific",metabolic,other,reachable but blocked (loop/stoichiometry),True,0.0,1000.0,C_cy,0,0,,,0.01 m1393[C_cy] + m1983[C_cy] --> 0.01 m1994[C_cy] + 0.01 m1998[C_cy]
R2155,"mannose-inositol phosphorylceramide synthase (ceramide-2, 26C), yeast-specific",metabolic,other,reachable but blocked (loop/stoichiometry),True,0.0,1000.0,C_cy,0,0,,,0.01 m1998[C_cy] + m343[C_cy] --> m10[C_cy] + 0.01 m2004[C_cy] + m268[C_cy]
R2156,mannosylinositol phosphorylceramide B (C26)_C56H110NO17P transport,transport,other,reachable but blocked (loop/stoichiometry),False,-1000.0,1000.0,"C_cy,C_er",0,0,,,m668[C_er] <=> m2004[C_cy]
R2157,"Inositol phosphorylceramide synthase (ceramide-3, 24C), yeast-specific",metabolic,other,reachable but blocked (loop/stoichiometry),True,0.0,1000.0,C_cy,0,0,,,0.01 m1393[C_cy] + m2007[C_cy] --> 0.01 m1994[C_cy] + 0.01 m1999[C_cy]
R2158,Ceramide-3 (Phytosphingosine:n-C24:0OH) trasnport,transport,other,reachable but blocked (loop/stoichiometry),False,-1000.0,1000.0,"C_cy,C_er",0,0,,,m397[C_er] <=> m2007[C_cy]
R2159,"mannose-inositol phosphorylceramide synthase (ceramide-3, 24C), yeast-specific",metabolic,other,reachable but blocked (loop/stoichiometry),True,0.0,1000.0,C_cy,0,0,,,0.01 m1999[C_cy] + m343[C_cy] --> m10[C_cy] + 0.01 m2005[C_cy] + m268[C_cy]
R2160,mannosylinositol phosphorylceramide C (C24)_C54H106NO18P transport,transport,other,reachable but blocked (loop/stoichiometry),False,-1000.0,1000.0,"C_cy,C_er",0,0,,,m669[C_er] <=> m2005[C_cy]
R2161,"Inositol phosphorylceramide synthase (ceramide-3, 26C), yeast-specific",metabolic,other,reachable but blocked (loop/stoichiometry),True,0.0,1000.0,C_cy,0,0,,,0.01 m1393[C_cy] + m2008[C_cy] --> 0.01 m1994[C_cy] + 0.01 m2000[C_cy]
R2162,"mannose-inositol phosphorylceramide synthase (ceramide-3, 26C), yeast-specific",metabolic,other,reachable but blocked (loop/stoichiometry),True,0.0,1000.0,C_cy,0,0,,,0.01 m2000[C_cy] + m343[C_cy] --> m10[C_cy] + 0.01 m2006[C_cy] + m268[C_cy]
R2163,mannosylinositol phosphorylceramide C (C26)_C56H110NO18P transport,transport,other,reachable but blocked (loop/stoichiometry),False,-1000.0,1000.0,"C_cy,C_er",0,0,,,m670[C_er] <=> m2006[C_cy]
R2164,Ceramide-3 (Phytosphingosine:n-C26:0OH)transport,transport,other,reachable but blocked (loop/stoichiometry),False,-1000.0,1000.0,"C_cy,C_er",0,0,,,m398[C_er] <=> m2008[C_cy]
R2165,Triacyglycerol synthesis,metabolic,other,reachable but blocked (loop/stoichiometry),True,0.0,1000.0,C_cy,0,0,,,0.27 m1349[C_cy] + 0.05 m1409[C_cy] + 0.06 m1514[C_cy] + 0.1 m1515[C_cy] + 0.09 m1517[C_cy] + 0.24 m1798[C_cy] + 0.01 m1994[C_cy] + 0.17 m2009[C_cy] + 0.02 m2010[C_cy] --> 0.01 m1399[C_cy] + m69[C_cy]
R2166,Hexadecenoyl-CoA transport,transport,other,reachable but blocked (loop/stoichiometry),False,-1000.0,1000.0,"C_cy,C_pe",0,0,,,m2009[C_cy] <=> m1491[C_pe]
R2167,Decanoyl-CoA transport,transport,other,reachable but blocked (loop/stoichiometry),False,-1000.0,1000.0,"C_cy,C_mm",0,0,,,m2010[C_cy] + 4.0 m382[C_mm] <=> m1737[C_mm]
R2172,Glycolate:oxygen 2-oxidoreductase,metabolic,other,reachable but blocked (loop/stoichiometry),True,0.0,1000.0,C_cy,0,0,,,m109[C_cy] + m10[C_cy] + m2015[C_cy] --> m271[C_cy] + m301[C_cy]
R2173,Glycolate:oxygen 2-oxidoreductase,metabolic,other,reachable but blocked (loop/stoichiometry),True,0.0,1000.0,C_pe,0,0,,,m2016[C_pe] + m221[C_pe] --> m2017[C_pe] + m800[C_pe]
R2174,Glycolate transport,transport,other,reachable but blocked (loop/stoichiometry),False,-1000.0,1000.0,"C_cy,C_pe",0,0,,,m2015[C_cy] <=> m2016[C_pe]
R2175,Glycolate transport,transport,other,reachable but blocked (loop/stoichiometry),False,-1000.0,1000.0,"C_cy,C_pe",0,0,,,m301[C_cy] <=> m2017[C_pe]
R2177,Dolichyl-diphosphate phosphohydrolase,metabolic,other,reachable but blocked (loop/stoichiometry),True,0.0,1000.0,C_cy,0,0,,,m2018[C_cy] + m32[C_cy] --> 3.0 m10[C_cy] + m35[C_cy] + m501[C_cy]
R2178,NO NAME,metabolic,other,reachable but blocked (loop/stoichiometry),False,0.0,1000.0,C_cy,0,0,,,6.5 m109[C_cy] + m2019[C_cy] --> m2018[C_cy] + 3.0 m32[C_cy] + 5.0 m82[C_cy]
R2179,Geranyl-diphosphate:isopentenyl-diphosphate geranyltrans-transferase,metabolic,other,reachable but blocked (loop/stoichiometry),True,0.0,1000.0,C_cy,0,0,,,m491[C_cy] + m493[C_cy] --> m2020[C_cy] + m203[C_cy]
R218,cis-prenyltransferase step 02,metabolic,other,reachable but blocked (loop/stoichiometry),True,0.0,1000.0,C_lp,0,0,,,m412[C_lp] + m414[C_lp] --> m413[C_lp] + m415[C_lp]
R2180,"(2E,6E)-farnesyl-diphosphate:isopentenyl-diphosphate cistransferase (adding 10-55 isopentenyl units)",metabolic,other,reachable but blocked (loop/stoichiometry),True,0.0,1000.0,C_cy,0,0,,,2.0 m10[C_cy] + m2020[C_cy] + m491[C_cy] --> m2019[C_cy] + m203[C_cy]
R2181,Dolichyl-diphosphate phosphohydrolase,metabolic,other,reachable but blocked (loop/stoichiometry),True,0.0,1000.0,C_er,0,0,,,m2021[C_er] + m389[C_er] --> 3.0 m102[C_er] + m503[C_er] + m952[C_er]
R2182,Dolichyl diphosphate transport,transport,other,reachable but blocked (loop/stoichiometry),False,-1000.0,1000.0,"C_cy,C_er",0,0,,,m2018[C_cy] <=> m2021[C_er]
R2188,NO NAME,metabolic,other,reachable but blocked (loop/stoichiometry),True,0.0,1000.0,C_cy,0,0,,,2.0 m10[C_cy] + m130[C_cy] + m536[C_cy] + m96[C_cy] --> 3.0 m32[C_cy] + m35[C_cy] + m50[C_cy] + m921[C_cy]
R219,cis-prenyltransferase step 03,metabolic,other,reachable but blocked (loop/stoichiometry),True,0.0,1000.0,C_lp,0,0,,,m412[C_lp] + m415[C_lp] --> m413[C_lp] + m416[C_lp]
R2192,Phenylacetaldehyde:NAD+ oxidoreductase,metabolic,other,reachable but blocked (loop/stoichiometry),True,0.0,1000.0,C_cy,0,0,,,m122[C_cy] + m32[C_cy] + m866[C_cy] --> 2.0 m10[C_cy] + m123[C_cy] + m2026[C_cy]
R2199,L-Cysteine:2-oxoglutarate aminotransferase,metabolic,other,reachable but blocked (loop/stoichiometry),True,-1000.0,1000.0,C_cy,0,0,,,m443[C_cy] + m51[C_cy] <=> m2031[C_cy] + m50[C_cy]
R220,cis-prenyltransferase step 04,metabolic,other,reachable but blocked (loop/stoichiometry),True,0.0,1000.0,C_lp,0,0,,,m412[C_lp] + m416[C_lp] --> m413[C_lp] + m417[C_lp]
R2203,3-Mercaptopyruvate:cyanide sulfurtransferase,metabolic,other,reachable but blocked (loop/stoichiometry),True,0.0,1000.0,C_cy,0,0,,,m2031[C_cy] + m879[C_cy] --> m2032[C_cy] + m4[C_cy]
R2207,nitrilase,metabolic,other,reachable but blocked (loop/stoichiometry),True,0.0,1000.0,C_cy,0,0,,,m1896[C_cy] + 2.0 m32[C_cy] --> m1259[C_cy] + m38[C_cy]
R221,cis-prenyltransferase step 05,metabolic,other,reachable but blocked (loop/stoichiometry),True,0.0,1000.0,C_lp,0,0,,,m412[C_lp] + m417[C_lp] --> m413[C_lp] + m418[C_lp]
R2210,nitrilase,metabolic,other,reachable but blocked (loop/stoichiometry),True,0.0,1000.0,C_cy,0,0,,,m1898[C_cy] + 2.0 m32[C_cy] --> m114[C_cy] + m38[C_cy]
R2213,nitrilase,metabolic,other,reachable but blocked (loop/stoichiometry),True,0.0,1000.0,C_cy,0,0,,,m1900[C_cy] + 2.0 m32[C_cy] --> m38[C_cy] + m50[C_cy]
R2216,fatty acyl ACP mitochondrial transport,transport,other,reachable but blocked (loop/stoichiometry),False,-1000.0,1000.0,"C_cy,C_mi",0,0,,,m1919[C_cy] <=> m1421[C_mi]
R2217,fatty acyl ACP hydrolase,metabolic,other,reachable but blocked (loop/stoichiometry),True,0.0,1000.0,C_cy,0,0,,,m1919[C_cy] + m32[C_cy] --> m10[C_cy] + m1226[C_cy] + m1920[C_cy]
R2218,fatty acyl ACP synthase n C100ACP mitochondrial,metabolic,other,reachable but blocked (loop/stoichiometry),True,0.0,1000.0,C_mi,0,0,,,m1421[C_mi] + 2.0 m176[C_mi] + 3.0 m28[C_mi] + m801[C_mi] --> 2.0 m178[C_mi] + m179[C_mi] + m1901[C_mi] + m26[C_mi] + m44[C_mi]
R2219,fatty acyl ACP mitochondrial transport,transport,other,reachable but blocked (loop/stoichiometry),False,-1000.0,1000.0,"C_cy,C_mi",0,0,,,m1910[C_cy] <=> m1901[C_mi]
R222,cis-prenyltransferase step 06,metabolic,other,reachable but blocked (loop/stoichiometry),True,0.0,1000.0,C_lp,0,0,,,m412[C_lp] + m418[C_lp] --> m413[C_lp] + m419[C_lp]
R2220,fatty acyl ACP hydrolase,metabolic,other,reachable but blocked (loop/stoichiometry),True,0.0,1000.0,C_cy,0,0,,,m1910[C_cy] + m32[C_cy] --> m10[C_cy] + m1220[C_cy] + m1920[C_cy]
R2221,fatty acyl ACP synthase n C120ACP mitochondrial,metabolic,other,reachable but blocked (loop/stoichiometry),True,0.0,1000.0,C_mi,0,0,,,2.0 m176[C_mi] + m1901[C_mi] + 3.0 m28[C_mi] + m801[C_mi] --> 2.0 m178[C_mi] + m179[C_mi] + m1902[C_mi] + m26[C_mi] + m44[C_mi]
R2222,fatty acyl ACP mitochondrial transport,transport,other,reachable but blocked (loop/stoichiometry),False,-1000.0,1000.0,"C_cy,C_mi",0,0,,,m1911[C_cy] <=> m1902[C_mi]
R2223,fatty acyl ACP hydrolase,metabolic,other,reachable but blocked (loop/stoichiometry),True,0.0,1000.0,C_cy,0,0,,,m1911[C_cy] + m32[C_cy] --> m10[C_cy] + m1221[C_cy] + m1920[C_cy]
R2224,fatty acyl ACP synthase n C140ACP mitochondrial,metabolic,other,reachable but blocked (loop/stoichiometry),True,0.0,1000.0,C_mi,0,0,,,2.0 m176[C_mi] + m1902[C_mi] + 3.0 m28[C_mi] + m801[C_mi] --> 2.0 m178[C_mi] + m179[C_mi] + m1903[C_mi] + m26[C_mi] + m44[C_mi]
R2227,fatty acyl ACP synthase n C141ACP mitochondrial,metabolic,other,reachable but blocked (loop/stoichiometry),True,0.0,1000.0,C_mi,0,0,,,3.0 m176[C_mi] + m1902[C_mi] + 4.0 m28[C_mi] + m64[C_mi] + m801[C_mi] --> 3.0 m178[C_mi] + m179[C_mi] + m1904[C_mi] + 3.0 m26[C_mi] + m44[C_mi]
R2228,fatty acyl ACP mitochondrial transport,transport,other,reachable but blocked (loop/stoichiometry),False,-1000.0,1000.0,"C_cy,C_mi",0,0,,,m1913[C_cy] <=> m1904[C_mi]
R2229,fatty acyl ACP hydrolase,metabolic,other,reachable but blocked (loop/stoichiometry),True,-1000.0,1000.0,C_cy,0,0,,,m1913[C_cy] + m32[C_cy] <=> m10[C_cy] + m1920[C_cy] + m1921[C_cy]
R223,cis-prenyltransferase step 07,metabolic,other,reachable but blocked (loop/stoichiometry),True,0.0,1000.0,C_lp,0,0,,,m412[C_lp] + m419[C_lp] --> m413[C_lp] + m420[C_lp]
R2236,fatty acyl ACP mitochondrial transport,transport,other,reachable but blocked (loop/stoichiometry),False,-1000.0,1000.0,"C_cy,C_mi",0,0,,,m1916[C_cy] <=> m1907[C_mi]
R2237,fatty acyl ACP hydrolase,metabolic,other,reachable but blocked (loop/stoichiometry),True,-1000.0,1000.0,C_cy,0,0,,,m1916[C_cy] + m32[C_cy] <=> m1096[C_cy] + m10[C_cy] + m1920[C_cy]
R2238,fatty acyl ACP mitochondrial transport,transport,other,reachable but blocked (loop/stoichiometry),False,-1000.0,1000.0,"C_cy,C_mi",0,0,,,m1917[C_cy] <=> m1908[C_mi]
R2239,fatty acyl ACP hydrolase,metabolic,other,reachable but blocked (loop/stoichiometry),True,-1000.0,1000.0,C_cy,0,0,,,m1917[C_cy] + m32[C_cy] <=> m10[C_cy] + m1467[C_cy] + m1920[C_cy]
R224,cis-prenyltransferase step 08,metabolic,other,reachable but blocked (loop/stoichiometry),True,0.0,1000.0,C_lp,0,0,,,m412[C_lp] + m420[C_lp] --> m413[C_lp] + m421[C_lp]
R2240,fatty acyl ACP mitochondrial transport,transport,other,reachable but blocked (loop/stoichiometry),False,-1000.0,1000.0,"C_cy,C_mi",0,0,,,m1918[C_cy] <=> m1909[C_mi]
R2241,fatty acyl ACP hydrolase,metabolic,other,reachable but blocked (loop/stoichiometry),True,-1000.0,1000.0,C_cy,0,0,,,m1918[C_cy] + m32[C_cy] <=> m10[C_cy] + m1920[C_cy] + m1922[C_cy]
R2243,S_Adenosyl_L_methionine transport,transport,other,reachable but blocked (loop/stoichiometry),False,-1000.0,1000.0,"C_cy,C_nu",0,0,,,m1925[C_nu] <=> m2037[C_cy]
R2244,S_Adenosyl_L_methionine transport,transport,other,reachable but blocked (loop/stoichiometry),False,-1000.0,1000.0,"C_cy,C_em",0,0,,,m2037[C_cy] <=> m1606[C_em]
R2245,S_Adenosyl_L_homocysteine transport,transport,other,reachable but blocked (loop/stoichiometry),False,-1000.0,1000.0,"C_cy,C_nu",0,0,,,m1926[C_nu] <=> m2038[C_cy]
R2246,S_Adenosyl_L_homocysteine transport,transport,other,reachable but blocked (loop/stoichiometry),False,-1000.0,1000.0,"C_cy,C_em",0,0,,,m2038[C_cy] <=> m1607[C_em]
R2247,Octaprenyl hydroxybenzoate decarboxylase,metabolic,other,reachable but blocked (loop/stoichiometry),True,0.0,1000.0,C_cy,0,0,,,m10[C_cy] + m1929[C_cy] --> m1928[C_cy] + m82[C_cy]
R2248,2 Octaprenylphenol hydroxylase,metabolic,other,reachable but blocked (loop/stoichiometry),False,0.0,1000.0,C_cy,0,0,,,0.5 m109[C_cy] + m1928[C_cy] --> m1927[C_cy]
R2249,2 Octaprenyl 6 hydroxyphenol nuclear transport,transport,other,reachable but blocked (loop/stoichiometry),False,-1000.0,1000.0,"C_cy,C_nu",0,0,,,m1927[C_cy] <=> m1923[C_nu]
R225,cis-prenyltransferase step 09,metabolic,other,reachable but blocked (loop/stoichiometry),True,0.0,1000.0,C_lp,0,0,,,m412[C_lp] + m421[C_lp] --> m413[C_lp] + m422[C_lp]
R2253,Aldehyde dehydrogenase (hydroxy-decanoate),metabolic,other,reachable but blocked (loop/stoichiometry),True,0.0,1000.0,C_cy,0,0,,,m122[C_cy] + m1935[C_cy] + m32[C_cy] --> m10[C_cy] + m123[C_cy] + m1936[C_cy]
R2254,decanoate hydroxylase,metabolic,other,reachable but blocked (loop/stoichiometry),True,0.0,1000.0,C_cy,0,0,,,m109[C_cy] + m10[C_cy] + m1220[C_cy] + m40[C_cy] --> m1934[C_cy] + m32[C_cy] + m41[C_cy]
R2255,Fatty alcohol oxidase (decanoate),metabolic,other,reachable but blocked (loop/stoichiometry),True,0.0,1000.0,C_cy,0,0,,,m109[C_cy] + m1934[C_cy] --> m1935[C_cy] + m301[C_cy]
R2257,Aldehyde dehydrogenase (hydroxy-dodecanoate),metabolic,other,reachable but blocked (loop/stoichiometry),True,0.0,1000.0,C_cy,0,0,,,m122[C_cy] + m1939[C_cy] + m32[C_cy] --> m10[C_cy] + m123[C_cy] + m1940[C_cy]
R2258,Dodecanoate hydroxylase,metabolic,other,reachable but blocked (loop/stoichiometry),True,0.0,1000.0,C_cy,0,0,,,m109[C_cy] + m10[C_cy] + m1221[C_cy] + m40[C_cy] --> m1938[C_cy] + m32[C_cy] + m41[C_cy]
R2259,Fatty alcohol oxidase (dodecanoate),metabolic,other,reachable but blocked (loop/stoichiometry),True,0.0,1000.0,C_cy,0,0,,,m109[C_cy] + m1938[C_cy] --> m1939[C_cy] + m301[C_cy]
R226,cis-prenyltransferase step 10,metabolic,other,reachable but blocked (loop/stoichiometry),True,0.0,1000.0,C_lp,0,0,,,m412[C_lp] + m422[C_lp] --> m413[C_lp] + m423[C_lp]
R2261,Aldehyde dehydrogenase (hydroxy-hexadecanoate),metabolic,other,reachable but blocked (loop/stoichiometry),True,0.0,1000.0,C_cy,0,0,,,m122[C_cy] + m1943[C_cy] + m32[C_cy] --> m10[C_cy] + m123[C_cy] + m1944[C_cy]
R2262,Hexadecanoate hydroxylase,metabolic,other,reachable but blocked (loop/stoichiometry),True,0.0,1000.0,C_cy,0,0,,,m109[C_cy] + m10[C_cy] + m1223[C_cy] + m40[C_cy] --> m1942[C_cy] + m32[C_cy] + m41[C_cy]
R2263,Fatty alcohol oxidase (hexadecanoate),metabolic,other,reachable but blocked (loop/stoichiometry),True,0.0,1000.0,C_cy,0,0,,,m109[C_cy] + m1942[C_cy] --> m1943[C_cy] + m301[C_cy]
R2265,Octanoyl_CoA__n_C80CoA Transport,transport,other,reachable but blocked (loop/stoichiometry),False,-1000.0,1000.0,"C_cy,C_mm",0,0,,,m1946[C_cy] <=> m1736[C_mm]
R2266,Decanoyl_CoA__n_C100CoA Transport,transport,other,reachable but blocked (loop/stoichiometry),False,-1000.0,1000.0,"C_cy,C_mm",0,0,,,m1947[C_cy] <=> m1737[C_mm]
R2267,Dodecanoyl_CoA__n_C120CoA Transport,transport,other,reachable but blocked (loop/stoichiometry),False,-1000.0,1000.0,"C_cy,C_em",0,0,,,m1948[C_cy] <=> m1422[C_em]
R227,cis-prenyltransferase step 11,metabolic,other,reachable but blocked (loop/stoichiometry),True,0.0,1000.0,C_lp,0,0,,,m412[C_lp] + m423[C_lp] --> m413[C_lp] + m424[C_lp]
R2271,pyridoxal transport,transport,other,reachable but blocked (loop/stoichiometry),False,-1000.0,1000.0,"C_cy,C_ex",0,0,,,m918[C_cy] <=> mpyridoxal[C_ex]
R228,cis-prenyltransferase step 12,metabolic,other,reachable but blocked (loop/stoichiometry),True,0.0,1000.0,C_lp,0,0,,,m412[C_lp] + m424[C_lp] --> m413[C_lp] + m425[C_lp]
R229,cis-prenyltransferase step 13,metabolic,other,reachable but blocked (loop/stoichiometry),True,0.0,1000.0,C_lp,0,0,,,m412[C_lp] + m425[C_lp] --> m413[C_lp] + m426[C_lp]
R230,cis-prenyltransferase step 14,metabolic,other,reachable but blocked (loop/stoichiometry),True,-1000.0,1000.0,C_lp,0,0,,,m412[C_lp] + m426[C_lp] <=> m413[C_lp] + m427[C_lp]
R231,cis-prenyltransferase step 15,metabolic,other,reachable but blocked (loop/stoichiometry),True,-1000.0,1000.0,C_lp,0,0,,,m412[C_lp] + m427[C_lp] <=> m413[C_lp] + m428[C_lp]
R232,cis-prenyltransferase step 16,metabolic,other,reachable but blocked (loop/stoichiometry),True,0.0,1000.0,C_lp,0,0,,,m412[C_lp] + m428[C_lp] --> m413[C_lp] + m429[C_lp]
R233,cis-prenyltransferase step 17,metabolic,other,reachable but blocked (loop/stoichiometry),True,0.0,1000.0,C_lp,0,0,,,m412[C_lp] + m429[C_lp] --> m413[C_lp] + m430[C_lp]
R234,cis-prenyltransferase step 18,metabolic,other,reachable but blocked (loop/stoichiometry),True,0.0,1000.0,C_lp,0,0,,,m412[C_lp] + m430[C_lp] --> m413[C_lp] + m431[C_lp]
R240,coproporphyrinogen oxidase (O2 required),metabolic,other,reachable but blocked (loop/stoichiometry),True,0.0,1000.0,C_cy,0,0,,,m109[C_cy] + 4.0 m10[C_cy] + m437[C_cy] --> 2.0 m32[C_cy] + m438[C_cy] + 2.0 m82[C_cy]
R248,cysteinyl-tRNA synthetase,metabolic,other,reachable but blocked (loop/stoichiometry),True,0.0,1000.0,C_cy,0,0,,,m141[C_cy] + m443[C_cy] + m447[C_cy] --> m203[C_cy] + m448[C_cy] + m86[C_cy]
R253,"D-arabinono-1,4-lactone oxidase",metabolic,other,reachable but blocked (loop/stoichiometry),True,-1000.0,1000.0,C_cy,0,0,,,m109[C_cy] + m452[C_cy] <=> m10[C_cy] + m301[C_cy] + m453[C_cy]
R254,D-arabinose 1-dehydrogenase (NAD),metabolic,other,reachable but blocked (loop/stoichiometry),True,0.0,1000.0,C_cy,0,0,,,m122[C_cy] + m454[C_cy] --> m123[C_cy] + m452[C_cy]
R255,D-arabinose 1-dehydrogenase (NADP),metabolic,other,reachable but blocked (loop/stoichiometry),True,0.0,1000.0,C_cy,0,0,,,m41[C_cy] + m454[C_cy] --> m10[C_cy] + m40[C_cy] + m452[C_cy]
R257,D-sorbitol dehydrogenase (D-fructose producing),metabolic,other,reachable but blocked (loop/stoichiometry),True,0.0,1000.0,C_cy,0,0,,,m122[C_cy] + m457[C_cy] --> m123[C_cy] + m458[C_cy]
R265,dephospho-CoA kinase,metabolic,other,reachable but blocked (loop/stoichiometry),True,0.0,1000.0,C_mi,0,0,,,2.0 m28[C_mi] + m46[C_mi] + m475[C_mi] --> m197[C_mi] + m73[C_mi]
R266,dethiobiotin synthase,metabolic,other,reachable but blocked (loop/stoichiometry),True,-1000.0,1000.0,C_cy,0,0,,,m141[C_cy] + m258[C_cy] + m82[C_cy] <=> m143[C_cy] + m346[C_cy] + m35[C_cy]
R272,dihydrofolate reductase,metabolic,other,reachable but blocked (loop/stoichiometry),True,0.0,1000.0,C_mi,0,0,,,m176[C_mi] + 3.0 m28[C_mi] + m480[C_mi] --> m126[C_mi] + m178[C_mi]
R273,dihydrofolate synthase,metabolic,other,reachable but blocked (loop/stoichiometry),True,0.0,1000.0,C_cy,0,0,,,m141[C_cy] + m481[C_cy] + m50[C_cy] --> m10[C_cy] + m143[C_cy] + m35[C_cy] + m478[C_cy]
R274,dihydroneopterin aldolase,metabolic,other,reachable but blocked (loop/stoichiometry),True,0.0,1000.0,C_mi,0,0,,,m482[C_mi] --> m45[C_mi] + m483[C_mi]
R275,dihydroneopterin monophosphate dephosphorylase,metabolic,other,reachable but blocked (loop/stoichiometry),True,0.0,1000.0,C_cy,0,0,,,m32[C_cy] + m484[C_cy] --> m283[C_cy] + m35[C_cy]
R277,dihydropteroate synthase,metabolic,other,reachable but blocked (loop/stoichiometry),True,0.0,1000.0,C_mi,0,0,,,m45[C_mi] + m486[C_mi] --> m26[C_mi] + m28[C_mi] + m487[C_mi]
R278,dihydropteroate synthase,metabolic,other,reachable but blocked (loop/stoichiometry),True,0.0,1000.0,C_mi,0,0,,,m47[C_mi] + m486[C_mi] --> m204[C_mi] + m28[C_mi] + m487[C_mi]
R283,diphosphoglyceromutase,metabolic,other,reachable but blocked (loop/stoichiometry),True,-1000.0,1000.0,C_cy,0,0,,,m494[C_cy] <=> m10[C_cy] + m495[C_cy]
R293,ethanolamine kinase,metabolic,other,reachable but blocked (loop/stoichiometry),True,0.0,1000.0,C_cy,0,0,,,m141[C_cy] + m508[C_cy] --> 2.0 m10[C_cy] + m143[C_cy] + m509[C_cy]
R295,farnesyltranstransferase,metabolic,other,reachable but blocked (loop/stoichiometry),True,0.0,1000.0,C_cy,0,0,,,3.0 m10[C_cy] + m491[C_cy] + m512[C_cy] --> m203[C_cy] + m513[C_cy]
R302,ferrochelatase,metabolic,other,reachable but blocked (loop/stoichiometry),True,0.0,1000.0,C_mi,0,0,,,m523[C_mi] + m524[C_mi] --> 2.0 m28[C_mi] + m525[C_mi]
R303,ferrocytochrome-c:hydrogen-peroxide oxidoreductase,metabolic,other,reachable but blocked (loop/stoichiometry),True,0.0,1000.0,C_mi,0,0,,,2.0 m28[C_mi] + 2.0 m3[C_mi] + m526[C_mi] --> 2.0 m26[C_mi] + 2.0 m2[C_mi]
R306,FMN adenylyltransferase,metabolic,other,reachable but blocked (loop/stoichiometry),True,0.0,1000.0,C_cy,0,0,,,m141[C_cy] + m527[C_cy] --> m203[C_cy] + m528[C_cy]
R307,formaldehyde dehydrogenase,metabolic,other,reachable but blocked (loop/stoichiometry),True,-1000.0,1000.0,C_cy,0,0,,,m122[C_cy] + m529[C_cy] + m530[C_cy] <=> m123[C_cy] + m531[C_cy]
R321,geranylgeranyltranstransferase,metabolic,other,reachable but blocked (loop/stoichiometry),False,0.0,1000.0,C_cy,0,0,,,m491[C_cy] + m513[C_cy] --> m203[C_cy] + m548[C_cy]
R336,glutaminyl-tRNA synthetase,metabolic,other,reachable but blocked (loop/stoichiometry),True,0.0,1000.0,C_cy,0,0,,,m130[C_cy] + m141[C_cy] + m553[C_cy] --> m203[C_cy] + m554[C_cy] + m86[C_cy]
R337,glutamyl-tRNA synthetase,metabolic,other,reachable but blocked (loop/stoichiometry),True,0.0,1000.0,C_cy,0,0,,,m141[C_cy] + m50[C_cy] + m555[C_cy] --> m203[C_cy] + m556[C_cy] + m86[C_cy]
R34,"3,4-dihydroxy-2-butanone-4-phosphate synthase",metabolic,other,reachable but blocked (loop/stoichiometry),True,0.0,1000.0,C_cy,0,0,,,m96[C_cy] --> m34[C_cy] + m97[C_cy]
R340,glutathione oxidoreductase,metabolic,other,reachable but blocked (loop/stoichiometry),True,0.0,1000.0,C_mi,0,0,,,m176[C_mi] + m28[C_mi] + m560[C_mi] --> m178[C_mi] + 2.0 m561[C_mi]
R342,"glutathione peroxidase, mitochondria",metabolic,other,reachable but blocked (loop/stoichiometry),True,-1000.0,1000.0,C_mi,0,0,,,m526[C_mi] + 2.0 m561[C_mi] <=> 2.0 m26[C_mi] + m560[C_mi]
R354,glycerophosphodiester phosphodiesterase (glycerophosphocholine),metabolic,other,reachable but blocked (loop/stoichiometry),True,0.0,1000.0,C_cy,0,0,,,m32[C_cy] + m578[C_cy] --> m404[C_cy] + m562[C_cy]
R356,glycine C-acetyltransferase,metabolic,other,reachable but blocked (loop/stoichiometry),False,0.0,1000.0,C_cy,0,0,,,m580[C_cy] + m69[C_cy] --> m272[C_cy] + m68[C_cy]
R368,glycyl-tRNA synthetase,metabolic,other,reachable but blocked (loop/stoichiometry),True,0.0,1000.0,C_cy,0,0,,,m141[C_cy] + m272[C_cy] + m590[C_cy] --> m203[C_cy] + m591[C_cy] + m86[C_cy]
R37,3-dehydrosphinganine reductase,metabolic,other,reachable but blocked (loop/stoichiometry),True,0.0,1000.0,C_er,0,0,,,m101[C_er] + m102[C_er] + m103[C_er] --> m104[C_er] + m105[C_er]
R371,"GPI-anchor assembly, step 2",metabolic,other,reachable but blocked (loop/stoichiometry),True,-1000.0,1000.0,C_er,0,0,,,m389[C_er] + m596[C_er] <=> m102[C_er] + m249[C_er] + m597[C_er]
R372,"GPI-anchor assembly, step 5",metabolic,other,reachable but blocked (loop/stoichiometry),True,-1000.0,1000.0,C_er,0,0,,,m251[C_er] + m502[C_er] <=> m503[C_er] + m598[C_er]
R373,"GPI-anchor assembly, step 6",metabolic,other,reachable but blocked (loop/stoichiometry),True,-1000.0,1000.0,C_er,0,0,,,m598[C_er] + m599[C_er] <=> m600[C_er]
R374,"GPI-anchor assembly, step 7",metabolic,other,reachable but blocked (loop/stoichiometry),True,-1000.0,1000.0,C_er,0,0,,,m502[C_er] + m600[C_er] <=> m503[C_er] + m601[C_er]
R375,"GPI-anchor assembly, step 8",metabolic,other,reachable but blocked (loop/stoichiometry),True,-1000.0,1000.0,C_er,0,0,,,m502[C_er] + m601[C_er] <=> m602[C_er]
R376,"GPI-anchor assembly, step 9",metabolic,other,reachable but blocked (loop/stoichiometry),True,-1000.0,1000.0,C_er,0,0,,,m599[C_er] + m602[C_er] <=> m603[C_er] + m604[C_er]
R377,GTP cyclohydrolase I,metabolic,other,reachable but blocked (loop/stoichiometry),True,0.0,1000.0,C_cy,0,0,,,m266[C_cy] + m32[C_cy] --> m282[C_cy] + m34[C_cy]
R378,GTP cyclohydrolase II,metabolic,other,reachable but blocked (loop/stoichiometry),True,0.0,1000.0,C_cy,0,0,,,m266[C_cy] + 3.0 m32[C_cy] --> 2.0 m10[C_cy] + m203[C_cy] + m34[C_cy] + m39[C_cy]
R383,heme O monooxygenase,metabolic,other,reachable but blocked (loop/stoichiometry),True,0.0,1000.0,C_mi,0,0,,,m30[C_mi] + m608[C_mi] + m64[C_mi] --> m26[C_mi] + m27[C_mi] + 2.0 m28[C_mi] + m609[C_mi]
R384,Heme O synthase,metabolic,other,reachable but blocked (loop/stoichiometry),True,0.0,1000.0,C_mi,0,0,,,m26[C_mi] + 5.0 m28[C_mi] + m525[C_mi] + m610[C_mi] --> m204[C_mi] + m608[C_mi]
R385,hexaprenyldihydroxybenzoate methyltransferase,metabolic,other,reachable but blocked (loop/stoichiometry),True,0.0,1000.0,C_mi,0,0,,,m28[C_mi] + m60[C_mi] + m611[C_mi] --> m471[C_mi] + m62[C_mi]
R386,hexokinase (D-fructose:ATP),metabolic,other,reachable but blocked (loop/stoichiometry),True,0.0,1000.0,C_cy,0,0,,,m141[C_cy] + m458[C_cy] --> 2.0 m10[C_cy] + m143[C_cy] + m166[C_cy]
R388,hexokinase (D-mannose:ATP),metabolic,other,reachable but blocked (loop/stoichiometry),True,0.0,1000.0,C_cy,0,0,,,m141[C_cy] + m612[C_cy] --> m143[C_cy] + m613[C_cy]
R39,"3-hexaprenyl-4,5-dihydroxybenzoate hydroxylase",metabolic,other,reachable but blocked (loop/stoichiometry),False,0.0,1000.0,C_cy,0,0,,,m108[C_cy] + 0.5 m109[C_cy] --> m10[C_cy] + m110[C_cy]
R392,histidyl-tRNA synthetase,metabolic,other,reachable but blocked (loop/stoichiometry),True,0.0,1000.0,C_cy,0,0,,,m141[C_cy] + m615[C_cy] + m618[C_cy] --> m203[C_cy] + m619[C_cy] + m86[C_cy]
R40,3-hexaprenyl-4-hydroxy-5-methoxybenzoate decarboxylase,metabolic,other,reachable but blocked (loop/stoichiometry),False,0.0,1000.0,C_mi,0,0,,,m111[C_mi] + m28[C_mi] --> m44[C_mi] + m63[C_mi]
R403,hydrogen peroxide reductase (thioredoxin),metabolic,other,reachable but blocked (loop/stoichiometry),True,0.0,1000.0,C_mi,0,0,,,m526[C_mi] + m634[C_mi] --> 2.0 m26[C_mi] + m635[C_mi]
R407,hydroxybenzoate octaprenyltransferase,metabolic,other,reachable but blocked (loop/stoichiometry),True,0.0,1000.0,C_mi,0,0,,,m138[C_mi] + m640[C_mi] --> m204[C_mi] + m641[C_mi]
R409,hydroxymethylbilane synthase,metabolic,other,reachable but blocked (loop/stoichiometry),True,0.0,1000.0,C_cy,0,0,,,m32[C_cy] + 4.0 m644[C_cy] --> 8.0 m10[C_cy] + 4.0 m38[C_cy] + m645[C_cy]
R423,"inositol-1,3,4,5-triphosphate 6-kinase, nucleus",metabolic,other,reachable but blocked (loop/stoichiometry),True,0.0,1000.0,C_nu,0,0,,,m206[C_nu] + m627[C_nu] + m659[C_nu] --> m656[C_nu] + m657[C_nu]
R424,"inositol-1,4,5,6- tetrakisphosphate 3-kinase, nucleus",metabolic,other,reachable but blocked (loop/stoichiometry),True,0.0,1000.0,C_nu,0,0,,,m206[C_nu] + m627[C_nu] + m660[C_nu] --> m656[C_nu] + m657[C_nu]
R425,"inositol-1,4,5-triphosphate 6-kinase, nucleus",metabolic,other,reachable but blocked (loop/stoichiometry),True,0.0,1000.0,C_nu,0,0,,,m206[C_nu] + m661[C_nu] --> 8.0 m627[C_nu] + m657[C_nu] + m660[C_nu]
R426,"inositol-1,4,5-trisphosphate 3-kinase, nucleus",metabolic,other,reachable but blocked (loop/stoichiometry),True,0.0,1000.0,C_nu,0,0,,,m206[C_nu] + m661[C_nu] --> 8.0 m627[C_nu] + m657[C_nu] + m659[C_nu]
R477,IPS phospholipase C,metabolic,other,reachable but blocked (loop/stoichiometry),True,0.0,1000.0,C_er,0,0,,,m389[C_er] + m727[C_er] --> 2.0 m102[C_er] + m386[C_er] + m728[C_er]
R478,IPS phospholipase C,metabolic,other,reachable but blocked (loop/stoichiometry),True,0.0,1000.0,C_er,0,0,,,m389[C_er] + m729[C_er] --> 2.0 m102[C_er] + m391[C_er] + m728[C_er]
R479,IPS phospholipase C,metabolic,other,reachable but blocked (loop/stoichiometry),True,0.0,1000.0,C_er,0,0,,,m389[C_er] + m730[C_er] --> 2.0 m102[C_er] + m390[C_er] + m728[C_er]
R480,IPS phospholipase C,metabolic,other,reachable but blocked (loop/stoichiometry),True,0.0,1000.0,C_er,0,0,,,m389[C_er] + m731[C_er] --> 2.0 m102[C_er] + m393[C_er] + m728[C_er]
R481,IPS phospholipase C,metabolic,other,reachable but blocked (loop/stoichiometry),True,0.0,1000.0,C_er,0,0,,,m389[C_er] + m732[C_er] --> 2.0 m102[C_er] + m388[C_er] + m728[C_er]
R482,IPS phospholipase C,metabolic,other,reachable but blocked (loop/stoichiometry),True,0.0,1000.0,C_er,0,0,,,m389[C_er] + m733[C_er] --> 2.0 m102[C_er] + m392[C_er] + m728[C_er]
R483,IPS phospholipase C,metabolic,other,reachable but blocked (loop/stoichiometry),True,0.0,1000.0,C_er,0,0,,,m389[C_er] + m734[C_er] --> 2.0 m102[C_er] + m397[C_er] + m728[C_er]
R484,IPS phospholipase C,metabolic,other,reachable but blocked (loop/stoichiometry),True,0.0,1000.0,C_er,0,0,,,m389[C_er] + m735[C_er] --> 2.0 m102[C_er] + m398[C_er] + m728[C_er]
R485,IPS phospholipase C,metabolic,other,reachable but blocked (loop/stoichiometry),True,0.0,1000.0,C_er,0,0,,,m389[C_er] + m736[C_er] --> 2.0 m102[C_er] + m399[C_er] + m728[C_er]
R486,IPS phospholipase C,metabolic,other,reachable but blocked (loop/stoichiometry),True,0.0,1000.0,C_er,0,0,,,m389[C_er] + m737[C_er] --> 2.0 m102[C_er] + m400[C_er] + m728[C_er]
R493,isoleucyl-tRNA synthetase,metabolic,other,reachable but blocked (loop/stoichiometry),True,0.0,1000.0,C_cy,0,0,,,m141[C_cy] + m743[C_cy] + m746[C_cy] --> m203[C_cy] + m747[C_cy] + m86[C_cy]
R496,itaconate-CoA ligase (ADP-forming),metabolic,other,reachable but blocked (loop/stoichiometry),True,-1000.0,1000.0,C_mi,0,0,,,m46[C_mi] + m73[C_mi] + m750[C_mi] <=> m197[C_mi] + m58[C_mi] + m751[C_mi]
R5,(1-6)-beta-glucan synthase,transport,other,reachable but blocked (loop/stoichiometry),True,0.0,1000.0,"C_cy,C_en",0,0,,,m8[C_cy] --> m10[C_cy] + m11[C_cy] + m12[C_en]
R501,L-4-hydroxyglutamate semialdehyde dehydrogenase,metabolic,other,reachable but blocked (loop/stoichiometry),True,-1000.0,1000.0,C_mi,0,0,,,m26[C_mi] + m27[C_mi] + m755[C_mi] <=> m30[C_mi] + m754[C_mi]
R503,L-allo-threonine aldolase,metabolic,other,reachable but blocked (loop/stoichiometry),True,0.0,1000.0,C_cy,0,0,,,m757[C_cy] --> m173[C_cy] + m272[C_cy]
R504,L-allo-threonine dehydrogenase,metabolic,other,reachable but blocked (loop/stoichiometry),True,-1000.0,1000.0,C_cy,0,0,,,m41[C_cy] + m757[C_cy] <=> m10[C_cy] + m40[C_cy] + m580[C_cy]
R506,L-erythro-4-hydroxyglutamate:2-oxoglutarate aminotransferase,metabolic,other,reachable but blocked (loop/stoichiometry),True,0.0,1000.0,C_cy,0,0,,,m51[C_cy] + m759[C_cy] --> 2.0 m10[C_cy] + m50[C_cy] + m760[C_cy]
R507,L-erythro-4-hydroxyglutamate:2-oxoglutarate aminotransferase,metabolic,other,reachable but blocked (loop/stoichiometry),True,0.0,1000.0,C_mi,0,0,,,m219[C_mi] + m754[C_mi] --> 2.0 m28[C_mi] + m29[C_mi] + m761[C_mi]
R508,L-erythro-4-hydroxyglutamate:2-oxoglutarate aminotransferase,metabolic,other,reachable but blocked (loop/stoichiometry),True,0.0,1000.0,C_pe,0,0,,,m330[C_pe] + m762[C_pe] --> 2.0 m118[C_pe] + m332[C_pe] + m763[C_pe]
R513,L-sorbitol dehydrogenase (L-sorbose-producing),metabolic,other,reachable but blocked (loop/stoichiometry),True,0.0,1000.0,C_cy,0,0,,,m122[C_cy] + m768[C_cy] --> m123[C_cy] + m769[C_cy]
R522,leucyl-tRNA synthetase,metabolic,other,reachable but blocked (loop/stoichiometry),True,0.0,1000.0,C_cy,0,0,,,m141[C_cy] + m775[C_cy] + m777[C_cy] --> m203[C_cy] + m778[C_cy] + m86[C_cy]
R524,leukotriene A4 hydrolase,metabolic,other,reachable but blocked (loop/stoichiometry),True,-1000.0,1000.0,C_cy,0,0,,,m32[C_cy] + m781[C_cy] <=> m782[C_cy]
R525,leukotriene A4 hydrolase,metabolic,other,reachable but blocked (loop/stoichiometry),True,-1000.0,1000.0,C_nu,0,0,,,m626[C_nu] + m783[C_nu] <=> m784[C_nu]
R526,leukotriene A4 hydrolase,metabolic,other,reachable but blocked (loop/stoichiometry),True,-1000.0,1000.0,C_cy,0,0,,,m32[C_cy] + m781[C_cy] <=> m785[C_cy]
R527,leukotriene A4 hydrolase,metabolic,other,reachable but blocked (loop/stoichiometry),True,-1000.0,1000.0,C_nu,0,0,,,m626[C_nu] + m783[C_nu] <=> m786[C_nu]
R528,leukotriene A4 hydrolase,metabolic,other,reachable but blocked (loop/stoichiometry),True,-1000.0,1000.0,C_cy,0,0,,,m32[C_cy] + m781[C_cy] <=> m787[C_cy]
R529,leukotriene A4 hydrolase,metabolic,other,reachable but blocked (loop/stoichiometry),True,-1000.0,1000.0,C_nu,0,0,,,m626[C_nu] + m783[C_nu] <=> m788[C_nu]
R530,lysophosphatidylcholine acyltransferase,metabolic,other,reachable but blocked (loop/stoichiometry),False,0.0,1000.0,C_mm,0,0,,,m789[C_mm] + m790[C_mm] --> m791[C_mm] + m792[C_mm]
R531,lysyl-tRNA synthetase,metabolic,other,reachable but blocked (loop/stoichiometry),True,0.0,1000.0,C_cy,0,0,,,m141[C_cy] + m793[C_cy] + m794[C_cy] --> m203[C_cy] + m795[C_cy] + m86[C_cy]
R542,methenyltetrahydrifikate cyclohydrolase,metabolic,other,reachable but blocked (loop/stoichiometry),True,-1000.0,1000.0,C_mi,0,0,,,m26[C_mi] + m803[C_mi] <=> m28[C_mi] + m534[C_mi]
R547,methionyl-tRNA synthetase,metabolic,other,reachable but blocked (loop/stoichiometry),True,0.0,1000.0,C_cy,0,0,,,m141[C_cy] + m74[C_cy] + m806[C_cy] --> m203[C_cy] + m807[C_cy] + m86[C_cy]
R551,methylenetetrahydrofolate dehydrogenase (NADP),metabolic,other,reachable but blocked (loop/stoichiometry),True,-1000.0,1000.0,C_mi,0,0,,,m124[C_mi] + m178[C_mi] <=> m176[C_mi] + 2.0 m28[C_mi] + m803[C_mi]
R562,N-acteylglutamate synthase,metabolic,other,reachable but blocked (loop/stoichiometry),True,0.0,1000.0,C_mi,0,0,,,m29[C_mi] + m71[C_mi] --> m211[C_mi] + m73[C_mi]
R564,NAD diphosphatase,metabolic,other,reachable but blocked (loop/stoichiometry),True,0.0,1000.0,C_pe,0,0,,,m116[C_pe] + m375[C_pe] --> m517[C_pe] + m816[C_pe]
R565,NAD kinase,metabolic,other,reachable but blocked (loop/stoichiometry),True,0.0,1000.0,C_cy,0,0,,,m10[C_cy] + m122[C_cy] + m141[C_cy] --> m143[C_cy] + m41[C_cy]
R566,NAD kinase,metabolic,other,reachable but blocked (loop/stoichiometry),True,0.0,1000.0,C_mi,0,0,,,m27[C_mi] + m28[C_mi] + m46[C_mi] --> m178[C_mi] + m197[C_mi]
R568,NAD synthase,metabolic,other,reachable but blocked (loop/stoichiometry),True,0.0,1000.0,C_cy,0,0,,,m130[C_cy] + m141[C_cy] + m32[C_cy] + m820[C_cy] --> m122[C_cy] + m203[C_cy] + m50[C_cy] + m86[C_cy]
R571,NADH kinase,metabolic,other,reachable but blocked (loop/stoichiometry),True,0.0,1000.0,C_cy,0,0,,,m123[C_cy] + m141[C_cy] --> m143[C_cy] + m40[C_cy]
R572,NADH kinase mitochondrial,metabolic,other,reachable but blocked (loop/stoichiometry),True,0.0,1000.0,C_mi,0,0,,,m30[C_mi] + m46[C_mi] --> m176[C_mi] + m197[C_mi]
R576,nicotinamidase,metabolic,other,reachable but blocked (loop/stoichiometry),True,0.0,1000.0,C_cy,0,0,,,m32[C_cy] + m829[C_cy] --> m38[C_cy] + m824[C_cy]
R578,nicotinamide-nucleotide adenylyltransferase,metabolic,other,reachable but blocked (loop/stoichiometry),True,0.0,1000.0,C_cy,0,0,,,m141[C_cy] + m831[C_cy] --> m122[C_cy] + m203[C_cy]
R580,nicotinate-nucleotide adenylyltransferase,metabolic,other,reachable but blocked (loop/stoichiometry),True,0.0,1000.0,C_cy,0,0,,,m141[C_cy] + m825[C_cy] --> m203[C_cy] + m820[C_cy]
R596,nucleoside diphosphate kinase,metabolic,other,reachable but blocked (loop/stoichiometry),True,-1000.0,1000.0,C_cy,0,0,,,m141[C_cy] + m844[C_cy] <=> m10[C_cy] + m143[C_cy] + m845[C_cy]
R602,"nucleoside-diphosphatase (GDP), Golgi",metabolic,other,reachable but blocked (loop/stoichiometry),True,0.0,1000.0,C_go,0,0,,,m292[C_go] + m835[C_go] --> m837[C_go] + m847[C_go]
R606,O-succinylhomoserine lyase (L-cysteine),metabolic,other,reachable but blocked (loop/stoichiometry),True,-1000.0,1000.0,C_cy,0,0,,,m443[C_cy] + m849[C_cy] <=> m440[C_cy] + m541[C_cy]
R61,5-aminolevulinate synthase,metabolic,other,reachable but blocked (loop/stoichiometry),True,0.0,1000.0,C_mi,0,0,,,m155[C_mi] + m156[C_mi] --> m157[C_mi] + m44[C_mi] + m73[C_mi]
R615,pantetheine-phosphate adenylyltransferase,metabolic,other,reachable but blocked (loop/stoichiometry),True,0.0,1000.0,C_cy,0,0,,,m141[C_cy] + m854[C_cy] --> 2.0 m10[C_cy] + m203[C_cy] + m855[C_cy]
R616,pantothenate kinase,metabolic,other,reachable but blocked (loop/stoichiometry),True,0.0,1000.0,C_cy,0,0,,,m141[C_cy] + m856[C_cy] --> m143[C_cy] + m857[C_cy]
R625,phenylalanyl-tRNA synthetase,metabolic,other,reachable but blocked (loop/stoichiometry),True,0.0,1000.0,C_cy,0,0,,,m141[C_cy] + m859[C_cy] + m861[C_cy] --> m203[C_cy] + m862[C_cy] + m86[C_cy]
R627,phenylpyruvate decarboxylase,metabolic,other,reachable but blocked (loop/stoichiometry),True,0.0,1000.0,C_cy,0,0,,,m10[C_cy] + m860[C_cy] --> m82[C_cy] + m866[C_cy]
R635,phosphoethanolamine cytidyltransferase,metabolic,other,reachable but blocked (loop/stoichiometry),True,0.0,1000.0,C_cy,0,0,,,m10[C_cy] + m406[C_cy] + m509[C_cy] --> m203[C_cy] + m880[C_cy]
R64,5-formethyltetrahydrofolate cyclo-ligase,metabolic,other,reachable but blocked (loop/stoichiometry),True,0.0,1000.0,C_cy,0,0,,,m10[C_cy] + m141[C_cy] + m159[C_cy] --> m143[C_cy] + m160[C_cy] + m35[C_cy]
R640,phosphoglucosamine mutase,metabolic,other,reachable but blocked (loop/stoichiometry),True,-1000.0,1000.0,C_cy,0,0,,,m10[C_cy] + m883[C_cy] <=> m550[C_cy]
R647,phosphopantothenate-cysteine ligase,metabolic,other,reachable but blocked (loop/stoichiometry),True,0.0,1000.0,C_cy,0,0,,,m406[C_cy] + m443[C_cy] + m857[C_cy] --> 3.0 m10[C_cy] + m203[C_cy] + m887[C_cy] + m95[C_cy]
R648,phosphopantothenoylcysteine decarboxylase,metabolic,other,reachable but blocked (loop/stoichiometry),True,0.0,1000.0,C_cy,0,0,,,3.0 m10[C_cy] + m887[C_cy] --> m82[C_cy] + m854[C_cy]
R664,phytosphingosine synthesis,metabolic,other,reachable but blocked (loop/stoichiometry),True,0.0,1000.0,C_er,0,0,,,m103[C_er] + m105[C_er] + m387[C_er] --> m104[C_er] + m389[C_er] + m396[C_er]
R667,porphobilinogen synthase,metabolic,other,reachable but blocked (loop/stoichiometry),True,0.0,1000.0,C_cy,0,0,,,2.0 m900[C_cy] --> 2.0 m32[C_cy] + m644[C_cy]
R668,poylamine oxidase,metabolic,other,reachable but blocked (loop/stoichiometry),True,0.0,1000.0,C_cy,0,0,,,m109[C_cy] + m32[C_cy] + m901[C_cy] --> m280[C_cy] + m301[C_cy] + m898[C_cy]
R673,prolyl-tRNA synthetase,metabolic,other,reachable but blocked (loop/stoichiometry),True,0.0,1000.0,C_cy,0,0,,,m141[C_cy] + m765[C_cy] + m905[C_cy] --> m10[C_cy] + m203[C_cy] + m86[C_cy] + m906[C_cy]
R674,protoporphyrinogen oxidase,metabolic,other,reachable but blocked (loop/stoichiometry),True,0.0,1000.0,C_mi,0,0,,,3.0 m64[C_mi] + 2.0 m907[C_mi] --> 6.0 m26[C_mi] + 2.0 m524[C_mi]
R675,purine-nucleoside phosphorylase,metabolic,other,reachable but blocked (loop/stoichiometry),True,0.0,1000.0,C_cy,0,0,,,m35[C_cy] + m908[C_cy] --> m10[C_cy] + m829[C_cy] + m888[C_cy]
R677,purine-nucleoside phosphorylase (adenosine),metabolic,other,reachable but blocked (loop/stoichiometry),True,-1000.0,1000.0,C_mi,0,0,,,m58[C_mi] + m909[C_mi] <=> m910[C_mi] + m911[C_mi]
R680,purine-nucleoside phosphorylase (deoxyinosine),metabolic,other,reachable but blocked (loop/stoichiometry),True,-1000.0,1000.0,C_cy,0,0,,,m35[C_cy] + m914[C_cy] <=> m474[C_cy] + m651[C_cy]
R682,guanosine phosphorylase,metabolic,other,reachable but blocked (loop/stoichiometry),True,-1000.0,1000.0,C_mi,0,0,,,m58[C_mi] + m915[C_mi] <=> m911[C_mi] + m916[C_mi]
R685,pyridoxal oxidase,metabolic,other,reachable but blocked (loop/stoichiometry),True,0.0,1000.0,C_cy,0,0,,,0.5 m109[C_cy] + m10[C_cy] + 2.0 m32[C_cy] + m38[C_cy] + m918[C_cy] --> 2.0 m301[C_cy] + m919[C_cy]
R686,pyridoxamine 5'-phosphate oxidase,metabolic,other,reachable but blocked (loop/stoichiometry),True,0.0,1000.0,C_cy,0,0,,,m109[C_cy] + m32[C_cy] + m920[C_cy] --> m301[C_cy] + m38[C_cy] + m921[C_cy]
R687,pyridoxine 5'-phosphate oxidase,metabolic,other,reachable but blocked (loop/stoichiometry),True,-1000.0,1000.0,C_cy,0,0,,,m109[C_cy] + m922[C_cy] <=> m301[C_cy] + m921[C_cy]
R695,quinone oxidoreductase,metabolic,other,reachable but blocked (loop/stoichiometry),True,0.0,1000.0,C_mi,0,0,,,m30[C_mi] + m61[C_mi] + m64[C_mi] --> m26[C_mi] + m27[C_mi] + m611[C_mi]
R697,riboflavin kinase,metabolic,other,reachable but blocked (loop/stoichiometry),True,0.0,1000.0,C_cy,0,0,,,m141[C_cy] + m926[C_cy] --> m143[C_cy] + m527[C_cy]
R698,riboflavin kinase,metabolic,other,reachable but blocked (loop/stoichiometry),True,0.0,1000.0,C_mi,0,0,,,m46[C_mi] + m927[C_mi] --> m197[C_mi] + m928[C_mi]
R699,riboflavin synthase,metabolic,other,reachable but blocked (loop/stoichiometry),True,0.0,1000.0,C_cy,0,0,,,m929[C_cy] + m97[C_cy] --> 2.0 m32[C_cy] + m35[C_cy] + m930[C_cy]
R700,riboflavin synthase,metabolic,other,reachable but blocked (loop/stoichiometry),True,0.0,1000.0,C_cy,0,0,,,2.0 m930[C_cy] --> m926[C_cy] + m929[C_cy]
R715,"S-adenosyl-L-methionine:3-hexaprenyl-4,5-dihydroxylate O-methyltransferase",metabolic,other,reachable but blocked (loop/stoichiometry),True,0.0,1000.0,C_mi,0,0,,,m60[C_mi] + m939[C_mi] --> m111[C_mi] + m28[C_mi] + m62[C_mi]
R717,S-formylglutathione hydralase,metabolic,other,reachable but blocked (loop/stoichiometry),True,-1000.0,1000.0,C_cy,0,0,,,m32[C_cy] + m531[C_cy] <=> m34[C_cy] + m530[C_cy]
R722,serine palmitotransferase,metabolic,other,reachable but blocked (loop/stoichiometry),True,0.0,1000.0,C_er,0,0,,,m102[C_er] + m250[C_er] + m941[C_er] --> m101[C_er] + m252[C_er] + m942[C_er]
R723,seryl-tRNA synthetase,metabolic,other,reachable but blocked (loop/stoichiometry),True,0.0,1000.0,C_cy,0,0,,,m141[C_cy] + m441[C_cy] + m943[C_cy] --> m203[C_cy] + m86[C_cy] + m944[C_cy]
R726,sirohydrochlorin dehydrogenase,metabolic,other,reachable but blocked (loop/stoichiometry),True,0.0,1000.0,C_cy,0,0,,,7.0 m10[C_cy] + m122[C_cy] + m946[C_cy] --> m123[C_cy] + m947[C_cy]
R735,spontaneous cis-aconitate(3-) to trans-aconitate,metabolic,other,reachable but blocked (loop/stoichiometry),False,-1000.0,1000.0,C_mi,0,0,,,m409[C_mi] <=> 3.0 m28[C_mi] + m955[C_mi]
R736,spontaneous cis-aconitate(3-) to trans-aconitate,metabolic,other,reachable but blocked (loop/stoichiometry),False,-1000.0,1000.0,C_cy,0,0,,,m436[C_cy] <=> 3.0 m10[C_cy] + m956[C_cy]
R749,tetrahydrofolate:L-glutamate gamma-ligase (ADP-forming),metabolic,other,reachable but blocked (loop/stoichiometry),True,-1000.0,1000.0,C_cy,0,0,,,m141[C_cy] + m479[C_cy] + m50[C_cy] <=> m143[C_cy] + m35[C_cy] + m970[C_cy]
R752,thiamine diphosphokinase,metabolic,other,reachable but blocked (loop/stoichiometry),True,0.0,1000.0,C_cy,0,0,,,m141[C_cy] + m974[C_cy] --> m10[C_cy] + m86[C_cy] + m975[C_cy]
R756,thioredoxin reductase (NADPH),metabolic,other,reachable but blocked (loop/stoichiometry),True,0.0,1000.0,C_mi,0,0,,,m176[C_mi] + m28[C_mi] + m635[C_mi] --> m178[C_mi] + m634[C_mi]
R759,threonyl-tRNA synthetase,metabolic,other,reachable but blocked (loop/stoichiometry),True,0.0,1000.0,C_cy,0,0,,,m141[C_cy] + m770[C_cy] + m978[C_cy] --> m203[C_cy] + m86[C_cy] + m979[C_cy]
R761,thymidine phosphorylase,metabolic,other,reachable but blocked (loop/stoichiometry),True,-1000.0,1000.0,C_cy,0,0,,,m35[C_cy] + m982[C_cy] <=> m474[C_cy] + m983[C_cy]
R763,trans-pentaprenyltranstransferase,metabolic,other,reachable but blocked (loop/stoichiometry),True,0.0,1000.0,C_mi,0,0,,,m984[C_mi] + m985[C_mi] --> m204[C_mi] + m640[C_mi]
R771,tryptophanyl-tRNA synthetase,metabolic,other,reachable but blocked (loop/stoichiometry),True,0.0,1000.0,C_cy,0,0,,,m141[C_cy] + m772[C_cy] + m987[C_cy] --> m203[C_cy] + m86[C_cy] + m988[C_cy]
R775,tyrosyl-tRNA synthetase,metabolic,other,reachable but blocked (loop/stoichiometry),True,0.0,1000.0,C_cy,0,0,,,m141[C_cy] + m992[C_cy] + m995[C_cy] --> m203[C_cy] + m86[C_cy] + m996[C_cy]
R779,UDPglucose 4-epimerase,metabolic,other,reachable but blocked (loop/stoichiometry),True,-1000.0,1000.0,C_cy,0,0,,,2.0 m10[C_cy] + m8[C_cy] <=> m546[C_cy]
R78,acetyl-CoA ACP transacylase,metabolic,other,reachable but blocked (loop/stoichiometry),True,-1000.0,1000.0,C_mi,0,0,,,m179[C_mi] + m71[C_mi] <=> m180[C_mi] + m73[C_mi]
R782,UMP kinase,metabolic,other,reachable but blocked (loop/stoichiometry),True,-1000.0,1000.0,C_nu,0,0,,,m1002[C_nu] + m206[C_nu] <=> m1003[C_nu] + m657[C_nu]
R790,uroporphyrinogen decarboxylase (uroporphyrinogen III),metabolic,other,reachable but blocked (loop/stoichiometry),True,0.0,1000.0,C_cy,0,0,,,m1006[C_cy] --> 4.0 m10[C_cy] + m437[C_cy] + 4.0 m82[C_cy]
R791,uroporphyrinogen methyltransferase,metabolic,other,reachable but blocked (loop/stoichiometry),True,0.0,1000.0,C_cy,0,0,,,m1006[C_cy] + 2.0 m256[C_cy] --> 9.0 m10[C_cy] + 2.0 m255[C_cy] + m946[C_cy]
R792,uroporphyrinogen-III synthase,metabolic,other,reachable but blocked (loop/stoichiometry),True,0.0,1000.0,C_cy,0,0,,,8.0 m10[C_cy] + m645[C_cy] --> m1006[C_cy] + m32[C_cy]
R798,valyl-tRNA synthetase,metabolic,other,reachable but blocked (loop/stoichiometry),True,0.0,1000.0,C_cy,0,0,,,m1008[C_cy] + m1010[C_cy] + m141[C_cy] --> m1011[C_cy] + m203[C_cy] + m86[C_cy]
R801,xylitol dehydrogenase (D-xyulose-forming),metabolic,other,reachable but blocked (loop/stoichiometry),True,0.0,1000.0,C_cy,0,0,,,m1014[C_cy] + m122[C_cy] --> m1015[C_cy] + m123[C_cy]
R802,xylose reductase,metabolic,other,reachable but blocked (loop/stoichiometry),True,0.0,1000.0,C_cy,0,0,,,m1016[C_cy] + m10[C_cy] + m40[C_cy] --> m1014[C_cy] + m41[C_cy]
R804,yUMP synthetase,metabolic,other,reachable but blocked (loop/stoichiometry),True,-1000.0,1000.0,C_cy,0,0,,,m451[C_cy] + m889[C_cy] <=> m1017[C_cy] + m32[C_cy]
R806,"(R,R)-butanediol transport",transport,other,reachable but blocked (loop/stoichiometry),False,-1000.0,1000.0,"C_cy,C_ex",0,0,,,m1019[C_cy] <=> m1020[C_ex]
R808,"3-hexaprenyl-4,5-dihydroxybenzoate transport",transport,other,reachable but blocked (loop/stoichiometry),False,-1000.0,1000.0,"C_cy,C_mi",0,0,,,m110[C_cy] <=> m939[C_mi]
R811,5-formyltetrahydrofolic acid transport,transport,other,reachable but blocked (loop/stoichiometry),False,-1000.0,1000.0,"C_cy,C_ex",0,0,,,m1023[C_ex] <=> m159[C_cy]
R812,8-Amino-7-oxononanoate transport,transport,other,reachable but blocked (loop/stoichiometry),True,-1000.0,1000.0,"C_cy,C_ex",0,0,,,m1024[C_ex] + m342[C_ex] <=> m10[C_cy] + m172[C_cy]
R824,biotin uptake,transport,other,reachable but blocked (loop/stoichiometry),True,0.0,1000.0,"C_cy,C_ex",0,0,,,m1032[C_ex] + m342[C_ex] --> m10[C_cy] + m348[C_cy]
R826,ceramide-2' (sphinganine:n-C24:0OH) transport,transport,other,reachable but blocked (loop/stoichiometry),False,-1000.0,1000.0,"C_er,C_go",0,0,,,m390[C_er] <=> m1033[C_go]
R827,ceramide-2' (sphinganine:n-C26:0OH) transport,transport,other,reachable but blocked (loop/stoichiometry),False,-1000.0,1000.0,"C_er,C_go",0,0,,,m393[C_er] <=> m1034[C_go]
R828,ceramide-3 (Phytosphingosine:n-C24:0OH) transport,transport,other,reachable but blocked (loop/stoichiometry),False,-1000.0,1000.0,"C_er,C_go",0,0,,,m397[C_er] <=> m1035[C_go]
R829,ceramide-3 (Phytosphingosine:n-C26:0OH) transport,transport,other,reachable but blocked (loop/stoichiometry),False,-1000.0,1000.0,"C_er,C_go",0,0,,,m398[C_er] <=> m1036[C_go]
R832,citrate transport,transport,other,reachable but blocked (loop/stoichiometry),True,-1000.0,1000.0,"C_cy,C_mi",0,0,,,m435[C_cy] + m56[C_mi] <=> m107[C_cy] + m433[C_mi]
R839,D-fructose transport,transport,other,reachable but blocked (loop/stoichiometry),True,0.0,1000.0,"C_cy,C_ex",0,0,,,m342[C_ex] + m963[C_ex] --> m10[C_cy] + m458[C_cy]
R846,ethanolamine transport,transport,other,reachable but blocked (loop/stoichiometry),False,-1000.0,1000.0,"C_cy,C_ex",0,0,,,m1047[C_ex] <=> m508[C_cy]
R847,fadH2 transport,transport,other,reachable but blocked (loop/stoichiometry),True,0.0,1000.0,"C_cy,C_mi",0,0,,,m566[C_mi] --> m1048[C_cy]
R849,folic acid transport,transport,other,reachable but blocked (loop/stoichiometry),False,-1000.0,1000.0,"C_cy,C_ex",0,0,,,m1050[C_ex] <=> m1051[C_cy]
R850,GDP-mannose antiport,transport,other,reachable but blocked (loop/stoichiometry),True,0.0,1000.0,"C_cy,C_go",0,0,,,m343[C_cy] + m847[C_go] --> m290[C_go] + m93[C_cy]
R854,glycero-3-phospho-1-inositol transport,transport,other,reachable but blocked (loop/stoichiometry),True,-1000.0,1000.0,"C_cy,C_ex",0,0,,,m1053[C_ex] <=> m1054[C_cy]
R863,iron (II) transport,transport,other,reachable but blocked (loop/stoichiometry),False,0.0,1000.0,"C_cy,C_mi",0,0,,,m948[C_cy] --> m523[C_mi]
R865,isopentenyl diphosphate transport,transport,other,reachable but blocked (loop/stoichiometry),False,-1000.0,1000.0,"C_cy,C_mi",0,0,,,m491[C_cy] <=> m984[C_mi]
R873,L-carnitine transport,transport,other,reachable but blocked (loop/stoichiometry),True,-1000.0,1000.0,"C_cy,C_ex",0,0,,,m1069[C_ex] <=> m369[C_cy]
R882,L-isoleucine transport,transport,other,reachable but blocked (loop/stoichiometry),True,0.0,1000.0,"C_cy,C_va",0,0,,,m1007[C_va] + m743[C_cy] --> m1076[C_va] + m10[C_cy]
R903,NAD transport,transport,other,reachable but blocked (loop/stoichiometry),True,0.0,1000.0,"C_cy,C_mi",0,0,,,m122[C_cy] --> m27[C_mi]
R905,NAD transport,transport,other,reachable but blocked (loop/stoichiometry),True,0.0,1000.0,"C_cy,C_mi",0,0,,,m122[C_cy] + m48[C_mi] --> m27[C_mi] + m86[C_cy]
R913,pentaprenyl diphosphate transport,transport,other,reachable but blocked (loop/stoichiometry),False,-1000.0,1000.0,"C_cy,C_mi",0,0,,,m548[C_cy] <=> m985[C_mi]
R916,potassium transport,transport,other,reachable but blocked (loop/stoichiometry),True,-1000.0,1000.0,"C_cy,C_ex",0,0,,,m1099[C_ex] + m342[C_ex] <=> m10[C_cy] + m1100[C_cy]
R921,S-adenosyl-L-methionine transport,transport,other,reachable but blocked (loop/stoichiometry),True,-1000.0,1000.0,"C_cy,C_mi",0,0,,,m256[C_cy] <=> m60[C_mi]
R923,sodium proton antiporter,transport,other,reachable but blocked (loop/stoichiometry),True,-1000.0,1000.0,"C_cy,C_ex",0,0,,,m1107[C_cy] + m342[C_ex] <=> m10[C_cy] + m1108[C_ex]
R932,taurine transport,transport,other,reachable but blocked (loop/stoichiometry),False,-1000.0,1000.0,"C_cy,C_ex",0,0,,,m967[C_cy] <=> m1115[C_ex]
R934,thiamine transport,transport,other,reachable but blocked (loop/stoichiometry),True,0.0,1000.0,"C_cy,C_ex",0,0,,,m342[C_ex] + m972[C_ex] --> m10[C_cy] + m974[C_cy]
R953,1D-myo-inositol 1-phosphate transport,transport,other,reachable but blocked (loop/stoichiometry),False,-1000.0,1000.0,"C_cy,C_er",0,0,,,m728[C_er] <=> m813[C_cy]
R958,2-dehydro-3-deoxy-D-arabino-heptonate7-phohsphate transport,transport,other,reachable but blocked (loop/stoichiometry),False,-1000.0,1000.0,"C_cy,C_mi",0,0,,,m100[C_cy] <=> m57[C_mi]
R965,2-oxoglutarate transport,transport,other,reachable but blocked (loop/stoichiometry),False,-1000.0,1000.0,"C_cy,C_nu",0,0,,,m51[C_cy] <=> m625[C_nu]
R969,3-octaprenyl-4-hydroxybenzoate transport,transport,other,reachable but blocked (loop/stoichiometry),False,-1000.0,1000.0,"C_cy,C_mi",0,0,,,m108[C_cy] <=> m641[C_mi]
R970,4-amino-5-hydroxymethyl-2-methylpyrimidine synthetase,metabolic,other,reachable but blocked (loop/stoichiometry),False,0.0,1000.0,C_cy,0,0,,,3.0 m10[C_cy] + m867[C_cy] --> m1147[C_cy] + m35[C_cy] + m649[C_cy]
R973,4-aminobenzoate transport,transport,other,reachable but blocked (loop/stoichiometry),False,-1000.0,1000.0,"C_cy,C_mi",0,0,,,m132[C_cy] <=> m486[C_mi]
R976,4-hydroxy-2-oxoglutarate transport,transport,other,reachable but blocked (loop/stoichiometry),False,-1000.0,1000.0,"C_cy,C_mi",0,0,,,m760[C_cy] <=> m761[C_mi]
R977,4-hydroxy-2-oxoglutarate transport,transport,other,reachable but blocked (loop/stoichiometry),False,-1000.0,1000.0,"C_cy,C_pe",0,0,,,m760[C_cy] <=> m763[C_pe]
R978,4-hydroxybenzoate transport,transport,other,reachable but blocked (loop/stoichiometry),False,-1000.0,1000.0,"C_cy,C_mi",0,0,,,m366[C_cy] <=> m138[C_mi]
R988,5-aminolevulinate transport,transport,other,reachable but blocked (loop/stoichiometry),False,-1000.0,1000.0,"C_cy,C_mi",0,0,,,m900[C_cy] <=> m157[C_mi]
R990,5-formyltetrahydrofolate:10-formyltetrahydrofolate isomerase,metabolic,other,reachable but blocked (loop/stoichiometry),False,0.0,1000.0,C_cy,0,0,,,m141[C_cy] + m159[C_cy] + m32[C_cy] --> m143[C_cy] + m35[C_cy] + m532[C_cy]
R993,"7,8-diaminononanoate transport",transport,other,reachable but blocked (loop/stoichiometry),False,-1000.0,1000.0,"C_cy,C_ex",0,0,,,m1152[C_ex] <=> m258[C_cy]
SPHPL,SPHPL,transport,other,reachable but blocked (loop/stoichiometry),True,-1000.0,1000.0,"C_cy,C_er",0,0,,,m950[C_er] <=> m1795[C_cy] + m509[C_cy]
xPOOL_AC_MM,Acyl-CoAs pool,metabolic,other,reachable but blocked (loop/stoichiometry),False,-1000.0,1000.0,C_mm,0,0,,,0.515 m1625[C_mm] + 0.003 m1738[C_mm] + 0.002 m1739[C_mm] + 0.19 m1741[C_mm] + 0.042 m1742[C_mm] + 0.199 m1743[C_mm] <=> 0.951 m790[C_mm]
xPOOL_FA_EN,Fatty acids pool,metabolic,other,reachable but blocked (loop/stoichiometry),False,-1000.0,1000.0,C_en,0,0,,,0.515 m1598[C_en] + 0.19 m1615[C_en] + 0.042 m1616[C_en] + 0.003 m1753[C_en] + 0.002 m1754[C_en] + 0.199 m1756[C_en] <=> 0.951 m1661[C_en]
xPOOL_FA_MI,Fatty acids pool,metabolic,other,reachable but blocked (loop/stoichiometry),False,-1000.0,1000.0,C_mi,0,0,,,0.003 m1765[C_mi] + 0.002 m1766[C_mi] + 0.19 m1768[C_mi] + 0.042 m1770[C_mi] + 0.515 m1771[C_mi] + 0.199 m1772[C_mi] <=> 0.951 m1698[C_mi]
xPOOL_FA_MM,Fatty acids pool,metabolic,other,reachable but blocked (loop/stoichiometry),False,-1000.0,1000.0,C_mm,0,0,,,0.19 m1626[C_mm] + 0.042 m1627[C_mm] + 0.003 m1777[C_mm] + 0.002 m1778[C_mm] + 0.515 m1781[C_mm] + 0.199 m1782[C_mm] <=> 0.951 m1655[C_mm]
R1084,deoxyadenosine transport,transport,transport_gap,unreachable: m1135[C_ex],False,0.0,1000.0,"C_cy,C_ex",1,0,m1135[C_ex],,m1135[C_ex] --> m912[C_cy]
R1087,deoxycytidine transport,transport,transport_gap,unreachable: m1209[C_ex],False,0.0,1000.0,"C_cy,C_ex",1,0,m1209[C_ex],,m1209[C_ex] --> m463[C_cy]
R1088,deoxyguanosine transport,transport,transport_gap,unreachable: m1137[C_ex],False,0.0,1000.0,"C_cy,C_ex",1,0,m1137[C_ex],,m1137[C_ex] --> m913[C_cy]
R1089,deoxyinosine transport,transport,transport_gap,unreachable: m1139[C_ex],False,0.0,1000.0,"C_cy,C_ex",1,0,m1139[C_ex],,m1139[C_ex] --> m914[C_cy]
R1091,deoxyuridine transport,transport,transport_gap,unreachable: m1141[C_ex],False,0.0,1000.0,"C_cy,C_ex",1,0,m1141[C_ex],,m1141[C_ex] --> m464[C_cy]
R1129,formate transport,transport,transport_gap,unreachable: m533[C_mi],False,0.0,1000.0,"C_cy,C_mi",1,0,m533[C_mi],,m533[C_mi] --> m34[C_cy]
R1156,guanosine transport,transport,transport_gap,unreachable: m1247[C_ex],False,0.0,1000.0,"C_cy,C_ex",1,0,m1247[C_ex],,m1247[C_ex] --> m593[C_cy]
R1251,methionine transport,transport,transport_gap,unreachable: m808[C_mi],False,0.0,1000.0,"C_cy,C_mi",1,0,m808[C_mi],,m808[C_mi] --> m74[C_cy]
R1272,NMN transport,transport,transport_gap,unreachable: m1337[C_ex],False,0.0,1000.0,"C_cy,C_ex",1,0,m1337[C_ex],,m1337[C_ex] --> m831[C_cy]
R1285,oxidized glutathione uniport,transport,transport_gap,unreachable: m1237[C_ex],False,0.0,1000.0,"C_cy,C_ex",1,0,m1237[C_ex],,m1237[C_ex] --> m559[C_cy]
R1317,ribose transporter,transport,transport_gap,unreachable: m1203[C_ex],False,0.0,1000.0,"C_cy,C_ex",1,0,m1203[C_ex],,m1203[C_ex] --> m594[C_cy]
R1348,thymidine transport,transport,transport_gap,unreachable: m1378[C_ex],False,0.0,1000.0,"C_cy,C_ex",1,0,m1378[C_ex],,m1378[C_ex] --> m982[C_cy]
R1367,xanthosine transport,transport,transport_gap,unreachable: m1386[C_ex],False,0.0,1000.0,"C_cy,C_ex",1,0,m1386[C_ex],,m1386[C_ex] --> m917[C_cy]
R1914,ribonucleotide reductase,transport,transport_gap,unreachable: m931[C_nu],True,0.0,1000.0,"C_cy,C_nu",1,1,m931[C_nu],m933[C_nu],m1003[C_nu] + m931[C_nu] --> m1005[C_nu] + m32[C_cy] + m933[C_nu]
R1987,Salicin transport via  proton symport,transport,transport_gap,unreachable: m1841[C_ex],False,0.0,1000.0,"C_cy,C_ex",1,0,m1841[C_ex],,m107[C_cy] + m1841[C_ex] --> m1842[C_cy] + m4[C_cy]
R1989,5-aminopentanoate transport via  proton symport,transport,transport_gap,unreachable: m1844[C_ex],True,0.0,1000.0,"C_cy,C_ex",1,0,m1844[C_ex],,m1844[C_ex] + m342[C_ex] --> m10[C_cy] + m1845[C_cy]
R1995,(R)-3-Hydroxybutanoate transport via H+ symport,transport,transport_gap,unreachable: m1849[C_ex],True,0.0,1000.0,"C_cy,C_ex",1,0,m1849[C_ex],,m1849[C_ex] + m342[C_ex] --> m10[C_cy] + m1848[C_cy]
R1999,5-Dehydro-D-gluconate transport via proton symport,transport,transport_gap,unreachable: m1851[C_ex],False,0.0,1000.0,"C_cy,C_ex",1,0,m1851[C_ex],,m1851[C_ex] + m342[C_ex] --> m10[C_cy] + m1852[C_cy]
R2006,3-Oxalomalate transport via proton symport,transport,transport_gap,unreachable: m1856[C_ex],False,0.0,1000.0,"C_cy,C_ex",1,0,m1856[C_ex],,m1856[C_ex] + m342[C_ex] --> m10[C_cy] + m1857[C_cy]
R2055,L-histidine transport,transport,transport_gap,unreachable: m1887[c_va],True,0.0,1000.0,"C_cy,C_va",0,1,,m1887[c_va],m615[C_cy] --> m1887[c_va]
R2056,L-lysine transport,transport,transport_gap,unreachable: m1888[C_va],True,0.0,1000.0,"C_cy,C_va",0,1,,m1888[C_va],m793[C_cy] --> m1888[C_va]
R2057,UDP-D-galactose transport,transport,transport_gap,unreachable: m1889[C_go],True,0.0,1000.0,"C_cy,C_go",0,1,,m1889[C_go],m546[C_cy] --> m1889[C_go]
R210,chitin deacetylase,transport,transport_gap,unreachable: m402[C_en],True,0.0,1000.0,"C_cy,C_en",0,1,,m402[C_en],m32[C_cy] + m401[C_cy] --> m10[C_cy] + m202[C_cy] + m402[C_en]
R2193,iron (II) transport,transport,transport_gap,unreachable: m1273[C_ex],True,0.0,1000.0,"C_cy,C_ex",1,0,m1273[C_ex],,m1273[C_ex] --> m948[C_cy]
R2209,Indole_3_acetonitrile transport,transport,transport_gap,unreachable: m1895[C_ex],False,0.0,1000.0,"C_cy,C_ex",1,0,m1895[C_ex],,m1895[C_ex] --> m1896[C_cy]
R2212,alpha_Aminopropiononitrile transport,transport,transport_gap,unreachable: m1897[C_ex],False,0.0,1000.0,"C_cy,C_ex",1,0,m1897[C_ex],,m1897[C_ex] --> m1898[C_cy]
R2215,gamma_Amino_gamma_cyanobutanoate transport,transport,transport_gap,unreachable: m1899[C_ex],False,0.0,1000.0,"C_cy,C_ex",1,0,m1899[C_ex],,m1899[C_ex] --> m1900[C_cy]
R2256,Decanedioate extracellular transport,transport,transport_gap,unreachable: m1937[C_ex],False,0.0,1000.0,"C_cy,C_ex",0,1,,m1937[C_ex],m1936[C_cy] --> m1937[C_ex]
R2260,Dodecanedioate peroxisomal transport,transport,transport_gap,unreachable: m1941[C_ex],False,0.0,1000.0,"C_cy,C_ex",0,1,,m1941[C_ex],m1940[C_cy] --> m1941[C_ex]
R2264,Hexadecanedioate peroxisomal transport,transport,transport_gap,unreachable: m1945[C_ex],False,0.0,1000.0,"C_cy,C_ex",0,1,,m1945[C_ex],m1944[C_cy] --> m1945[C_ex]
R809,4-aminobutyrate transport,transport,transport_gap,unreachable: m1021[C_ex],True,0.0,1000.0,"C_cy,C_ex",1,0,m1021[C_ex],,m1021[C_ex] + m342[C_ex] --> m10[C_cy] + m133[C_cy]
R810,5-aminolevulinate transport,transport,transport_gap,unreachable: m1022[C_ex],True,0.0,1000.0,"C_cy,C_ex",1,0,m1022[C_ex],,m1022[C_ex] + m342[C_ex] --> m10[C_cy] + m900[C_cy]
R814,adenine transport,transport,transport_gap,unreachable: m1026[C_ex],True,0.0,1000.0,"C_cy,C_ex",1,0,m1026[C_ex],,m1026[C_ex] + m342[C_ex] --> m10[C_cy] + m145[C_cy]
R816,ADP/ATP transporter,transport,transport_gap,unreachable: m1028[C_pe],True,0.0,1000.0,"C_cy,C_pe",1,0,m1028[C_pe],,m1028[C_pe] + m118[C_pe] + m141[C_cy] --> m10[C_cy] + m143[C_cy] + m515[C_pe]
R818,allantoate uniport,transport,transport_gap,unreachable: m1029[C_ex],True,0.0,1000.0,"C_cy,C_ex",1,0,m1029[C_ex],,m1029[C_ex] --> m284[C_cy]
R819,allantoin uniport,transport,transport_gap,unreachable: m1030[C_ex],True,0.0,1000.0,"C_cy,C_ex",1,0,m1030[C_ex],,m1030[C_ex] --> m287[C_cy]
R830,choline transport,transport,transport_gap,unreachable: m1037[C_ex],True,0.0,1000.0,"C_cy,C_ex",1,0,m1037[C_ex],,m1037[C_ex] + m342[C_ex] --> m10[C_cy] + m404[C_cy]
R837,cytidine transport,transport,transport_gap,unreachable: m1040[C_ex],True,0.0,1000.0,"C_cy,C_ex",1,0,m1040[C_ex],,m1040[C_ex] + m342[C_ex] --> m10[C_cy] + m147[C_cy]
R838,cytosine transport,transport,transport_gap,unreachable: m1041[C_ex],True,0.0,1000.0,"C_cy,C_ex",1,0,m1041[C_ex],,m1041[C_ex] + m342[C_ex] --> m10[C_cy] + m450[C_cy]
R843,D-mannose transport,transport,transport_gap,unreachable: m1044[C_ex],True,0.0,1000.0,"C_cy,C_ex",1,0,m1044[C_ex],,m1044[C_ex] + m342[C_ex] --> m10[C_cy] + m612[C_cy]
R852,glutathione transport,transport,transport_gap,unreachable: m1052[C_ex],True,0.0,1000.0,"C_cy,C_ex",1,0,m1052[C_ex],,m1052[C_ex] --> m530[C_cy]
R862,inositol transport,transport,transport_gap,unreachable: m1060[C_ex],True,0.0,1000.0,"C_cy,C_ex",1,0,m1060[C_ex],,m1060[C_ex] + m342[C_ex] --> m10[C_cy] + m814[C_cy]
R864,isoamyl acetate transport,transport,transport_gap,unreachable: m1061[C_cy],False,0.0,1000.0,"C_cy,C_ex",1,0,m1061[C_cy],,m1061[C_cy] --> m1062[C_ex]
R886,L-lactate transport,transport,transport_gap,unreachable: m1079[C_ex],True,0.0,1000.0,"C_cy,C_ex",1,0,m1079[C_ex],,m1079[C_ex] + m342[C_ex] --> m10[C_cy] + m7[C_cy]
R904,NAD transport,transport,transport_gap,unreachable: m1093[C_mi],True,0.0,1000.0,"C_cy,C_mi",1,0,m1093[C_mi],,m1093[C_mi] + m122[C_cy] --> m27[C_mi] + m89[C_cy]
R906,NAD transport,transport,transport_gap,unreachable: m1094[C_mi],True,0.0,1000.0,"C_cy,C_mi",1,0,m1094[C_mi],,m1094[C_mi] + m122[C_cy] --> m27[C_mi] + m465[C_cy]
R920,S-adenosyl-L-methionine transport,transport,transport_gap,unreachable: m1104[C_ex],True,0.0,1000.0,"C_cy,C_ex",1,0,m1104[C_ex],,m1104[C_ex] + m342[C_ex] --> m10[C_cy] + m256[C_cy]
R922,S-methylmethionine permease,transport,transport_gap,unreachable: m1105[C_ex],True,0.0,1000.0,"C_cy,C_ex",1,1,m1105[C_ex],m1106[C_cy],m1105[C_ex] + m342[C_ex] --> m10[C_cy] + m1106[C_cy]
R933,thiamine diphosphate transport,transport,transport_gap,unreachable: m1116[C_mi],True,0.0,1000.0,"C_cy,C_mi",0,1,,m1116[C_mi],m975[C_cy] --> m1116[C_mi]
R935,uracil transport,transport,transport_gap,unreachable: m1117[C_ex],True,0.0,1000.0,"C_cy,C_ex",1,0,m1117[C_ex],,m1117[C_ex] + m342[C_ex] --> m10[C_cy] + m451[C_cy]
R937,uridine transport,transport,transport_gap,unreachable: m1119[C_ex],True,0.0,1000.0,"C_cy,C_ex",1,0,m1119[C_ex],,m1119[C_ex] + m342[C_ex] --> m10[C_cy] + m150[C_cy]
R938,UTP transport,transport,transport_gap,unreachable: m1120[C_mi],True,0.0,1000.0,"C_cy,C_mi",1,1,m1120[C_mi],m1121[C_mi],m10[C_cy] + m1120[C_mi] + m439[C_cy] + m928[C_mi] --> m1121[C_mi] + m149[C_cy] + m28[C_mi] + m527[C_cy]
R939,UTP/UMP antiport,transport,transport_gap,unreachable: m1120[C_mi],True,0.0,1000.0,"C_cy,C_mi",1,1,m1120[C_mi],m1121[C_mi],2.0 m10[C_cy] + m1120[C_mi] + m439[C_cy] --> m1121[C_mi] + m149[C_cy] + 2.0 m28[C_mi]
