met_id,met_name,compartment,formula,charge,has_annotation,annotation_keys,has_bigg,has_kegg,has_metanetx,has_chebi,has_hmdb,has_inchikey,has_pubchem,has_seed,has_formula,has_charge,n_reactions,base_name,same_base_annotated,annotated_twin_id
m1[C_cy],(R)-lactate_C3H6O3,C_cy,C3H6O3,-1,True,"bigg.metabolite,biggM,chebi,hmdb,inchi,inchikey,kegg.compound,keggC,metacyc.compound,metacycM,metanetx.chemical,reactome,reactomeM,sabiork.compound,sabiorkM,seed.compound,seedM,vmhM,vmhmetabolite",True,True,True,True,True,True,False,True,True,True,5,(R)-lactate,True,m5[C_mi]
m2[C_mi],ferricytochrome c_,C_mi,,0,False,,False,False,False,False,False,False,False,False,False,True,8,ferricytochrome c_,False,
m3[C_mi],ferrocytochrome c_,C_mi,,0,False,,False,False,False,False,False,False,False,False,False,True,8,ferrocytochrome c_,False,
m4[C_cy],pyruvate_C3H4O3,C_cy,C3H4O3,-1,True,"bigg.metabolite,biggM,chebi,envipath,envipathM,hmdb,inchi,inchikey,kegg.compound,keggC,lipidmaps,lipidmapsM,metacyc.compound,metacycM,metanetx.chemical,reactome,reactomeM,sabiork.compound,sabiorkM,seed.compound,seedM,slm,vmhM,vmhmetabolite",True,True,True,True,True,True,False,True,True,True,26,pyruvate,True,m6[C_mi]
m5[C_mi],(R)-lactate_C3H6O3,C_mi,C3H6O3,-1,True,"bigg.metabolite,biggM,chebi,hmdb,inchi,inchikey,kegg.compound,keggC,metacyc.compound,metacycM,metanetx.chemical,reactome,reactomeM,sabiork.compound,sabiorkM,seed.compound,seedM,vmhM,vmhmetabolite",True,True,True,True,True,True,False,True,True,True,4,(R)-lactate,True,m1[C_cy]
m6[C_mi],pyruvate_C3H4O3,C_mi,C3H4O3,-1,True,"bigg.metabolite,biggM,chebi,envipath,envipathM,hmdb,inchi,inchikey,kegg.compound,keggC,lipidmaps,lipidmapsM,metacyc.compound,metacycM,metanetx.chemical,reactome,reactomeM,sabiork.compound,sabiorkM,seed.compound,seedM,slm,vmhM,vmhmetabolite",True,True,True,True,True,True,False,True,True,True,10,pyruvate,True,m4[C_cy]
m7[C_cy],(S)-lactate_C3H6O3,C_cy,C3H6O3,-1,True,"bigg.metabolite,biggM,chebi,envipath,envipathM,hmdb,inchi,inchikey,kegg.compound,keggC,metacyc.compound,metacycM,metanetx.chemical,reactome,reactomeM,sabiork.compound,sabiorkM,seed.compound,seedM,vmhM,vmhmetabolite",True,True,True,True,True,True,False,True,True,True,4,(S)-lactate,True,m1078[C_mi]
m8[C_cy],UDP-D-glucose_C15H22N2O17P2,C_cy,C15H22N2O17P2,0,True,"kegg.glycan,keggG,metanetx.chemical",False,False,True,False,False,False,False,False,True,True,11,UDP-D-glucose,False,
m9[C_en],(1-3)-beta-D-glucan_,C_en,,0,False,,False,False,False,False,False,False,False,False,False,True,2,(1-3)-beta-D-glucan_,False,
m10[C_cy],H+_p+1,C_cy,,0,False,,False,False,False,False,False,False,False,False,False,True,534,H+_p+1,False,
m11[C_cy],UDP_C9H14N2O12P2,C_cy,C9H14N2O12P2,-3,True,"bigg.metabolite,biggM,chebi,hmdb,inchi,inchikey,kegg.compound,keggC,metacyc.compound,metacycM,metanetx.chemical,reactome,reactomeM,sabiork.compound,sabiorkM,seed.compound,seedM,vmhM,vmhmetabolite",True,True,True,True,True,True,False,True,True,True,17,UDP,True,m836[C_go]
m12[C_en],(1-6)-beta-D-glucan_,C_en,,0,False,,False,False,False,False,False,False,False,False,False,True,3,(1-6)-beta-D-glucan_,False,
m13[C_cy],1-(5-phospho-D-ribosyl)-5-[(5-phospho-D-ribosylamino)methylideneamino]imidazole-4-carboxamide_C15H21N5O15P2,C_cy,C15H21N5O15P2,0,False,,False,False,False,False,False,False,False,False,True,True,2,1-(5-phospho-D-ribosyl)-5-[(5-phospho-D-ribosylamino)methylideneamino]imidazole-4-carboxamide,False,
m14[C_cy],5-[(5-phospho-1-deoxy-D-ribulos-1-ylamino)methylideneamino]-1-(5-phospho-D-ribosyl)imidazole-4-carboxamide_C15H21N5O15P2,C_cy,C15H21N5O15P2,0,True,"metanetx.chemical,seed.compound,seedM",False,False,True,False,False,False,False,True,True,True,2,5-[(5-phospho-1-deoxy-D-ribulos-1-ylamino)methylideneamino]-1-(5-phospho-D-ribosyl)imidazole-4-carboxamide,False,
m15[C_vm],1-phosphatidyl-1D-myo-inositol 3-phosphate_ActiveX VT_ERROR:,C_vm,,0,False,,False,False,False,False,False,False,False,False,False,True,5,1-phosphatidyl-1D-myo-inositol 3-phosphate_ActiveX VT_ERROR:,False,
m16[C_vm],ATP_C10H16N5O13P3,C_vm,C10H16N5O13P3,-4,True,"bigg.metabolite,biggM,chebi,envipath,envipathM,hmdb,inchi,inchikey,kegg.compound,kegg.drug,keggC,keggD,metacyc.compound,metacycM,metanetx.chemical,reactome,reactomeM,sabiork.compound,sabiorkM,seed.compound,seedM,vmhM,vmhmetabolite",True,True,True,True,True,True,False,True,True,True,5,ATP,True,m21[C_en]
m17[C_vm],"1-phosphatidyl-1D-myo-inositol 3,5-bisphosphate_ActiveX VT_ERROR:",C_vm,,0,False,,False,False,False,False,False,False,False,False,False,True,4,"1-phosphatidyl-1D-myo-inositol 3,5-bisphosphate_ActiveX VT_ERROR:",False,
m18[C_vm],ADP_C10H15N5O10P2,C_vm,C10H15N5O10P2,-3,True,"bigg.metabolite,biggM,chebi,envipath,envipathM,hmdb,inchi,inchikey,kegg.compound,kegg.glycan,keggC,keggG,metacyc.compound,metacycM,metanetx.chemical,reactome,reactomeM,sabiork.compound,sabiorkM,seed.compound,seedM,vmhM,vmhmetabolite",True,True,True,True,True,True,False,True,True,True,5,ADP,True,m23[C_en]
m19[C_vm],H+_p+1,C_vm,,0,False,,False,False,False,False,False,False,False,False,False,True,6,H+_p+1,False,
m20[C_en],1-phosphatidyl-1D-myo-inositol 3-phosphate_ActiveX VT_ERROR:,C_en,,0,False,,False,False,False,False,False,False,False,False,False,True,3,1-phosphatidyl-1D-myo-inositol 3-phosphate_ActiveX VT_ERROR:,False,
m21[C_en],ATP_C10H16N5O13P3,C_en,C10H16N5O13P3,-4,True,"bigg.metabolite,biggM,chebi,envipath,envipathM,hmdb,inchi,inchikey,kegg.compound,kegg.drug,keggC,keggD,metacyc.compound,metacycM,metanetx.chemical,reactome,reactomeM,sabiork.compound,sabiorkM,seed.compound,seedM,vmhM,vmhmetabolite",True,True,True,True,True,True,False,True,True,True,8,ATP,True,m16[C_vm]
m22[C_en],"1-phosphatidyl-1D-myo-inositol 3,5-bisphosphate_ActiveX VT_ERROR:",C_en,,0,False,,False,False,False,False,False,False,False,False,False,True,3,"1-phosphatidyl-1D-myo-inositol 3,5-bisphosphate_ActiveX VT_ERROR:",False,
m23[C_en],ADP_C10H15N5O10P2,C_en,C10H15N5O10P2,-3,True,"bigg.metabolite,biggM,chebi,envipath,envipathM,hmdb,inchi,inchikey,kegg.compound,kegg.glycan,keggC,keggG,metacyc.compound,metacycM,metanetx.chemical,reactome,reactomeM,sabiork.compound,sabiorkM,seed.compound,seedM,vmhM,vmhmetabolite",True,True,True,True,True,True,False,True,True,True,4,ADP,True,m18[C_vm]
m24[C_en],H+_p+1,C_en,,0,False,,False,False,False,False,False,False,False,False,False,True,16,H+_p+1,False,
m25[C_mi],1-pyrroline-5-carboxylate_C5H6NO2,C_mi,C5H6NO2,0,False,,False,False,False,False,False,False,False,False,True,True,2,1-pyrroline-5-carboxylate,False,
m26[C_mi],H2O_H2O,C_mi,H2O,0,False,,False,False,False,False,False,False,False,False,True,True,85,H2O,False,
m27[C_mi],NAD_C21H27N7O14P2,C_mi,C21H27N7O14P2,0,True,"chebi,metanetx.chemical",False,False,True,True,False,False,False,False,True,True,31,NAD,True,m116[C_pe]
m28[C_mi],H+_p+1,C_mi,,0,False,,False,False,False,False,False,False,False,False,False,True,100,H+_p+1,False,
m29[C_mi],L-glutamate_C5H9NO4,C_mi,C5H9NO4,-1,True,"bigg.metabolite,biggM,chebi,envipath,envipathM,hmdb,inchi,inchikey,kegg.compound,kegg.drug,keggC,keggD,metacyc.compound,metacycM,metanetx.chemical,reactome,reactomeM,sabiork.compound,sabiorkM,seed.compound,seedM,vmhM,vmhmetabolite",True,True,True,True,True,True,False,True,True,True,13,L-glutamate,True,m50[C_cy]
m30[C_mi],NADH_C21H29N7O14P2,C_mi,C21H29N7O14P2,-2,True,"bigg.metabolite,biggM,chebi,hmdb,inchi,inchikey,kegg.compound,keggC,metacyc.compound,metacycM,metanetx.chemical,reactome,reactomeM,sabiork.compound,sabiorkM,seed.compound,seedM,vmhM,vmhmetabolite",True,True,True,True,True,True,False,True,True,True,27,NADH,True,m119[C_pe]
m31[C_cy],"5-(methylsulfanyl)-2,3-dioxopentyl phosphate_C6H9O6PS",C_cy,C6H9O6PS,0,False,,False,False,False,False,False,False,False,False,True,True,2,"5-(methylsulfanyl)-2,3-dioxopentyl phosphate",False,
m32[C_cy],H2O_H2O,C_cy,H2O,0,False,,False,False,False,False,False,False,False,False,True,True,327,H2O,False,
m33[C_cy],4-methylthio-2-oxobutanoate_C5H7O3S,C_cy,C5H7O3S,0,False,,False,False,False,False,False,False,False,False,True,True,2,4-methylthio-2-oxobutanoate,False,
m34[C_cy],formate_CH2O2,C_cy,CH2O2,-1,True,"bigg.metabolite,biggM,chebi,envipath,envipathM,hmdb,inchi,inchikey,kegg.compound,keggC,metacyc.compound,metacycM,metanetx.chemical,reactome,reactomeM,sabiork.compound,sabiorkM,seed.compound,seedM,vmhM,vmhmetabolite",True,True,True,True,True,True,False,True,True,True,12,formate,True,m533[C_mi]
m35[C_cy],phosphate_H3O4P,C_cy,H3O4P,-2,True,"bigg.metabolite,biggM,chebi,envipath,envipathM,hmdb,inchi,inchikey,kegg.compound,kegg.drug,keggC,keggD,metacyc.compound,metacycM,metanetx.chemical,reactome,reactomeM,sabiork.compound,sabiorkM,seed.compound,seedM,vmhM,vmhmetabolite",True,True,True,True,True,True,False,True,True,True,155,phosphate,True,m58[C_mi]
m36[C_cy],"2,5-diamino-6-(5-phosphono)ribitylamino-4(3H)-pyrimidinone_C9H18N5O8P",C_cy,C9H18N5O8P,0,False,,False,False,False,False,False,False,False,False,True,True,2,"2,5-diamino-6-(5-phosphono)ribitylamino-4(3H)-pyrimidinone",False,
m37[C_cy],5-amino-6-(5-phosphoribitylamino)uracil_C9H15N4O9P,C_cy,C9H15N4O9P,0,False,,False,False,False,False,False,False,False,False,True,True,2,5-amino-6-(5-phosphoribitylamino)uracil,False,
m38[C_cy],ammonium_H3N,C_cy,H3N,0,False,,False,False,False,False,False,False,False,False,True,True,47,ammonium,False,
m39[C_cy],"2,5-diamino-4-hydroxy-6-(5-phosphoribosylamino)pyrimidine_C9H14N5O8P",C_cy,C9H14N5O8P,0,False,,False,False,False,False,False,False,False,False,True,True,2,"2,5-diamino-4-hydroxy-6-(5-phosphoribosylamino)pyrimidine",False,
m40[C_cy],NADPH_C21H30N7O17P3,C_cy,C21H30N7O17P3,-4,True,"bigg.metabolite,biggM,chebi,hmdb,inchi,inchikey,kegg.compound,keggC,metacyc.compound,metacycM,metanetx.chemical,reactome,reactomeM,sabiork.compound,sabiorkM,seed.compound,seedM,vmhM,vmhmetabolite",True,True,True,True,True,True,False,True,True,True,67,NADPH,True,m103[C_er]
m41[C_cy],NADP(+)_C21H28N7O17P3,C_cy,C21H28N7O17P3,-3,True,"bigg.metabolite,biggM,chebi,hmdb,inchi,inchikey,kegg.compound,keggC,metacyc.compound,metacycM,metanetx.chemical,reactome,reactomeM,sabiork.compound,sabiorkM,seed.compound,seedM,vmhM,vmhmetabolite",True,True,True,True,True,True,False,True,True,True,67,NADP(+),True,m104[C_er]
m42[C_mi],2-oxobutanoate_C4H6O3,C_mi,C4H6O3,-1,True,"bigg.metabolite,biggM,chebi,envipath,envipathM,hmdb,inchi,inchikey,kegg.compound,keggC,lipidmaps,lipidmapsM,metacyc.compound,metacycM,metanetx.chemical,reactome,reactomeM,sabiork.compound,sabiorkM,seed.compound,seedM,vmhM,vmhmetabolite",True,True,True,True,True,True,False,True,True,True,3,2-oxobutanoate,True,m442[C_cy]
m43[C_mi],(S)-2-acetyl-2-hydroxybutanoate_C6H10O4,C_mi,C6H10O4,0,False,,False,False,False,False,False,False,False,False,True,True,2,(S)-2-acetyl-2-hydroxybutanoate,False,
m44[C_mi],carbon dioxide_CO2,C_mi,CO2,0,False,,False,False,False,False,False,False,False,False,True,True,31,carbon dioxide,False,
m45[C_mi],"2-amino-6-(hydroxymethyl)-7,8-dihydropteridin-4-ol_C7H9N5O2",C_mi,C7H9N5O2,0,True,"metanetx.chemical,seed.compound,seedM",False,False,True,False,False,False,False,True,True,True,3,"2-amino-6-(hydroxymethyl)-7,8-dihydropteridin-4-ol",False,
m46[C_mi],ATP_C10H16N5O13P3,C_mi,C10H16N5O13P3,-4,True,"bigg.metabolite,biggM,chebi,envipath,envipathM,hmdb,inchi,inchikey,kegg.compound,kegg.drug,keggC,keggD,metacyc.compound,metacycM,metanetx.chemical,reactome,reactomeM,sabiork.compound,sabiorkM,seed.compound,seedM,vmhM,vmhmetabolite",True,True,True,True,True,True,False,True,True,True,32,ATP,True,m16[C_vm]
m47[C_mi],"(2-amino-4-hydroxy-7,8-dihydropteridin-6-yl)methyl trihydrogen diphosphate_C7H11N5O8P2",C_mi,C7H11N5O8P2,0,False,,False,False,False,False,False,False,False,False,True,True,2,"(2-amino-4-hydroxy-7,8-dihydropteridin-6-yl)methyl trihydrogen diphosphate",False,
m48[C_mi],AMP_C10H14N5O7P,C_mi,C10H14N5O7P,-2,True,"bigg.metabolite,biggM,chebi,envipath,envipathM,hmdb,inchi,inchikey,kegg.compound,kegg.drug,keggC,keggD,metacyc.compound,metacycM,metanetx.chemical,reactome,reactomeM,sabiork.compound,sabiorkM,seed.compound,seedM,vmhM,vmhmetabolite",True,True,True,True,True,True,False,True,True,True,19,AMP,True,m86[C_cy]
m49[C_cy],2-oxoadipic acid_C6H6O5,C_cy,C6H6O5,0,False,,False,False,False,False,False,False,False,False,True,True,2,2-oxoadipic acid,False,
m50[C_cy],L-glutamate_C5H9NO4,C_cy,C5H9NO4,-1,True,"bigg.metabolite,biggM,chebi,envipath,envipathM,hmdb,inchi,inchikey,kegg.compound,kegg.drug,keggC,keggD,metacyc.compound,metacycM,metanetx.chemical,reactome,reactomeM,sabiork.compound,sabiorkM,seed.compound,seedM,vmhM,vmhmetabolite",True,True,True,True,True,True,False,True,True,True,60,L-glutamate,True,m29[C_mi]
m51[C_cy],2-oxoglutarate_C5H6O5,C_cy,C5H6O5,-2,True,"bigg.metabolite,biggM,chebi,envipath,envipathM,hmdb,inchi,inchikey,kegg.compound,keggC,metacyc.compound,metacycM,metanetx.chemical,reactome,reactomeM,sabiork.compound,sabiorkM,seed.compound,seedM,slm,vmhM,vmhmetabolite",True,True,True,True,True,True,False,True,True,True,32,2-oxoglutarate,True,m219[C_mi]
m52[C_cy],L-2-aminoadipate_C6H11NO4,C_cy,C6H11NO4,-1,True,"bigg.metabolite,biggM,chebi,hmdb,inchi,inchikey,kegg.compound,keggC,metacyc.compound,metacycM,metanetx.chemical,reactome,reactomeM,sabiork.compound,sabiorkM,seed.compound,seedM,vmhM,vmhmetabolite",True,True,True,True,True,True,False,True,True,True,2,L-2-aminoadipate,False,
m53[C_cy],2-dehydropantoate_C6H10O4,C_cy,C6H10O4,-1,True,"bigg.metabolite,biggM,chebi,envipath,envipathM,hmdb,inchi,inchikey,kegg.compound,keggC,metacyc.compound,metacycM,metanetx.chemical,sabiork.compound,sabiorkM,seed.compound,seedM,vmhM,vmhmetabolite",True,True,True,True,True,True,False,True,True,True,2,2-dehydropantoate,True,m125[C_mi]
m54[C_cy],(R)-pantoate_C6H12O4,C_cy,C6H12O4,-1,True,"bigg.metabolite,biggM,chebi,envipath,envipathM,hmdb,inchi,inchikey,kegg.compound,keggC,metacyc.compound,metacycM,metanetx.chemical,sabiork.compound,sabiorkM,seed.compound,seedM,vmhM,vmhmetabolite",True,True,True,True,True,True,False,True,True,True,2,(R)-pantoate,False,
m55[C_mi],D-erythrose 4-phosphate_C4H9O7P,C_mi,C4H9O7P,-2,True,"bigg.metabolite,biggM,chebi,hmdb,inchi,inchikey,kegg.compound,keggC,metacyc.compound,metacycM,metanetx.chemical,reactome,reactomeM,sabiork.compound,sabiorkM,seed.compound,seedM,vmhM,vmhmetabolite",True,True,True,True,True,True,False,True,True,True,2,D-erythrose 4-phosphate,True,m106[C_cy]
m56[C_mi],phosphoenolpyruvate_C3H5O6P,C_mi,C3H5O6P,-3,True,"bigg.metabolite,biggM,chebi,envipath,envipathM,hmdb,inchi,inchikey,kegg.compound,keggC,metacyc.compound,metacycM,metanetx.chemical,reactome,reactomeM,sabiork.compound,sabiorkM,seed.compound,seedM,vmhM,vmhmetabolite",True,True,True,True,True,True,False,True,True,True,2,phosphoenolpyruvate,True,m107[C_cy]
m57[C_mi],7-phospho-2-dehydro-3-deoxy-D-arabino-heptonic acid_C7H10O10P,C_mi,C7H10O10P,0,False,,False,False,False,False,False,False,False,False,True,True,2,7-phospho-2-dehydro-3-deoxy-D-arabino-heptonic acid,False,
m58[C_mi],phosphate_H3O4P,C_mi,H3O4P,-2,True,"bigg.metabolite,biggM,chebi,envipath,envipathM,hmdb,inchi,inchikey,kegg.compound,kegg.drug,keggC,keggD,metacyc.compound,metacycM,metanetx.chemical,reactome,reactomeM,sabiork.compound,sabiorkM,seed.compound,seedM,vmhM,vmhmetabolite",True,True,True,True,True,True,False,True,True,True,16,phosphate,True,m35[C_cy]
m59[C_mi],"2-hexaprenyl-6-methoxy-1,4-benzoquinone_C37H54O3",C_mi,C37H54O3,0,True,"inchi,inchikey,kegg.compound,keggC,metanetx.chemical",False,True,True,False,False,True,False,False,True,True,2,"2-hexaprenyl-6-methoxy-1,4-benzoquinone",False,
m60[C_mi],S-adenosyl-L-methionine_C15H22N6O5S,C_mi,C15H22N6O5S,1,True,"bigg.metabolite,biggM,chebi,hmdb,inchi,inchikey,kegg.compound,keggC,metacyc.compound,metacycM,metanetx.chemical,reactome,reactomeM,seed.compound,seedM,vmhM,vmhmetabolite",True,True,True,True,True,True,False,True,True,True,4,S-adenosyl-L-methionine,True,m256[C_cy]
m61[C_mi],"2-hexaprenyl-6-methoxy-3-methyl-1,4-benzoquinone_C38H56O3",C_mi,C38H56O3,0,False,,False,False,False,False,False,False,False,False,True,True,2,"2-hexaprenyl-6-methoxy-3-methyl-1,4-benzoquinone",False,
m62[C_mi],S-adenosyl-L-homocysteine_C14H20N6O5S,C_mi,C14H20N6O5S,0,True,"bigg.metabolite,biggM,chebi,hmdb,inchi,inchikey,kegg.compound,keggC,metacyc.compound,metacycM,metanetx.chemical,reactome,reactomeM,sabiork.compound,sabiorkM,seed.compound,seedM,vmhM,vmhmetabolite",True,True,True,True,True,True,False,True,True,True,4,S-adenosyl-L-homocysteine,True,m255[C_cy]
m63[C_mi],2-hexaprenyl-6-methoxyphenol_C37H56O2,C_mi,C37H56O2,0,True,"inchi,inchikey,kegg.compound,keggC,metanetx.chemical",False,True,True,False,False,True,False,False,True,True,2,2-hexaprenyl-6-methoxyphenol,False,
m64[C_mi],oxygen_O2,C_mi,O2,0,False,,False,False,False,False,False,False,False,False,True,True,9,oxygen,False,
m65[C_cy],2-isopropylmaleic acid_C7H8O4,C_cy,C7H8O4,0,False,,False,False,False,False,False,False,False,False,True,True,2,2-isopropylmaleic acid,False,
m66[C_cy],2-isopropylmalate_C7H12O5,C_cy,C7H12O5,0,True,"chebi,metanetx.chemical",False,False,True,True,False,False,False,False,True,True,4,2-isopropylmalate,True,m72[C_mi]
m67[C_cy],3-methyl-2-oxobutanoate_C5H8O3,C_cy,C5H8O3,-1,True,"bigg.metabolite,biggM,chebi,envipath,envipathM,hmdb,inchi,inchikey,kegg.compound,keggC,lipidmaps,lipidmapsM,metacyc.compound,metacycM,metanetx.chemical,reactome,reactomeM,sabiork.compound,sabiorkM,seed.compound,seedM,vmhM,vmhmetabolite",True,True,True,True,True,True,False,True,True,True,2,3-methyl-2-oxobutanoate,True,m70[C_mi]
m68[C_cy],acetyl-CoA_C23H38N7O17P3S,C_cy,C23H38N7O17P3S,-4,True,"bigg.metabolite,biggM,chebi,envipath,envipathM,hmdb,inchi,inchikey,kegg.compound,keggC,lipidmaps,lipidmapsM,metacyc.compound,metacycM,metanetx.chemical,reactome,reactomeM,sabiork.compound,sabiorkM,seed.compound,seedM,slm,vmhM,vmhmetabolite",True,True,True,True,True,True,False,True,True,True,22,acetyl-CoA,True,m71[C_mi]
m69[C_cy],coenzyme A_C21H36N7O16P3S,C_cy,C21H36N7O16P3S,0,False,,False,False,False,False,False,False,False,False,True,True,39,coenzyme A,False,
m70[C_mi],3-methyl-2-oxobutanoate_C5H8O3,C_mi,C5H8O3,-1,True,"bigg.metabolite,biggM,chebi,envipath,envipathM,hmdb,inchi,inchikey,kegg.compound,keggC,lipidmaps,lipidmapsM,metacyc.compound,metacycM,metanetx.chemical,reactome,reactomeM,sabiork.compound,sabiorkM,seed.compound,seedM,vmhM,vmhmetabolite",True,True,True,True,True,True,False,True,True,True,5,3-methyl-2-oxobutanoate,True,m67[C_cy]
m71[C_mi],acetyl-CoA_C23H38N7O17P3S,C_mi,C23H38N7O17P3S,-4,True,"bigg.metabolite,biggM,chebi,envipath,envipathM,hmdb,inchi,inchikey,kegg.compound,keggC,lipidmaps,lipidmapsM,metacyc.compound,metacycM,metanetx.chemical,reactome,reactomeM,sabiork.compound,sabiorkM,seed.compound,seedM,slm,vmhM,vmhmetabolite",True,True,True,True,True,True,False,True,True,True,14,acetyl-CoA,True,m68[C_cy]
m72[C_mi],2-isopropylmalate_C7H12O5,C_mi,C7H12O5,0,True,"chebi,metanetx.chemical",False,False,True,True,False,False,False,False,True,True,2,2-isopropylmalate,True,m66[C_cy]
m73[C_mi],coenzyme A_C21H36N7O16P3S,C_mi,C21H36N7O16P3S,0,False,,False,False,False,False,False,False,False,False,True,True,24,coenzyme A,False,
m74[C_cy],L-methionine_C5H11NO2S,C_cy,C5H11NO2S,0,True,"bigg.metabolite,biggM,chebi,envipath,envipathM,hmdb,inchi,inchikey,kegg.compound,kegg.drug,keggC,keggD,metacyc.compound,metacycM,metanetx.chemical,reactome,reactomeM,sabiork.compound,sabiorkM,seed.compound,seedM,vmhM,vmhmetabolite",True,True,True,True,True,True,False,True,True,True,14,L-methionine,True,m808[C_mi]
m75[C_mi],homocitrate_C7H10O7,C_mi,C7H10O7,0,False,,False,False,False,False,False,False,False,False,True,True,2,homocitrate,False,
m76[C_mi],"but-1-ene-1,2,4-tricarboxylic acid_C7H5O6",C_mi,C7H5O6,0,False,,False,False,False,False,False,False,False,False,True,True,2,"but-1-ene-1,2,4-tricarboxylic acid",False,
m77[C_mi],oxaloacetate_C4H4O5,C_mi,C4H4O5,-2,True,"bigg.metabolite,biggM,chebi,envipath,envipathM,hmdb,inchi,inchikey,kegg.compound,keggC,lipidmaps,lipidmapsM,metacyc.compound,metacycM,metanetx.chemical,reactome,reactomeM,sabiork.compound,sabiorkM,seed.compound,seedM,slm,vmhM,vmhmetabolite",True,True,True,True,True,True,False,True,True,True,5,oxaloacetate,True,m328[C_cy]
m78[C_mi],propionyl-CoA_C24H36N7O17P3S,C_mi,C24H36N7O17P3S,0,False,,False,False,False,False,False,False,False,False,True,True,3,propionyl-CoA,False,
m79[C_mi],2-methylcitrate_C7H7O7,C_mi,C7H7O7,-3,True,"bigg.metabolite,biggM,chebi,hmdb,inchi,inchikey,metacyc.compound,metacycM,metanetx.chemical",True,False,True,True,True,True,False,False,True,True,2,2-methylcitrate,False,
m80[C_cy],(2S)-2-isopropyl-3-oxosuccinate_C7H10O5,C_cy,C7H10O5,0,True,"bigg.metabolite,biggM,metanetx.chemical",True,False,True,False,False,False,False,False,True,True,3,(2S)-2-isopropyl-3-oxosuccinate,True,m83[C_mi]
m81[C_cy],4-methyl-2-oxopentanoate_C6H10O3,C_cy,C6H10O3,-1,True,"bigg.metabolite,biggM,chebi,envipath,envipathM,hmdb,inchi,inchikey,kegg.compound,keggC,metacyc.compound,metacycM,metanetx.chemical,reactome,reactomeM,sabiork.compound,sabiorkM,seed.compound,seedM,vmhM,vmhmetabolite",True,True,True,True,True,True,False,True,True,True,2,4-methyl-2-oxopentanoate,True,m84[C_mi]
m82[C_cy],carbon dioxide_CO2,C_cy,CO2,0,False,,False,False,False,False,False,False,False,False,True,True,53,carbon dioxide,False,
m83[C_mi],(2S)-2-isopropyl-3-oxosuccinate_C7H10O5,C_mi,C7H10O5,0,True,"bigg.metabolite,biggM,metanetx.chemical",True,False,True,False,False,False,False,False,True,True,2,(2S)-2-isopropyl-3-oxosuccinate,True,m80[C_cy]
m84[C_mi],4-methyl-2-oxopentanoate_C6H10O3,C_mi,C6H10O3,-1,True,"bigg.metabolite,biggM,chebi,envipath,envipathM,hmdb,inchi,inchikey,kegg.compound,keggC,metacyc.compound,metacycM,metanetx.chemical,reactome,reactomeM,sabiork.compound,sabiorkM,seed.compound,seedM,vmhM,vmhmetabolite",True,True,True,True,True,True,False,True,True,True,3,4-methyl-2-oxopentanoate,True,m81[C_cy]
m85[C_cy],"adenosine 3',5'-bismonophosphate_C10H11N5O10P2",C_cy,C10H11N5O10P2,0,False,,False,False,False,False,False,False,False,False,True,True,4,"adenosine 3',5'-bismonophosphate",False,
m86[C_cy],AMP_C10H14N5O7P,C_cy,C10H14N5O7P,-2,True,"bigg.metabolite,biggM,chebi,envipath,envipathM,hmdb,inchi,inchikey,kegg.compound,kegg.drug,keggC,keggD,metacyc.compound,metacycM,metanetx.chemical,reactome,reactomeM,sabiork.compound,sabiorkM,seed.compound,seedM,vmhM,vmhmetabolite",True,True,True,True,True,True,False,True,True,True,52,AMP,True,m48[C_mi]
m87[C_cy],"3',5'-cyclic AMP_C10H12N5O6P",C_cy,C10H12N5O6P,-1,True,"bigg.metabolite,biggM,chebi,hmdb,inchi,inchikey,kegg.compound,keggC,metacyc.compound,metacycM,metanetx.chemical,reactome,reactomeM,sabiork.compound,sabiorkM,seed.compound,seedM,vmhM,vmhmetabolite",True,True,True,True,True,True,False,True,True,True,2,"3',5'-cyclic AMP",False,
m88[C_cy],"3',5'-cyclic dAMP_C10H12N5O5P",C_cy,C10H12N5O5P,0,True,"bigg.metabolite,biggM,chebi,inchi,inchikey,kegg.compound,keggC,metanetx.chemical,seed.compound,seedM",True,True,True,True,False,True,False,True,True,True,1,"3',5'-cyclic dAMP",False,
m89[C_cy],dAMP_C10H14N5O6P,C_cy,C10H14N5O6P,-2,True,"bigg.metabolite,biggM,chebi,hmdb,inchi,inchikey,kegg.compound,keggC,metacyc.compound,metacycM,metanetx.chemical,reactome,reactomeM,sabiork.compound,sabiorkM,seed.compound,seedM,vmhM,vmhmetabolite",True,True,True,True,True,True,False,True,True,True,10,dAMP,True,m1093[C_mi]
m90[C_cy],"3',5'-cyclic IMP_C10H11N4O7P",C_cy,C10H11N4O7P,-1,True,"chebi,inchi,inchikey,kegg.compound,keggC,metacyc.compound,metacycM,metanetx.chemical,seed.compound,seedM",False,True,True,True,False,True,False,True,True,True,1,"3',5'-cyclic IMP",False,
m91[C_cy],IMP_C10H13N4O8P,C_cy,C10H13N4O8P,-2,True,"bigg.metabolite,biggM,chebi,hmdb,inchi,inchikey,kegg.compound,keggC,metacyc.compound,metacycM,metanetx.chemical,reactome,reactomeM,sabiork.compound,sabiorkM,seed.compound,seedM,vmhM,vmhmetabolite",True,True,True,True,True,True,False,True,True,True,10,IMP,False,
m92[C_cy],"3',5'-cyclic GMP_C10H12N5O7P",C_cy,C10H12N5O7P,-1,True,"bigg.metabolite,biggM,chebi,hmdb,inchi,inchikey,kegg.compound,keggC,metacyc.compound,metacycM,metanetx.chemical,reactome,reactomeM,sabiork.compound,sabiorkM,seed.compound,seedM,vmhM,vmhmetabolite",True,True,True,True,True,True,False,True,True,True,2,"3',5'-cyclic GMP",False,
m93[C_cy],GMP_C10H14N5O8P,C_cy,C10H14N5O8P,-2,True,"bigg.metabolite,biggM,chebi,hmdb,inchi,inchikey,kegg.compound,keggC,metacyc.compound,metacycM,metanetx.chemical,reactome,reactomeM,sabiork.compound,sabiorkM,seed.compound,seedM,vmhM,vmhmetabolite",True,True,True,True,True,True,False,True,True,True,16,GMP,True,m847[C_go]
m94[C_cy],"3',5'-cyclic CMP_C9H12N3O7P",C_cy,C9H12N3O7P,-1,True,"chebi,inchi,inchikey,kegg.compound,keggC,metacyc.compound,metacycM,metanetx.chemical,seed.compound,seedM,vmhM,vmhmetabolite",False,True,True,True,False,True,False,True,True,True,1,"3',5'-cyclic CMP",False,
m95[C_cy],CMP_C9H14N3O8P,C_cy,C9H14N3O8P,-2,True,"bigg.metabolite,biggM,chebi,hmdb,inchi,inchikey,kegg.compound,kegg.glycan,keggC,keggG,metacyc.compound,metacycM,metanetx.chemical,reactome,reactomeM,sabiork.compound,sabiorkM,seed.compound,seedM,vmhM,vmhmetabolite",True,True,True,True,True,True,False,True,True,True,24,CMP,True,m1038[C_mi]
m96[C_cy],D-ribulose 5-phosphate_C5H11O8P,C_cy,C5H11O8P,-2,True,"bigg.metabolite,biggM,chebi,hmdb,inchi,inchikey,kegg.compound,keggC,metacyc.compound,metacycM,metanetx.chemical,reactome,reactomeM,sabiork.compound,sabiorkM,seed.compound,seedM,vmhM,vmhmetabolite",True,True,True,True,True,True,False,True,True,True,6,D-ribulose 5-phosphate,False,
m97[C_cy],2-hydroxy-3-oxobutyl phosphate_C4H9O6P,C_cy,C4H9O6P,0,True,"bigg.metabolite,biggM,chebi,hmdb,inchi,inchikey,kegg.compound,keggC,metanetx.chemical,sabiork.compound,sabiorkM,vmhM,vmhmetabolite",True,True,True,True,True,True,False,False,True,True,2,2-hydroxy-3-oxobutyl phosphate,False,
m98[C_cy],3-dehydroquinate_C7H10O6,C_cy,C7H10O6,-1,True,"bigg.metabolite,biggM,chebi,envipath,envipathM,hmdb,inchi,inchikey,kegg.compound,keggC,metacyc.compound,metacycM,metanetx.chemical,reactome,reactomeM,sabiork.compound,sabiorkM,seed.compound,seedM,vmhM,vmhmetabolite",True,True,True,True,True,True,False,True,True,True,2,3-dehydroquinate,False,
m99[C_cy],3-dehydroshikimate_C7H8O5,C_cy,C7H8O5,-1,True,"bigg.metabolite,biggM,chebi,envipath,envipathM,hmdb,inchi,inchikey,kegg.compound,keggC,metacyc.compound,metacycM,metanetx.chemical,reactome,reactomeM,sabiork.compound,sabiorkM,seed.compound,seedM,vmhM,vmhmetabolite",True,True,True,True,True,True,False,True,True,True,3,3-dehydroshikimate,True,m2056[C_ex]
m100[C_cy],7-phospho-2-dehydro-3-deoxy-D-arabino-heptonic acid_C7H10O10P,C_cy,C7H10O10P,0,False,,False,False,False,False,False,False,False,False,True,True,3,7-phospho-2-dehydro-3-deoxy-D-arabino-heptonic acid,False,
m101[C_er],3-ketosphinganine_C18H38NO2,C_er,C18H38NO2,0,False,,False,False,False,False,False,False,False,False,True,True,2,3-ketosphinganine,False,
m102[C_er],H+_p+1,C_er,,0,False,,False,False,False,False,False,False,False,False,False,True,25,H+_p+1,False,
m103[C_er],NADPH_C21H30N7O17P3,C_er,C21H30N7O17P3,-4,True,"bigg.metabolite,biggM,chebi,hmdb,inchi,inchikey,kegg.compound,keggC,metacyc.compound,metacycM,metanetx.chemical,reactome,reactomeM,sabiork.compound,sabiorkM,seed.compound,seedM,vmhM,vmhmetabolite",True,True,True,True,True,True,False,True,True,True,15,NADPH,True,m40[C_cy]
m104[C_er],NADP(+)_C21H28N7O17P3,C_er,C21H28N7O17P3,-3,True,"bigg.metabolite,biggM,chebi,hmdb,inchi,inchikey,kegg.compound,keggC,metacyc.compound,metacycM,metanetx.chemical,reactome,reactomeM,sabiork.compound,sabiorkM,seed.compound,seedM,vmhM,vmhmetabolite",True,True,True,True,True,True,False,True,True,True,15,NADP(+),True,m41[C_cy]
m105[C_er],sphinganine_C18H39NO2,C_er,C18H39NO2,1,True,"bigg.metabolite,biggM,chebi,hmdb,inchi,inchikey,kegg.compound,keggC,lipidmaps,lipidmapsM,metacyc.compound,metacycM,metanetx.chemical,reactome,reactomeM,sabiork.compound,sabiorkM,seed.compound,seedM,slm,vmhM,vmhmetabolite",True,True,True,True,True,True,False,True,True,True,9,sphinganine,False,
m106[C_cy],D-erythrose 4-phosphate_C4H9O7P,C_cy,C4H9O7P,-2,True,"bigg.metabolite,biggM,chebi,hmdb,inchi,inchikey,kegg.compound,keggC,metacyc.compound,metacycM,metanetx.chemical,reactome,reactomeM,sabiork.compound,sabiorkM,seed.compound,seedM,vmhM,vmhmetabolite",True,True,True,True,True,True,False,True,True,True,6,D-erythrose 4-phosphate,True,m55[C_mi]
m107[C_cy],phosphoenolpyruvate_C3H5O6P,C_cy,C3H5O6P,-3,True,"bigg.metabolite,biggM,chebi,envipath,envipathM,hmdb,inchi,inchikey,kegg.compound,keggC,metacyc.compound,metacycM,metanetx.chemical,reactome,reactomeM,sabiork.compound,sabiorkM,seed.compound,seedM,vmhM,vmhmetabolite",True,True,True,True,True,True,False,True,True,True,8,phosphoenolpyruvate,True,m56[C_mi]
m108[C_cy],3-hexaprenyl-4-hydroxybenzoic acid_C37H54O3,C_cy,C37H54O3,0,False,,False,False,False,False,False,False,False,False,True,True,2,3-hexaprenyl-4-hydroxybenzoic acid,False,
m109[C_cy],oxygen_O2,C_cy,O2,0,False,,False,False,False,False,False,False,False,False,True,True,54,oxygen,False,
m110[C_cy],"3-hexaprenyl-4,5-dihydroxybenzoic acid_C37H53O4",C_cy,C37H53O4,0,False,,False,False,False,False,False,False,False,False,True,True,2,"3-hexaprenyl-4,5-dihydroxybenzoic acid",False,
m111[C_mi],3-hexaprenyl-4-hydroxy-5-methoxybenzoic acid_C38H55O4,C_mi,C38H55O4,0,False,,False,False,False,False,False,False,False,False,True,True,2,3-hexaprenyl-4-hydroxy-5-methoxybenzoic acid,False,
m112[C_cy],3-hydroxy-L-kynurenine_C10H12N2O4,C_cy,C10H12N2O4,0,True,"bigg.metabolite,biggM,chebi,hmdb,inchi,inchikey,kegg.compound,keggC,metacyc.compound,metacycM,metanetx.chemical,reactome,reactomeM,sabiork.compound,sabiorkM,seed.compound,seedM,vmhM,vmhmetabolite",True,True,True,True,True,True,False,True,True,True,2,3-hydroxy-L-kynurenine,False,
m113[C_cy],3-hydroxyanthranilate_C7H7NO3,C_cy,C7H7NO3,-1,True,"bigg.metabolite,biggM,chebi,envipath,envipathM,hmdb,inchi,inchikey,kegg.compound,keggC,metacyc.compound,metacycM,metanetx.chemical,reactome,reactomeM,sabiork.compound,sabiorkM,seed.compound,seedM,vmhM,vmhmetabolite",True,True,True,True,True,True,False,True,True,True,2,3-hydroxyanthranilate,False,
m114[C_cy],L-alanine_C3H7NO2,C_cy,C3H7NO2,0,True,"bigg.metabolite,biggM,chebi,envipath,envipathM,hmdb,inchi,inchikey,kegg.compound,kegg.drug,keggC,keggD,metacyc.compound,metacycM,metanetx.chemical,reactome,reactomeM,sabiork.compound,sabiorkM,seed.compound,seedM,vmhM,vmhmetabolite",True,True,True,True,True,True,False,True,True,True,18,L-alanine,True,m756[C_mi]
m115[C_pe],(R)-3-hydroxytetradecanoyl-CoA_ActiveX VT_ERROR:,C_pe,,0,False,,False,False,False,False,False,False,False,False,False,True,2,(R)-3-hydroxytetradecanoyl-CoA_ActiveX VT_ERROR:,False,
m116[C_pe],NAD_C21H27N7O14P2,C_pe,C21H27N7O14P2,0,True,"chebi,metanetx.chemical",False,False,True,True,False,False,False,False,True,True,21,NAD,True,m27[C_mi]
m117[C_pe],3-oxotetradecanoyl-CoA_C35H60N7O18P3S,C_pe,C35H60N7O18P3S,-4,True,"bigg.metabolite,biggM,chebi,hmdb,inchi,inchikey,kegg.compound,keggC,lipidmaps,lipidmapsM,metacyc.compound,metacycM,metanetx.chemical,reactome,reactomeM,sabiork.compound,sabiorkM,seed.compound,seedM,slm,vmhM,vmhmetabolite",True,True,True,True,True,True,False,True,True,True,2,3-oxotetradecanoyl-CoA,True,m1425[C_em]
m118[C_pe],H+_p+1,C_pe,,0,False,,False,False,False,False,False,False,False,False,False,True,39,H+_p+1,False,
m119[C_pe],NADH_C21H29N7O14P2,C_pe,C21H29N7O14P2,-2,True,"bigg.metabolite,biggM,chebi,hmdb,inchi,inchikey,kegg.compound,keggC,metacyc.compound,metacycM,metanetx.chemical,reactome,reactomeM,sabiork.compound,sabiorkM,seed.compound,seedM,vmhM,vmhmetabolite",True,True,True,True,True,True,False,True,True,True,20,NADH,True,m30[C_mi]
m120[C_cy],2-amino-3-carboxymuconate-6-semialdehyde_,C_cy,,0,False,,False,False,False,False,False,False,False,False,False,True,2,2-amino-3-carboxymuconate-6-semialdehyde_,False,
m121[C_cy],"(2R,3S)-3-isopropylmalate_C7H12O5",C_cy,C7H12O5,-2,True,"bigg.metabolite,biggM,chebi,hmdb,inchi,inchikey,kegg.compound,keggC,metacyc.compound,metacycM,metanetx.chemical,sabiork.compound,sabiorkM,seed.compound,seedM,slm,vmhM,vmhmetabolite",True,True,True,True,True,True,False,True,True,True,2,"(2R,3S)-3-isopropylmalate",False,
m122[C_cy],NAD_C21H27N7O14P2,C_cy,C21H27N7O14P2,0,True,"chebi,metanetx.chemical",False,False,True,True,False,False,False,False,True,True,64,NAD,True,m27[C_mi]
m123[C_cy],NADH_C21H29N7O14P2,C_cy,C21H29N7O14P2,-2,True,"bigg.metabolite,biggM,chebi,hmdb,inchi,inchikey,kegg.compound,keggC,metacyc.compound,metacycM,metanetx.chemical,reactome,reactomeM,sabiork.compound,sabiorkM,seed.compound,seedM,vmhM,vmhmetabolite",True,True,True,True,True,True,False,True,True,True,58,NADH,True,m30[C_mi]
m124[C_mi],"5,10-methylenetetrahydrofolate_C20H23N7O6",C_mi,C20H23N7O6,-2,True,"chebi,inchi,inchikey,metanetx.chemical,reactome,reactomeM",False,False,True,True,False,True,False,False,True,True,6,"5,10-methylenetetrahydrofolate",True,m153[C_cy]
m125[C_mi],2-dehydropantoate_C6H10O4,C_mi,C6H10O4,-1,True,"bigg.metabolite,biggM,chebi,envipath,envipathM,hmdb,inchi,inchikey,kegg.compound,keggC,metacyc.compound,metacycM,metanetx.chemical,sabiork.compound,sabiorkM,seed.compound,seedM,vmhM,vmhmetabolite",True,True,True,True,True,True,False,True,True,True,2,2-dehydropantoate,True,m53[C_cy]
m126[C_mi],THF_C19H23N7O6,C_mi,C19H23N7O6,0,False,,False,False,False,False,False,False,False,False,True,True,9,THF,False,
m127[C_cy],3-phosphoshikimic acid_C7H8O8P,C_cy,C7H8O8P,0,False,,False,False,False,False,False,False,False,False,True,True,2,3-phosphoshikimic acid,False,
m128[C_cy],5-O-(1-carboxyvinyl)-3-phosphoshikimic acid_C10H9O10P,C_cy,C10H9O10P,0,False,,False,False,False,False,False,False,False,False,True,True,2,5-O-(1-carboxyvinyl)-3-phosphoshikimic acid,False,
m129[C_cy],chorismate_C10H10O6,C_cy,C10H10O6,-2,True,"bigg.metabolite,biggM,chebi,hmdb,inchi,inchikey,kegg.compound,keggC,metacyc.compound,metacycM,metanetx.chemical,reactome,reactomeM,sabiork.compound,sabiorkM,seed.compound,seedM,slm,vmhM,vmhmetabolite",True,True,True,True,True,True,False,True,True,True,5,chorismate,False,
m130[C_cy],L-glutamine_C5H10N2O3,C_cy,C5H10N2O3,0,True,"bigg.metabolite,biggM,chebi,envipath,envipathM,hmdb,inchi,inchikey,kegg.compound,kegg.drug,keggC,keggD,metacyc.compound,metacycM,metanetx.chemical,reactome,reactomeM,sabiork.compound,sabiorkM,seed.compound,seedM,vmhM,vmhmetabolite",True,True,True,True,True,True,False,True,True,True,25,L-glutamine,True,m822[C_nu]
m131[C_cy],4-amino-4-deoxychorismate_C10H11NO5,C_cy,C10H11NO5,-1,True,"bigg.metabolite,biggM,chebi,hmdb,inchi,inchikey,kegg.compound,keggC,metacyc.compound,metacycM,metanetx.chemical,sabiork.compound,sabiorkM,seed.compound,seedM,vmhM,vmhmetabolite",True,True,True,True,True,True,False,True,True,True,2,4-amino-4-deoxychorismate,False,
m132[C_cy],4-aminobenzoate_C7H7NO2,C_cy,C7H7NO2,-1,True,"bigg.metabolite,biggM,chebi,envipath,envipathM,hmdb,inchi,inchikey,kegg.compound,kegg.drug,keggC,keggD,metacyc.compound,metacycM,metanetx.chemical,reactome,reactomeM,sabiork.compound,sabiorkM,seed.compound,seedM,vmhM,vmhmetabolite",True,True,True,True,True,True,False,True,True,True,3,4-aminobenzoate,True,m486[C_mi]
m133[C_cy],gamma-aminobutyrate_C4H9NO2,C_cy,C4H9NO2,0,False,,False,False,False,False,False,False,False,False,True,True,6,gamma-aminobutyrate,False,
m134[C_cy],succinic semialdehyde_C4H5O3,C_cy,C4H5O3,0,False,,False,False,False,False,False,False,False,False,True,True,2,succinic semialdehyde,False,
m135[C_cy],4-(phosphonooxy)-L-threonine_C4H8NO7P,C_cy,C4H8NO7P,0,False,,False,False,False,False,False,False,False,False,True,True,1,4-(phosphonooxy)-L-threonine,False,
m136[C_cy],4-hydroxy-L-threonine_C4H9NO4,C_cy,C4H9NO4,0,True,"bigg.metabolite,biggM,chebi,envipath,envipathM,hmdb,inchi,inchikey,kegg.compound,keggC,lipidmaps,lipidmapsM,metacyc.compound,metacycM,metanetx.chemical,seed.compound,seedM,vmhM,vmhmetabolite",True,True,True,True,True,True,False,True,True,True,1,4-hydroxy-L-threonine,False,
m137[C_mi],4-hydroxybenzoyl-CoA_,C_mi,,0,False,,False,False,False,False,False,False,False,False,False,True,1,4-hydroxybenzoyl-CoA_,False,
m138[C_mi],4-hydroxybenzoate_C7H6O3,C_mi,C7H6O3,-1,True,"bigg.metabolite,biggM,chebi,envipath,envipathM,hmdb,inchi,inchikey,kegg.compound,keggC,metacyc.compound,metacycM,metanetx.chemical,reactome,reactomeM,sabiork.compound,sabiorkM,seed.compound,seedM,vmhM,vmhmetabolite",True,True,True,True,True,True,False,True,True,True,3,4-hydroxybenzoate,True,m366[C_cy]
m139[C_cy],4-diphospho-1D-myo-inositol pentakisphosphate_C6H19O27P7,C_cy,C6H19O27P7,0,True,"chebi,inchi,inchikey,metacyc.compound,metacycM,metanetx.chemical,seed.compound,seedM",False,False,True,True,False,True,False,True,True,True,2,4-diphospho-1D-myo-inositol pentakisphosphate,False,
m140[C_cy],myo-inositol hexakisphosphate_C6H18O24P6,C_cy,C6H18O24P6,0,False,,False,False,False,False,False,False,False,False,True,True,5,myo-inositol hexakisphosphate,False,
m141[C_cy],ATP_C10H16N5O13P3,C_cy,C10H16N5O13P3,-4,True,"bigg.metabolite,biggM,chebi,envipath,envipathM,hmdb,inchi,inchikey,kegg.compound,kegg.drug,keggC,keggD,metacyc.compound,metacycM,metanetx.chemical,reactome,reactomeM,sabiork.compound,sabiorkM,seed.compound,seedM,vmhM,vmhmetabolite",True,True,True,True,True,True,False,True,True,True,182,ATP,True,m16[C_vm]
m142[C_cy],"4,5-bis(diphospho)-1D-myo-inositol tetrakisphosphate_C6H20O30P8",C_cy,C6H20O30P8,0,True,"chebi,inchi,inchikey,metacyc.compound,metacycM,metanetx.chemical",False,False,True,True,False,True,False,False,True,True,2,"4,5-bis(diphospho)-1D-myo-inositol tetrakisphosphate",False,
m143[C_cy],ADP_C10H15N5O10P2,C_cy,C10H15N5O10P2,-3,True,"bigg.metabolite,biggM,chebi,envipath,envipathM,hmdb,inchi,inchikey,kegg.compound,kegg.glycan,keggC,keggG,metacyc.compound,metacycM,metanetx.chemical,reactome,reactomeM,sabiork.compound,sabiorkM,seed.compound,seedM,vmhM,vmhmetabolite",True,True,True,True,True,True,False,True,True,True,145,ADP,True,m18[C_vm]
m144[C_cy],5'-S-methyl-5'-thioadenosine_C11H15N5O3S,C_cy,C11H15N5O3S,0,False,,False,False,False,False,False,False,False,False,True,True,3,5'-S-methyl-5'-thioadenosine,False,
m145[C_cy],adenine_C5H5N5,C_cy,C5H5N5,0,True,"bigg.metabolite,biggM,chebi,envipath,envipathM,hmdb,inchi,inchikey,kegg.compound,kegg.drug,keggC,keggD,metacyc.compound,metacycM,metanetx.chemical,reactome,reactomeM,sabiork.compound,sabiorkM,seed.compound,seedM,vmhM,vmhmetabolite",True,True,True,True,True,True,False,True,True,True,6,adenine,True,m910[C_mi]
m146[C_cy],S-methyl-5-thio-alpha-D-ribose 1-phosphate_C6H11O7PS,C_cy,C6H11O7PS,0,False,,False,False,False,False,False,False,False,False,True,True,2,S-methyl-5-thio-alpha-D-ribose 1-phosphate,False,
m147[C_cy],cytidine_C9H13N3O5,C_cy,C9H13N3O5,0,True,"bigg.metabolite,biggM,chebi,hmdb,inchi,inchikey,kegg.compound,kegg.drug,keggC,keggD,metacyc.compound,metacycM,metanetx.chemical,reactome,reactomeM,sabiork.compound,sabiorkM,seed.compound,seedM,vmhM,vmhmetabolite",True,True,True,True,True,True,False,True,True,True,12,cytidine,True,m1040[C_ex]
m148[C_cy],inosine_C10H12N4O5,C_cy,C10H12N4O5,0,True,"bigg.metabolite,biggM,chebi,hmdb,inchi,inchikey,kegg.compound,kegg.drug,keggC,keggD,metacyc.compound,metacycM,metanetx.chemical,reactome,reactomeM,sabiork.compound,sabiorkM,seed.compound,seedM,vmhM,vmhmetabolite",True,True,True,True,True,True,False,True,True,True,3,inosine,True,m1261[C_ex]
m149[C_cy],UMP_C9H13N2O9P,C_cy,C9H13N2O9P,-2,True,"bigg.metabolite,biggM,chebi,hmdb,inchi,inchikey,kegg.compound,keggC,metacyc.compound,metacycM,metanetx.chemical,reactome,reactomeM,sabiork.compound,sabiorkM,seed.compound,seedM,vmhM,vmhmetabolite",True,True,True,True,True,True,False,True,True,True,26,UMP,True,m838[C_go]
m150[C_cy],uridine_C9H12N2O6,C_cy,C9H12N2O6,0,True,"bigg.metabolite,biggM,chebi,hmdb,inchi,inchikey,kegg.compound,keggC,metacyc.compound,metacycM,metanetx.chemical,reactome,reactomeM,sabiork.compound,sabiorkM,seed.compound,seedM,vmhM,vmhmetabolite",True,True,True,True,True,True,False,True,True,True,14,uridine,True,m1119[C_ex]
m151[C_cy],5'-phosphoribosyl-N-formylglycineamide_C8H13N2O9P,C_cy,C8H13N2O9P,0,False,,False,False,False,False,False,False,False,False,True,True,4,5'-phosphoribosyl-N-formylglycineamide,False,
m152[C_cy],5'-phosphoribosyl-N-formylglycineamidine_C8H15N3O8P,C_cy,C8H15N3O8P,0,False,,False,False,False,False,False,False,False,False,True,True,2,5'-phosphoribosyl-N-formylglycineamidine,False,
m153[C_cy],"5,10-methylenetetrahydrofolate_C20H23N7O6",C_cy,C20H23N7O6,-2,True,"chebi,inchi,inchikey,metanetx.chemical,reactome,reactomeM",False,False,True,True,False,True,False,False,True,True,5,"5,10-methylenetetrahydrofolate",True,m124[C_mi]
m154[C_cy],5-methyltetrahydrofolate_C20H25N7O6,C_cy,C20H25N7O6,0,True,"chebi,metanetx.chemical",False,False,True,True,False,False,False,False,True,True,2,5-methyltetrahydrofolate,False,
m155[C_mi],L-glycine_C2H5NO2,C_mi,C2H5NO2,0,True,"metanetx.chemical,seed.compound,seedM",False,False,True,False,False,False,False,True,True,True,6,L-glycine,True,m272[C_cy]
m156[C_mi],succinyl-CoA_C25H40N7O19P3S,C_mi,C25H40N7O19P3S,-5,True,"bigg.metabolite,biggM,chebi,envipath,envipathM,hmdb,inchi,inchikey,kegg.compound,keggC,lipidmaps,lipidmapsM,metacyc.compound,metacycM,metanetx.chemical,reactome,reactomeM,sabiork.compound,sabiorkM,seed.compound,seedM,slm,vmhM,vmhmetabolite",True,True,True,True,True,True,False,True,True,True,6,succinyl-CoA,False,
m157[C_mi],5-aminolevulinate_C5H9NO3,C_mi,C5H9NO3,0,True,"bigg.metabolite,biggM,chebi,hmdb,inchi,inchikey,kegg.compound,kegg.drug,keggC,keggD,lipidmaps,lipidmapsM,metacyc.compound,metacycM,metanetx.chemical,reactome,reactomeM,seed.compound,seedM,vmhM,vmhmetabolite",True,True,True,True,True,True,False,True,True,True,2,5-aminolevulinate,True,m900[C_cy]
m158[C_cy],5-diphospho-1D-myo-inositol pentakisphosphate_C6H6O27P7,C_cy,C6H6O27P7,0,False,,False,False,False,False,False,False,False,False,True,True,4,5-diphospho-1D-myo-inositol pentakisphosphate,False,
m159[C_cy],5-formyltetrahydrofolic acid_C20H21N7O7,C_cy,C20H21N7O7,0,False,,False,False,False,False,False,False,False,False,True,True,3,5-formyltetrahydrofolic acid,False,
m160[C_cy],"5,10-methenyl-THF_C20H20N7O6",C_cy,C20H20N7O6,0,True,"metanetx.chemical,seed.compound,seedM",False,False,True,False,False,False,False,True,True,True,5,"5,10-methenyl-THF",True,m803[C_mi]
m161[C_cy],5-methyltetrahydropteroyltri-L-glutamic acid_C30H35N9O12,C_cy,C30H35N9O12,0,False,,False,False,False,False,False,False,False,False,True,True,1,5-methyltetrahydropteroyltri-L-glutamic acid,False,
m162[C_cy],L-homocysteine_C4H9NO2S,C_cy,C4H9NO2S,0,True,"bigg.metabolite,biggM,chebi,envipath,envipathM,hmdb,inchi,inchikey,kegg.compound,keggC,metacyc.compound,metacycM,metanetx.chemical,reactome,reactomeM,sabiork.compound,sabiorkM,seed.compound,seedM,vmhM,vmhmetabolite",True,True,True,True,True,True,False,True,True,True,7,L-homocysteine,False,
m163[C_cy],tetrahydropteroyltri-L-glutamic acid_C29H33N9O12,C_cy,C29H33N9O12,0,False,,False,False,False,False,False,False,False,False,True,True,1,tetrahydropteroyltri-L-glutamic acid,False,
m164[C_cy],S-methyl-5-thio-D-ribulose 1-phosphate_,C_cy,,0,False,,False,False,False,False,False,False,False,False,False,True,2,S-methyl-5-thio-D-ribulose 1-phosphate_,False,
m165[C_cy],"5,6-bis(diphospho)-1D-myo-inositol tetrakisphosphate_C6H20O30P8",C_cy,C6H20O30P8,0,True,"bigg.metabolite,biggM,chebi,hmdb,inchi,inchikey,metacyc.compound,metacycM,metanetx.chemical,sabiork.compound,sabiorkM,seed.compound,seedM,vmhM,vmhmetabolite",True,False,True,True,True,True,False,True,True,True,4,"5,6-bis(diphospho)-1D-myo-inositol tetrakisphosphate",False,
m166[C_cy],D-fructose 6-phosphate_C6H11O9P,C_cy,C6H11O9P,0,True,"chebi,metanetx.chemical",False,False,True,True,False,False,False,False,True,True,11,D-fructose 6-phosphate,False,
m167[C_cy],"beta-D-fructose 2,6-bisphosphate_C6H10O12P2",C_cy,C6H10O12P2,-4,True,"bigg.metabolite,biggM,chebi,hmdb,inchi,inchikey,kegg.compound,keggC,metacyc.compound,metacycM,metanetx.chemical,reactome,reactomeM,sabiork.compound,sabiorkM,seed.compound,seedM,vmhM,vmhmetabolite",True,True,True,True,True,True,False,True,True,True,2,"beta-D-fructose 2,6-bisphosphate",False,
m168[C_cy],"6-O-phosphono-D-glucono-1,5-lactone_C6H11O9P",C_cy,C6H11O9P,0,False,,False,False,False,False,False,False,False,False,True,True,2,"6-O-phosphono-D-glucono-1,5-lactone",False,
m169[C_cy],6-phospho-D-gluconate_C6H13O10P,C_cy,C6H13O10P,-3,True,"bigg.metabolite,biggM,chebi,hmdb,inchi,inchikey,kegg.compound,keggC,metacyc.compound,metacycM,metanetx.chemical,reactome,reactomeM,sabiork.compound,sabiorkM,seed.compound,seedM,vmhM,vmhmetabolite",True,True,True,True,True,True,False,True,True,True,4,6-phospho-D-gluconate,False,
m170[C_cy],6-diphospho-1D-myo-inositol pentakisphosphate_C6H19O27P7,C_cy,C6H19O27P7,-13,True,"chebi,inchi,inchikey,metacyc.compound,metacycM,metanetx.chemical,seed.compound,seedM",False,False,True,True,False,True,False,True,True,True,2,6-diphospho-1D-myo-inositol pentakisphosphate,False,
m171[C_cy],pimeloyl-CoA_C28H46N7O19P3S,C_cy,C28H46N7O19P3S,0,False,,False,False,False,False,False,False,False,False,True,True,1,pimeloyl-CoA,False,
m172[C_cy],8-amino-7-oxononanoate_C9H17NO3,C_cy,C9H17NO3,0,False,,False,False,False,False,False,False,False,False,True,True,3,8-amino-7-oxononanoate,False,
m173[C_cy],acetaldehyde_C2H4O,C_cy,C2H4O,0,True,"bigg.metabolite,biggM,chebi,envipath,envipathM,hmdb,inchi,inchikey,kegg.compound,keggC,metacyc.compound,metacycM,metanetx.chemical,reactome,reactomeM,sabiork.compound,sabiorkM,seed.compound,seedM,slm,vmhM,vmhmetabolite",True,True,True,True,True,True,False,True,True,True,12,acetaldehyde,True,m278[C_mi]
m174[C_cy],(R)-acetoin_C4H8O2,C_cy,C4H8O2,0,True,"bigg.metabolite,biggM,chebi,hmdb,inchi,inchikey,kegg.compound,keggC,lipidmaps,lipidmapsM,metacyc.compound,metacycM,metanetx.chemical,sabiork.compound,sabiorkM,seed.compound,seedM,vmhM,vmhmetabolite",True,True,True,True,True,True,False,True,True,True,2,(R)-acetoin,False,
m175[C_mi],2-acetyllactic acid_C5H7O4,C_mi,C5H7O4,0,False,,False,False,False,False,False,False,False,False,True,True,2,2-acetyllactic acid,False,
m176[C_mi],NADPH_C21H30N7O17P3,C_mi,C21H30N7O17P3,-4,True,"bigg.metabolite,biggM,chebi,hmdb,inchi,inchikey,kegg.compound,keggC,metacyc.compound,metacycM,metanetx.chemical,reactome,reactomeM,sabiork.compound,sabiorkM,seed.compound,seedM,vmhM,vmhmetabolite",True,True,True,True,True,True,False,True,True,True,23,NADPH,True,m40[C_cy]
m177[C_mi],"(R)-2,3-dihydroxy-3-methylbutanoate_C5H10O4",C_mi,C5H10O4,0,False,,False,False,False,False,False,False,False,False,True,True,2,"(R)-2,3-dihydroxy-3-methylbutanoate",False,
m178[C_mi],NADP(+)_C21H28N7O17P3,C_mi,C21H28N7O17P3,-3,True,"bigg.metabolite,biggM,chebi,hmdb,inchi,inchikey,kegg.compound,keggC,metacyc.compound,metacycM,metanetx.chemical,reactome,reactomeM,sabiork.compound,sabiorkM,seed.compound,seedM,vmhM,vmhmetabolite",True,True,True,True,True,True,False,True,True,True,23,NADP(+),True,m41[C_cy]
m179[C_mi],ACP1_,C_mi,,0,False,,False,False,False,False,False,False,False,False,False,True,11,ACP1_,False,
m180[C_mi],acetyl-ACP_C2H3OSR,C_mi,C2H3OSR,0,True,"metanetx.chemical,vmhM,vmhmetabolite",False,False,True,False,False,False,False,False,True,True,2,acetyl-ACP_C2H3OSR,False,
m181[C_pe],3-oxooctadecanoyl-CoA_C39H68N7O18P3S,C_pe,C39H68N7O18P3S,-4,True,"bigg.metabolite,biggM,chebi,hmdb,inchi,inchikey,kegg.compound,keggC,lipidmaps,lipidmapsM,metacyc.compound,metacycM,metanetx.chemical,reactome,reactomeM,sabiork.compound,sabiorkM,seed.compound,seedM,slm",True,True,True,True,True,True,False,True,True,True,2,3-oxooctadecanoyl-CoA,True,m1429[C_em]
m182[C_pe],coenzyme A_C21H36N7O16P3S,C_pe,C21H36N7O16P3S,0,False,,False,False,False,False,False,False,False,False,True,True,46,coenzyme A,False,
m183[C_pe],acetyl-CoA_C23H38N7O17P3S,C_pe,C23H38N7O17P3S,-4,True,"bigg.metabolite,biggM,chebi,envipath,envipathM,hmdb,inchi,inchikey,kegg.compound,keggC,lipidmaps,lipidmapsM,metacyc.compound,metacycM,metanetx.chemical,reactome,reactomeM,sabiork.compound,sabiorkM,seed.compound,seedM,slm,vmhM,vmhmetabolite",True,True,True,True,True,True,False,True,True,True,23,acetyl-CoA,True,m68[C_cy]
m184[C_pe],palmitoyl-CoA_C37H66N7O17P3S,C_pe,C37H66N7O17P3S,0,True,"bigg.metabolite,biggM,metanetx.chemical",True,False,True,False,False,False,False,False,True,True,5,palmitoyl-CoA,True,m250[C_er]
m185[C_pe],3-oxohexacosanoyl-CoA_C47H84N7O18P3S,C_pe,C47H84N7O18P3S,-4,True,"bigg.metabolite,biggM,chebi,hmdb,inchi,inchikey,lipidmaps,lipidmapsM,metacyc.compound,metacycM,metanetx.chemical,reactome,reactomeM,seed.compound,seedM,slm,vmhM,vmhmetabolite",True,False,True,True,True,True,False,True,True,True,2,3-oxohexacosanoyl-CoA,True,m1437[C_em]
m186[C_pe],tetracosanoyl-CoA_C45H82N7O17P3S,C_pe,C45H82N7O17P3S,-4,True,"bigg.metabolite,biggM,chebi,hmdb,inchi,inchikey,kegg.compound,keggC,lipidmaps,lipidmapsM,metacyc.compound,metacycM,metanetx.chemical,reactome,reactomeM,sabiork.compound,sabiorkM,seed.compound,seedM,slm,vmhM,vmhmetabolite",True,True,True,True,True,True,False,True,True,True,3,tetracosanoyl-CoA,True,m394[C_er]
m187[C_pe],3-oxopalmitoyl-CoA_C37H60N7O18P3S,C_pe,C37H60N7O18P3S,0,False,,False,False,False,False,False,False,False,False,True,True,2,3-oxopalmitoyl-CoA,False,
m188[C_pe],myristoyl-CoA_C35H62N7O17P3S,C_pe,C35H62N7O17P3S,0,True,"bigg.metabolite,biggM,metanetx.chemical",True,False,True,False,False,False,False,False,True,True,5,myristoyl-CoA,True,m1426[C_em]
m189[C_cy],acetoacetyl-CoA_C25H40N7O18P3S,C_cy,C25H40N7O18P3S,-4,True,"bigg.metabolite,biggM,chebi,envipath,envipathM,hmdb,inchi,inchikey,kegg.compound,keggC,lipidmaps,lipidmapsM,metacyc.compound,metacycM,metanetx.chemical,reactome,reactomeM,sabiork.compound,sabiorkM,seed.compound,seedM,slm,vmhM,vmhmetabolite",True,True,True,True,True,True,False,True,True,True,2,acetoacetyl-CoA,True,m190[C_mi]
m190[C_mi],acetoacetyl-CoA_C25H40N7O18P3S,C_mi,C25H40N7O18P3S,-4,True,"bigg.metabolite,biggM,chebi,envipath,envipathM,hmdb,inchi,inchikey,kegg.compound,keggC,lipidmaps,lipidmapsM,metacyc.compound,metacycM,metanetx.chemical,reactome,reactomeM,sabiork.compound,sabiorkM,seed.compound,seedM,slm,vmhM,vmhmetabolite",True,True,True,True,True,True,False,True,True,True,4,acetoacetyl-CoA,True,m189[C_cy]
m191[C_pe],lauroyl-CoA_C33H58N7O17P3S,C_pe,C33H58N7O17P3S,0,True,"envipath,envipathM,hmdb,inchi,inchikey,metanetx.chemical",False,False,True,False,True,True,False,False,True,True,5,lauroyl-CoA,True,m1422[C_em]
m192[C_pe],3-oxodecanoyl-CoA_C31H52N7O18P3S,C_pe,C31H52N7O18P3S,-4,True,"bigg.metabolite,biggM,chebi,inchi,inchikey,kegg.compound,keggC,lipidmaps,lipidmapsM,metacyc.compound,metacycM,metanetx.chemical,reactome,reactomeM,sabiork.compound,sabiorkM,seed.compound,seedM,slm,vmhM,vmhmetabolite",True,True,True,True,False,True,False,True,True,True,2,3-oxodecanoyl-CoA,False,
m193[C_pe],octanoyl-CoA_C29H50N7O17P3S,C_pe,C29H50N7O17P3S,-4,True,"bigg.metabolite,biggM,chebi,envipath,envipathM,hmdb,inchi,inchikey,kegg.compound,keggC,lipidmaps,lipidmapsM,metacyc.compound,metacycM,metanetx.chemical,reactome,reactomeM,sabiork.compound,sabiorkM,seed.compound,seedM,slm,vmhM,vmhmetabolite",True,True,True,True,True,True,False,True,True,True,4,octanoyl-CoA,True,m1736[C_mm]
m194[C_pe],3-oxolauroyl-CoA_C33H56N7O18P3S,C_pe,C33H56N7O18P3S,0,False,,False,False,False,False,False,False,False,False,True,True,2,3-oxolauroyl-CoA,False,
m195[C_pe],decanoyl-CoA_C31H54N7O17P3S,C_pe,C31H54N7O17P3S,-4,True,"bigg.metabolite,biggM,chebi,hmdb,inchi,inchikey,kegg.compound,keggC,lipidmaps,lipidmapsM,metacyc.compound,metacycM,metanetx.chemical,reactome,reactomeM,sabiork.compound,sabiorkM,seed.compound,seedM,slm,vmhM,vmhmetabolite",True,True,True,True,True,True,False,True,True,True,4,decanoyl-CoA,True,m1737[C_mm]
m196[C_mi],bicarbonate_CHO3,C_mi,CHO3,0,False,,False,False,False,False,False,False,False,False,True,True,3,bicarbonate,False,
m197[C_mi],ADP_C10H15N5O10P2,C_mi,C10H15N5O10P2,-3,True,"bigg.metabolite,biggM,chebi,envipath,envipathM,hmdb,inchi,inchikey,kegg.compound,kegg.glycan,keggC,keggG,metacyc.compound,metacycM,metanetx.chemical,reactome,reactomeM,sabiork.compound,sabiorkM,seed.compound,seedM,vmhM,vmhmetabolite",True,True,True,True,True,True,False,True,True,True,15,ADP,True,m18[C_vm]
m198[C_mi],malonyl-CoA_C24H38N7O19P3S,C_mi,C24H38N7O19P3S,-5,True,"bigg.metabolite,biggM,chebi,hmdb,inchi,inchikey,kegg.compound,keggC,lipidmaps,lipidmapsM,metacyc.compound,metacycM,metanetx.chemical,reactome,reactomeM,sabiork.compound,sabiorkM,seed.compound,seedM,slm,vmhM,vmhmetabolite",True,True,True,True,True,True,False,True,True,True,2,malonyl-CoA,True,m200[C_cy]
m199[C_cy],bicarbonate_CHO3,C_cy,CHO3,0,False,,False,False,False,False,False,False,False,False,True,True,7,bicarbonate,False,
m200[C_cy],malonyl-CoA_C24H38N7O19P3S,C_cy,C24H38N7O19P3S,-5,True,"bigg.metabolite,biggM,chebi,hmdb,inchi,inchikey,kegg.compound,keggC,lipidmaps,lipidmapsM,metacyc.compound,metacycM,metanetx.chemical,reactome,reactomeM,sabiork.compound,sabiorkM,seed.compound,seedM,slm,vmhM,vmhmetabolite",True,True,True,True,True,True,False,True,True,True,5,malonyl-CoA,True,m198[C_mi]
m201[C_mi],acetate_C2H4O2,C_mi,C2H4O2,-1,True,"bigg.metabolite,biggM,chebi,envipath,envipathM,hmdb,inchi,inchikey,kegg.compound,kegg.drug,keggC,keggD,lipidmaps,lipidmapsM,metacyc.compound,metacycM,metanetx.chemical,reactome,reactomeM,sabiork.compound,sabiorkM,seed.compound,seedM,slm,vmhM,vmhmetabolite",True,True,True,True,True,True,False,True,True,True,7,acetate,True,m202[C_cy]
m202[C_cy],acetate_C2H4O2,C_cy,C2H4O2,-1,True,"bigg.metabolite,biggM,chebi,envipath,envipathM,hmdb,inchi,inchikey,kegg.compound,kegg.drug,keggC,keggD,lipidmaps,lipidmapsM,metacyc.compound,metacycM,metanetx.chemical,reactome,reactomeM,sabiork.compound,sabiorkM,seed.compound,seedM,slm,vmhM,vmhmetabolite",True,True,True,True,True,True,False,True,True,True,16,acetate,True,m201[C_mi]
m203[C_cy],diphosphate_H4O7P2,C_cy,H4O7P2,-3,True,"bigg.metabolite,biggM,chebi,envipath,envipathM,hmdb,inchi,inchikey,kegg.compound,keggC,metacyc.compound,metacycM,metanetx.chemical,reactome,reactomeM,sabiork.compound,sabiorkM,seed.compound,seedM,vmhM,vmhmetabolite",True,True,True,True,True,True,False,True,True,True,82,diphosphate,True,m204[C_mi]
m204[C_mi],diphosphate_H4O7P2,C_mi,H4O7P2,-3,True,"bigg.metabolite,biggM,chebi,envipath,envipathM,hmdb,inchi,inchikey,kegg.compound,keggC,metacyc.compound,metacycM,metanetx.chemical,reactome,reactomeM,sabiork.compound,sabiorkM,seed.compound,seedM,vmhM,vmhmetabolite",True,True,True,True,True,True,False,True,True,True,26,diphosphate,True,m203[C_cy]
m205[C_nu],acetate_C2H4O2,C_nu,C2H4O2,-1,True,"bigg.metabolite,biggM,chebi,envipath,envipathM,hmdb,inchi,inchikey,kegg.compound,kegg.drug,keggC,keggD,lipidmaps,lipidmapsM,metacyc.compound,metacycM,metanetx.chemical,reactome,reactomeM,sabiork.compound,sabiorkM,seed.compound,seedM,slm,vmhM,vmhmetabolite",True,True,True,True,True,True,False,True,True,True,2,acetate,True,m201[C_mi]
m206[C_nu],ATP_C10H16N5O13P3,C_nu,C10H16N5O13P3,-4,True,"bigg.metabolite,biggM,chebi,envipath,envipathM,hmdb,inchi,inchikey,kegg.compound,kegg.drug,keggC,keggD,metacyc.compound,metacycM,metanetx.chemical,reactome,reactomeM,sabiork.compound,sabiorkM,seed.compound,seedM,vmhM,vmhmetabolite",True,True,True,True,True,True,False,True,True,True,13,ATP,True,m16[C_vm]
m207[C_nu],coenzyme A_C21H36N7O16P3S,C_nu,C21H36N7O16P3S,0,False,,False,False,False,False,False,False,False,False,True,True,3,coenzyme A,False,
m208[C_nu],acetyl-CoA_C23H38N7O17P3S,C_nu,C23H38N7O17P3S,-4,True,"bigg.metabolite,biggM,chebi,envipath,envipathM,hmdb,inchi,inchikey,kegg.compound,keggC,lipidmaps,lipidmapsM,metacyc.compound,metacycM,metanetx.chemical,reactome,reactomeM,sabiork.compound,sabiorkM,seed.compound,seedM,slm,vmhM,vmhmetabolite",True,True,True,True,True,True,False,True,True,True,3,acetyl-CoA,True,m68[C_cy]
m209[C_nu],AMP_C10H14N5O7P,C_nu,C10H14N5O7P,-2,True,"bigg.metabolite,biggM,chebi,envipath,envipathM,hmdb,inchi,inchikey,kegg.compound,kegg.drug,keggC,keggD,metacyc.compound,metacycM,metanetx.chemical,reactome,reactomeM,sabiork.compound,sabiorkM,seed.compound,seedM,vmhM,vmhmetabolite",True,True,True,True,True,True,False,True,True,True,3,AMP,True,m48[C_mi]
m210[C_nu],diphosphate_H4O7P2,C_nu,H4O7P2,-3,True,"bigg.metabolite,biggM,chebi,envipath,envipathM,hmdb,inchi,inchikey,kegg.compound,keggC,metacyc.compound,metacycM,metanetx.chemical,reactome,reactomeM,sabiork.compound,sabiorkM,seed.compound,seedM,vmhM,vmhmetabolite",True,True,True,True,True,True,False,True,True,True,3,diphosphate,True,m203[C_cy]
m211[C_mi],N-acetyl-L-glutamate_C7H11NO5,C_mi,C7H11NO5,-2,True,"bigg.metabolite,biggM,chebi,hmdb,inchi,inchikey,kegg.compound,keggC,metacyc.compound,metacycM,metanetx.chemical,reactome,reactomeM,sabiork.compound,sabiorkM,seed.compound,seedM,vmhM,vmhmetabolite",True,True,True,True,True,True,False,True,True,True,3,N-acetyl-L-glutamate,False,
m212[C_mi],N-acetyl-L-gamma-glutamyl phosphate_C7H12NO8P,C_mi,C7H12NO8P,0,False,,False,False,False,False,False,False,False,False,True,True,2,N-acetyl-L-gamma-glutamyl phosphate,False,
m213[C_ex],FMN_C17H21N4O9P,C_ex,C17H21N4O9P,0,True,"bigg.metabolite,biggM,chebi,hmdb,inchi,inchikey,kegg.compound,keggC,metacyc.compound,metacycM,metanetx.chemical,sabiork.compound,sabiorkM,seed.compound,seedM,vmhM,vmhmetabolite",True,True,True,True,True,True,False,True,True,True,2,FMN,True,m527[C_cy]
m214[C_ex],H2O_H2O,C_ex,H2O,0,False,,False,False,False,False,False,False,False,False,True,True,11,H2O,False,
m215[C_ex],phosphate_H3O4P,C_ex,H3O4P,-2,True,"bigg.metabolite,biggM,chebi,envipath,envipathM,hmdb,inchi,inchikey,kegg.compound,kegg.drug,keggC,keggD,metacyc.compound,metacycM,metanetx.chemical,reactome,reactomeM,sabiork.compound,sabiorkM,seed.compound,seedM,vmhM,vmhmetabolite",True,True,True,True,True,True,False,True,True,True,5,phosphate,True,m35[C_cy]
m216[C_ex],riboflavin_C17H20N4O6,C_ex,C17H20N4O6,-1,True,"bigg.metabolite,biggM,chebi,hmdb,inchi,inchikey,kegg.compound,kegg.drug,keggC,keggD,metacyc.compound,metacycM,metanetx.chemical,reactome,reactomeM,sabiork.compound,sabiorkM,seed.compound,seedM,vmhM,vmhmetabolite",True,True,True,True,True,True,False,True,True,True,3,riboflavin,True,m926[C_cy]
m217[C_mi],"(2S,3R)-3-hydroxybutane-1,2,3-tricarboxylic acid_C7H10O7",C_mi,C7H10O7,0,False,,False,False,False,False,False,False,False,False,True,True,2,"(2S,3R)-3-hydroxybutane-1,2,3-tricarboxylic acid",False,
m218[C_mi],2-acetamido-5-oxopentanoate_C7H10NO4,C_mi,C7H10NO4,0,False,,False,False,False,False,False,False,False,False,True,True,2,2-acetamido-5-oxopentanoate,False,
m219[C_mi],2-oxoglutarate_C5H6O5,C_mi,C5H6O5,-2,True,"bigg.metabolite,biggM,chebi,envipath,envipathM,hmdb,inchi,inchikey,kegg.compound,keggC,metacyc.compound,metacycM,metanetx.chemical,reactome,reactomeM,sabiork.compound,sabiorkM,seed.compound,seedM,slm,vmhM,vmhmetabolite",True,True,True,True,True,True,False,True,True,True,13,2-oxoglutarate,True,m51[C_cy]
m220[C_mi],N(2)-acetyl-L-ornithine_C7H14N2O3,C_mi,C7H14N2O3,0,True,"bigg.metabolite,biggM,chebi,hmdb,inchi,inchikey,kegg.compound,keggC,metacyc.compound,metacycM,metanetx.chemical,sabiork.compound,sabiorkM,seed.compound,seedM,vmhM,vmhmetabolite",True,True,True,True,True,True,False,True,True,True,2,N(2)-acetyl-L-ornithine,False,
m221[C_pe],oxygen_O2,C_pe,O2,0,False,,False,False,False,False,False,False,False,False,True,True,22,oxygen,False,
m222[C_pe],hydrogen peroxide_H2O2,C_pe,H2O2,0,False,,False,False,False,False,False,False,False,False,True,True,21,hydrogen peroxide,False,
m223[C_pe],trans-dec-2-enoyl-CoA_C31H48N7O17P3S,C_pe,C31H48N7O17P3S,0,False,,False,False,False,False,False,False,False,False,True,True,3,trans-dec-2-enoyl-CoA,False,
m224[C_pe],trans-dodec-2-enoyl-CoA_C33H52N7O17P3S,C_pe,C33H52N7O17P3S,0,False,,False,False,False,False,False,False,False,False,True,True,4,trans-dodec-2-enoyl-CoA,False,
m225[C_pe],hexacosanoyl-CoA_C47H86N7O17P3S,C_pe,C47H86N7O17P3S,0,True,"bigg.metabolite,biggM,metanetx.chemical",True,False,True,False,False,False,False,False,True,True,2,hexacosanoyl-CoA,True,m395[C_er]
m226[C_pe],trans-hexacos-2-enoyl-CoA_C47H84N7O17P3S,C_pe,C47H84N7O17P3S,0,True,"metanetx.chemical,seed.compound,seedM",False,False,True,False,False,False,False,True,True,True,2,trans-hexacos-2-enoyl-CoA,True,m1454[C_em]
m227[C_pe],hexadec-2-enoyl-CoA_C37H64N7O17P3S,C_pe,C37H64N7O17P3S,0,True,"chebi,hmdb,inchi,inchikey,metanetx.chemical",False,False,True,True,True,True,False,False,True,True,2,hexadec-2-enoyl-CoA,False,
m228[C_pe],stearoyl-CoA_C39H70N7O17P3S,C_pe,C39H70N7O17P3S,0,True,"bigg.metabolite,biggM,metanetx.chemical",True,False,True,False,False,False,False,False,True,True,5,stearoyl-CoA,True,m1409[C_cy]
m229[C_pe],trans-octadec-2-enoyl-CoA_C39H68N7O17P3S,C_pe,C39H68N7O17P3S,0,True,"hmdb,inchi,inchikey,metanetx.chemical",False,False,True,False,True,True,False,False,True,True,2,trans-octadec-2-enoyl-CoA,True,m1450[C_em]
m230[C_pe],trans-tetradec-2-enoyl-CoA_C35H56N7O17P3S,C_pe,C35H56N7O17P3S,0,False,,False,False,False,False,False,False,False,False,True,True,3,trans-tetradec-2-enoyl-CoA,False,
m231[C_em],oleoyl-CoA_C39H68N7O17P3S,C_em,C39H68N7O17P3S,0,False,,False,False,False,False,False,False,False,False,True,True,10,oleoyl-CoA,False,
m232[C_em],episterol_C28H46O,C_em,C28H46O,0,True,"bigg.metabolite,biggM,chebi,hmdb,inchi,inchikey,kegg.compound,keggC,lipidmaps,lipidmapsM,metacyc.compound,metacycM,metanetx.chemical,seed.compound,seedM,slm",True,True,True,True,True,True,False,True,True,True,4,episterol,True,m362[C_cy]
m233[C_em],coenzyme A_C21H36N7O16P3S,C_em,C21H36N7O16P3S,0,False,,False,False,False,False,False,False,False,False,True,True,33,coenzyme A,False,
m234[C_em],episteryl oleate_,C_em,,0,False,,False,False,False,False,False,False,False,False,False,True,2,episteryl oleate_,False,
m235[C_em],ergosterol_C28H44O,C_em,C28H44O,0,True,"bigg.metabolite,biggM,chebi,hmdb,inchi,inchikey,kegg.compound,keggC,lipidmaps,lipidmapsM,metacyc.compound,metacycM,metanetx.chemical,sabiork.compound,sabiorkM,seed.compound,seedM,slm,vmhM,vmhmetabolite",True,True,True,True,True,True,False,True,True,True,4,ergosterol,True,m365[C_er]
m236[C_em],ergosteryl oleate_C46H76O2,C_em,C46H76O2,0,True,"chebi,inchi,inchikey,lipidmaps,lipidmapsM,metacyc.compound,metacycM,metanetx.chemical,seed.compound,seedM",False,False,True,True,False,True,False,True,True,True,2,ergosteryl oleate,True,m1581[C_lp]
m237[C_em],fecosterol_C28H46O,C_em,C28H46O,0,True,"bigg.metabolite,biggM,chebi,hmdb,inchi,inchikey,kegg.compound,keggC,lipidmaps,lipidmapsM,metacyc.compound,metacycM,metanetx.chemical,sabiork.compound,sabiorkM,seed.compound,seedM,slm,vmhM,vmhmetabolite",True,True,True,True,True,True,False,True,True,True,4,fecosterol,True,m363[C_cy]
m238[C_em],fecosteryl oleate_C46H78O2,C_em,C46H78O2,0,True,"chebi,inchi,inchikey,lipidmaps,lipidmapsM,metanetx.chemical",False,False,True,True,False,True,False,False,True,True,2,fecosteryl oleate,True,m1587[C_lp]
m239[C_em],lanosterol_C30H50O,C_em,C30H50O,0,True,"bigg.metabolite,biggM,chebi,hmdb,inchi,inchikey,kegg.compound,keggC,lipidmaps,lipidmapsM,metacyc.compound,metacycM,metanetx.chemical,reactome,reactomeM,sabiork.compound,sabiorkM,seed.compound,seedM,slm,vmhM,vmhmetabolite",True,True,True,True,True,True,False,True,True,True,4,lanosterol,True,m449[C_cy]
m240[C_em],lanosteryl oleate_,C_em,,0,False,,False,False,False,False,False,False,False,False,False,True,2,lanosteryl oleate_,False,
m241[C_em],zymosterol_C27H44O,C_em,C27H44O,0,True,"bigg.metabolite,biggM,chebi,hmdb,inchi,inchikey,kegg.compound,keggC,lipidmaps,lipidmapsM,metacyc.compound,metacycM,metanetx.chemical,reactome,reactomeM,sabiork.compound,sabiorkM,seed.compound,seedM,slm,vmhM,vmhmetabolite",True,True,True,True,True,True,False,True,True,True,4,zymosterol,True,m359[C_cy]
m242[C_em],zymosteryl oleate_C45H76O2,C_em,C45H76O2,0,True,"chebi,inchi,inchikey,lipidmaps,lipidmapsM,metanetx.chemical",False,False,True,True,False,True,False,False,True,True,3,zymosteryl oleate,True,m1593[C_lp]
m243[C_em],palmitoleoyl-CoA_C37H64N7O17P3S,C_em,C37H64N7O17P3S,0,False,,False,False,False,False,False,False,False,False,True,True,8,palmitoleoyl-CoA,False,
m244[C_em],episteryl palmitoleate_,C_em,,0,False,,False,False,False,False,False,False,False,False,False,True,2,episteryl palmitoleate_,False,
m245[C_em],ergosteryl palmitoleate_C44H72O2,C_em,C44H72O2,0,True,"chebi,inchi,inchikey,lipidmaps,lipidmapsM,metanetx.chemical",False,False,True,True,False,True,False,False,True,True,2,ergosteryl palmitoleate,True,m1579[C_lp]
m246[C_em],fecosteryl palmitoleate_C44H74O2,C_em,C44H74O2,0,True,"chebi,inchi,inchikey,lipidmaps,lipidmapsM,metanetx.chemical",False,False,True,True,False,True,False,False,True,True,2,fecosteryl palmitoleate,True,m1585[C_lp]
m247[C_em],lanosteryl palmitoleate_,C_em,,0,False,,False,False,False,False,False,False,False,False,False,True,2,lanosteryl palmitoleate_,False,
m248[C_em],zymosteryl palmitoleate_C43H72O2,C_em,C43H72O2,0,True,"chebi,inchi,inchikey,lipidmaps,lipidmapsM,metanetx.chemical",False,False,True,True,False,True,False,False,True,True,3,zymosteryl palmitoleate,True,m1591[C_lp]
m249[C_er],6-(alpha-D-glucosaminyl)-1-phosphatidyl-1D-myo-inositol_C17H28NO17PR2,C_er,C17H28NO17PR2,0,True,"hmdb,inchi,inchikey,metanetx.chemical",False,False,True,False,True,True,False,False,True,True,2,6-(alpha-D-glucosaminyl)-1-phosphatidyl-1D-myo-inositol_C17H28NO17PR2,False,
m250[C_er],palmitoyl-CoA_C37H66N7O17P3S,C_er,C37H66N7O17P3S,0,True,"bigg.metabolite,biggM,metanetx.chemical",True,False,True,False,False,False,False,False,True,True,3,palmitoyl-CoA,True,m184[C_pe]
m251[C_er],6-(alpha-D-glucosaminyl)-O-acyl-1-phosphatidyl-1D-myo-inositol_,C_er,,0,False,,False,False,False,False,False,False,False,False,False,True,2,6-(alpha-D-glucosaminyl)-O-acyl-1-phosphatidyl-1D-myo-inositol_,False,
m252[C_er],coenzyme A_C21H36N7O16P3S,C_er,C21H36N7O16P3S,0,False,,False,False,False,False,False,False,False,False,True,True,9,coenzyme A,False,
m253[C_cy],PRPP_C5H8O14P3,C_cy,C5H8O14P3,0,False,,False,False,False,False,False,False,False,False,True,True,14,PRPP,False,
m254[C_cy],adenosine_C10H13N5O4,C_cy,C10H13N5O4,0,True,"bigg.metabolite,biggM,chebi,envipath,envipathM,hmdb,inchi,inchikey,kegg.compound,kegg.drug,keggC,keggD,metacyc.compound,metacycM,metanetx.chemical,reactome,reactomeM,sabiork.compound,sabiorkM,seed.compound,seedM,vmhM,vmhmetabolite",True,True,True,True,True,True,False,True,True,True,4,adenosine,True,m909[C_mi]
m255[C_cy],S-adenosyl-L-homocysteine_C14H20N6O5S,C_cy,C14H20N6O5S,0,True,"bigg.metabolite,biggM,chebi,hmdb,inchi,inchikey,kegg.compound,keggC,metacyc.compound,metacycM,metanetx.chemical,reactome,reactomeM,sabiork.compound,sabiorkM,seed.compound,seedM,vmhM,vmhmetabolite",True,True,True,True,True,True,False,True,True,True,14,S-adenosyl-L-homocysteine,True,m62[C_mi]
m256[C_cy],S-adenosyl-L-methionine_C15H22N6O5S,C_cy,C15H22N6O5S,1,True,"bigg.metabolite,biggM,chebi,hmdb,inchi,inchikey,kegg.compound,keggC,metacyc.compound,metacycM,metanetx.chemical,reactome,reactomeM,seed.compound,seedM,vmhM,vmhmetabolite",True,True,True,True,True,True,False,True,True,True,17,S-adenosyl-L-methionine,True,m60[C_mi]
m257[C_cy],S-adenosylmethioninamine_C14H23N6O3S,C_cy,C14H23N6O3S,0,False,,False,False,False,False,False,False,False,False,True,True,3,S-adenosylmethioninamine,False,
m258[C_cy],"7,8-diaminononanoate_C9H20N2O2",C_cy,C9H20N2O2,0,False,,False,False,False,False,False,False,False,False,True,True,3,"7,8-diaminononanoate",False,
m259[C_cy],S-adenosyl-4-methylthio-2-oxobutanoate_C15H19N5O6S,C_cy,C15H19N5O6S,-1,True,"bigg.metabolite,biggM,inchi,inchikey,metanetx.chemical,vmhM,vmhmetabolite",True,False,True,False,False,True,False,False,True,True,1,S-adenosyl-4-methylthio-2-oxobutanoate,False,
m260[C_mi],GTP_C10H16N5O14P3,C_mi,C10H16N5O14P3,-4,True,"bigg.metabolite,biggM,chebi,hmdb,inchi,inchikey,kegg.compound,keggC,metacyc.compound,metacycM,metanetx.chemical,reactome,reactomeM,sabiork.compound,sabiorkM,seed.compound,seedM,vmhM,vmhmetabolite",True,True,True,True,True,True,False,True,True,True,2,GTP,True,m266[C_cy]
m261[C_mi],GDP_C10H15N5O11P2,C_mi,C10H15N5O11P2,-3,True,"bigg.metabolite,biggM,chebi,hmdb,inchi,inchikey,kegg.compound,keggC,metacyc.compound,metacycM,metanetx.chemical,reactome,reactomeM,sabiork.compound,sabiorkM,seed.compound,seedM,vmhM,vmhmetabolite",True,True,True,True,True,True,False,True,True,True,2,GDP,True,m268[C_cy]
m262[C_cy],5'-phosphoribosyl-4-(N-succinocarboxamide)-5-aminoimidazole_C13H15N4O12P,C_cy,C13H15N4O12P,0,False,,False,False,False,False,False,False,False,False,True,True,2,5'-phosphoribosyl-4-(N-succinocarboxamide)-5-aminoimidazole,False,
m263[C_cy],AICAR_C9H13N4O8P,C_cy,C9H13N4O8P,0,False,,False,False,False,False,False,False,False,False,True,True,3,AICAR,False,
m264[C_cy],fumarate_C4H4O4,C_cy,C4H4O4,-2,True,"bigg.metabolite,biggM,chebi,envipath,envipathM,hmdb,inchi,inchikey,kegg.compound,kegg.drug,keggC,keggD,metacyc.compound,metacycM,metanetx.chemical,reactome,reactomeM,sabiork.compound,sabiorkM,seed.compound,seedM,slm,vmhM,vmhmetabolite",True,True,True,True,True,True,False,True,True,True,8,fumarate,True,m537[C_mi]
m265[C_cy],adenylo-succinate_C14H14N5O11P,C_cy,C14H14N5O11P,0,False,,False,False,False,False,False,False,False,False,True,True,2,adenylo-succinate,False,
m266[C_cy],GTP_C10H16N5O14P3,C_cy,C10H16N5O14P3,-4,True,"bigg.metabolite,biggM,chebi,hmdb,inchi,inchikey,kegg.compound,keggC,metacyc.compound,metacycM,metanetx.chemical,reactome,reactomeM,sabiork.compound,sabiorkM,seed.compound,seedM,vmhM,vmhmetabolite",True,True,True,True,True,True,False,True,True,True,16,GTP,True,m260[C_mi]
m267[C_cy],L-aspartate_C4H7NO4,C_cy,C4H7NO4,-1,True,"bigg.metabolite,biggM,chebi,envipath,envipathM,hmdb,inchi,inchikey,kegg.compound,kegg.drug,keggC,keggD,metacyc.compound,metacycM,metanetx.chemical,reactome,reactomeM,sabiork.compound,sabiorkM,seed.compound,seedM,vmhM,vmhmetabolite",True,True,True,True,True,True,False,True,True,True,20,L-aspartate,True,m329[C_mi]
m268[C_cy],GDP_C10H15N5O11P2,C_cy,C10H15N5O11P2,-3,True,"bigg.metabolite,biggM,chebi,hmdb,inchi,inchikey,kegg.compound,keggC,metacyc.compound,metacycM,metanetx.chemical,reactome,reactomeM,sabiork.compound,sabiorkM,seed.compound,seedM,vmhM,vmhmetabolite",True,True,True,True,True,True,False,True,True,True,24,GDP,True,m261[C_mi]
m269[C_cy],5'-adenylyl sulfate_C10H14N5O10PS,C_cy,C10H14N5O10PS,0,False,,False,False,False,False,False,False,False,False,True,True,4,5'-adenylyl sulfate,False,
m270[C_cy],3'-phospho-5'-adenylyl sulfate_C10H15N5O13P2S,C_cy,C10H15N5O13P2S,0,False,,False,False,False,False,False,False,False,False,True,True,3,3'-phospho-5'-adenylyl sulfate,False,
m271[C_cy],glyoxylate_C2H2O3,C_cy,C2H2O3,-1,True,"bigg.metabolite,biggM,chebi,envipath,envipathM,hmdb,inchi,inchikey,kegg.compound,keggC,metacyc.compound,metacycM,metanetx.chemical,reactome,reactomeM,sabiork.compound,sabiorkM,seed.compound,seedM,slm,vmhM,vmhmetabolite",True,True,True,True,True,True,False,True,True,True,10,glyoxylate,True,m800[C_pe]
m272[C_cy],L-glycine_C2H5NO2,C_cy,C2H5NO2,0,True,"metanetx.chemical,seed.compound,seedM",False,False,True,False,False,False,False,True,True,True,20,L-glycine,True,m155[C_mi]
m273[C_cy],tRNA(Ala)_ActiveX VT_ERROR:,C_cy,,0,False,,False,False,False,False,False,False,False,False,False,True,3,tRNA(Ala)_ActiveX VT_ERROR:,False,
m274[C_cy],Ala-tRNA(Ala)_C13H22NO11PR2(C5H8O6PR)n,C_cy,,0,False,,False,False,False,False,False,False,False,False,False,True,3,Ala-tRNA(Ala)_C13H22NO11PR2(C5H8O6PR)n,False,
m275[C_cy],ethanol_C2H6O,C_cy,C2H6O,0,True,"bigg.metabolite,biggM,chebi,envipath,envipathM,hmdb,inchi,inchikey,kegg.compound,kegg.drug,keggC,keggD,metacyc.compound,metacycM,metanetx.chemical,reactome,reactomeM,sabiork.compound,sabiorkM,seed.compound,seedM,slm,vmhM,vmhmetabolite",True,True,True,True,True,True,False,True,True,True,5,ethanol,True,m279[C_mi]
m276[C_cy],D-glyceraldehyde_C3H6O3,C_cy,C3H6O3,0,True,"bigg.metabolite,biggM,chebi,inchi,inchikey,kegg.compound,keggC,metacyc.compound,metacycM,metanetx.chemical,reactome,reactomeM,sabiork.compound,sabiorkM,seed.compound,seedM,vmhM,vmhmetabolite",True,True,True,True,False,True,False,True,True,True,4,D-glyceraldehyde,False,
m277[C_cy],glycerol_C3H8O3,C_cy,C3H8O3,0,True,"bigg.metabolite,biggM,chebi,envipath,envipathM,hmdb,inchi,inchikey,kegg.compound,kegg.drug,keggC,keggD,metacyc.compound,metacycM,metanetx.chemical,reactome,reactomeM,sabiork.compound,sabiorkM,seed.compound,seedM,vmhM,vmhmetabolite",True,True,True,True,True,True,False,True,True,True,8,glycerol,True,m1056[C_ex]
m278[C_mi],acetaldehyde_C2H4O,C_mi,C2H4O,0,True,"bigg.metabolite,biggM,chebi,envipath,envipathM,hmdb,inchi,inchikey,kegg.compound,keggC,metacyc.compound,metacycM,metanetx.chemical,reactome,reactomeM,sabiork.compound,sabiorkM,seed.compound,seedM,slm,vmhM,vmhmetabolite",True,True,True,True,True,True,False,True,True,True,5,acetaldehyde,True,m173[C_cy]
m279[C_mi],ethanol_C2H6O,C_mi,C2H6O,0,True,"bigg.metabolite,biggM,chebi,envipath,envipathM,hmdb,inchi,inchikey,kegg.compound,kegg.drug,keggC,keggD,metacyc.compound,metacycM,metanetx.chemical,reactome,reactomeM,sabiork.compound,sabiorkM,seed.compound,seedM,slm,vmhM,vmhmetabolite",True,True,True,True,True,True,False,True,True,True,2,ethanol,True,m275[C_cy]
m280[C_cy],3-aminopropanal_C3H7NO,C_cy,C3H7NO,1,True,"bigg.metabolite,biggM,chebi,envipath,envipathM,hmdb,inchi,inchikey,kegg.compound,keggC,metacyc.compound,metacycM,metanetx.chemical,reactome,reactomeM,sabiork.compound,sabiorkM,seed.compound,seedM,vmhM,vmhmetabolite",True,True,True,True,True,True,False,True,True,True,7,3-aminopropanal,False,
m281[C_cy],beta-alanine_C3H7NO2,C_cy,C3H7NO2,0,True,"bigg.metabolite,biggM,chebi,envipath,envipathM,hmdb,inchi,inchikey,kegg.compound,kegg.drug,keggC,keggD,metacyc.compound,metacycM,metanetx.chemical,reactome,reactomeM,sabiork.compound,sabiorkM,seed.compound,seedM,vmhM,vmhmetabolite",True,True,True,True,True,True,False,True,True,True,6,beta-alanine,False,
m282[C_cy],"7,8-dihydroneopterin 3'-triphosphate_C9H16N5O13P3",C_cy,C9H16N5O13P3,-4,True,"bigg.metabolite,biggM,chebi,hmdb,inchi,inchikey,kegg.compound,keggC,metacyc.compound,metacycM,metanetx.chemical,reactome,reactomeM,sabiork.compound,sabiorkM,vmhM,vmhmetabolite",True,True,True,True,True,True,False,False,True,True,3,"7,8-dihydroneopterin 3'-triphosphate",False,
m283[C_cy],"7,8-dihydroneopterin_C9H13N5O4",C_cy,C9H13N5O4,0,True,"bigg.metabolite,biggM,chebi,hmdb,inchi,inchikey,kegg.compound,keggC,metacyc.compound,metacycM,metanetx.chemical,sabiork.compound,sabiorkM,vmhM,vmhmetabolite",True,True,True,True,True,True,False,False,True,True,3,"7,8-dihydroneopterin",True,m482[C_mi]
m284[C_cy],allantoate_C4H8N4O4,C_cy,C4H8N4O4,-1,True,"bigg.metabolite,biggM,chebi,hmdb,inchi,inchikey,kegg.compound,keggC,metacyc.compound,metacycM,metanetx.chemical,sabiork.compound,sabiorkM,seed.compound,seedM,vmhM,vmhmetabolite",True,True,True,True,True,True,False,True,True,True,3,allantoate,True,m1029[C_ex]
m285[C_cy],urea_CH4N2O,C_cy,CH4N2O,0,True,"bigg.metabolite,biggM,chebi,envipath,envipathM,hmdb,inchi,inchikey,kegg.compound,kegg.drug,keggC,keggD,metacyc.compound,metacycM,metanetx.chemical,reactome,reactomeM,sabiork.compound,sabiorkM,seed.compound,seedM,vmhM,vmhmetabolite",True,True,True,True,True,True,False,True,True,True,6,urea,True,m1118[C_ex]
m286[C_cy],ureidoglycolic acid_C3H6N2O4,C_cy,C3H6N2O4,0,False,,False,False,False,False,False,False,False,False,True,True,2,ureidoglycolic acid,False,
m287[C_cy],allantoin_C4H6N4O3,C_cy,C4H6N4O3,0,True,"bigg.metabolite,biggM,chebi,hmdb,inchi,inchikey,kegg.compound,kegg.drug,keggC,keggD,metacyc.compound,metacycM,metanetx.chemical,sabiork.compound,sabiorkM,seed.compound,seedM,vmhM,vmhmetabolite",True,True,True,True,True,True,False,True,True,True,3,allantoin,True,m1030[C_ex]
m288[C_cy],urea-1-carboxylic acid_C2H3N2O3,C_cy,C2H3N2O3,0,False,,False,False,False,False,False,False,False,False,True,True,2,urea-1-carboxylic acid,False,
m289[C_go],beta-D-mannosyldiacetylchitobiosyldiphosphodolichol_C37H66N2O22P2,C_go,C37H66N2O22P2,0,True,"chebi,inchi,inchikey,metanetx.chemical,reactome,reactomeM",False,False,True,True,False,True,False,False,True,True,1,beta-D-mannosyldiacetylchitobiosyldiphosphodolichol,True,m345[C_cy]
m290[C_go],GDP-alpha-D-mannose_C16H23N5O16P2,C_go,C16H23N5O16P2,-2,True,"bigg.metabolite,biggM,chebi,hmdb,inchi,inchikey,kegg.compound,keggC,metacyc.compound,metacycM,metanetx.chemical,reactome,reactomeM,sabiork.compound,sabiorkM,seed.compound,seedM,vmhM,vmhmetabolite",True,True,True,True,True,True,False,True,True,True,4,GDP-alpha-D-mannose,True,m343[C_cy]
m291[C_go],alpha-D-mannosyl-beta-D-mannosyldiacetylchitobiosyldiphosphodolichol_C38H68N2O27P2(C5H8)n,C_go,,0,False,,False,False,False,False,False,False,False,False,False,True,1,alpha-D-mannosyl-beta-D-mannosyldiacetylchitobiosyldiphosphodolichol_C38H68N2O27P2(C5H8)n,False,
m292[C_go],GDP_C10H15N5O11P2,C_go,C10H15N5O11P2,-3,True,"bigg.metabolite,biggM,chebi,hmdb,inchi,inchikey,kegg.compound,keggC,metacyc.compound,metacycM,metanetx.chemical,reactome,reactomeM,sabiork.compound,sabiorkM,seed.compound,seedM,vmhM,vmhmetabolite",True,True,True,True,True,True,False,True,True,True,3,GDP,True,m261[C_mi]
m293[C_go],H+_p+1,C_go,,0,False,,False,False,False,False,False,False,False,False,False,True,6,H+_p+1,False,
m294[C_cy],trehalose_C12H22O11,C_cy,C12H22O11,0,True,"kegg.glycan,keggG,metanetx.chemical",False,False,True,False,False,False,False,False,True,True,9,trehalose,True,m1167[C_ex]
m295[C_cy],D-glucose_C6H12O6,C_cy,C6H12O6,0,True,"bigg.metabolite,biggM,chebi,hmdb,inchi,inchikey,kegg.compound,kegg.drug,keggC,keggD,metacyc.compound,metacycM,metanetx.chemical,sabiork.compound,sabiorkM,seed.compound,seedM,vmhM,vmhmetabolite",True,True,True,True,True,True,False,True,True,True,9,D-glucose,True,m511[C_ex]
m296[C_cy],D-glucose 6-phosphate_C6H13O9P,C_cy,C6H13O9P,-2,True,"bigg.metabolite,biggM,chebi,hmdb,inchi,inchikey,kegg.compound,keggC,metacyc.compound,metacycM,metanetx.chemical,reactome,reactomeM,sabiork.compound,sabiorkM,seed.compound,seedM,vmhM,vmhmetabolite",True,True,True,True,True,True,False,True,True,True,8,D-glucose 6-phosphate,False,
m297[C_cy],"alpha,alpha-trehalose 6-phosphate_C12H21O14P",C_cy,C12H21O14P,-2,True,"bigg.metabolite,biggM,chebi,hmdb,inchi,inchikey,kegg.compound,kegg.glycan,keggC,keggG,metacyc.compound,metacycM,metanetx.chemical,reactome,reactomeM,sabiork.compound,sabiorkM,seed.compound,seedM,vmhM,vmhmetabolite",True,True,True,True,True,True,False,True,True,True,2,"alpha,alpha-trehalose 6-phosphate",False,
m298[C_cy],4-guanidinobutanamide_C5H12N4O,C_cy,C5H12N4O,1,True,"bigg.metabolite,biggM,chebi,inchi,inchikey,kegg.compound,keggC,metacyc.compound,metacycM,metanetx.chemical,seed.compound,seedM,vmhM,vmhmetabolite",True,True,True,True,False,True,False,True,True,True,1,4-guanidinobutanamide,False,
m299[C_cy],4-guanidinobutanoic acid_C5H11N3O2,C_cy,C5H11N3O2,0,False,,False,False,False,False,False,False,False,False,True,True,1,4-guanidinobutanoic acid,False,
m300[C_cy],aminoacetone_ActiveX VT_ERROR:,C_cy,,0,False,,False,False,False,False,False,False,False,False,False,True,2,aminoacetone_ActiveX VT_ERROR:,False,
m301[C_cy],hydrogen peroxide_H2O2,C_cy,H2O2,0,False,,False,False,False,False,False,False,False,False,True,True,27,hydrogen peroxide,False,
m302[C_cy],methylglyoxal_C3H4O2,C_cy,C3H4O2,0,True,"bigg.metabolite,biggM,chebi,envipath,envipathM,hmdb,inchi,inchikey,kegg.compound,keggC,metacyc.compound,metacycM,metanetx.chemical,reactome,reactomeM,sabiork.compound,sabiorkM,seed.compound,seedM,vmhM,vmhmetabolite",True,True,True,True,True,True,False,True,True,True,4,methylglyoxal,False,
m303[C_mi],4-aminobutanal_C4H9NO,C_mi,C4H9NO,1,True,"bigg.metabolite,biggM,chebi,hmdb,inchi,inchikey,kegg.compound,keggC,metacyc.compound,metacycM,metanetx.chemical,sabiork.compound,sabiorkM,seed.compound,seedM,vmhM,vmhmetabolite",True,True,True,True,True,True,False,True,True,True,2,4-aminobutanal,True,m469[C_cy]
m304[C_mi],gamma-aminobutyrate_C4H9NO2,C_mi,C4H9NO2,0,False,,False,False,False,False,False,False,False,False,True,True,2,gamma-aminobutyrate,False,
m305[C_cy],anthranilate_C7H7NO2,C_cy,C7H7NO2,-1,True,"bigg.metabolite,biggM,chebi,envipath,envipathM,hmdb,inchi,inchikey,kegg.compound,keggC,metacyc.compound,metacycM,metanetx.chemical,sabiork.compound,sabiorkM,seed.compound,seedM,vmhM,vmhmetabolite",True,True,True,True,True,True,False,True,True,True,3,anthranilate,False,
m306[C_cy],N-(5-phospho-beta-D-ribosyl)anthranilate_C12H13NO9P,C_cy,C12H13NO9P,-3,True,"bigg.metabolite,biggM,chebi,inchi,inchikey,kegg.compound,keggC,metacyc.compound,metacycM,metanetx.chemical,sabiork.compound,sabiorkM,seed.compound,seedM,vmhM,vmhmetabolite",True,True,True,True,False,True,False,True,True,True,2,N-(5-phospho-beta-D-ribosyl)anthranilate,False,
m307[C_cy],"P(1),P(4)-bis(5'-adenosyl) tetraphosphate_",C_cy,,0,False,,False,False,False,False,False,False,False,False,False,True,2,"P(1),P(4)-bis(5'-adenosyl) tetraphosphate_",False,
m308[C_cy],L-arabinose_C5H10O5,C_cy,C5H10O5,0,True,"chebi,inchi,inchikey,kegg.compound,keggC,metacyc.compound,metacycM,metanetx.chemical,seed.compound,seedM,vmhM,vmhmetabolite",False,True,True,True,False,True,False,True,True,True,2,L-arabinose,True,m1283[C_ex]
m309[C_cy],L-arabinitol_C5H12O5,C_cy,C5H12O5,0,True,"bigg.metabolite,biggM,chebi,hmdb,inchi,inchikey,kegg.compound,keggC,metacyc.compound,metacycM,metanetx.chemical,sabiork.compound,sabiorkM,seed.compound,seedM,vmhM,vmhmetabolite",True,True,True,True,True,True,False,True,True,True,2,L-arabinitol,True,m1281[C_ex]
m310[C_cy],L-arginine_C6H14N4O2,C_cy,C6H14N4O2,1,True,"bigg.metabolite,biggM,chebi,envipath,envipathM,hmdb,inchi,inchikey,kegg.compound,kegg.drug,keggC,keggD,metacyc.compound,metacycM,metanetx.chemical,reactome,reactomeM,sabiork.compound,sabiorkM,seed.compound,seedM,vmhM,vmhmetabolite",True,True,True,True,True,True,False,True,True,True,9,L-arginine,True,m316[C_mi]
m311[C_cy],ornithine_C5H13N2O2,C_cy,C5H13N2O2,0,True,"chebi,envipath,envipathM,inchi,inchikey,kegg.compound,keggC,lipidmaps,lipidmapsM,metacyc.compound,metacycM,metanetx.chemical,seed.compound,seedM",False,True,True,True,False,True,False,True,True,True,6,ornithine,True,m851[C_mi]
m312[C_cy],(N(omega)-L-arginino)succinic acid_C10H18N4O6,C_cy,C10H18N4O6,0,False,,False,False,False,False,False,False,False,False,True,True,3,(N(omega)-L-arginino)succinic acid,False,
m313[C_cy],L-citrulline_C6H13N3O3,C_cy,C6H13N3O3,0,True,"inchi,inchikey,metanetx.chemical,vmhM,vmhmetabolite",False,False,True,False,False,True,False,False,True,True,3,L-citrulline,False,
m314[C_cy],tRNA(Arg)_ActiveX VT_ERROR:,C_cy,,0,False,,False,False,False,False,False,False,False,False,False,True,3,tRNA(Arg)_ActiveX VT_ERROR:,False,
m315[C_cy],Arg-tRNA(Arg)_C21H33N9O11PR(C5H8O6PR)n,C_cy,,0,False,,False,False,False,False,False,False,False,False,False,True,3,Arg-tRNA(Arg)_C21H33N9O11PR(C5H8O6PR)n,False,
m316[C_mi],L-arginine_C6H14N4O2,C_mi,C6H14N4O2,1,True,"bigg.metabolite,biggM,chebi,envipath,envipathM,hmdb,inchi,inchikey,kegg.compound,kegg.drug,keggC,keggD,metacyc.compound,metacycM,metanetx.chemical,reactome,reactomeM,sabiork.compound,sabiorkM,seed.compound,seedM,vmhM,vmhmetabolite",True,True,True,True,True,True,False,True,True,True,2,L-arginine,True,m310[C_cy]
m317[C_mi],"tRNA(Arg), mitchondrial_",C_mi,,0,False,,False,False,False,False,False,False,False,False,False,True,1,"tRNA(Arg), mitchondrial_",False,
m318[C_mi],Arg-tRNA(Arg)_C21H33N9O11PR(C5H8O6PR)n,C_mi,,0,False,,False,False,False,False,False,False,False,False,False,True,1,Arg-tRNA(Arg)_C21H33N9O11PR(C5H8O6PR)n,False,
m319[C_cy],L-asparagine_C4H8N2O3,C_cy,C4H8N2O3,0,True,"bigg.metabolite,biggM,chebi,hmdb,inchi,inchikey,kegg.compound,keggC,metacyc.compound,metacycM,metanetx.chemical,reactome,reactomeM,sabiork.compound,sabiorkM,seed.compound,seedM,vmhM,vmhmetabolite",True,True,True,True,True,True,False,True,True,True,11,L-asparagine,True,m322[C_mi]
m320[C_cy],tRNA(Asn)_ActiveX VT_ERROR:,C_cy,,0,False,,False,False,False,False,False,False,False,False,False,True,3,tRNA(Asn)_ActiveX VT_ERROR:,False,
m321[C_cy],Asn-tRNA(Asn)_C14H23N2O12PR2(C5H8O6PR)n,C_cy,,0,False,,False,False,False,False,False,False,False,False,False,True,3,Asn-tRNA(Asn)_C14H23N2O12PR2(C5H8O6PR)n,False,
m322[C_mi],L-asparagine_C4H8N2O3,C_mi,C4H8N2O3,0,True,"bigg.metabolite,biggM,chebi,hmdb,inchi,inchikey,kegg.compound,keggC,metacyc.compound,metacycM,metanetx.chemical,reactome,reactomeM,sabiork.compound,sabiorkM,seed.compound,seedM,vmhM,vmhmetabolite",True,True,True,True,True,True,False,True,True,True,2,L-asparagine,True,m319[C_cy]
m323[C_mi],"tRNA(Asn), mitchondrial_",C_mi,,0,False,,False,False,False,False,False,False,False,False,False,True,1,"tRNA(Asn), mitchondrial_",False,
m324[C_mi],Asn-tRNA(Asn)_C14H23N2O12PR2(C5H8O6PR)n,C_mi,,0,False,,False,False,False,False,False,False,False,False,False,True,1,Asn-tRNA(Asn)_C14H23N2O12PR2(C5H8O6PR)n,False,
m325[C_cy],carbamoyl phosphate_CH4NO5P,C_cy,CH4NO5P,0,True,"bigg.metabolite,biggM,metanetx.chemical",True,False,True,False,False,False,False,False,True,True,3,carbamoyl phosphate,False,
m326[C_cy],N-carbamoyl-L-aspartate_C5H8N2O5,C_cy,C5H8N2O5,0,True,"bigg.metabolite,biggM,metanetx.chemical",True,False,True,False,False,False,False,False,True,True,2,N-carbamoyl-L-aspartate,False,
m327[C_cy],4-phospho-L-aspartate_C4H8NO7P,C_cy,C4H8NO7P,-2,True,"bigg.metabolite,biggM,chebi,hmdb,inchi,inchikey,kegg.compound,keggC,metacyc.compound,metacycM,metanetx.chemical,sabiork.compound,sabiorkM,seed.compound,seedM,vmhM,vmhmetabolite",True,True,True,True,True,True,False,True,True,True,2,4-phospho-L-aspartate,False,
m328[C_cy],oxaloacetate_C4H4O5,C_cy,C4H4O5,-2,True,"bigg.metabolite,biggM,chebi,envipath,envipathM,hmdb,inchi,inchikey,kegg.compound,keggC,lipidmaps,lipidmapsM,metacyc.compound,metacycM,metanetx.chemical,reactome,reactomeM,sabiork.compound,sabiorkM,seed.compound,seedM,slm,vmhM,vmhmetabolite",True,True,True,True,True,True,False,True,True,True,11,oxaloacetate,True,m77[C_mi]
m329[C_mi],L-aspartate_C4H7NO4,C_mi,C4H7NO4,-1,True,"bigg.metabolite,biggM,chebi,envipath,envipathM,hmdb,inchi,inchikey,kegg.compound,kegg.drug,keggC,keggD,metacyc.compound,metacycM,metanetx.chemical,reactome,reactomeM,sabiork.compound,sabiorkM,seed.compound,seedM,vmhM,vmhmetabolite",True,True,True,True,True,True,False,True,True,True,4,L-aspartate,True,m267[C_cy]
m330[C_pe],2-oxoglutarate_C5H6O5,C_pe,C5H6O5,-2,True,"bigg.metabolite,biggM,chebi,envipath,envipathM,hmdb,inchi,inchikey,kegg.compound,keggC,metacyc.compound,metacycM,metanetx.chemical,reactome,reactomeM,sabiork.compound,sabiorkM,seed.compound,seedM,slm,vmhM,vmhmetabolite",True,True,True,True,True,True,False,True,True,True,6,2-oxoglutarate,True,m51[C_cy]
m331[C_pe],L-aspartate_C4H7NO4,C_pe,C4H7NO4,-1,True,"bigg.metabolite,biggM,chebi,envipath,envipathM,hmdb,inchi,inchikey,kegg.compound,kegg.drug,keggC,keggD,metacyc.compound,metacycM,metanetx.chemical,reactome,reactomeM,sabiork.compound,sabiorkM,seed.compound,seedM,vmhM,vmhmetabolite",True,True,True,True,True,True,False,True,True,True,3,L-aspartate,True,m267[C_cy]
m332[C_pe],L-glutamate_C5H9NO4,C_pe,C5H9NO4,-1,True,"bigg.metabolite,biggM,chebi,envipath,envipathM,hmdb,inchi,inchikey,kegg.compound,kegg.drug,keggC,keggD,metacyc.compound,metacycM,metanetx.chemical,reactome,reactomeM,sabiork.compound,sabiorkM,seed.compound,seedM,vmhM,vmhmetabolite",True,True,True,True,True,True,False,True,True,True,5,L-glutamate,True,m29[C_mi]
m333[C_pe],oxaloacetate_C4H4O5,C_pe,C4H4O5,-2,True,"bigg.metabolite,biggM,chebi,envipath,envipathM,hmdb,inchi,inchikey,kegg.compound,keggC,lipidmaps,lipidmapsM,metacyc.compound,metacycM,metanetx.chemical,reactome,reactomeM,sabiork.compound,sabiorkM,seed.compound,seedM,slm,vmhM,vmhmetabolite",True,True,True,True,True,True,False,True,True,True,5,oxaloacetate,True,m77[C_mi]
m334[C_cy],L-aspartate 4-semialdehyde_C4H7NO3,C_cy,C4H7NO3,0,True,"bigg.metabolite,biggM,chebi,envipath,envipathM,hmdb,inchi,inchikey,kegg.compound,keggC,metacyc.compound,metacycM,metanetx.chemical,sabiork.compound,sabiorkM,seed.compound,seedM,vmhM,vmhmetabolite",True,True,True,True,True,True,False,True,True,True,2,L-aspartate 4-semialdehyde,False,
m335[C_cy],tRNA(Asp)_ActiveX VT_ERROR:,C_cy,,0,False,,False,False,False,False,False,False,False,False,False,True,3,tRNA(Asp)_ActiveX VT_ERROR:,False,
m336[C_cy],Asp-tRNA(Asp)_C14H22NO13PR2(C5H8O6PR)n,C_cy,,0,False,,False,False,False,False,False,False,False,False,False,True,3,Asp-tRNA(Asp)_C14H22NO13PR2(C5H8O6PR)n,False,
m337[C_mi],"tRNA(Asp), mitchondrial_",C_mi,,0,False,,False,False,False,False,False,False,False,False,False,True,1,"tRNA(Asp), mitchondrial_",False,
m338[C_mi],Asp-tRNA(Asp)_C14H22NO13PR2(C5H8O6PR)n,C_mi,,0,False,,False,False,False,False,False,False,False,False,False,True,1,Asp-tRNA(Asp)_C14H22NO13PR2(C5H8O6PR)n,False,
m339[C_cy],"P1-(5'-adenosyl),P4-(5'-guanosyl) tetraphosphate_ActiveX VT_ERROR:",C_cy,,0,False,,False,False,False,False,False,False,False,False,False,True,1,"P1-(5'-adenosyl),P4-(5'-guanosyl) tetraphosphate_ActiveX VT_ERROR:",False,
m340[C_cy],"P(1),P(4)-bis(5'-guanosyl) tetraphosphate_",C_cy,,0,False,,False,False,False,False,False,False,False,False,False,True,1,"P(1),P(4)-bis(5'-guanosyl) tetraphosphate_",False,
m341[C_cy],5-phosphoribosyl-ATP_C15H19N5O20P4,C_cy,C15H19N5O20P4,0,True,"chebi,metanetx.chemical",False,False,True,True,False,False,False,False,True,True,2,5-phosphoribosyl-ATP,False,
m342[C_ex],H+_p+1,C_ex,,0,False,,False,False,False,False,False,False,False,False,False,True,62,H+_p+1,False,
m343[C_cy],GDP-alpha-D-mannose_C16H23N5O16P2,C_cy,C16H23N5O16P2,-2,True,"bigg.metabolite,biggM,chebi,hmdb,inchi,inchikey,kegg.compound,keggC,metacyc.compound,metacycM,metanetx.chemical,reactome,reactomeM,sabiork.compound,sabiorkM,seed.compound,seedM,vmhM,vmhmetabolite",True,True,True,True,True,True,False,True,True,True,12,GDP-alpha-D-mannose,True,m290[C_go]
m344[C_cy],"N,N'-diacetylchitobiosyldiphosphodolichol_",C_cy,,0,False,,False,False,False,False,False,False,False,False,False,True,1,"N,N'-diacetylchitobiosyldiphosphodolichol_",False,
m345[C_cy],beta-D-mannosyldiacetylchitobiosyldiphosphodolichol_C37H66N2O22P2,C_cy,C37H66N2O22P2,0,True,"chebi,inchi,inchikey,metanetx.chemical,reactome,reactomeM",False,False,True,True,False,True,False,False,True,True,1,beta-D-mannosyldiacetylchitobiosyldiphosphodolichol,True,m289[C_go]
m346[C_cy],dethiobiotin_C10H18N2O3,C_cy,C10H18N2O3,0,False,,False,False,False,False,False,False,False,False,True,True,2,dethiobiotin,False,
m347[C_cy],polysulphur_S,C_cy,S,0,False,,False,False,False,False,False,False,False,False,True,True,1,polysulphur,False,
m348[C_cy],biotin_C10H16N2O3S,C_cy,C10H16N2O3S,-1,True,"bigg.metabolite,biggM,chebi,hmdb,inchi,inchikey,kegg.compound,kegg.drug,keggC,keggD,metacyc.compound,metacycM,metanetx.chemical,reactome,reactomeM,sabiork.compound,sabiorkM,seed.compound,seedM,vmhM,vmhmetabolite",True,True,True,True,True,True,False,True,True,True,3,biotin,True,m1032[C_ex]
m349[C_cy],biotinyl-5'-AMP_C20H27N7O9PS,C_cy,C20H27N7O9PS,-1,True,"bigg.metabolite,biggM,chebi,hmdb,inchi,inchikey,kegg.compound,keggC,metacyc.compound,metacycM,metanetx.chemical,seed.compound,seedM,vmhM,vmhmetabolite",True,True,True,True,True,True,False,True,True,True,1,biotinyl-5'-AMP,False,
m350[C_cy],"4,4-dimethyl-5alpha-cholesta-8,14,24-trien-3beta-ol_C29H46O",C_cy,C29H46O,0,True,"bigg.metabolite,biggM,chebi,hmdb,inchi,inchikey,kegg.compound,keggC,lipidmaps,lipidmapsM,metacyc.compound,metacycM,metanetx.chemical,reactome,reactomeM,seed.compound,seedM,slm,vmhM,vmhmetabolite",True,True,True,True,True,True,False,True,True,True,2,"4,4-dimethyl-5alpha-cholesta-8,14,24-trien-3beta-ol",False,
m351[C_cy],14-demethyllanosterol_C29H48O,C_cy,C29H48O,0,True,"hmdb,inchi,inchikey,metanetx.chemical",False,False,True,False,True,True,False,False,True,True,4,14-demethyllanosterol,True,m1405[C_ex]
m352[C_cy],"ergosta-5,7,24(28)-trien-3beta-ol_C28H44O",C_cy,C28H44O,0,False,,False,False,False,False,False,False,False,False,True,True,2,"ergosta-5,7,24(28)-trien-3beta-ol",False,
m353[C_cy],"ergosta-5,7,22,24(28)-tetraen-3beta-ol_C28H42O",C_cy,C28H42O,0,True,"bigg.metabolite,biggM,chebi,inchi,inchikey,kegg.compound,keggC,lipidmaps,lipidmapsM,metacyc.compound,metacycM,metanetx.chemical,seed.compound,seedM,slm,vmhM,vmhmetabolite",True,True,True,True,False,True,False,True,True,True,5,"ergosta-5,7,22,24(28)-tetraen-3beta-ol",True,m364[C_er]
m354[C_cy],zymosterol intermediate 1c_C29H46O2,C_cy,C29H46O2,0,True,"chebi,inchi,inchikey,lipidmaps,lipidmapsM,metanetx.chemical",False,False,True,True,False,True,False,False,True,True,2,zymosterol intermediate 1c,False,
m355[C_cy],zymosterol intermediate 2_C27H42O,C_cy,C27H42O,0,True,"metanetx.chemical,seed.compound,seedM",False,False,True,False,False,False,False,True,True,True,2,zymosterol intermediate 2,False,
m356[C_cy],4beta-methylzymosterol-4alpha-carboxylic acid_C29H46O3,C_cy,C29H46O3,0,False,,False,False,False,False,False,False,False,False,True,True,2,4beta-methylzymosterol-4alpha-carboxylic acid,False,
m357[C_cy],3-dehydro-4-methylzymosterol_C28H44O,C_cy,C28H44O,0,False,,False,False,False,False,False,False,False,False,True,True,2,3-dehydro-4-methylzymosterol,False,
m358[C_cy],4alpha-methylzymosterol_C28H46O,C_cy,C28H46O,0,True,"bigg.metabolite,biggM,chebi,hmdb,inchi,inchikey,kegg.compound,keggC,lipidmaps,lipidmapsM,metacyc.compound,metacycM,metanetx.chemical,seed.compound,seedM,slm,vmhM,vmhmetabolite",True,True,True,True,True,True,False,True,True,True,2,4alpha-methylzymosterol,False,
m359[C_cy],zymosterol_C27H44O,C_cy,C27H44O,0,True,"bigg.metabolite,biggM,chebi,hmdb,inchi,inchikey,kegg.compound,keggC,lipidmaps,lipidmapsM,metacyc.compound,metacycM,metanetx.chemical,reactome,reactomeM,sabiork.compound,sabiorkM,seed.compound,seedM,slm,vmhM,vmhmetabolite",True,True,True,True,True,True,False,True,True,True,8,zymosterol,True,m241[C_em]
m360[C_cy],zymosterol intermediate 1a_C28H46O2,C_cy,C28H46O2,0,False,,False,False,False,False,False,False,False,False,True,True,2,zymosterol intermediate 1a,False,
m361[C_cy],zymosterol intermediate 1b_C28H44O2,C_cy,C28H44O2,0,False,,False,False,False,False,False,False,False,False,True,True,2,zymosterol intermediate 1b,False,
m362[C_cy],episterol_C28H46O,C_cy,C28H46O,0,True,"bigg.metabolite,biggM,chebi,hmdb,inchi,inchikey,kegg.compound,keggC,lipidmaps,lipidmapsM,metacyc.compound,metacycM,metanetx.chemical,seed.compound,seedM,slm",True,True,True,True,True,True,False,True,True,True,5,episterol,True,m232[C_em]
m363[C_cy],fecosterol_C28H46O,C_cy,C28H46O,0,True,"bigg.metabolite,biggM,chebi,hmdb,inchi,inchikey,kegg.compound,keggC,lipidmaps,lipidmapsM,metacyc.compound,metacycM,metanetx.chemical,sabiork.compound,sabiorkM,seed.compound,seedM,slm,vmhM,vmhmetabolite",True,True,True,True,True,True,False,True,True,True,5,fecosterol,True,m237[C_em]
m364[C_er],"ergosta-5,7,22,24(28)-tetraen-3beta-ol_C28H42O",C_er,C28H42O,0,True,"bigg.metabolite,biggM,chebi,inchi,inchikey,kegg.compound,keggC,lipidmaps,lipidmapsM,metacyc.compound,metacycM,metanetx.chemical,seed.compound,seedM,slm,vmhM,vmhmetabolite",True,True,True,True,False,True,False,True,True,True,2,"ergosta-5,7,22,24(28)-tetraen-3beta-ol",True,m353[C_cy]
m365[C_er],ergosterol_C28H44O,C_er,C28H44O,0,True,"bigg.metabolite,biggM,chebi,hmdb,inchi,inchikey,kegg.compound,keggC,lipidmaps,lipidmapsM,metacyc.compound,metacycM,metanetx.chemical,sabiork.compound,sabiorkM,seed.compound,seedM,slm,vmhM,vmhmetabolite",True,True,True,True,True,True,False,True,True,True,3,ergosterol,True,m235[C_em]
m366[C_cy],4-hydroxybenzoate_C7H6O3,C_cy,C7H6O3,-1,True,"bigg.metabolite,biggM,chebi,envipath,envipathM,hmdb,inchi,inchikey,kegg.compound,keggC,metacyc.compound,metacycM,metanetx.chemical,reactome,reactomeM,sabiork.compound,sabiorkM,seed.compound,seedM,vmhM,vmhmetabolite",True,True,True,True,True,True,False,True,True,True,4,4-hydroxybenzoate,True,m138[C_mi]
m367[C_cy],nonaprenyl diphosphate_C45H76O7P2,C_cy,C45H76O7P2,0,True,"chebi,hmdb,inchi,inchikey,metanetx.chemical",False,False,True,True,True,True,False,False,True,True,1,nonaprenyl diphosphate,True,m419[C_lp]
m368[C_cy],nonaprenyl 4-hydroxybenzoate_,C_cy,,0,False,,False,False,False,False,False,False,False,False,False,True,1,nonaprenyl 4-hydroxybenzoate_,False,
m369[C_cy],(R)-carnitine_C7H15NO3,C_cy,C7H15NO3,0,True,"bigg.metabolite,biggM,chebi,hmdb,inchi,inchikey,kegg.compound,kegg.drug,keggC,keggD,metacyc.compound,metacycM,metanetx.chemical,sabiork.compound,sabiorkM,seed.compound,seedM",True,True,True,True,True,True,False,True,True,True,6,(R)-carnitine,True,m371[C_pe]
m370[C_cy],O-acetylcarnitine_C9H17NO4,C_cy,C9H17NO4,0,False,,False,False,False,False,False,False,False,False,True,True,5,O-acetylcarnitine,False,
m371[C_pe],(R)-carnitine_C7H15NO3,C_pe,C7H15NO3,0,True,"bigg.metabolite,biggM,chebi,hmdb,inchi,inchikey,kegg.compound,kegg.drug,keggC,keggD,metacyc.compound,metacycM,metanetx.chemical,sabiork.compound,sabiorkM,seed.compound,seedM",True,True,True,True,True,True,False,True,True,True,3,(R)-carnitine,True,m369[C_cy]
m372[C_pe],O-acetylcarnitine_C9H17NO4,C_pe,C9H17NO4,0,False,,False,False,False,False,False,False,False,False,True,True,3,O-acetylcarnitine,False,
m373[C_mi],O-acetylcarnitine_C9H17NO4,C_mi,C9H17NO4,0,False,,False,False,False,False,False,False,False,False,True,True,3,O-acetylcarnitine,False,
m374[C_mi],(R)-carnitine_C7H15NO3,C_mi,C7H15NO3,0,True,"bigg.metabolite,biggM,chebi,hmdb,inchi,inchikey,kegg.compound,kegg.drug,keggC,keggD,metacyc.compound,metacycM,metanetx.chemical,sabiork.compound,sabiorkM,seed.compound,seedM",True,True,True,True,True,True,False,True,True,True,3,(R)-carnitine,True,m369[C_cy]
m375[C_pe],H2O_H2O,C_pe,H2O,0,False,,False,False,False,False,False,False,False,False,True,True,37,H2O,False,
m376[C_em],CTP_C9H16N3O14P3,C_em,C9H16N3O14P3,-4,True,"bigg.metabolite,biggM,chebi,hmdb,inchi,inchikey,kegg.compound,keggC,metacyc.compound,metacycM,metanetx.chemical,reactome,reactomeM,sabiork.compound,sabiorkM,seed.compound,seedM,vmhM,vmhmetabolite",True,True,True,True,True,True,False,True,True,True,3,CTP,True,m381[C_mm]
m377[C_em],H+_p+1,C_em,,0,False,,False,False,False,False,False,False,False,False,False,True,36,H+_p+1,False,
m378[C_em],phosphatidate_ActiveX VT_ERROR:,C_em,,0,False,,False,False,False,False,False,False,False,False,False,True,10,phosphatidate_ActiveX VT_ERROR:,False,
m379[C_em],CDP-diacylglycerol_,C_em,,0,False,,False,False,False,False,False,False,False,False,False,True,3,CDP-diacylglycerol_,False,
m380[C_em],diphosphate_H4O7P2,C_em,H4O7P2,-3,True,"bigg.metabolite,biggM,chebi,envipath,envipathM,hmdb,inchi,inchikey,kegg.compound,keggC,metacyc.compound,metacycM,metanetx.chemical,reactome,reactomeM,sabiork.compound,sabiorkM,seed.compound,seedM,vmhM,vmhmetabolite",True,True,True,True,True,True,False,True,True,True,12,diphosphate,True,m203[C_cy]
m381[C_mm],CTP_C9H16N3O14P3,C_mm,C9H16N3O14P3,-4,True,"bigg.metabolite,biggM,chebi,hmdb,inchi,inchikey,kegg.compound,keggC,metacyc.compound,metacycM,metanetx.chemical,reactome,reactomeM,sabiork.compound,sabiorkM,seed.compound,seedM,vmhM,vmhmetabolite",True,True,True,True,True,True,False,True,True,True,2,CTP,True,m376[C_em]
m382[C_mm],H+_p+1,C_mm,,0,False,,False,False,False,False,False,False,False,False,False,True,7,H+_p+1,False,
m383[C_mm],phosphatidate_ActiveX VT_ERROR:,C_mm,,0,False,,False,False,False,False,False,False,False,False,False,True,2,phosphatidate_ActiveX VT_ERROR:,False,
m384[C_mm],CDP-diacylglycerol_,C_mm,,0,False,,False,False,False,False,False,False,False,False,False,True,3,CDP-diacylglycerol_,False,
m385[C_mm],diphosphate_H4O7P2,C_mm,H4O7P2,-3,True,"bigg.metabolite,biggM,chebi,envipath,envipathM,hmdb,inchi,inchikey,kegg.compound,keggC,metacyc.compound,metacycM,metanetx.chemical,reactome,reactomeM,sabiork.compound,sabiorkM,seed.compound,seedM,vmhM,vmhmetabolite",True,True,True,True,True,True,False,True,True,True,2,diphosphate,True,m203[C_cy]
m386[C_er],ceramide-1-(C24)_,C_er,,0,False,,False,False,False,False,False,False,False,False,False,True,10,ceramide-1-(C24)_,False,
m387[C_er],oxygen_O2,C_er,O2,0,False,,False,False,False,False,False,False,False,False,True,True,13,oxygen,False,
m388[C_er],ceramide-2-(C24)_,C_er,,0,False,,False,False,False,False,False,False,False,False,False,True,10,ceramide-2-(C24)_,False,
m389[C_er],H2O_H2O,C_er,H2O,0,False,,False,False,False,False,False,False,False,False,True,True,49,H2O,False,
m390[C_er],ceramide-2'-(C24)_,C_er,,0,False,,False,False,False,False,False,False,False,False,False,True,5,ceramide-2'-(C24)_,False,
m391[C_er],ceramide-1-(C26)_,C_er,,0,False,,False,False,False,False,False,False,False,False,False,True,9,ceramide-1-(C26)_,False,
m392[C_er],ceramide-2-(C26)_,C_er,,0,False,,False,False,False,False,False,False,False,False,False,True,10,ceramide-2-(C26)_,False,
m393[C_er],ceramide-2'-(C26)_,C_er,,0,False,,False,False,False,False,False,False,False,False,False,True,5,ceramide-2'-(C26)_,False,
m394[C_er],tetracosanoyl-CoA_C45H82N7O17P3S,C_er,C45H82N7O17P3S,-4,True,"bigg.metabolite,biggM,chebi,hmdb,inchi,inchikey,kegg.compound,keggC,lipidmaps,lipidmapsM,metacyc.compound,metacycM,metanetx.chemical,reactome,reactomeM,sabiork.compound,sabiorkM,seed.compound,seedM,slm,vmhM,vmhmetabolite",True,True,True,True,True,True,False,True,True,True,3,tetracosanoyl-CoA,True,m186[C_pe]
m395[C_er],hexacosanoyl-CoA_C47H86N7O17P3S,C_er,C47H86N7O17P3S,0,True,"bigg.metabolite,biggM,metanetx.chemical",True,False,True,False,False,False,False,False,True,True,3,hexacosanoyl-CoA,True,m225[C_pe]
m396[C_er],phytosphingosine_C18H39NO3,C_er,C18H39NO3,0,True,"bigg.metabolite,biggM,metanetx.chemical",True,False,True,False,False,False,False,False,True,True,10,phytosphingosine,False,
m397[C_er],ceramide-3-(C24)_,C_er,,0,False,,False,False,False,False,False,False,False,False,False,True,7,ceramide-3-(C24)_,False,
m398[C_er],ceramide-3-(C26)_,C_er,,0,False,,False,False,False,False,False,False,False,False,False,True,7,ceramide-3-(C26)_,False,
m399[C_er],ceramide-4-(C24)_,C_er,,0,False,,False,False,False,False,False,False,False,False,False,True,5,ceramide-4-(C24)_,False,
m400[C_er],ceramide-4-(C26)_,C_er,,0,False,,False,False,False,False,False,False,False,False,False,True,5,ceramide-4-(C26)_,False,
m401[C_cy],chitin_H2O(C8H13NO5)n,C_cy,,0,False,,False,False,False,False,False,False,False,False,False,True,6,chitin_H2O(C8H13NO5)n,False,
m402[C_en],chitosan_H2O(C6H12NO4)n,C_en,,0,False,,False,False,False,False,False,False,False,False,False,True,1,chitosan_H2O(C6H12NO4)n,False,
m403[C_cy],UDP-N-acetyl-alpha-D-glucosamine_C17H25N3O17P2,C_cy,C17H25N3O17P2,-2,True,"bigg.metabolite,biggM,chebi,hmdb,inchi,inchikey,kegg.compound,keggC,lipidmaps,lipidmapsM,metacyc.compound,metacycM,metanetx.chemical,reactome,reactomeM,sabiork.compound,sabiorkM,seed.compound,seedM,vmhM,vmhmetabolite",True,True,True,True,True,True,False,True,True,True,2,UDP-N-acetyl-alpha-D-glucosamine,False,
m404[C_cy],choline_C5H14NO,C_cy,C5H14NO,1,True,"bigg.metabolite,biggM,chebi,hmdb,inchi,inchikey,kegg.compound,kegg.drug,keggC,keggD,metacyc.compound,metacycM,metanetx.chemical,reactome,reactomeM,sabiork.compound,sabiorkM,seed.compound,seedM,vmhM,vmhmetabolite",True,True,True,True,True,True,False,True,True,True,4,choline,True,m1037[C_ex]
m405[C_cy],choline phosphate_C5H14NO4P,C_cy,C5H14NO4P,0,False,,False,False,False,False,False,False,False,False,True,True,2,choline phosphate,False,
m406[C_cy],CTP_C9H16N3O14P3,C_cy,C9H16N3O14P3,-4,True,"bigg.metabolite,biggM,chebi,hmdb,inchi,inchikey,kegg.compound,keggC,metacyc.compound,metacycM,metanetx.chemical,reactome,reactomeM,sabiork.compound,sabiorkM,seed.compound,seedM,vmhM,vmhmetabolite",True,True,True,True,True,True,False,True,True,True,13,CTP,True,m376[C_em]
m407[C_cy],CDP-choline_C14H26N4O11P2,C_cy,C14H26N4O11P2,-1,True,"bigg.metabolite,biggM,chebi,hmdb,inchi,inchikey,kegg.compound,kegg.drug,keggC,keggD,metacyc.compound,metacycM,metanetx.chemical,reactome,reactomeM,sabiork.compound,sabiorkM,seed.compound,seedM,vmhM,vmhmetabolite",True,True,True,True,True,True,False,True,True,True,2,CDP-choline,True,m1603[C_em]
m408[C_cy],prephenate_C10H10O6,C_cy,C10H10O6,-2,True,"bigg.metabolite,biggM,chebi,hmdb,inchi,inchikey,kegg.compound,keggC,metacyc.compound,metacycM,metanetx.chemical,sabiork.compound,sabiorkM,seed.compound,seedM,slm,vmhM,vmhmetabolite",True,True,True,True,True,True,False,True,True,True,3,prephenate,False,
m409[C_mi],cis-aconitate_C6H6O6,C_mi,C6H6O6,-3,True,"bigg.metabolite,biggM,chebi,envipath,envipathM,hmdb,inchi,inchikey,kegg.compound,keggC,metacyc.compound,metacycM,metanetx.chemical,sabiork.compound,sabiorkM,seed.compound,seedM,vmhM,vmhmetabolite",True,True,True,True,True,True,False,True,True,True,3,cis-aconitate,True,m436[C_cy]
m410[C_mi],isocitrate_C6H8O7,C_mi,C6H8O7,0,False,,False,False,False,False,False,False,False,False,True,True,4,isocitrate,False,
m411[C_lp],farnesyl diphosphate_C15H25O7P2,C_lp,C15H25O7P2,0,True,"bigg.metabolite,biggM,chebi,hmdb,inchi,inchikey,metanetx.chemical,reactome,reactomeM,sabiork.compound,sabiorkM",True,False,True,True,True,True,False,False,True,True,2,farnesyl diphosphate,True,m512[C_cy]
m412[C_lp],isopentenyl diphosphate_C5H12O7P2,C_lp,C5H12O7P2,-3,True,"bigg.metabolite,biggM,chebi,hmdb,inchi,inchikey,kegg.compound,keggC,lipidmaps,lipidmapsM,metacyc.compound,metacycM,metanetx.chemical,reactome,reactomeM,sabiork.compound,sabiorkM,seed.compound,seedM,slm,vmhM,vmhmetabolite",True,True,True,True,True,True,False,True,True,True,19,isopentenyl diphosphate,True,m491[C_cy]
m413[C_lp],diphosphate_H4O7P2,C_lp,H4O7P2,-3,True,"bigg.metabolite,biggM,chebi,envipath,envipathM,hmdb,inchi,inchikey,kegg.compound,keggC,metacyc.compound,metacycM,metanetx.chemical,reactome,reactomeM,sabiork.compound,sabiorkM,seed.compound,seedM,vmhM,vmhmetabolite",True,True,True,True,True,True,False,True,True,True,30,diphosphate,True,m203[C_cy]
m414[C_lp],geranylgeranyl diphosphate_C20H36O7P2,C_lp,C20H36O7P2,-3,True,"chebi,hmdb,inchi,inchikey,metanetx.chemical,reactome,reactomeM,slm,vmhM,vmhmetabolite",False,False,True,True,True,True,False,False,True,True,2,geranylgeranyl diphosphate,True,m513[C_cy]
m415[C_lp],pentaprenyl diphosphate_C25H44O7P2,C_lp,C25H44O7P2,0,True,"chebi,inchi,inchikey,metanetx.chemical,vmhM,vmhmetabolite",False,False,True,True,False,True,False,False,True,True,2,pentaprenyl diphosphate,True,m548[C_cy]
m416[C_lp],hexaprenyl diphosphate_C30H52O7P2,C_lp,C30H52O7P2,0,True,"chebi,inchi,inchikey,metanetx.chemical",False,False,True,True,False,True,False,False,True,True,2,hexaprenyl diphosphate,True,m640[C_mi]
m417[C_lp],heptaprenyl diphosphate_C35H60O7P2,C_lp,C35H60O7P2,0,True,"chebi,inchi,inchikey,metanetx.chemical",False,False,True,True,False,True,False,False,True,True,2,heptaprenyl diphosphate,False,
m418[C_lp],octaprenyl diphosphate_C40H68O7P2,C_lp,C40H68O7P2,0,True,"bigg.metabolite,biggM,chebi,inchi,inchikey,metanetx.chemical,vmhM,vmhmetabolite",True,False,True,True,False,True,False,False,True,True,2,octaprenyl diphosphate,False,
m419[C_lp],nonaprenyl diphosphate_C45H76O7P2,C_lp,C45H76O7P2,0,True,"chebi,hmdb,inchi,inchikey,metanetx.chemical",False,False,True,True,True,True,False,False,True,True,2,nonaprenyl diphosphate,True,m367[C_cy]
m420[C_lp],decaprenyl diphosphate_C50H84O7P2,C_lp,C50H84O7P2,0,True,"chebi,hmdb,inchi,inchikey,metanetx.chemical",False,False,True,True,True,True,False,False,True,True,2,decaprenyl diphosphate,False,
m421[C_lp],undecaprenyl diphosphate_C55H92O7P2,C_lp,C55H92O7P2,0,True,"bigg.metabolite,biggM,chebi,inchi,inchikey,metanetx.chemical,sabiork.compound,sabiorkM",True,False,True,True,False,True,False,False,True,True,2,undecaprenyl diphosphate,False,
m422[C_lp],dodecaprenyl diphosphate_C60H100O7P2,C_lp,C60H100O7P2,0,True,"chebi,inchi,inchikey,metanetx.chemical",False,False,True,True,False,True,False,False,True,True,2,dodecaprenyl diphosphate,False,
m423[C_lp],tridecaprenyl diphosphate_C65H108O7P2,C_lp,C65H108O7P2,0,True,"chebi,inchi,inchikey,metanetx.chemical",False,False,True,True,False,True,False,False,True,True,2,tridecaprenyl diphosphate,False,
m424[C_lp],tetradecaprenyl diphosphate_C70H116O7P2,C_lp,C70H116O7P2,0,True,"chebi,inchi,inchikey,metanetx.chemical",False,False,True,True,False,True,False,False,True,True,2,tetradecaprenyl diphosphate,False,
m425[C_lp],pentadecaprenyl diphosphate_C75H124O7P2,C_lp,C75H124O7P2,0,True,"chebi,inchi,inchikey,metanetx.chemical",False,False,True,True,False,True,False,False,True,True,2,pentadecaprenyl diphosphate,False,
m426[C_lp],hexadecaprenyl diphosphate_C80H132O7P2,C_lp,C80H132O7P2,0,True,"chebi,inchi,inchikey,metanetx.chemical",False,False,True,True,False,True,False,False,True,True,2,hexadecaprenyl diphosphate,False,
m427[C_lp],heptadecaprenyl diphosphate_C85H140O7P2,C_lp,C85H140O7P2,0,True,"chebi,inchi,inchikey,metanetx.chemical",False,False,True,True,False,True,False,False,True,True,2,heptadecaprenyl diphosphate,False,
m428[C_lp],octadecaprenyl diphosphate_C90H148O7P2,C_lp,C90H148O7P2,0,True,"chebi,inchi,inchikey,metanetx.chemical",False,False,True,True,False,True,False,False,True,True,2,octadecaprenyl diphosphate,False,
m429[C_lp],nonadecaprenyl diphosphate_C95H156O7P2,C_lp,C95H156O7P2,0,True,"chebi,inchi,inchikey,metanetx.chemical",False,False,True,True,False,True,False,False,True,True,2,nonadecaprenyl diphosphate,False,
m430[C_lp],icosaprenyl diphosphate_C100H164O7P2,C_lp,C100H164O7P2,0,True,"chebi,inchi,inchikey,metanetx.chemical",False,False,True,True,False,True,False,False,True,True,2,icosaprenyl diphosphate,False,
m431[C_lp],henicosaprenyl diphosphate_C105H172O7P2,C_lp,C105H172O7P2,0,True,"chebi,inchi,inchikey,metanetx.chemical",False,False,True,True,False,True,False,False,True,True,2,henicosaprenyl diphosphate,False,
m432[C_lp],docosaprenyl diphosphate_C110H180O7P2,C_lp,C110H180O7P2,0,True,"chebi,inchi,inchikey,metanetx.chemical",False,False,True,True,False,True,False,False,True,True,1,docosaprenyl diphosphate,False,
m433[C_mi],citrate_C6H8O7,C_mi,C6H8O7,-3,True,"bigg.metabolite,biggM,chebi,envipath,envipathM,hmdb,inchi,inchikey,kegg.compound,kegg.drug,keggC,keggD,metacyc.compound,metacycM,metanetx.chemical,reactome,reactomeM,sabiork.compound,sabiorkM,seed.compound,seedM,slm,vmhM,vmhmetabolite",True,True,True,True,True,True,False,True,True,True,6,citrate,True,m434[C_pe]
m434[C_pe],citrate_C6H8O7,C_pe,C6H8O7,-3,True,"bigg.metabolite,biggM,chebi,envipath,envipathM,hmdb,inchi,inchikey,kegg.compound,kegg.drug,keggC,keggD,metacyc.compound,metacycM,metanetx.chemical,reactome,reactomeM,sabiork.compound,sabiorkM,seed.compound,seedM,slm,vmhM,vmhmetabolite",True,True,True,True,True,True,False,True,True,True,3,citrate,True,m433[C_mi]
m435[C_cy],citrate_C6H8O7,C_cy,C6H8O7,-3,True,"bigg.metabolite,biggM,chebi,envipath,envipathM,hmdb,inchi,inchikey,kegg.compound,kegg.drug,keggC,keggD,metacyc.compound,metacycM,metanetx.chemical,reactome,reactomeM,sabiork.compound,sabiorkM,seed.compound,seedM,slm,vmhM,vmhmetabolite",True,True,True,True,True,True,False,True,True,True,9,citrate,True,m433[C_mi]
m436[C_cy],cis-aconitate_C6H6O6,C_cy,C6H6O6,-3,True,"bigg.metabolite,biggM,chebi,envipath,envipathM,hmdb,inchi,inchikey,kegg.compound,keggC,metacyc.compound,metacycM,metanetx.chemical,sabiork.compound,sabiorkM,seed.compound,seedM,vmhM,vmhmetabolite",True,True,True,True,True,True,False,True,True,True,3,cis-aconitate,True,m409[C_mi]
m437[C_cy],coproporphyrinogen III_C36H40N4O8,C_cy,C36H40N4O8,-4,True,"bigg.metabolite,biggM,chebi,hmdb,inchi,inchikey,kegg.compound,keggC,metacyc.compound,metacycM,metanetx.chemical,reactome,reactomeM,sabiork.compound,sabiorkM,seed.compound,seedM,slm,vmhM,vmhmetabolite",True,True,True,True,True,True,False,True,True,True,2,coproporphyrinogen III,False,
m438[C_cy],protoporphyrinogen_C34H40N4O4,C_cy,C34H40N4O4,0,False,,False,False,False,False,False,False,False,False,True,True,2,protoporphyrinogen,False,
m439[C_cy],UTP_C9H15N2O15P3,C_cy,C9H15N2O15P3,-4,True,"bigg.metabolite,biggM,chebi,hmdb,inchi,inchikey,kegg.compound,keggC,metacyc.compound,metacycM,metanetx.chemical,reactome,reactomeM,sabiork.compound,sabiorkM,seed.compound,seedM,vmhM,vmhmetabolite",True,True,True,True,True,True,False,True,True,True,16,UTP,True,m1121[C_mi]
m440[C_cy],L-cystathionine_C7H14N2O4S,C_cy,C7H14N2O4S,0,False,,False,False,False,False,False,False,False,False,True,True,5,L-cystathionine,False,
m441[C_cy],L-serine_C3H7NO3,C_cy,C3H7NO3,0,True,"bigg.metabolite,biggM,chebi,envipath,envipathM,hmdb,inchi,inchikey,kegg.compound,kegg.drug,keggC,keggD,metacyc.compound,metacycM,metanetx.chemical,reactome,reactomeM,sabiork.compound,sabiorkM,seed.compound,seedM,vmhM,vmhmetabolite",True,True,True,True,True,True,False,True,True,True,21,L-serine,True,m582[C_mi]
m442[C_cy],2-oxobutanoate_C4H6O3,C_cy,C4H6O3,-1,True,"bigg.metabolite,biggM,chebi,envipath,envipathM,hmdb,inchi,inchikey,kegg.compound,keggC,lipidmaps,lipidmapsM,metacyc.compound,metacycM,metanetx.chemical,reactome,reactomeM,sabiork.compound,sabiorkM,seed.compound,seedM,vmhM,vmhmetabolite",True,True,True,True,True,True,False,True,True,True,5,2-oxobutanoate,True,m42[C_mi]
m443[C_cy],L-cysteine_C3H7NO2S,C_cy,C3H7NO2S,0,True,"bigg.metabolite,biggM,chebi,envipath,envipathM,hmdb,inchi,inchikey,kegg.compound,kegg.drug,keggC,keggD,metacyc.compound,metacycM,metanetx.chemical,reactome,reactomeM,sabiork.compound,sabiorkM,seed.compound,seedM,vmhM,vmhmetabolite",True,True,True,True,True,True,False,True,True,True,20,L-cysteine,True,m1070[C_ex]
m444[C_cy],O-acetyl-L-homoserine_C6H11NO4,C_cy,C6H11NO4,0,True,"chebi,hmdb,inchi,inchikey,kegg.compound,keggC,metacyc.compound,metacycM,metanetx.chemical,sabiork.compound,sabiorkM,seed.compound,seedM,vmhM,vmhmetabolite",False,True,True,True,True,True,False,True,True,True,6,O-acetyl-L-homoserine,False,
m445[C_cy],hydrogen sulfide_HS,C_cy,HS,-1,True,"bigg.metabolite,biggM,chebi,envipath,envipathM,hmdb,inchi,inchikey,kegg.compound,keggC,metacyc.compound,metacycM,metanetx.chemical,reactome,reactomeM,sabiork.compound,sabiorkM,seed.compound,seedM,vmhM,vmhmetabolite",True,True,True,True,True,True,False,True,True,True,5,hydrogen sulfide,False,
m446[C_cy],O-acetyl-L-serine_C5H9NO4,C_cy,C5H9NO4,0,True,"bigg.metabolite,biggM,chebi,hmdb,inchi,inchikey,kegg.compound,keggC,metacyc.compound,metacycM,metanetx.chemical,reactome,reactomeM,sabiork.compound,sabiorkM,seed.compound,seedM,vmhM,vmhmetabolite",True,True,True,True,True,True,False,True,True,True,4,O-acetyl-L-serine,False,
m447[C_cy],tRNA(Cys)_ActiveX VT_ERROR:,C_cy,,0,False,,False,False,False,False,False,False,False,False,False,True,3,tRNA(Cys)_ActiveX VT_ERROR:,False,
m448[C_cy],Cys-tRNA(Cys)_C18H26N6O11PSR(C5H8O6PR)n,C_cy,,0,False,,False,False,False,False,False,False,False,False,False,True,3,Cys-tRNA(Cys)_C18H26N6O11PSR(C5H8O6PR)n,False,
m449[C_cy],lanosterol_C30H50O,C_cy,C30H50O,0,True,"bigg.metabolite,biggM,chebi,hmdb,inchi,inchikey,kegg.compound,keggC,lipidmaps,lipidmapsM,metacyc.compound,metacycM,metanetx.chemical,reactome,reactomeM,sabiork.compound,sabiorkM,seed.compound,seedM,slm,vmhM,vmhmetabolite",True,True,True,True,True,True,False,True,True,True,5,lanosterol,True,m239[C_em]
m450[C_cy],cytosine_C4H5N3O,C_cy,C4H5N3O,0,True,"bigg.metabolite,biggM,chebi,envipath,envipathM,hmdb,inchi,inchikey,kegg.compound,keggC,metacyc.compound,metacycM,metanetx.chemical,reactome,reactomeM,sabiork.compound,sabiorkM,seed.compound,seedM,vmhM,vmhmetabolite",True,True,True,True,True,True,False,True,True,True,3,cytosine,True,m1041[C_ex]
m451[C_cy],uracil_C4H4N2O2,C_cy,C4H4N2O2,0,True,"bigg.metabolite,biggM,chebi,hmdb,inchi,inchikey,kegg.compound,kegg.drug,keggC,keggD,metacyc.compound,metacycM,metanetx.chemical,reactome,reactomeM,sabiork.compound,sabiorkM,vmhM,vmhmetabolite",True,True,True,True,True,True,False,False,True,True,8,uracil,True,m1117[C_ex]
m452[C_cy],"D-arabinono-1,4-lactone_C5H8O5",C_cy,C5H8O5,0,True,"bigg.metabolite,biggM,chebi,hmdb,inchi,inchikey,kegg.compound,keggC,metacyc.compound,metacycM,metanetx.chemical,sabiork.compound,sabiorkM,seed.compound,seedM",True,True,True,True,True,True,False,True,True,True,3,"D-arabinono-1,4-lactone",False,
m453[C_cy],"dehydro-D-arabinono-1,4-lactone_C5H5O5",C_cy,C5H5O5,-1,True,"bigg.metabolite,biggM,chebi,inchi,inchikey,kegg.compound,keggC,metacyc.compound,metacycM,metanetx.chemical",True,True,True,True,False,True,False,False,True,True,1,"dehydro-D-arabinono-1,4-lactone",False,
m454[C_cy],D-arabinose_C5H10O5,C_cy,C5H10O5,0,True,"chebi,metanetx.chemical",False,False,True,True,False,False,False,False,True,True,5,D-arabinose,True,m1193[C_ex]
m455[C_cy],D-fructose 1-phosphate_C6H13O9P,C_cy,C6H13O9P,0,True,"chebi,metacyc.compound,metacycM,metanetx.chemical",False,False,True,True,False,False,False,False,True,True,2,D-fructose 1-phosphate,False,
m456[C_cy],dihydroxyacetone phosphate_C3H5O6P,C_cy,C3H5O6P,-2,True,"bigg.metabolite,biggM,chebi,hmdb,inchi,inchikey,kegg.compound,keggC,metacyc.compound,metacycM,metanetx.chemical,reactome,reactomeM,sabiork.compound,sabiorkM,seed.compound,seedM,slm,vmhM,vmhmetabolite",True,True,True,True,True,True,False,True,True,True,11,dihydroxyacetone phosphate,True,m565[C_mi]
m457[C_cy],D-glucitol_C6H14O6,C_cy,C6H14O6,0,False,,False,False,False,False,False,False,False,False,True,True,2,D-glucitol,False,
m458[C_cy],D-fructose_C6H12O6,C_cy,C6H12O6,0,True,"chebi,inchi,inchikey,kegg.compound,keggC,metacyc.compound,metacycM,metanetx.chemical,seed.compound,seedM",False,True,True,True,False,True,False,True,True,True,4,D-fructose,True,m963[C_ex]
m459[C_cy],dCMP_C9H14N3O7P,C_cy,C9H14N3O7P,-2,True,"bigg.metabolite,biggM,chebi,hmdb,inchi,inchikey,kegg.compound,keggC,metacyc.compound,metacycM,metanetx.chemical,reactome,reactomeM,sabiork.compound,sabiorkM,seed.compound,seedM,vmhM,vmhmetabolite",True,True,True,True,True,True,False,True,True,True,9,dCMP,False,
m460[C_cy],dUMP_C9H13N2O8P,C_cy,C9H13N2O8P,-2,True,"bigg.metabolite,biggM,chebi,hmdb,inchi,inchikey,kegg.compound,keggC,metacyc.compound,metacycM,metanetx.chemical,reactome,reactomeM,sabiork.compound,sabiorkM,seed.compound,seedM,vmhM,vmhmetabolite",True,True,True,True,True,True,False,True,True,True,7,dUMP,True,m1004[C_nu]
m461[C_cy],dCTP_C9H16N3O13P3,C_cy,C9H16N3O13P3,-4,True,"bigg.metabolite,biggM,chebi,hmdb,inchi,inchikey,kegg.compound,keggC,metacyc.compound,metacycM,metanetx.chemical,reactome,reactomeM,sabiork.compound,sabiorkM,seed.compound,seedM,vmhM,vmhmetabolite",True,True,True,True,True,True,False,True,True,True,5,dCTP,False,
m462[C_cy],dUTP_C9H15N2O14P3,C_cy,C9H15N2O14P3,-4,True,"bigg.metabolite,biggM,chebi,hmdb,inchi,inchikey,kegg.compound,keggC,metacyc.compound,metacycM,metanetx.chemical,reactome,reactomeM,sabiork.compound,sabiorkM,seed.compound,seedM,vmhM,vmhmetabolite",True,True,True,True,True,True,False,True,True,True,6,dUTP,False,
m463[C_cy],deoxycytidine_C9H13N3O4,C_cy,C9H13N3O4,0,False,,False,False,False,False,False,False,False,False,True,True,3,deoxycytidine,False,
m464[C_cy],2'-deoxyuridine_,C_cy,,0,False,,False,False,False,False,False,False,False,False,False,True,5,2'-deoxyuridine_,False,
m465[C_cy],dGMP_C10H14N5O7P,C_cy,C10H14N5O7P,-2,True,"bigg.metabolite,biggM,chebi,hmdb,inchi,inchikey,kegg.compound,keggC,metacyc.compound,metacycM,metanetx.chemical,reactome,reactomeM,sabiork.compound,sabiorkM,seed.compound,seedM,vmhM,vmhmetabolite",True,True,True,True,True,True,False,True,True,True,11,dGMP,True,m1094[C_mi]
m466[C_cy],dGDP_C10H15N5O10P2,C_cy,C10H15N5O10P2,-3,True,"bigg.metabolite,biggM,chebi,hmdb,inchi,inchikey,kegg.compound,keggC,metacyc.compound,metacycM,metanetx.chemical,reactome,reactomeM,sabiork.compound,sabiorkM,seed.compound,seedM,vmhM,vmhmetabolite",True,True,True,True,True,True,False,True,True,True,8,dGDP,True,m937[C_nu]
m467[C_cy],spermidine_C7H19N3,C_cy,C7H19N3,3,True,"bigg.metabolite,biggM,chebi,hmdb,inchi,inchikey,kegg.compound,keggC,metacyc.compound,metacycM,metanetx.chemical,reactome,reactomeM,sabiork.compound,sabiorkM,seed.compound,seedM,vmhM,vmhmetabolite",True,True,True,True,True,True,False,True,True,True,8,spermidine,True,m1109[C_ex]
m468[C_mi],ubiquinone-6_C39H58O4,C_mi,C39H58O4,0,True,"inchi,inchikey,kegg.compound,keggC,metanetx.chemical",False,True,True,False,False,True,False,False,True,True,9,ubiquinone-6,False,
m469[C_cy],4-aminobutanal_C4H9NO,C_cy,C4H9NO,1,True,"bigg.metabolite,biggM,chebi,hmdb,inchi,inchikey,kegg.compound,keggC,metacyc.compound,metacycM,metanetx.chemical,sabiork.compound,sabiorkM,seed.compound,seedM,vmhM,vmhmetabolite",True,True,True,True,True,True,False,True,True,True,2,4-aminobutanal,True,m303[C_mi]
m470[C_cy],trimethylenediamine_C3H10N2,C_cy,C3H10N2,0,False,,False,False,False,False,False,False,False,False,True,True,3,trimethylenediamine,False,
m471[C_mi],ubiquinol-6_C39H60O4,C_mi,C39H60O4,0,True,"bigg.metabolite,biggM,chebi,hmdb,inchi,inchikey,metacyc.compound,metacycM,metanetx.chemical,seed.compound,seedM",True,False,True,True,True,True,False,True,True,True,10,ubiquinol-6,False,
m472[C_cy],2-deoxy-D-ribose_ActiveX VT_ERROR:,C_cy,,0,False,,False,False,False,False,False,False,False,False,False,True,2,2-deoxy-D-ribose_ActiveX VT_ERROR:,False,
m473[C_cy],2-deoxy-D-ribose 5-phosphate_C5H11O7P,C_cy,C5H11O7P,0,True,"chebi,inchi,inchikey,metanetx.chemical,reactome,reactomeM,sabiork.compound,sabiorkM",False,False,True,True,False,True,False,False,True,True,1,2-deoxy-D-ribose 5-phosphate,False,
m474[C_cy],2-deoxy-D-ribofuranose 1-phosphate_,C_cy,,0,False,,False,False,False,False,False,False,False,False,False,True,5,2-deoxy-D-ribofuranose 1-phosphate_,False,
m475[C_mi],3'-dephospho-CoA_C21H33N7O13P2S,C_mi,C21H33N7O13P2S,-2,True,"bigg.metabolite,biggM,chebi,hmdb,inchi,inchikey,kegg.compound,keggC,lipidmaps,lipidmapsM,metacyc.compound,metacycM,metanetx.chemical,reactome,reactomeM,sabiork.compound,sabiorkM,seed.compound,seedM,vmhM,vmhmetabolite",True,True,True,True,True,True,False,True,True,True,2,3'-dephospho-CoA,True,m855[C_cy]
m476[C_er],lignoceric acid_C24H48O2,C_er,C24H48O2,0,False,,False,False,False,False,False,False,False,False,True,True,4,lignoceric acid,False,
m477[C_er],cerotic acid_C26H52O2,C_er,C26H52O2,0,False,,False,False,False,False,False,False,False,False,True,True,4,cerotic acid,False,
m478[C_cy],dihydrofolic acid_C19H19N7O6,C_cy,C19H19N7O6,0,False,,False,False,False,False,False,False,False,False,True,True,5,dihydrofolic acid,False,
m479[C_cy],THF_C19H23N7O6,C_cy,C19H23N7O6,0,False,,False,False,False,False,False,False,False,False,True,True,9,THF,False,
m480[C_mi],dihydrofolic acid_C19H19N7O6,C_mi,C19H19N7O6,0,False,,False,False,False,False,False,False,False,False,True,True,3,dihydrofolic acid,False,
m481[C_cy],"7,8-dihydropteroate_ActiveX VT_ERROR:",C_cy,,0,False,,False,False,False,False,False,False,False,False,False,True,2,"7,8-dihydropteroate_ActiveX VT_ERROR:",False,
m482[C_mi],"7,8-dihydroneopterin_C9H13N5O4",C_mi,C9H13N5O4,0,True,"bigg.metabolite,biggM,chebi,hmdb,inchi,inchikey,kegg.compound,keggC,metacyc.compound,metacycM,metanetx.chemical,sabiork.compound,sabiorkM,vmhM,vmhmetabolite",True,True,True,True,True,True,False,False,True,True,2,"7,8-dihydroneopterin",True,m283[C_cy]
m483[C_mi],glycolaldehyde_C2H4O2,C_mi,C2H4O2,0,True,"bigg.metabolite,biggM,chebi,envipath,envipathM,hmdb,inchi,inchikey,kegg.compound,keggC,metacyc.compound,metacycM,metanetx.chemical,sabiork.compound,sabiorkM,seed.compound,seedM,vmhM,vmhmetabolite",True,True,True,True,True,True,False,True,True,True,2,glycolaldehyde,True,m1147[C_cy]
m484[C_cy],"7,8-dihydroneopterin 3'-phosphate_C9H14N5O7P",C_cy,C9H14N5O7P,-2,True,"chebi,hmdb,inchi,inchikey,kegg.compound,keggC,metacyc.compound,metacycM,metanetx.chemical,sabiork.compound,sabiorkM",False,True,True,True,True,True,False,False,True,True,2,"7,8-dihydroneopterin 3'-phosphate",False,
m485[C_cy],(S)-dihydroorotate_C5H6N2O4,C_cy,C5H6N2O4,-1,True,"bigg.metabolite,biggM,chebi,hmdb,inchi,inchikey,kegg.compound,keggC,metacyc.compound,metacycM,metanetx.chemical,reactome,reactomeM,sabiork.compound,sabiorkM,seed.compound,seedM,vmhM,vmhmetabolite",True,True,True,True,True,True,False,True,True,True,2,(S)-dihydroorotate,False,
m486[C_mi],4-aminobenzoate_C7H7NO2,C_mi,C7H7NO2,-1,True,"bigg.metabolite,biggM,chebi,envipath,envipathM,hmdb,inchi,inchikey,kegg.compound,kegg.drug,keggC,keggD,metacyc.compound,metacycM,metanetx.chemical,reactome,reactomeM,sabiork.compound,sabiorkM,seed.compound,seedM,vmhM,vmhmetabolite",True,True,True,True,True,True,False,True,True,True,3,4-aminobenzoate,True,m132[C_cy]
m487[C_mi],"7,8-dihydropteroate_ActiveX VT_ERROR:",C_mi,,0,False,,False,False,False,False,False,False,False,False,False,True,3,"7,8-dihydropteroate_ActiveX VT_ERROR:",False,
m488[C_mi],"(2R,3R)-2,3-dihydroxy-3-methylpentanoate_C6H12O4",C_mi,C6H12O4,-1,True,"bigg.metabolite,biggM,chebi,hmdb,inchi,inchikey,kegg.compound,keggC,lipidmaps,lipidmapsM,metacyc.compound,metacycM,metanetx.chemical,seed.compound,seedM,vmhM,vmhmetabolite",True,True,True,True,True,True,False,True,True,True,2,"(2R,3R)-2,3-dihydroxy-3-methylpentanoate",False,
m489[C_mi],(S)-3-methyl-2-oxopentanoate_C6H9O3,C_mi,C6H9O3,-1,True,"chebi,hmdb,inchi,inchikey,kegg.compound,keggC,lipidmaps,lipidmapsM,metacyc.compound,metacycM,metanetx.chemical,sabiork.compound,sabiorkM,seed.compound,seedM,vmhM,vmhmetabolite",False,True,True,True,True,True,False,True,True,True,4,(S)-3-methyl-2-oxopentanoate,True,m744[C_cy]
m490[C_cy],glycerone_C3H6O3,C_cy,C3H6O3,0,False,,False,False,False,False,False,False,False,False,True,True,3,glycerone,False,
m491[C_cy],isopentenyl diphosphate_C5H12O7P2,C_cy,C5H12O7P2,-3,True,"bigg.metabolite,biggM,chebi,hmdb,inchi,inchikey,kegg.compound,keggC,lipidmaps,lipidmapsM,metacyc.compound,metacycM,metanetx.chemical,reactome,reactomeM,sabiork.compound,sabiorkM,seed.compound,seedM,slm,vmhM,vmhmetabolite",True,True,True,True,True,True,False,True,True,True,9,isopentenyl diphosphate,True,m412[C_lp]
m492[C_cy],prenyl diphosphate_C5H9O7P2,C_cy,C5H9O7P2,0,True,"kegg.compound,keggC,metanetx.chemical,seed.compound,seedM",False,True,True,False,False,False,False,True,True,True,2,prenyl diphosphate,False,
m493[C_cy],geranyl diphosphate_C10H20O7P2,C_cy,C10H20O7P2,0,False,,False,False,False,False,False,False,False,False,True,True,4,geranyl diphosphate,False,
m494[C_cy],"1,3-bisphospho-D-glycerate_C3H4O10P2",C_cy,C3H4O10P2,0,False,,False,False,False,False,False,False,False,False,True,True,3,"1,3-bisphospho-D-glycerate",False,
m495[C_cy],"2,3-bisphospho-D-glyceric acid_C3H3O10P2",C_cy,C3H3O10P2,0,False,,False,False,False,False,False,False,False,False,True,True,1,"2,3-bisphospho-D-glyceric acid",False,
m496[C_cy],"myo-inositol 1,3,4,5,6-pentakisphosphate_ActiveX VT_ERROR:",C_cy,,0,False,,False,False,False,False,False,False,False,False,False,True,3,"myo-inositol 1,3,4,5,6-pentakisphosphate_ActiveX VT_ERROR:",False,
m497[C_cy],2-(3-amino-3-carboxypropyl)-L-histidine_C10H16N4O4,C_cy,C10H16N4O4,0,True,"bigg.metabolite,biggM,chebi,hmdb,inchi,inchikey,metanetx.chemical,seed.compound,seedM,vmhM,vmhmetabolite",True,False,True,True,True,True,False,True,True,True,1,2-(3-amino-3-carboxypropyl)-L-histidine,False,
m498[C_cy],2-[3-carboxy-3-(methylammonio)propyl]-L-histidine_C11H18N4O4,C_cy,C11H18N4O4,1,True,"chebi,hmdb,inchi,inchikey,metanetx.chemical,vmhM,vmhmetabolite",False,False,True,True,True,True,False,False,True,True,1,2-[3-carboxy-3-(methylammonio)propyl]-L-histidine,False,
m499[C_cy],dolichol_C15H28O,C_cy,C15H28O,0,True,"inchi,inchikey,metanetx.chemical,sabiork.compound,sabiorkM,vmhM,vmhmetabolite",False,False,True,False,False,True,False,False,True,True,1,dolichol,False,
m500[C_cy],CDP_C9H15N3O11P2,C_cy,C9H15N3O11P2,-3,True,"bigg.metabolite,biggM,chebi,hmdb,inchi,inchikey,kegg.compound,keggC,metacyc.compound,metacycM,metanetx.chemical,reactome,reactomeM,seed.compound,seedM,vmhM,vmhmetabolite",True,True,True,True,True,True,False,True,True,True,9,CDP,True,m934[C_nu]
m501[C_cy],dolichyl phosphate_C20H37O4P(C5H8)n,C_cy,,0,False,,False,False,False,False,False,False,False,False,False,True,4,dolichyl phosphate_C20H37O4P(C5H8)n,False,
m502[C_er],dolichyl D-mannosyl phosphate_C26H47O9P(C5H8)n,C_er,,0,False,,False,False,False,False,False,False,False,False,False,True,7,dolichyl D-mannosyl phosphate_C26H47O9P(C5H8)n,False,
m503[C_er],dolichyl phosphate_C20H37O4P(C5H8)n,C_er,,0,False,,False,False,False,False,False,False,False,False,False,True,8,dolichyl phosphate_C20H37O4P(C5H8)n,False,
m504[C_er],mannan_,C_er,,0,False,,False,False,False,False,False,False,False,False,False,True,2,mannan_,False,
m505[C_cy],dTMP_C10H15N2O8P,C_cy,C10H15N2O8P,-2,True,"bigg.metabolite,biggM,chebi,hmdb,inchi,inchikey,kegg.compound,keggC,metacyc.compound,metacycM,metanetx.chemical,reactome,reactomeM,sabiork.compound,sabiorkM,seed.compound,seedM,vmhM,vmhmetabolite",True,True,True,True,True,True,False,True,True,True,11,dTMP,False,
m506[C_cy],dTDP_C10H16N2O11P2,C_cy,C10H16N2O11P2,-3,True,"bigg.metabolite,biggM,chebi,hmdb,inchi,inchikey,kegg.compound,keggC,metacyc.compound,metacycM,metanetx.chemical,reactome,reactomeM,sabiork.compound,sabiorkM,seed.compound,seedM,vmhM,vmhmetabolite",True,True,True,True,True,True,False,True,True,True,6,dTDP,False,
m507[C_cy],2-phospho-D-glyceric acid_C3H4O7P,C_cy,C3H4O7P,0,False,,False,False,False,False,False,False,False,False,True,True,2,2-phospho-D-glyceric acid,False,
m508[C_cy],ethanolamine_C2H7NO,C_cy,C2H7NO,1,True,"bigg.metabolite,biggM,chebi,envipath,envipathM,hmdb,inchi,inchikey,kegg.compound,kegg.drug,keggC,keggD,metacyc.compound,metacycM,metanetx.chemical,reactome,reactomeM,sabiork.compound,sabiorkM,seed.compound,seedM,vmhM,vmhmetabolite",True,True,True,True,True,True,False,True,True,True,3,ethanolamine,True,m1047[C_ex]
m509[C_cy],O-phosphoethanolamine_C2H7NO4P,C_cy,C2H7NO4P,0,False,,False,False,False,False,False,False,False,False,True,True,3,O-phosphoethanolamine,False,
m510[C_ex],(1-3)-beta-D-glucan_,C_ex,,0,False,,False,False,False,False,False,False,False,False,False,True,2,(1-3)-beta-D-glucan_,False,
m511[C_ex],D-glucose_C6H12O6,C_ex,C6H12O6,0,True,"bigg.metabolite,biggM,chebi,hmdb,inchi,inchikey,kegg.compound,kegg.drug,keggC,keggD,metacyc.compound,metacycM,metanetx.chemical,sabiork.compound,sabiorkM,seed.compound,seedM,vmhM,vmhmetabolite",True,True,True,True,True,True,False,True,True,True,4,D-glucose,True,m295[C_cy]
m512[C_cy],farnesyl diphosphate_C15H25O7P2,C_cy,C15H25O7P2,0,True,"bigg.metabolite,biggM,chebi,hmdb,inchi,inchikey,metanetx.chemical,reactome,reactomeM,sabiork.compound,sabiorkM",True,False,True,True,True,True,False,False,True,True,4,farnesyl diphosphate,True,m411[C_lp]
m513[C_cy],geranylgeranyl diphosphate_C20H36O7P2,C_cy,C20H36O7P2,-3,True,"chebi,hmdb,inchi,inchikey,metanetx.chemical,reactome,reactomeM,slm,vmhM,vmhmetabolite",False,False,True,True,True,True,False,False,True,True,2,geranylgeranyl diphosphate,True,m414[C_lp]
m514[C_pe],octadec-9-ynoyl-CoA_,C_pe,,0,False,,False,False,False,False,False,False,False,False,False,True,1,octadec-9-ynoyl-CoA_,False,
m515[C_pe],ATP_C10H16N5O13P3,C_pe,C10H16N5O13P3,-4,True,"bigg.metabolite,biggM,chebi,envipath,envipathM,hmdb,inchi,inchikey,kegg.compound,kegg.drug,keggC,keggD,metacyc.compound,metacycM,metanetx.chemical,reactome,reactomeM,sabiork.compound,sabiorkM,seed.compound,seedM,vmhM,vmhmetabolite",True,True,True,True,True,True,False,True,True,True,14,ATP,True,m16[C_vm]
m516[C_pe],decanoate_C10H20O2,C_pe,C10H20O2,-1,True,"bigg.metabolite,biggM,chebi,hmdb,inchi,inchikey,kegg.compound,keggC,lipidmaps,lipidmapsM,metacyc.compound,metacycM,metanetx.chemical,reactome,reactomeM,sabiork.compound,sabiorkM,seed.compound,seedM,slm,vmhM,vmhmetabolite",True,True,True,True,True,True,False,True,True,True,3,decanoate,True,m1207[C_ex]
m517[C_pe],AMP_C10H14N5O7P,C_pe,C10H14N5O7P,-2,True,"bigg.metabolite,biggM,chebi,envipath,envipathM,hmdb,inchi,inchikey,kegg.compound,kegg.drug,keggC,keggD,metacyc.compound,metacycM,metanetx.chemical,reactome,reactomeM,sabiork.compound,sabiorkM,seed.compound,seedM,vmhM,vmhmetabolite",True,True,True,True,True,True,False,True,True,True,14,AMP,True,m48[C_mi]
m518[C_pe],diphosphate_H4O7P2,C_pe,H4O7P2,-3,True,"bigg.metabolite,biggM,chebi,envipath,envipathM,hmdb,inchi,inchikey,kegg.compound,keggC,metacyc.compound,metacycM,metanetx.chemical,reactome,reactomeM,sabiork.compound,sabiorkM,seed.compound,seedM,vmhM,vmhmetabolite",True,True,True,True,True,True,False,True,True,True,13,diphosphate,True,m203[C_cy]
m519[C_pe],laurate_C12H24O2,C_pe,C12H24O2,0,False,,False,False,False,False,False,False,False,False,True,True,3,laurate,False,
m520[C_pe],palmitate_C16H32O2,C_pe,C16H32O2,0,False,,False,False,False,False,False,False,False,False,True,True,3,palmitate,False,
m521[C_pe],octanoate_C8H16O2,C_pe,C8H16O2,-1,True,"bigg.metabolite,biggM,chebi,envipath,envipathM,hmdb,inchi,inchikey,kegg.compound,kegg.drug,keggC,keggD,lipidmaps,lipidmapsM,metacyc.compound,metacycM,metanetx.chemical,reactome,reactomeM,sabiork.compound,sabiorkM,seed.compound,seedM,slm,vmhM,vmhmetabolite",True,True,True,True,True,True,False,True,True,True,3,octanoate,True,m1226[C_cy]
m522[C_pe],myristate_C14H28O2,C_pe,C14H28O2,0,False,,False,False,False,False,False,False,False,False,True,True,3,myristate,False,
m523[C_mi],iron_Fe,C_mi,Fe,0,True,"bigg.metabolite,biggM,metanetx.chemical",True,False,True,False,False,False,False,False,True,True,2,iron_Fe,True,m948[C_cy]
m524[C_mi],protoporphyrin_C34H34N4O4,C_mi,C34H34N4O4,-2,True,"inchi,inchikey,metanetx.chemical,seed.compound,seedM",False,False,True,False,False,True,False,True,True,True,2,protoporphyrin,False,
m525[C_mi],ferroheme b_C34H30FeN4O4,C_mi,C34H30FeN4O4,0,False,,False,False,False,False,False,False,False,False,True,True,2,ferroheme b_C34H30FeN4O4,False,
m526[C_mi],hydrogen peroxide_H2O2,C_mi,H2O2,0,False,,False,False,False,False,False,False,False,False,True,True,3,hydrogen peroxide,False,
m527[C_cy],FMN_C17H21N4O9P,C_cy,C17H21N4O9P,0,True,"bigg.metabolite,biggM,chebi,hmdb,inchi,inchikey,kegg.compound,keggC,metacyc.compound,metacycM,metanetx.chemical,sabiork.compound,sabiorkM,seed.compound,seedM,vmhM,vmhmetabolite",True,True,True,True,True,True,False,True,True,True,4,FMN,True,m213[C_ex]
m528[C_cy],FAD_C27H33N9O15P2,C_cy,C27H33N9O15P2,0,True,"bigg.metabolite,biggM,chebi,hmdb,inchi,inchikey,kegg.compound,kegg.drug,keggC,keggD,metacyc.compound,metacycM,metanetx.chemical,reactome,reactomeM,sabiork.compound,sabiorkM,seed.compound,seedM,vmhM,vmhmetabolite",True,True,True,True,True,True,False,True,True,True,4,FAD,True,m563[C_mi]
m529[C_cy],formaldehyde_CH2O,C_cy,CH2O,0,True,"bigg.metabolite,biggM,chebi,envipath,envipathM,hmdb,inchi,inchikey,kegg.compound,kegg.drug,keggC,keggD,metacyc.compound,metacycM,metanetx.chemical,reactome,reactomeM,sabiork.compound,sabiorkM,seed.compound,seedM,vmhM,vmhmetabolite",True,True,True,True,True,True,False,True,True,True,1,formaldehyde,False,
m530[C_cy],glutathione_C10H17N3O6S,C_cy,C10H17N3O6S,-1,True,"bigg.metabolite,biggM,chebi,hmdb,inchi,inchikey,kegg.compound,kegg.drug,keggC,keggD,metacyc.compound,metacycM,metanetx.chemical,reactome,reactomeM,sabiork.compound,sabiorkM,seed.compound,seedM,vmhM,vmhmetabolite",True,True,True,True,True,True,False,True,True,True,13,glutathione,True,m561[C_mi]
m531[C_cy],S-formylglutathione_C11H17N3O7S,C_cy,C11H17N3O7S,-1,True,"bigg.metabolite,biggM,chebi,envipath,envipathM,hmdb,inchi,inchikey,kegg.compound,keggC,metacyc.compound,metacycM,metanetx.chemical,reactome,reactomeM,sabiork.compound,sabiorkM,seed.compound,seedM,vmhM,vmhmetabolite",True,True,True,True,True,True,False,True,True,True,2,S-formylglutathione,False,
m532[C_cy],10-formyl-THF_C20H21N7O7,C_cy,C20H21N7O7,0,False,,False,False,False,False,False,False,False,False,True,True,5,10-formyl-THF,False,
m533[C_mi],formate_CH2O2,C_mi,CH2O2,-1,True,"bigg.metabolite,biggM,chebi,envipath,envipathM,hmdb,inchi,inchikey,kegg.compound,keggC,metacyc.compound,metacycM,metanetx.chemical,reactome,reactomeM,sabiork.compound,sabiorkM,seed.compound,seedM,vmhM,vmhmetabolite",True,True,True,True,True,True,False,True,True,True,2,formate,True,m34[C_cy]
m534[C_mi],10-formyl-THF_C20H21N7O7,C_mi,C20H21N7O7,0,False,,False,False,False,False,False,False,False,False,True,True,3,10-formyl-THF,False,
m535[C_cy],"D-fructose 1,6-bisphosphate_C6H14O12P2",C_cy,C6H14O12P2,0,True,"chebi,metanetx.chemical",False,False,True,True,False,False,False,False,True,True,4,"D-fructose 1,6-bisphosphate",False,
m536[C_cy],glyceraldehyde 3-phosphate_C3H5O6P,C_cy,C3H5O6P,0,True,"bigg.metabolite,biggM,chebi,hmdb,inchi,inchikey,kegg.compound,keggC,metacyc.compound,metacycM,metanetx.chemical,sabiork.compound,sabiorkM,seed.compound,seedM",True,True,True,True,True,True,False,True,True,True,9,glyceraldehyde 3-phosphate,False,
m537[C_mi],fumarate_C4H4O4,C_mi,C4H4O4,-2,True,"bigg.metabolite,biggM,chebi,envipath,envipathM,hmdb,inchi,inchikey,kegg.compound,kegg.drug,keggC,keggD,metacyc.compound,metacycM,metanetx.chemical,reactome,reactomeM,sabiork.compound,sabiorkM,seed.compound,seedM,slm,vmhM,vmhmetabolite",True,True,True,True,True,True,False,True,True,True,3,fumarate,True,m264[C_cy]
m538[C_mi],(S)-malate_C4H6O5,C_mi,C4H6O5,-2,True,"bigg.metabolite,biggM,chebi,envipath,envipathM,hmdb,inchi,inchikey,kegg.compound,kegg.drug,keggC,keggD,metacyc.compound,metacycM,metanetx.chemical,reactome,reactomeM,sabiork.compound,sabiorkM,seed.compound,seedM,slm,vmhM,vmhmetabolite",True,True,True,True,True,True,False,True,True,True,7,(S)-malate,True,m539[C_cy]
m539[C_cy],(S)-malate_C4H6O5,C_cy,C4H6O5,-2,True,"bigg.metabolite,biggM,chebi,envipath,envipathM,hmdb,inchi,inchikey,kegg.compound,kegg.drug,keggC,keggD,metacyc.compound,metacycM,metanetx.chemical,reactome,reactomeM,sabiork.compound,sabiorkM,seed.compound,seedM,slm,vmhM,vmhmetabolite",True,True,True,True,True,True,False,True,True,True,12,(S)-malate,True,m538[C_mi]
m540[C_cy],orotate_C5H4N2O4,C_cy,C5H4N2O4,-1,True,"bigg.metabolite,biggM,chebi,hmdb,inchi,inchikey,kegg.compound,kegg.drug,keggC,keggD,metacyc.compound,metacycM,metanetx.chemical,reactome,reactomeM,sabiork.compound,sabiorkM,seed.compound,seedM,vmhM,vmhmetabolite",True,True,True,True,True,True,False,True,True,True,2,orotate,False,
m541[C_cy],succinate_C4H6O4,C_cy,C4H6O4,-2,True,"bigg.metabolite,biggM,chebi,envipath,envipathM,hmdb,inchi,inchikey,kegg.compound,keggC,lipidmaps,lipidmapsM,metacyc.compound,metacycM,metanetx.chemical,reactome,reactomeM,sabiork.compound,sabiorkM,seed.compound,seedM,slm,vmhM,vmhmetabolite",True,True,True,True,True,True,False,True,True,True,10,succinate,True,m810[C_mi]
m542[C_cy],L-cysteinylglycine_C5H10N2O3S,C_cy,C5H10N2O3S,0,True,"bigg.metabolite,biggM,chebi,hmdb,inchi,inchikey,kegg.compound,keggC,metacyc.compound,metacycM,metanetx.chemical,reactome,reactomeM,sabiork.compound,sabiorkM,seed.compound,seedM,vmhM,vmhmetabolite",True,True,True,True,True,True,False,True,True,True,2,L-cysteinylglycine,False,
m543[C_cy],L-gamma-glutamyl-L-alanine_,C_cy,,0,False,,False,False,False,False,False,False,False,False,False,True,1,L-gamma-glutamyl-L-alanine_,False,
m544[C_cy],D-galactose_C6H12O6,C_cy,C6H12O6,0,True,"chebi,inchi,inchikey,kegg.compound,keggC,metacyc.compound,metacycM,metanetx.chemical,sabiork.compound,sabiorkM,seed.compound,seedM",False,True,True,True,False,True,False,True,True,True,1,D-galactose,True,m1042[C_ex]
m545[C_cy],alpha-D-galactose 1-phosphate_C6H11O9P,C_cy,C6H11O9P,-2,True,"bigg.metabolite,biggM,chebi,hmdb,inchi,inchikey,kegg.compound,keggC,metacyc.compound,metacycM,metanetx.chemical,reactome,reactomeM,sabiork.compound,sabiorkM,seed.compound,seedM,vmhM,vmhmetabolite",True,True,True,True,True,True,False,True,True,True,3,alpha-D-galactose 1-phosphate,False,
m546[C_cy],UDP-D-galactose_C15H24N2O17P2,C_cy,C15H24N2O17P2,0,True,"kegg.glycan,keggG,metanetx.chemical",False,False,True,False,False,False,False,False,True,True,4,UDP-D-galactose,True,m1889[C_go]
m547[C_cy],L-gamma-glutamyl-L-cysteine_C8H13N2O5S,C_cy,C8H13N2O5S,0,False,,False,False,False,False,False,False,False,False,True,True,2,L-gamma-glutamyl-L-cysteine,False,
m548[C_cy],pentaprenyl diphosphate_C25H44O7P2,C_cy,C25H44O7P2,0,True,"chebi,inchi,inchikey,metanetx.chemical,vmhM,vmhmetabolite",False,False,True,True,False,True,False,False,True,True,2,pentaprenyl diphosphate,True,m415[C_lp]
m549[C_cy],glycogen_,C_cy,,0,False,,False,False,False,False,False,False,False,False,False,True,8,glycogen_,False,
m550[C_cy],alpha-D-glucosamine 6-phosphate_C6H14NO8P,C_cy,C6H14NO8P,-1,True,"bigg.metabolite,biggM,chebi,hmdb,inchi,inchikey,kegg.compound,keggC,metacyc.compound,metacycM,metanetx.chemical,reactome,reactomeM,sabiork.compound,sabiorkM,seed.compound,seedM,vmhM,vmhmetabolite",True,True,True,True,True,True,False,True,True,True,7,alpha-D-glucosamine 6-phosphate,True,m1169[C_ex]
m551[C_cy],L-gamma-glutamyl phosphate_C5H8NO7P,C_cy,C5H8NO7P,0,False,,False,False,False,False,False,False,False,False,True,True,2,L-gamma-glutamyl phosphate,False,
m552[C_cy],L-glutamic 5-semialdehyde_C5H9NO3,C_cy,C5H9NO3,0,False,,False,False,False,False,False,False,False,False,True,True,4,L-glutamic 5-semialdehyde,False,
m553[C_cy],tRNA(Gln)_ActiveX VT_ERROR:,C_cy,,0,False,,False,False,False,False,False,False,False,False,False,True,3,tRNA(Gln)_ActiveX VT_ERROR:,False,
m554[C_cy],Gln-tRNA(Gln)_C20H29N7O12PR(C5H8O6PR)n,C_cy,,0,False,,False,False,False,False,False,False,False,False,False,True,3,Gln-tRNA(Gln)_C20H29N7O12PR(C5H8O6PR)n,False,
m555[C_cy],tRNA(Glu)_ActiveX VT_ERROR:,C_cy,,0,False,,False,False,False,False,False,False,False,False,False,True,3,tRNA(Glu)_ActiveX VT_ERROR:,False,
m556[C_cy],Glu-tRNA(Glu)_C20H28N6O13PR(C5H8O6PR)n,C_cy,,0,False,,False,False,False,False,False,False,False,False,False,True,3,Glu-tRNA(Glu)_C20H28N6O13PR(C5H8O6PR)n,False,
m557[C_mi],"tRNA(Glu), mitchondrial_",C_mi,,0,False,,False,False,False,False,False,False,False,False,False,True,1,"tRNA(Glu), mitchondrial_",False,
m558[C_mi],Glu-tRNA(Glu)_C20H28N6O13PR(C5H8O6PR)n,C_mi,,0,False,,False,False,False,False,False,False,False,False,False,True,1,Glu-tRNA(Glu)_C20H28N6O13PR(C5H8O6PR)n,False,
m559[C_cy],glutathione disulfide_C20H32N6O12S2,C_cy,C20H32N6O12S2,-2,True,"bigg.metabolite,biggM,chebi,hmdb,inchi,inchikey,kegg.compound,kegg.drug,keggC,keggD,metacyc.compound,metacycM,metanetx.chemical,reactome,reactomeM,sabiork.compound,sabiorkM,seed.compound,seedM,vmhM,vmhmetabolite",True,True,True,True,True,True,False,True,True,True,3,glutathione disulfide,True,m560[C_mi]
m560[C_mi],glutathione disulfide_C20H32N6O12S2,C_mi,C20H32N6O12S2,-2,True,"bigg.metabolite,biggM,chebi,hmdb,inchi,inchikey,kegg.compound,kegg.drug,keggC,keggD,metacyc.compound,metacycM,metanetx.chemical,reactome,reactomeM,sabiork.compound,sabiorkM,seed.compound,seedM,vmhM,vmhmetabolite",True,True,True,True,True,True,False,True,True,True,2,glutathione disulfide,True,m559[C_cy]
m561[C_mi],glutathione_C10H17N3O6S,C_mi,C10H17N3O6S,-1,True,"bigg.metabolite,biggM,chebi,hmdb,inchi,inchikey,kegg.compound,kegg.drug,keggC,keggD,metacyc.compound,metacycM,metanetx.chemical,reactome,reactomeM,sabiork.compound,sabiorkM,seed.compound,seedM,vmhM,vmhmetabolite",True,True,True,True,True,True,False,True,True,True,3,glutathione,True,m530[C_cy]
m562[C_cy],glycerol 3-phosphate_C3H9O6P,C_cy,C3H9O6P,0,False,,False,False,False,False,False,False,False,False,True,True,6,glycerol 3-phosphate,False,
m563[C_mi],FAD_C27H33N9O15P2,C_mi,C27H33N9O15P2,0,True,"bigg.metabolite,biggM,chebi,hmdb,inchi,inchikey,kegg.compound,kegg.drug,keggC,keggD,metacyc.compound,metacycM,metanetx.chemical,reactome,reactomeM,sabiork.compound,sabiorkM,seed.compound,seedM,vmhM,vmhmetabolite",True,True,True,True,True,True,False,True,True,True,6,FAD,True,m528[C_cy]
m564[C_mi],glycerol 3-phosphate_C3H9O6P,C_mi,C3H9O6P,0,False,,False,False,False,False,False,False,False,False,True,True,4,glycerol 3-phosphate,False,
m565[C_mi],dihydroxyacetone phosphate_C3H5O6P,C_mi,C3H5O6P,-2,True,"bigg.metabolite,biggM,chebi,hmdb,inchi,inchikey,kegg.compound,keggC,metacyc.compound,metacycM,metanetx.chemical,reactome,reactomeM,sabiork.compound,sabiorkM,seed.compound,seedM,slm,vmhM,vmhmetabolite",True,True,True,True,True,True,False,True,True,True,3,dihydroxyacetone phosphate,True,m456[C_cy]
m566[C_mi],FADH2_C27H35N9O15P2,C_mi,C27H35N9O15P2,-2,True,"bigg.metabolite,biggM,chebi,hmdb,inchi,inchikey,kegg.compound,keggC,metacyc.compound,metacycM,metanetx.chemical,reactome,reactomeM,sabiork.compound,sabiorkM,seed.compound,seedM,vmhM,vmhmetabolite",True,True,True,True,True,True,False,True,True,True,7,FADH2,True,m1048[C_cy]
m567[C_em],acyl-CoA_,C_em,,0,False,,False,False,False,False,False,False,False,False,False,True,6,acyl-CoA_,False,
m568[C_em],dihydroxyacetone phosphate_C3H5O6P,C_em,C3H5O6P,-2,True,"bigg.metabolite,biggM,chebi,hmdb,inchi,inchikey,kegg.compound,keggC,metacyc.compound,metacycM,metanetx.chemical,reactome,reactomeM,sabiork.compound,sabiorkM,seed.compound,seedM,slm,vmhM,vmhmetabolite",True,True,True,True,True,True,False,True,True,True,2,dihydroxyacetone phosphate,True,m456[C_cy]
m569[C_em],acylglycerone phosphate_,C_em,,0,False,,False,False,False,False,False,False,False,False,False,True,2,acylglycerone phosphate_,False,
m570[C_lp],acyl-CoA_,C_lp,,0,False,,False,False,False,False,False,False,False,False,False,True,6,acyl-CoA_,False,
m571[C_lp],dihydroxyacetone phosphate_C3H5O6P,C_lp,C3H5O6P,-2,True,"bigg.metabolite,biggM,chebi,hmdb,inchi,inchikey,kegg.compound,keggC,metacyc.compound,metacycM,metanetx.chemical,reactome,reactomeM,sabiork.compound,sabiorkM,seed.compound,seedM,slm,vmhM,vmhmetabolite",True,True,True,True,True,True,False,True,True,True,2,dihydroxyacetone phosphate,True,m456[C_cy]
m572[C_lp],acylglycerone phosphate_,C_lp,,0,False,,False,False,False,False,False,False,False,False,False,True,2,acylglycerone phosphate_,False,
m573[C_lp],coenzyme A_C21H36N7O16P3S,C_lp,C21H36N7O16P3S,0,False,,False,False,False,False,False,False,False,False,True,True,16,coenzyme A,False,
m574[C_em],glycerol 3-phosphate_C3H9O6P,C_em,C3H9O6P,0,False,,False,False,False,False,False,False,False,False,True,True,2,glycerol 3-phosphate,False,
m575[C_em],1-acyl-sn-glycerol 3-phosphate_ActiveX VT_ERROR:,C_em,,0,False,,False,False,False,False,False,False,False,False,False,True,2,1-acyl-sn-glycerol 3-phosphate_ActiveX VT_ERROR:,False,
m576[C_lp],glycerol 3-phosphate_C3H9O6P,C_lp,C3H9O6P,0,False,,False,False,False,False,False,False,False,False,True,True,2,glycerol 3-phosphate,False,
m577[C_lp],1-acyl-sn-glycerol 3-phosphate_ActiveX VT_ERROR:,C_lp,,0,False,,False,False,False,False,False,False,False,False,False,True,3,1-acyl-sn-glycerol 3-phosphate_ActiveX VT_ERROR:,False,
m578[C_cy],sn-glycero-3-phosphocholine_C8H21NO6P,C_cy,C8H21NO6P,0,False,,False,False,False,False,False,False,False,False,True,True,4,sn-glycero-3-phosphocholine,False,
m579[C_cy],5-phospho-ribosyl-glycineamide_C7H14N2O8P,C_cy,C7H14N2O8P,0,False,,False,False,False,False,False,False,False,False,True,True,4,5-phospho-ribosyl-glycineamide,False,
m580[C_cy],L-2-amino-3-oxobutanoate_C4H7NO3,C_cy,C4H7NO3,0,False,,False,False,False,False,False,False,False,False,True,True,3,L-2-amino-3-oxobutanoate,False,
m581[C_mi],ammonium_H3N,C_mi,H3N,0,False,,False,False,False,False,False,False,False,False,True,True,5,ammonium,False,
m582[C_mi],L-serine_C3H7NO3,C_mi,C3H7NO3,0,True,"bigg.metabolite,biggM,chebi,envipath,envipathM,hmdb,inchi,inchikey,kegg.compound,kegg.drug,keggC,keggD,metacyc.compound,metacycM,metanetx.chemical,reactome,reactomeM,sabiork.compound,sabiorkM,seed.compound,seedM,vmhM,vmhmetabolite",True,True,True,True,True,True,False,True,True,True,2,L-serine,True,m441[C_cy]
m583[C_mi],lipoamide_C8H15NOS2,C_mi,C8H15NOS2,0,False,,False,False,False,False,False,False,False,False,True,True,3,lipoamide,False,
m584[C_mi],S(8)-aminomethyldihydrolipoamide_C9H20N2OS2,C_mi,C9H20N2OS2,0,True,"bigg.metabolite,biggM,chebi,hmdb,inchi,inchikey,lipidmaps,lipidmapsM,metanetx.chemical,seed.compound,seedM,vmhM,vmhmetabolite",True,False,True,True,True,True,False,True,True,True,2,S(8)-aminomethyldihydrolipoamide,False,
m585[C_mi],dihydrolipoamide_C8H17NOS2,C_mi,C8H17NOS2,0,False,,False,False,False,False,False,False,False,False,True,True,3,dihydrolipoamide,False,
m586[C_mi],lipoylprotein_C12H18N2O4S2R2(C2H2NOR)n,C_mi,,0,False,,False,False,False,False,False,False,False,False,False,True,2,lipoylprotein_C12H18N2O4S2R2(C2H2NOR)n,False,
m587[C_mi],S(8)-aminomethyldihydrolipoylprotein_C9H18NOS2R,C_mi,C9H18NOS2R,0,True,"chebi,metanetx.chemical",False,False,True,True,False,False,False,False,True,True,2,S(8)-aminomethyldihydrolipoylprotein_C9H18NOS2R,False,
m588[C_mi],dihydrolipoylprotein_C8H15OS2R,C_mi,C8H15OS2R,0,True,"kegg.compound,keggC,metanetx.chemical",False,True,True,False,False,False,False,False,True,True,2,dihydrolipoylprotein_C8H15OS2R,False,
m589[C_cy],D-glucose 1-phosphate_C6H13O9P,C_cy,C6H13O9P,0,False,,False,False,False,False,False,False,False,False,True,True,4,D-glucose 1-phosphate,False,
m590[C_cy],tRNA(Gly)_ActiveX VT_ERROR:,C_cy,,0,False,,False,False,False,False,False,False,False,False,False,True,3,tRNA(Gly)_ActiveX VT_ERROR:,False,
m591[C_cy],Gly-tRNA(Gly)_C12H20NO11PR2(C5H8O6PR)n,C_cy,,0,False,,False,False,False,False,False,False,False,False,False,True,3,Gly-tRNA(Gly)_C12H20NO11PR2(C5H8O6PR)n,False,
m592[C_cy],xanthosine-5-phosphate_C10H11N4O9P,C_cy,C10H11N4O9P,0,False,,False,False,False,False,False,False,False,False,True,True,4,xanthosine-5-phosphate,False,
m593[C_cy],guanosine_C10H13N5O5,C_cy,C10H13N5O5,0,True,"bigg.metabolite,biggM,chebi,hmdb,inchi,inchikey,kegg.compound,keggC,metacyc.compound,metacycM,metanetx.chemical,reactome,reactomeM,sabiork.compound,sabiorkM,seed.compound,seedM,vmhM,vmhmetabolite",True,True,True,True,True,True,False,True,True,True,6,guanosine,True,m915[C_mi]
m594[C_cy],D-ribose_C5H10O5,C_cy,C5H10O5,0,True,"bigg.metabolite,biggM,chebi,hmdb,inchi,inchikey,kegg.compound,keggC,metacyc.compound,metacycM,metanetx.chemical,reactome,reactomeM,sabiork.compound,sabiorkM,seed.compound,seedM,vmhM,vmhmetabolite",True,True,True,True,True,True,False,True,True,True,4,D-ribose,True,m1203[C_ex]
m595[C_cy],guanine_C5H5N5O,C_cy,C5H5N5O,0,True,"bigg.metabolite,biggM,chebi,envipath,envipathM,hmdb,inchi,inchikey,kegg.compound,keggC,metacyc.compound,metacycM,metanetx.chemical,reactome,reactomeM,sabiork.compound,sabiorkM,seed.compound,seedM,vmhM,vmhmetabolite",True,True,True,True,True,True,False,True,True,True,7,guanine,True,m916[C_mi]
m596[C_er],6-(N-acetyl-alpha-D-glucosaminyl)-1-phosphatidyl-1D-myo-inositol_,C_er,,0,False,,False,False,False,False,False,False,False,False,False,True,1,6-(N-acetyl-alpha-D-glucosaminyl)-1-phosphatidyl-1D-myo-inositol_,False,
m597[C_er],acetate_C2H4O2,C_er,C2H4O2,-1,True,"bigg.metabolite,biggM,chebi,envipath,envipathM,hmdb,inchi,inchikey,kegg.compound,kegg.drug,keggC,keggD,lipidmaps,lipidmapsM,metacyc.compound,metacycM,metanetx.chemical,reactome,reactomeM,sabiork.compound,sabiorkM,seed.compound,seedM,slm,vmhM,vmhmetabolite",True,True,True,True,True,True,False,True,True,True,1,acetate,True,m201[C_mi]
m598[C_er],6-O-[alpha-D-mannosyl-(1-4)-alpha-D-glucosaminyl]-O-acyl-1-phosphatidyl-1D-myo-inositol_,C_er,,0,False,,False,False,False,False,False,False,False,False,False,True,2,6-O-[alpha-D-mannosyl-(1-4)-alpha-D-glucosaminyl]-O-acyl-1-phosphatidyl-1D-myo-inositol_,False,
m599[C_er],phosphatidylethanolamine_C7H12NO8PR2,C_er,C7H12NO8PR2,0,True,"bigg.metabolite,biggM,metanetx.chemical",True,False,True,False,False,False,False,False,True,True,2,phosphatidylethanolamine_C7H12NO8PR2,True,m870[C_mm]
m600[C_er],6-O-{2-O-[(2-aminoethyl)phosphoryl]-alpha-D-mannosyl-(1-4)-alpha-D-glucosaminyl}-O-acyl-1-phosphatidyl-1D-myo-inositol_,C_er,,0,False,,False,False,False,False,False,False,False,False,False,True,2,6-O-{2-O-[(2-aminoethyl)phosphoryl]-alpha-D-mannosyl-(1-4)-alpha-D-glucosaminyl}-O-acyl-1-phosphatidyl-1D-myo-inositol_,False,
m601[C_er],6-O-{alpha-D-mannosyl-(1-6)-2-O-[(2-aminoethyl)phosphoryl]-alpha-D-mannosyl-(1-4)-alpha-D-glucosaminyl}-O-acyl-1-phosphatidyl-1D-myo-inositol_,C_er,,0,False,,False,False,False,False,False,False,False,False,False,True,2,6-O-{alpha-D-mannosyl-(1-6)-2-O-[(2-aminoethyl)phosphoryl]-alpha-D-mannosyl-(1-4)-alpha-D-glucosaminyl}-O-acyl-1-phosphatidyl-1D-myo-inositol_,False,
m602[C_er],6-O-{alpha-D-mannosyl-(1-2)-alpha-D-mannosyl-(1-6)-2-O-[(2-aminoethyl)phosphoryl]-alpha-D-mannosyl-(1-4)-alpha-D-glucosaminyl}-O-acyl-1-phosphatidyl-1D-myo-inositol_,C_er,,0,False,,False,False,False,False,False,False,False,False,False,True,2,6-O-{alpha-D-mannosyl-(1-2)-alpha-D-mannosyl-(1-6)-2-O-[(2-aminoethyl)phosphoryl]-alpha-D-mannosyl-(1-4)-alpha-D-glucosaminyl}-O-acyl-1-phosphatidyl-1D-myo-inositol_,False,
m603[C_er],6-[6-(2-aminoethylphosphoryl)-alpha-mannosyl-(1-6)-2-(2-aminoethylphosphoryl)-alpha-mannosyl-(1-6)-alpha-2-(2-aminoethylphosphoryl)mannosyl-(1-4)-alpha-glucosaminyl]-O-acyl-1-phosphatidyl-1D-myo-inositol_,C_er,,0,False,,False,False,False,False,False,False,False,False,False,True,1,6-[6-(2-aminoethylphosphoryl)-alpha-mannosyl-(1-6)-2-(2-aminoethylphosphoryl)-alpha-mannosyl-(1-6)-alpha-2-(2-aminoethylphosphoryl)mannosyl-(1-4)-alpha-glucosaminyl]-O-acyl-1-phosphatidyl-1D-myo-inositol_,False,
m604[C_er],diglyceride_ActiveX VT_ERROR:,C_er,,0,False,,False,False,False,False,False,False,False,False,False,True,1,diglyceride_ActiveX VT_ERROR:,False,
m605[C_cy],9H-xanthine_C5H4N4O2,C_cy,C5H4N4O2,0,False,,False,False,False,False,False,False,False,False,True,True,5,9H-xanthine,False,
m606[C_cy],dATP_C10H16N5O12P3,C_cy,C10H16N5O12P3,-4,True,"bigg.metabolite,biggM,chebi,hmdb,inchi,inchikey,kegg.compound,keggC,metacyc.compound,metacycM,metanetx.chemical,reactome,reactomeM,sabiork.compound,sabiorkM,seed.compound,seedM,vmhM,vmhmetabolite",True,True,True,True,True,True,False,True,True,True,6,dATP,False,
m607[C_cy],dADP_C10H15N5O9P2,C_cy,C10H15N5O9P2,-3,True,"bigg.metabolite,biggM,chebi,hmdb,inchi,inchikey,kegg.compound,keggC,metacyc.compound,metacycM,metanetx.chemical,reactome,reactomeM,sabiork.compound,sabiorkM,seed.compound,seedM,vmhM,vmhmetabolite",True,True,True,True,True,True,False,True,True,True,8,dADP,True,m932[C_nu]
m608[C_mi],heme o_C49H58FeN4O5,C_mi,C49H58FeN4O5,0,True,"inchi,inchikey,metacyc.compound,metacycM,metanetx.chemical",False,False,True,False,False,True,False,False,True,True,2,heme o_C49H58FeN4O5,False,
m609[C_mi],heme a_C49H56FeN4O6,C_mi,C49H56FeN4O6,0,True,"bigg.metabolite,biggM,chebi,inchi,inchikey,kegg.compound,keggC,metanetx.chemical,reactome,reactomeM",True,True,True,True,False,True,False,False,True,True,2,heme a_C49H56FeN4O6,True,m1635[C_cy]
m610[C_mi],farnesyl diphosphate_C15H25O7P2,C_mi,C15H25O7P2,0,True,"bigg.metabolite,biggM,chebi,hmdb,inchi,inchikey,metanetx.chemical,reactome,reactomeM,sabiork.compound,sabiorkM",True,False,True,True,True,True,False,False,True,True,2,farnesyl diphosphate,True,m411[C_lp]
m611[C_mi],"2-hexaprenyl-5-hydroxy-6-methoxy-3-methyl-1,4-benzoquinone_C38H56O4",C_mi,C38H56O4,0,False,,False,False,False,False,False,False,False,False,True,True,2,"2-hexaprenyl-5-hydroxy-6-methoxy-3-methyl-1,4-benzoquinone",False,
m612[C_cy],D-mannose_C6H12O6,C_cy,C6H12O6,0,True,"bigg.metabolite,biggM,chebi,envipath,envipathM,inchi,inchikey,kegg.compound,keggC,metacyc.compound,metacycM,metanetx.chemical,reactome,reactomeM,sabiork.compound,sabiorkM,seed.compound,seedM,vmhM,vmhmetabolite",True,True,True,True,False,True,False,True,True,True,2,D-mannose,True,m1044[C_ex]
m613[C_cy],D-mannose 6-phosphate_C6H13O9P,C_cy,C6H13O9P,0,True,"chebi,metanetx.chemical",False,False,True,True,False,False,False,False,True,True,3,D-mannose 6-phosphate,False,
m614[C_cy],L-histidinol_C6H11N3O,C_cy,C6H11N3O,1,True,"bigg.metabolite,biggM,chebi,hmdb,inchi,inchikey,kegg.compound,keggC,metacyc.compound,metacycM,metanetx.chemical,sabiork.compound,sabiorkM,seed.compound,seedM,vmhM,vmhmetabolite",True,True,True,True,True,True,False,True,True,True,2,L-histidinol,False,
m615[C_cy],L-histidine_C6H9N3O2,C_cy,C6H9N3O2,0,True,"bigg.metabolite,biggM,chebi,hmdb,inchi,inchikey,kegg.compound,kegg.drug,keggC,keggD,metacyc.compound,metacycM,metanetx.chemical,reactome,reactomeM,sabiork.compound,sabiorkM,seed.compound,seedM,vmhM,vmhmetabolite",True,True,True,True,True,True,False,True,True,True,10,L-histidine,True,m620[C_mi]
m616[C_cy],L-histidinol phosphate_C6H12N3O4P,C_cy,C6H12N3O4P,-1,True,"bigg.metabolite,biggM,chebi,hmdb,inchi,inchikey,kegg.compound,keggC,metacyc.compound,metacycM,metanetx.chemical,sabiork.compound,sabiorkM,seed.compound,seedM,vmhM,vmhmetabolite",True,True,True,True,True,True,False,True,True,True,2,L-histidinol phosphate,False,
m617[C_cy],3-(imidazol-4-yl)-2-oxopropyl dihydrogen phosphate_C6H7N2O5P,C_cy,C6H7N2O5P,0,False,,False,False,False,False,False,False,False,False,True,True,2,3-(imidazol-4-yl)-2-oxopropyl dihydrogen phosphate,False,
m618[C_cy],tRNA(His)_ActiveX VT_ERROR:,C_cy,,0,False,,False,False,False,False,False,False,False,False,False,True,3,tRNA(His)_ActiveX VT_ERROR:,False,
m619[C_cy],His-tRNA(His)_C16H24N3O11PR2(C5H8O6PR)n,C_cy,,0,False,,False,False,False,False,False,False,False,False,False,True,3,His-tRNA(His)_C16H24N3O11PR2(C5H8O6PR)n,False,
m620[C_mi],L-histidine_C6H9N3O2,C_mi,C6H9N3O2,0,True,"bigg.metabolite,biggM,chebi,hmdb,inchi,inchikey,kegg.compound,kegg.drug,keggC,keggD,metacyc.compound,metacycM,metanetx.chemical,reactome,reactomeM,sabiork.compound,sabiorkM,seed.compound,seedM,vmhM,vmhmetabolite",True,True,True,True,True,True,False,True,True,True,2,L-histidine,True,m615[C_cy]
m621[C_mi],"tRNA(His), mitchondrial_",C_mi,,0,False,,False,False,False,False,False,False,False,False,False,True,1,"tRNA(His), mitchondrial_",False,
m622[C_mi],His-tRNA(His)_C16H24N3O11PR2(C5H8O6PR)n,C_mi,,0,False,,False,False,False,False,False,False,False,False,False,True,1,His-tRNA(His)_C16H24N3O11PR2(C5H8O6PR)n,False,
m623[C_cy],N(pros)-methyl-L-histidine_C7H11N3O2,C_cy,C7H11N3O2,0,True,"bigg.metabolite,biggM,chebi,hmdb,inchi,inchikey,kegg.compound,keggC,metacyc.compound,metacycM,metanetx.chemical,seed.compound,seedM,vmhM,vmhmetabolite",True,True,True,True,True,True,False,True,True,True,1,N(pros)-methyl-L-histidine,False,
m624[C_mi],homoisocitrate_C7H10O7,C_mi,C7H10O7,0,False,,False,False,False,False,False,False,False,False,True,True,2,homoisocitrate,False,
m625[C_nu],2-oxoglutarate_C5H6O5,C_nu,C5H6O5,-2,True,"bigg.metabolite,biggM,chebi,envipath,envipathM,hmdb,inchi,inchikey,kegg.compound,keggC,metacyc.compound,metacycM,metanetx.chemical,reactome,reactomeM,sabiork.compound,sabiorkM,seed.compound,seedM,slm,vmhM,vmhmetabolite",True,True,True,True,True,True,False,True,True,True,2,2-oxoglutarate,True,m51[C_cy]
m626[C_nu],H2O_H2O,C_nu,H2O,0,False,,False,False,False,False,False,False,False,False,True,True,12,H2O,False,
m627[C_nu],H+_p+1,C_nu,,0,False,,False,False,False,False,False,False,False,False,False,True,15,H+_p+1,False,
m628[C_nu],homocitrate_C7H10O7,C_nu,C7H10O7,0,False,,False,False,False,False,False,False,False,False,True,True,1,homocitrate,False,
m629[C_mi],2-oxoadipic acid_C6H6O5,C_mi,C6H6O5,0,False,,False,False,False,False,False,False,False,False,True,True,3,2-oxoadipic acid,False,
m630[C_cy],L-homoserine_C4H9NO3,C_cy,C4H9NO3,0,True,"bigg.metabolite,biggM,chebi,hmdb,inchi,inchikey,kegg.compound,keggC,metacyc.compound,metacycM,metanetx.chemical,sabiork.compound,sabiorkM,seed.compound,seedM,vmhM,vmhmetabolite",True,True,True,True,True,True,False,True,True,True,3,L-homoserine,True,m1294[C_ex]
m631[C_cy],O-phospho-L-homoserine_C4H10NO6P,C_cy,C4H10NO6P,-2,True,"bigg.metabolite,biggM,chebi,hmdb,inchi,inchikey,kegg.compound,keggC,metacyc.compound,metacycM,metanetx.chemical,sabiork.compound,sabiorkM,seed.compound,seedM,vmhM,vmhmetabolite",True,True,True,True,True,True,False,True,True,True,2,O-phospho-L-homoserine,False,
m632[C_cy],TRX1_C6H9NO2S2R2,C_cy,C6H9NO2S2R2,0,False,,False,False,False,False,False,False,False,False,True,True,12,TRX1_C6H9NO2S2R2,False,
m633[C_cy],TRX1-disulphide_,C_cy,,0,False,,False,False,False,False,False,False,False,False,False,True,12,TRX1-disulphide_,False,
m634[C_mi],TRX1_C6H9NO2S2R2,C_mi,C6H9NO2S2R2,0,False,,False,False,False,False,False,False,False,False,True,True,2,TRX1_C6H9NO2S2R2,False,
m635[C_mi],TRX1-disulphide_,C_mi,,0,False,,False,False,False,False,False,False,False,False,False,True,2,TRX1-disulphide_,False,
m636[C_pe],TRX1_C6H9NO2S2R2,C_pe,C6H9NO2S2R2,0,False,,False,False,False,False,False,False,False,False,True,True,2,TRX1_C6H9NO2S2R2,False,
m637[C_pe],TRX1-disulphide_,C_pe,,0,False,,False,False,False,False,False,False,False,False,False,True,2,TRX1-disulphide_,False,
m638[C_cy],(R)-S-lactoylglutathione_C13H21N3O8S,C_cy,C13H21N3O8S,-1,True,"bigg.metabolite,biggM,chebi,hmdb,inchi,inchikey,kegg.compound,keggC,metacyc.compound,metacycM,metanetx.chemical,reactome,reactomeM,sabiork.compound,sabiorkM,seed.compound,seedM,vmhM,vmhmetabolite",True,True,True,True,True,True,False,True,True,True,2,(R)-S-lactoylglutathione,True,m639[C_mi]
m639[C_mi],(R)-S-lactoylglutathione_C13H21N3O8S,C_mi,C13H21N3O8S,-1,True,"bigg.metabolite,biggM,chebi,hmdb,inchi,inchikey,kegg.compound,keggC,metacyc.compound,metacycM,metanetx.chemical,reactome,reactomeM,sabiork.compound,sabiorkM,seed.compound,seedM,vmhM,vmhmetabolite",True,True,True,True,True,True,False,True,True,True,1,(R)-S-lactoylglutathione,True,m638[C_cy]
m640[C_mi],hexaprenyl diphosphate_C30H52O7P2,C_mi,C30H52O7P2,0,True,"chebi,inchi,inchikey,metanetx.chemical",False,False,True,True,False,True,False,False,True,True,2,hexaprenyl diphosphate,True,m416[C_lp]
m641[C_mi],3-hexaprenyl-4-hydroxybenzoic acid_C37H54O3,C_mi,C37H54O3,0,False,,False,False,False,False,False,False,False,False,True,True,2,3-hexaprenyl-4-hydroxybenzoic acid,False,
m642[C_cy],5-(2-hydroxyethyl)-4-methylthiazole_C6H9NOS,C_cy,C6H9NOS,0,True,"bigg.metabolite,biggM,chebi,envipath,envipathM,hmdb,inchi,inchikey,kegg.compound,keggC,metacyc.compound,metacycM,metanetx.chemical,seed.compound,seedM,vmhM,vmhmetabolite",True,True,True,True,True,True,False,True,True,True,2,5-(2-hydroxyethyl)-4-methylthiazole,False,
m643[C_cy],4-methyl-5-(2-phosphonooxyethyl)thiazole_,C_cy,,0,False,,False,False,False,False,False,False,False,False,False,True,4,4-methyl-5-(2-phosphonooxyethyl)thiazole_,False,
m644[C_cy],porphobilinogen_C10H14N2O4,C_cy,C10H14N2O4,0,True,"bigg.metabolite,biggM,metanetx.chemical",True,False,True,False,False,False,False,False,True,True,2,porphobilinogen,False,
m645[C_cy],preuroporphyrinogen_C40H38N4O17,C_cy,C40H38N4O17,0,False,,False,False,False,False,False,False,False,False,True,True,2,preuroporphyrinogen,False,
m646[C_cy],3-hydroxy-3-methylglutaryl-CoA_C27H44N7O20P3S,C_cy,C27H44N7O20P3S,0,False,,False,False,False,False,False,False,False,False,True,True,3,3-hydroxy-3-methylglutaryl-CoA,False,
m647[C_cy],(R)-mevalonate_C6H12O4,C_cy,C6H12O4,-1,True,"bigg.metabolite,biggM,chebi,envipath,envipathM,hmdb,inchi,inchikey,kegg.compound,keggC,lipidmaps,lipidmapsM,metacyc.compound,metacycM,metanetx.chemical,reactome,reactomeM,sabiork.compound,sabiorkM,seed.compound,seedM,slm,vmhM,vmhmetabolite",True,True,True,True,True,True,False,True,True,True,6,(R)-mevalonate,True,m1018[C_ex]
m648[C_mi],3-hydroxy-3-methylglutaryl-CoA_C27H44N7O20P3S,C_mi,C27H44N7O20P3S,0,False,,False,False,False,False,False,False,False,False,True,True,4,3-hydroxy-3-methylglutaryl-CoA,False,
m649[C_cy],4-amino-5-hydroxymethyl-2-methylpyrimidine_C6H9N3O,C_cy,C6H9N3O,0,True,"bigg.metabolite,biggM,chebi,envipath,envipathM,hmdb,inchi,inchikey,kegg.compound,keggC,metacyc.compound,metacycM,metanetx.chemical,sabiork.compound,sabiorkM,seed.compound,seedM,vmhM,vmhmetabolite",True,True,True,True,True,True,False,True,True,True,3,4-amino-5-hydroxymethyl-2-methylpyrimidine,False,
m650[C_cy],4-amino-2-methyl-5-phosphomethylpyrimidine_C6H10N3O4P,C_cy,C6H10N3O4P,0,True,"bigg.metabolite,biggM,metanetx.chemical",True,False,True,False,False,False,False,False,True,True,2,4-amino-2-methyl-5-phosphomethylpyrimidine,False,
m651[C_cy],hypoxanthine_C5H4N4O,C_cy,C5H4N4O,0,True,"bigg.metabolite,biggM,chebi,hmdb,inchi,inchikey,kegg.compound,keggC,metacyc.compound,metacycM,metanetx.chemical,reactome,reactomeM,sabiork.compound,sabiorkM,seed.compound,seedM,vmhM,vmhmetabolite",True,True,True,True,True,True,False,True,True,True,4,hypoxanthine,True,m1257[C_ex]
m652[C_cy],D-erythro-1-(imidazol-4-yl)glycerol 3-phosphate_C6H11N2O6P,C_cy,C6H11N2O6P,-2,True,"bigg.metabolite,biggM,chebi,hmdb,inchi,inchikey,kegg.compound,keggC,metacyc.compound,metacycM,metanetx.chemical,sabiork.compound,sabiorkM,seed.compound,seedM,vmhM,vmhmetabolite",True,True,True,True,True,True,False,True,True,True,2,D-erythro-1-(imidazol-4-yl)glycerol 3-phosphate,False,
m653[C_cy],1-(2-carboxyphenylamino)-1-deoxy-D-ribulose 5-phosphate_C12H16NO9P,C_cy,C12H16NO9P,-3,True,"bigg.metabolite,biggM,chebi,inchi,inchikey,kegg.compound,keggC,metacyc.compound,metacycM,metanetx.chemical,sabiork.compound,sabiorkM,seed.compound,seedM,vmhM,vmhmetabolite",True,True,True,True,False,True,False,True,True,True,2,1-(2-carboxyphenylamino)-1-deoxy-D-ribulose 5-phosphate,False,
m654[C_cy],1-C-(indol-3-yl)glycerol 3-phosphate_C11H12NO6P,C_cy,C11H12NO6P,0,False,,False,False,False,False,False,False,False,False,True,True,2,1-C-(indol-3-yl)glycerol 3-phosphate,False,
m655[C_cy],phosphoribosyl-formamido-carboxamide_C10H13N4O9P,C_cy,C10H13N4O9P,0,False,,False,False,False,False,False,False,False,False,True,True,2,phosphoribosyl-formamido-carboxamide,False,
m656[C_nu],"myo-inositol 1,3,4,5,6-pentakisphosphate_ActiveX VT_ERROR:",C_nu,,0,False,,False,False,False,False,False,False,False,False,False,True,4,"myo-inositol 1,3,4,5,6-pentakisphosphate_ActiveX VT_ERROR:",False,
m657[C_nu],ADP_C10H15N5O10P2,C_nu,C10H15N5O10P2,-3,True,"bigg.metabolite,biggM,chebi,envipath,envipathM,hmdb,inchi,inchikey,kegg.compound,kegg.glycan,keggC,keggG,metacyc.compound,metacycM,metanetx.chemical,reactome,reactomeM,sabiork.compound,sabiorkM,seed.compound,seedM,vmhM,vmhmetabolite",True,True,True,True,True,True,False,True,True,True,11,ADP,True,m18[C_vm]
m658[C_nu],myo-inositol hexakisphosphate_C6H18O24P6,C_nu,C6H18O24P6,0,False,,False,False,False,False,False,False,False,False,True,True,2,myo-inositol hexakisphosphate,False,
m659[C_nu],"1D-myo-inositol 1,3,4,5-tetrakisphosphate_ActiveX VT_ERROR:",C_nu,,0,False,,False,False,False,False,False,False,False,False,False,True,2,"1D-myo-inositol 1,3,4,5-tetrakisphosphate_ActiveX VT_ERROR:",False,
m660[C_nu],"1D-myo-inositol 1,4,5,6-tetrakisphosphate_ActiveX VT_ERROR:",C_nu,,0,False,,False,False,False,False,False,False,False,False,False,True,2,"1D-myo-inositol 1,4,5,6-tetrakisphosphate_ActiveX VT_ERROR:",False,
m661[C_nu],"1D-myo-inositol 1,4,5-trisphosphate_C6H15O15P3",C_nu,C6H15O15P3,-6,True,"bigg.metabolite,biggM,chebi,hmdb,inchi,inchikey,kegg.compound,keggC,metacyc.compound,metacycM,metanetx.chemical,reactome,reactomeM,sabiork.compound,sabiorkM,seed.compound,seedM,vmhM,vmhmetabolite",True,True,True,True,True,True,False,True,True,True,3,"1D-myo-inositol 1,4,5-trisphosphate",True,m1671[C_cy]
m662[C_er],mannosylinositol phosphorylceramide A (C24)_C54H106NO16P,C_er,C54H106NO16P,0,False,,False,False,False,False,False,False,False,False,True,True,3,mannosylinositol phosphorylceramide A (C24),False,
m663[C_er],mannose-1D-myo-inositol 1-phosphate_C12H23O14P,C_er,C12H23O14P,0,False,,False,False,False,False,False,False,False,False,True,True,10,mannose-1D-myo-inositol 1-phosphate,False,
m664[C_er],mannosylinositol phosphorylceramide A (C26)_C56H110NO16P,C_er,C56H110NO16P,0,False,,False,False,False,False,False,False,False,False,True,True,3,mannosylinositol phosphorylceramide A (C26),False,
m665[C_er],mannosylinositol phosphorylceramide B' (C24)_C54H106NO17P,C_er,C54H106NO17P,0,False,,False,False,False,False,False,False,False,False,True,True,2,mannosylinositol phosphorylceramide B' (C24),False,
m666[C_er],mannosylinositol phosphorylceramide B' (C26)_C56H110NO17P,C_er,C56H110NO17P,0,False,,False,False,False,False,False,False,False,False,True,True,2,mannosylinositol phosphorylceramide B' (C26),False,
m667[C_er],mannosylinositol phosphorylceramide B (C24)_C54H106NO17P,C_er,C54H106NO17P,0,False,,False,False,False,False,False,False,False,False,True,True,3,mannosylinositol phosphorylceramide B (C24),False,
m668[C_er],mannosylinositol phosphorylceramide B (C26)_C56H110NO17P,C_er,C56H110NO17P,0,False,,False,False,False,False,False,False,False,False,True,True,3,mannosylinositol phosphorylceramide B (C26),False,
m669[C_er],mannosylinositol phosphorylceramide C (C24)_C54H106NO18P,C_er,C54H106NO18P,-1,True,"chebi,inchi,inchikey,metacyc.compound,metacycM,metanetx.chemical,seed.compound,seedM,slm",False,False,True,True,False,True,False,True,True,True,3,mannosylinositol phosphorylceramide C (C24),True,m712[C_mi]
m670[C_er],mannosylinositol phosphorylceramide C (C26)_C56H110NO18P,C_er,C56H110NO18P,-1,True,"chebi,inchi,inchikey,metacyc.compound,metacycM,metanetx.chemical,seed.compound,seedM,slm",False,False,True,True,False,True,False,True,True,True,3,mannosylinositol phosphorylceramide C (C26),True,m713[C_mi]
m671[C_er],mannosylinositol phosphorylceramide D (C24)_C54H106NO19P,C_er,C54H106NO19P,-1,True,"inchi,inchikey,metacyc.compound,metacycM,metanetx.chemical,seed.compound,seedM",False,False,True,False,False,True,False,True,True,True,2,mannosylinositol phosphorylceramide D (C24),True,m714[C_mi]
m672[C_er],mannosylinositol phosphorylceramide D (C26)_C56H110NO19P,C_er,C56H110NO19P,-1,True,"chebi,inchi,inchikey,metacyc.compound,metacycM,metanetx.chemical,seed.compound,seedM",False,False,True,True,False,True,False,True,True,True,2,mannosylinositol phosphorylceramide D (C26),True,m715[C_mi]
m673[C_er],inositol phosphomannosylinositol phosphoceramide A (C24)_C60H117NO24P2,C_er,C60H117NO24P2,0,False,,False,False,False,False,False,False,False,False,True,True,2,inositol phosphomannosylinositol phosphoceramide A (C24),False,
m674[C_er],mannose-(1D-myo-inositol 1-phosphate)2_C18H34O22P2,C_er,C18H34O22P2,0,False,,False,False,False,False,False,False,False,False,True,True,10,mannose-(1D-myo-inositol 1-phosphate)2,False,
m675[C_er],inositol phosphomannosylinositol phosphoceramide A (C26)_C62H121NO24P2,C_er,C62H121NO24P2,-2,True,"chebi,inchi,inchikey,metacyc.compound,metacycM,metanetx.chemical,seed.compound,seedM,slm",False,False,True,True,False,True,False,True,True,True,2,inositol phosphomannosylinositol phosphoceramide A (C26),True,m718[C_mi]
m676[C_er],inositol phosphomannosylinositol phosphoceramide B' (C24)_C60H117NO25P2,C_er,C60H117NO25P2,-2,True,"chebi,inchi,inchikey,metacyc.compound,metacycM,metanetx.chemical,seed.compound,seedM,slm",False,False,True,True,False,True,False,True,True,True,2,inositol phosphomannosylinositol phosphoceramide B' (C24),True,m719[C_mi]
m677[C_er],inositol phosphomannosylinositol phosphoceramide B' (C26)_C62H121NO25P2,C_er,C62H121NO25P2,-2,True,"chebi,inchi,inchikey,metacyc.compound,metacycM,metanetx.chemical,seed.compound,seedM,slm",False,False,True,True,False,True,False,True,True,True,2,inositol phosphomannosylinositol phosphoceramide B' (C26),True,m720[C_mi]
m678[C_er],inositol phosphomannosylinositol phosphoceramide B (C24)_C60H117NO25P2,C_er,C60H117NO25P2,-2,True,"chebi,inchi,inchikey,metacyc.compound,metacycM,metanetx.chemical,seed.compound,seedM,slm",False,False,True,True,False,True,False,True,True,True,2,inositol phosphomannosylinositol phosphoceramide B (C24),True,m721[C_mi]
m679[C_er],inositol phosphomannosylinositol phosphoceramide B (C26)_C62H121NO25P2,C_er,C62H121NO25P2,0,False,,False,False,False,False,False,False,False,False,True,True,2,inositol phosphomannosylinositol phosphoceramide B (C26),False,
m680[C_er],inositol phosphomannosylinositol phosphoceramide C (C24)_C60H117NO26P2,C_er,C60H117NO26P2,-2,True,"inchi,inchikey,metacyc.compound,metacycM,metanetx.chemical,seed.compound,seedM,slm",False,False,True,False,False,True,False,True,True,True,2,inositol phosphomannosylinositol phosphoceramide C (C24),True,m723[C_mi]
m681[C_er],inositol phosphomannosylinositol phosphoceramide C (C26)_C62H121NO26P2,C_er,C62H121NO26P2,-2,True,"inchi,inchikey,metacyc.compound,metacycM,metanetx.chemical,seed.compound,seedM,slm",False,False,True,False,False,True,False,True,True,True,2,inositol phosphomannosylinositol phosphoceramide C (C26),True,m724[C_mi]
m682[C_er],inositol phosphomannosylinositol phosphoceramide D (C24)_C60H117NO27P2,C_er,C60H117NO27P2,-2,True,"inchi,inchikey,metacyc.compound,metacycM,metanetx.chemical,seed.compound,seedM",False,False,True,False,False,True,False,True,True,True,2,inositol phosphomannosylinositol phosphoceramide D (C24),True,m725[C_mi]
m683[C_er],inositol phosphomannosylinositol phosphoceramide D (C26)_C62H121NO27P2,C_er,C62H121NO27P2,-2,True,"chebi,inchi,inchikey,metacyc.compound,metacycM,metanetx.chemical,seed.compound,seedM",False,False,True,True,False,True,False,True,True,True,2,inositol phosphomannosylinositol phosphoceramide D (C26),True,m726[C_mi]
m684[C_mi],inositol-P-ceramide A (C24)_C48H96NO11P,C_mi,C48H96NO11P,0,False,,False,False,False,False,False,False,False,False,True,True,1,inositol-P-ceramide A (C24),False,
m685[C_mi],1D-myo-inositol 3-phosphate_C6H13O9P,C_mi,C6H13O9P,-2,True,"bigg.metabolite,biggM,chebi,hmdb,inchi,inchikey,kegg.compound,keggC,metacyc.compound,metacycM,metanetx.chemical,reactome,reactomeM,sabiork.compound,sabiorkM,seed.compound,seedM,vmhM,vmhmetabolite",True,True,True,True,True,True,False,True,True,True,10,1D-myo-inositol 3-phosphate,False,
m686[C_mi],ceramide-1-(C24)_,C_mi,,0,False,,False,False,False,False,False,False,False,False,False,True,3,ceramide-1-(C24)_,False,
m687[C_mi],inositol-P-ceramide A (C26)_C50H100NO11P,C_mi,C50H100NO11P,0,False,,False,False,False,False,False,False,False,False,True,True,1,inositol-P-ceramide A (C26),False,
m688[C_mi],ceramide-1-(C26)_,C_mi,,0,False,,False,False,False,False,False,False,False,False,False,True,3,ceramide-1-(C26)_,False,
m689[C_mi],inositol-P-ceramide B' (C24)_C48H96NO12P,C_mi,C48H96NO12P,0,False,,False,False,False,False,False,False,False,False,True,True,1,inositol-P-ceramide B' (C24),False,
m690[C_mi],ceramide-2'-(C24)_,C_mi,,0,False,,False,False,False,False,False,False,False,False,False,True,3,ceramide-2'-(C24)_,False,
m691[C_mi],inositol-P-ceramide B' (C26)_C50H100NO12P,C_mi,C50H100NO12P,0,False,,False,False,False,False,False,False,False,False,True,True,1,inositol-P-ceramide B' (C26),False,
m692[C_mi],ceramide-2'-(C26)_,C_mi,,0,False,,False,False,False,False,False,False,False,False,False,True,3,ceramide-2'-(C26)_,False,
m693[C_mi],inositol-P-ceramide B (C24)_C48H96NO12P,C_mi,C48H96NO12P,0,False,,False,False,False,False,False,False,False,False,True,True,1,inositol-P-ceramide B (C24),False,
m694[C_mi],ceramide-2-(C24)_,C_mi,,0,False,,False,False,False,False,False,False,False,False,False,True,3,ceramide-2-(C24)_,False,
m695[C_mi],inositol-P-ceramide B (C26)_C50H100NO12P,C_mi,C50H100NO12P,0,False,,False,False,False,False,False,False,False,False,True,True,1,inositol-P-ceramide B (C26),False,
m696[C_mi],ceramide-2-(C26)_,C_mi,,0,False,,False,False,False,False,False,False,False,False,False,True,3,ceramide-2-(C26)_,False,
m697[C_mi],inositol-P-ceramide C (C24)_C48H96NO13P,C_mi,C48H96NO13P,0,False,,False,False,False,False,False,False,False,False,True,True,1,inositol-P-ceramide C (C24),False,
m698[C_mi],ceramide-3-(C24)_,C_mi,,0,False,,False,False,False,False,False,False,False,False,False,True,3,ceramide-3-(C24)_,False,
m699[C_mi],inositol-P-ceramide C (C26)_C50H100NO13P,C_mi,C50H100NO13P,0,False,,False,False,False,False,False,False,False,False,True,True,1,inositol-P-ceramide C (C26),False,
m700[C_mi],ceramide-3-(C26)_,C_mi,,0,False,,False,False,False,False,False,False,False,False,False,True,3,ceramide-3-(C26)_,False,
m701[C_mi],inositol-P-ceramide D (C24)_C48H96NO14P,C_mi,C48H96NO14P,0,False,,False,False,False,False,False,False,False,False,True,True,1,inositol-P-ceramide D (C24),False,
m702[C_mi],ceramide-4-(C24)_,C_mi,,0,False,,False,False,False,False,False,False,False,False,False,True,3,ceramide-4-(C24)_,False,
m703[C_mi],inositol-P-ceramide D (C26)_C50H100NO14P,C_mi,C50H100NO14P,0,False,,False,False,False,False,False,False,False,False,True,True,1,inositol-P-ceramide D (C26),False,
m704[C_mi],ceramide-4-(C26)_,C_mi,,0,False,,False,False,False,False,False,False,False,False,False,True,3,ceramide-4-(C26)_,False,
m705[C_mi],mannosylinositol phosphorylceramide A (C24)_C54H106NO16P,C_mi,C54H106NO16P,0,False,,False,False,False,False,False,False,False,False,True,True,1,mannosylinositol phosphorylceramide A (C24),False,
m706[C_mi],mannose-1D-myo-inositol 1-phosphate_C12H23O14P,C_mi,C12H23O14P,0,False,,False,False,False,False,False,False,False,False,True,True,10,mannose-1D-myo-inositol 1-phosphate,False,
m707[C_mi],mannosylinositol phosphorylceramide A (C26)_C56H110NO16P,C_mi,C56H110NO16P,0,False,,False,False,False,False,False,False,False,False,True,True,1,mannosylinositol phosphorylceramide A (C26),False,
m708[C_mi],mannosylinositol phosphorylceramide B' (C24)_C54H106NO17P,C_mi,C54H106NO17P,0,False,,False,False,False,False,False,False,False,False,True,True,1,mannosylinositol phosphorylceramide B' (C24),False,
m709[C_mi],mannosylinositol phosphorylceramide B' (C26)_C56H110NO17P,C_mi,C56H110NO17P,0,False,,False,False,False,False,False,False,False,False,True,True,1,mannosylinositol phosphorylceramide B' (C26),False,
m710[C_mi],mannosylinositol phosphorylceramide B (C24)_C54H106NO17P,C_mi,C54H106NO17P,0,False,,False,False,False,False,False,False,False,False,True,True,1,mannosylinositol phosphorylceramide B (C24),False,
m711[C_mi],mannosylinositol phosphorylceramide B (C26)_C56H110NO17P,C_mi,C56H110NO17P,0,False,,False,False,False,False,False,False,False,False,True,True,1,mannosylinositol phosphorylceramide B (C26),False,
m712[C_mi],mannosylinositol phosphorylceramide C (C24)_C54H106NO18P,C_mi,C54H106NO18P,-1,True,"chebi,inchi,inchikey,metacyc.compound,metacycM,metanetx.chemical,seed.compound,seedM,slm",False,False,True,True,False,True,False,True,True,True,1,mannosylinositol phosphorylceramide C (C24),True,m669[C_er]
m713[C_mi],mannosylinositol phosphorylceramide C (C26)_C56H110NO18P,C_mi,C56H110NO18P,-1,True,"chebi,inchi,inchikey,metacyc.compound,metacycM,metanetx.chemical,seed.compound,seedM,slm",False,False,True,True,False,True,False,True,True,True,1,mannosylinositol phosphorylceramide C (C26),True,m670[C_er]
m714[C_mi],mannosylinositol phosphorylceramide D (C24)_C54H106NO19P,C_mi,C54H106NO19P,-1,True,"inchi,inchikey,metacyc.compound,metacycM,metanetx.chemical,seed.compound,seedM",False,False,True,False,False,True,False,True,True,True,1,mannosylinositol phosphorylceramide D (C24),True,m671[C_er]
m715[C_mi],mannosylinositol phosphorylceramide D (C26)_C56H110NO19P,C_mi,C56H110NO19P,-1,True,"chebi,inchi,inchikey,metacyc.compound,metacycM,metanetx.chemical,seed.compound,seedM",False,False,True,True,False,True,False,True,True,True,1,mannosylinositol phosphorylceramide D (C26),True,m672[C_er]
m716[C_mi],inositol phosphomannosylinositol phosphoceramide A (C24)_C60H117NO24P2,C_mi,C60H117NO24P2,0,False,,False,False,False,False,False,False,False,False,True,True,1,inositol phosphomannosylinositol phosphoceramide A (C24),False,
m717[C_mi],mannose-(1D-myo-inositol 1-phosphate)2_C18H34O22P2,C_mi,C18H34O22P2,0,False,,False,False,False,False,False,False,False,False,True,True,10,mannose-(1D-myo-inositol 1-phosphate)2,False,
m718[C_mi],inositol phosphomannosylinositol phosphoceramide A (C26)_C62H121NO24P2,C_mi,C62H121NO24P2,-2,True,"chebi,inchi,inchikey,metacyc.compound,metacycM,metanetx.chemical,seed.compound,seedM,slm",False,False,True,True,False,True,False,True,True,True,1,inositol phosphomannosylinositol phosphoceramide A (C26),True,m675[C_er]
m719[C_mi],inositol phosphomannosylinositol phosphoceramide B' (C24)_C60H117NO25P2,C_mi,C60H117NO25P2,-2,True,"chebi,inchi,inchikey,metacyc.compound,metacycM,metanetx.chemical,seed.compound,seedM,slm",False,False,True,True,False,True,False,True,True,True,1,inositol phosphomannosylinositol phosphoceramide B' (C24),True,m676[C_er]
m720[C_mi],inositol phosphomannosylinositol phosphoceramide B' (C26)_C62H121NO25P2,C_mi,C62H121NO25P2,-2,True,"chebi,inchi,inchikey,metacyc.compound,metacycM,metanetx.chemical,seed.compound,seedM,slm",False,False,True,True,False,True,False,True,True,True,1,inositol phosphomannosylinositol phosphoceramide B' (C26),True,m677[C_er]
m721[C_mi],inositol phosphomannosylinositol phosphoceramide B (C24)_C60H117NO25P2,C_mi,C60H117NO25P2,-2,True,"chebi,inchi,inchikey,metacyc.compound,metacycM,metanetx.chemical,seed.compound,seedM,slm",False,False,True,True,False,True,False,True,True,True,1,inositol phosphomannosylinositol phosphoceramide B (C24),True,m678[C_er]
m722[C_mi],inositol phosphomannosylinositol phosphoceramide B (C26)_C62H121NO25P2,C_mi,C62H121NO25P2,0,False,,False,False,False,False,False,False,False,False,True,True,1,inositol phosphomannosylinositol phosphoceramide B (C26),False,
m723[C_mi],inositol phosphomannosylinositol phosphoceramide C (C24)_C60H117NO26P2,C_mi,C60H117NO26P2,-2,True,"inchi,inchikey,metacyc.compound,metacycM,metanetx.chemical,seed.compound,seedM,slm",False,False,True,False,False,True,False,True,True,True,1,inositol phosphomannosylinositol phosphoceramide C (C24),True,m680[C_er]
m724[C_mi],inositol phosphomannosylinositol phosphoceramide C (C26)_C62H121NO26P2,C_mi,C62H121NO26P2,-2,True,"inchi,inchikey,metacyc.compound,metacycM,metanetx.chemical,seed.compound,seedM,slm",False,False,True,False,False,True,False,True,True,True,1,inositol phosphomannosylinositol phosphoceramide C (C26),True,m681[C_er]
m725[C_mi],inositol phosphomannosylinositol phosphoceramide D (C24)_C60H117NO27P2,C_mi,C60H117NO27P2,-2,True,"inchi,inchikey,metacyc.compound,metacycM,metanetx.chemical,seed.compound,seedM",False,False,True,False,False,True,False,True,True,True,1,inositol phosphomannosylinositol phosphoceramide D (C24),True,m682[C_er]
m726[C_mi],inositol phosphomannosylinositol phosphoceramide D (C26)_C62H121NO27P2,C_mi,C62H121NO27P2,-2,True,"chebi,inchi,inchikey,metacyc.compound,metacycM,metanetx.chemical,seed.compound,seedM",False,False,True,True,False,True,False,True,True,True,1,inositol phosphomannosylinositol phosphoceramide D (C26),True,m683[C_er]
m727[C_er],inositol-P-ceramide A (C24)_C48H96NO11P,C_er,C48H96NO11P,0,False,,False,False,False,False,False,False,False,False,True,True,2,inositol-P-ceramide A (C24),False,
m728[C_er],1D-myo-inositol 1-phosphate_C6H11O9P,C_er,C6H11O9P,-2,True,"bigg.metabolite,biggM,chebi,hmdb,inchi,inchikey,kegg.compound,keggC,metacyc.compound,metacycM,metanetx.chemical,reactome,reactomeM,sabiork.compound,sabiorkM,seed.compound,seedM,vmhM,vmhmetabolite",True,True,True,True,True,True,False,True,True,True,11,1D-myo-inositol 1-phosphate,True,m813[C_cy]
m729[C_er],inositol-P-ceramide A (C26)_C50H100NO11P,C_er,C50H100NO11P,0,False,,False,False,False,False,False,False,False,False,True,True,2,inositol-P-ceramide A (C26),False,
m730[C_er],inositol-P-ceramide B' (C24)_C48H96NO12P,C_er,C48H96NO12P,0,False,,False,False,False,False,False,False,False,False,True,True,2,inositol-P-ceramide B' (C24),False,
m731[C_er],inositol-P-ceramide B' (C26)_C50H100NO12P,C_er,C50H100NO12P,0,False,,False,False,False,False,False,False,False,False,True,True,2,inositol-P-ceramide B' (C26),False,
m732[C_er],inositol-P-ceramide B (C24)_C48H96NO12P,C_er,C48H96NO12P,0,False,,False,False,False,False,False,False,False,False,True,True,2,inositol-P-ceramide B (C24),False,
m733[C_er],inositol-P-ceramide B (C26)_C50H100NO12P,C_er,C50H100NO12P,0,False,,False,False,False,False,False,False,False,False,True,True,2,inositol-P-ceramide B (C26),False,
m734[C_er],inositol-P-ceramide C (C24)_C48H96NO13P,C_er,C48H96NO13P,0,False,,False,False,False,False,False,False,False,False,True,True,2,inositol-P-ceramide C (C24),False,
m735[C_er],inositol-P-ceramide C (C26)_C50H100NO13P,C_er,C50H100NO13P,0,False,,False,False,False,False,False,False,False,False,True,True,2,inositol-P-ceramide C (C26),False,
m736[C_er],inositol-P-ceramide D (C24)_C48H96NO14P,C_er,C48H96NO14P,0,False,,False,False,False,False,False,False,False,False,True,True,2,inositol-P-ceramide D (C24),False,
m737[C_er],inositol-P-ceramide D (C26)_C50H100NO14P,C_er,C50H100NO14P,0,False,,False,False,False,False,False,False,False,False,True,True,2,inositol-P-ceramide D (C26),False,
m738[C_cy],isocitrate_C6H8O7,C_cy,C6H8O7,0,False,,False,False,False,False,False,False,False,False,True,True,6,isocitrate,False,
m739[C_pe],isocitrate_C6H8O7,C_pe,C6H8O7,0,False,,False,False,False,False,False,False,False,False,True,True,2,isocitrate,False,
m740[C_pe],NADP(+)_C21H28N7O17P3,C_pe,C21H28N7O17P3,-3,True,"bigg.metabolite,biggM,chebi,hmdb,inchi,inchikey,kegg.compound,keggC,metacyc.compound,metacycM,metanetx.chemical,reactome,reactomeM,sabiork.compound,sabiorkM,seed.compound,seedM,vmhM,vmhmetabolite",True,True,True,True,True,True,False,True,True,True,3,NADP(+),True,m41[C_cy]
m741[C_pe],carbon dioxide_CO2,C_pe,CO2,0,False,,False,False,False,False,False,False,False,False,True,True,2,carbon dioxide,False,
m742[C_pe],NADPH_C21H30N7O17P3,C_pe,C21H30N7O17P3,-4,True,"bigg.metabolite,biggM,chebi,hmdb,inchi,inchikey,kegg.compound,keggC,metacyc.compound,metacycM,metanetx.chemical,reactome,reactomeM,sabiork.compound,sabiorkM,seed.compound,seedM,vmhM,vmhmetabolite",True,True,True,True,True,True,False,True,True,True,3,NADPH,True,m40[C_cy]
m743[C_cy],L-isoleucine_C6H13NO2,C_cy,C6H13NO2,0,True,"bigg.metabolite,biggM,chebi,hmdb,inchi,inchikey,kegg.compound,kegg.drug,keggC,keggD,lipidmaps,lipidmapsM,metacyc.compound,metacycM,metanetx.chemical,reactome,reactomeM,sabiork.compound,sabiorkM,seed.compound,seedM,vmhM,vmhmetabolite",True,True,True,True,True,True,False,True,True,True,10,L-isoleucine,True,m745[C_mi]
m744[C_cy],(S)-3-methyl-2-oxopentanoate_C6H9O3,C_cy,C6H9O3,-1,True,"chebi,hmdb,inchi,inchikey,kegg.compound,keggC,lipidmaps,lipidmapsM,metacyc.compound,metacycM,metanetx.chemical,sabiork.compound,sabiorkM,seed.compound,seedM,vmhM,vmhmetabolite",False,True,True,True,True,True,False,True,True,True,3,(S)-3-methyl-2-oxopentanoate,True,m489[C_mi]
m745[C_mi],L-isoleucine_C6H13NO2,C_mi,C6H13NO2,0,True,"bigg.metabolite,biggM,chebi,hmdb,inchi,inchikey,kegg.compound,kegg.drug,keggC,keggD,lipidmaps,lipidmapsM,metacyc.compound,metacycM,metanetx.chemical,reactome,reactomeM,sabiork.compound,sabiorkM,seed.compound,seedM,vmhM,vmhmetabolite",True,True,True,True,True,True,False,True,True,True,3,L-isoleucine,True,m743[C_cy]
m746[C_cy],tRNA(Ile)_ActiveX VT_ERROR:,C_cy,,0,False,,False,False,False,False,False,False,False,False,False,True,3,tRNA(Ile)_ActiveX VT_ERROR:,False,
m747[C_cy],Ile-tRNA(Ile)_C21H32N6O11PR(C5H8O6PR)n,C_cy,,0,False,,False,False,False,False,False,False,False,False,False,True,3,Ile-tRNA(Ile)_C21H32N6O11PR(C5H8O6PR)n,False,
m748[C_mi],"tRNA(Ile), mitchondrial_",C_mi,,0,False,,False,False,False,False,False,False,False,False,False,True,1,"tRNA(Ile), mitchondrial_",False,
m749[C_mi],Ile-tRNA(Ile)_C21H32N6O11PR(C5H8O6PR)n,C_mi,,0,False,,False,False,False,False,False,False,False,False,False,True,1,Ile-tRNA(Ile)_C21H32N6O11PR(C5H8O6PR)n,False,
m750[C_mi],itaconate_C5H6O4,C_mi,C5H6O4,-2,True,"bigg.metabolite,biggM,chebi,hmdb,inchi,inchikey,kegg.compound,keggC,lipidmaps,lipidmapsM,metacyc.compound,metacycM,metanetx.chemical,reactome,reactomeM,sabiork.compound,sabiorkM,seed.compound,seedM,vmhM,vmhmetabolite",True,True,True,True,True,True,False,True,True,True,1,itaconate,False,
m751[C_mi],itaconyl-CoA_C26H40N7O19P3S,C_mi,C26H40N7O19P3S,-5,True,"bigg.metabolite,biggM,chebi,hmdb,inchi,inchikey,kegg.compound,keggC,lipidmaps,lipidmapsM,metacyc.compound,metacycM,metanetx.chemical,seed.compound,seedM,vmhM,vmhmetabolite",True,True,True,True,True,True,False,True,True,True,1,itaconyl-CoA,False,
m752[C_cy],L-kynurenine_C10H12N2O3,C_cy,C10H12N2O3,0,True,"bigg.metabolite,biggM,chebi,envipath,envipathM,hmdb,inchi,inchikey,kegg.compound,keggC,metacyc.compound,metacycM,metanetx.chemical,reactome,reactomeM,sabiork.compound,sabiorkM,seed.compound,seedM,vmhM,vmhmetabolite",True,True,True,True,True,True,False,True,True,True,4,L-kynurenine,False,
m753[C_mi],1-pyrroline-3-hydroxy-5-carboxylic acid_C5H6NO3,C_mi,C5H6NO3,0,True,"chebi,hmdb,inchi,inchikey,metanetx.chemical,reactome,reactomeM",False,False,True,True,True,True,False,False,True,True,2,1-pyrroline-3-hydroxy-5-carboxylic acid,True,m764[C_cy]
m754[C_mi],erythro-4-hydroxy-L-glutamic acid_C5H9NO5,C_mi,C5H9NO5,0,False,,False,False,False,False,False,False,False,False,True,True,4,erythro-4-hydroxy-L-glutamic acid,False,
m755[C_mi],L-4-hydroxyglutamic semialdehyde_C5H9NO4,C_mi,C5H9NO4,0,False,,False,False,False,False,False,False,False,False,True,True,2,L-4-hydroxyglutamic semialdehyde,False,
m756[C_mi],L-alanine_C3H7NO2,C_mi,C3H7NO2,0,True,"bigg.metabolite,biggM,chebi,envipath,envipathM,hmdb,inchi,inchikey,kegg.compound,kegg.drug,keggC,keggD,metacyc.compound,metacycM,metanetx.chemical,reactome,reactomeM,sabiork.compound,sabiorkM,seed.compound,seedM,vmhM,vmhmetabolite",True,True,True,True,True,True,False,True,True,True,2,L-alanine,True,m114[C_cy]
m757[C_cy],L-allothreonine_C4H9NO3,C_cy,C4H9NO3,0,False,,False,False,False,False,False,False,False,False,True,True,2,L-allothreonine,False,
m758[C_cy],L-allysine_C6H11NO3,C_cy,C6H11NO3,0,False,,False,False,False,False,False,False,False,False,True,True,2,L-allysine,False,
m759[C_cy],erythro-4-hydroxy-L-glutamic acid_C5H9NO5,C_cy,C5H9NO5,0,False,,False,False,False,False,False,False,False,False,True,True,3,erythro-4-hydroxy-L-glutamic acid,False,
m760[C_cy],4-hydroxy-2-oxoglutarate_C5H4O6,C_cy,C5H4O6,-2,True,"bigg.metabolite,biggM,chebi,envipath,envipathM,hmdb,inchi,inchikey,kegg.compound,keggC,metacyc.compound,metacycM,metanetx.chemical,reactome,reactomeM,sabiork.compound,sabiorkM,seed.compound,seedM,vmhM,vmhmetabolite",True,True,True,True,True,True,False,True,True,True,3,4-hydroxy-2-oxoglutarate,True,m761[C_mi]
m761[C_mi],4-hydroxy-2-oxoglutarate_C5H4O6,C_mi,C5H4O6,-2,True,"bigg.metabolite,biggM,chebi,envipath,envipathM,hmdb,inchi,inchikey,kegg.compound,keggC,metacyc.compound,metacycM,metanetx.chemical,reactome,reactomeM,sabiork.compound,sabiorkM,seed.compound,seedM,vmhM,vmhmetabolite",True,True,True,True,True,True,False,True,True,True,2,4-hydroxy-2-oxoglutarate,True,m760[C_cy]
m762[C_pe],erythro-4-hydroxy-L-glutamic acid_C5H9NO5,C_pe,C5H9NO5,0,False,,False,False,False,False,False,False,False,False,True,True,2,erythro-4-hydroxy-L-glutamic acid,False,
m763[C_pe],4-hydroxy-2-oxoglutarate_C5H4O6,C_pe,C5H4O6,-2,True,"bigg.metabolite,biggM,chebi,envipath,envipathM,hmdb,inchi,inchikey,kegg.compound,keggC,metacyc.compound,metacycM,metanetx.chemical,reactome,reactomeM,sabiork.compound,sabiorkM,seed.compound,seedM,vmhM,vmhmetabolite",True,True,True,True,True,True,False,True,True,True,2,4-hydroxy-2-oxoglutarate,True,m760[C_cy]
m764[C_cy],1-pyrroline-3-hydroxy-5-carboxylic acid_C5H6NO3,C_cy,C5H6NO3,0,True,"chebi,hmdb,inchi,inchikey,metanetx.chemical,reactome,reactomeM",False,False,True,True,True,True,False,False,True,True,1,1-pyrroline-3-hydroxy-5-carboxylic acid,True,m753[C_mi]
m765[C_cy],L-proline_C5H9NO2,C_cy,C5H9NO2,0,True,"bigg.metabolite,biggM,chebi,envipath,envipathM,hmdb,inchi,inchikey,kegg.compound,kegg.drug,keggC,keggD,metacyc.compound,metacycM,metanetx.chemical,reactome,reactomeM,sabiork.compound,sabiorkM,seed.compound,seedM,vmhM,vmhmetabolite",True,True,True,True,True,True,False,True,True,True,10,L-proline,True,m904[C_mi]
m766[C_cy],(S)-lactaldehyde_C3H6O2,C_cy,C3H6O2,0,True,"bigg.metabolite,biggM,chebi,hmdb,inchi,inchikey,kegg.compound,keggC,metacyc.compound,metacycM,metanetx.chemical,sabiork.compound,sabiorkM,seed.compound,seedM,vmhM,vmhmetabolite",True,True,True,True,True,True,False,True,True,True,2,(S)-lactaldehyde,False,
m767[C_cy],L-alpha-formylglycine_C3H4NO3,C_cy,C3H4NO3,0,False,,False,False,False,False,False,False,False,False,True,True,1,L-alpha-formylglycine,False,
m768[C_cy],L-glucitol_C6H14O6,C_cy,C6H14O6,0,True,"bigg.metabolite,biggM,chebi,inchi,inchikey,kegg.compound,keggC,metacyc.compound,metacycM,metanetx.chemical,sabiork.compound,sabiorkM,seed.compound,seedM,vmhM,vmhmetabolite",True,True,True,True,False,True,False,True,True,True,2,L-glucitol,True,m1289[C_ex]
m769[C_cy],L-sorbose_C6H12O6,C_cy,C6H12O6,0,True,"chebi,metanetx.chemical",False,False,True,True,False,False,False,False,True,True,2,L-sorbose,True,m1303[C_ex]
m770[C_cy],L-threonine_C4H9NO3,C_cy,C4H9NO3,0,True,"bigg.metabolite,biggM,chebi,envipath,envipathM,hmdb,inchi,inchikey,kegg.compound,kegg.drug,keggC,keggD,metacyc.compound,metacycM,metanetx.chemical,reactome,reactomeM,sabiork.compound,sabiorkM,seed.compound,seedM,vmhM,vmhmetabolite",True,True,True,True,True,True,False,True,True,True,10,L-threonine,True,m771[C_mi]
m771[C_mi],L-threonine_C4H9NO3,C_mi,C4H9NO3,0,True,"bigg.metabolite,biggM,chebi,envipath,envipathM,hmdb,inchi,inchikey,kegg.compound,kegg.drug,keggC,keggD,metacyc.compound,metacycM,metanetx.chemical,reactome,reactomeM,sabiork.compound,sabiorkM,seed.compound,seedM,vmhM,vmhmetabolite",True,True,True,True,True,True,False,True,True,True,3,L-threonine,True,m770[C_cy]
m772[C_cy],L-tryptophan_C11H12N2O2,C_cy,C11H12N2O2,0,True,"bigg.metabolite,biggM,chebi,envipath,envipathM,hmdb,inchi,inchikey,kegg.compound,kegg.drug,keggC,keggD,metacyc.compound,metacycM,metanetx.chemical,reactome,reactomeM,sabiork.compound,sabiorkM,seed.compound,seedM,vmhM,vmhmetabolite",True,True,True,True,True,True,False,True,True,True,11,L-tryptophan,True,m989[C_mi]
m773[C_cy],N-formyl-L-kynurenine_C11H12N2O4,C_cy,C11H12N2O4,0,True,"chebi,hmdb,inchi,inchikey,kegg.compound,keggC,metacyc.compound,metacycM,metanetx.chemical,sabiork.compound,sabiorkM,seed.compound,seedM,vmhM,vmhmetabolite",False,True,True,True,True,True,False,True,True,True,2,N-formyl-L-kynurenine,False,
m774[C_cy],"(S)-2,3-epoxysqualene_C30H50O",C_cy,C30H50O,0,True,"bigg.metabolite,biggM,chebi,hmdb,inchi,inchikey,kegg.compound,keggC,lipidmaps,lipidmapsM,metacyc.compound,metacycM,metanetx.chemical,reactome,reactomeM,sabiork.compound,sabiorkM,seed.compound,seedM,slm,vmhM,vmhmetabolite",True,True,True,True,True,True,False,True,True,True,2,"(S)-2,3-epoxysqualene",True,m959[C_er]
m775[C_cy],L-leucine_C6H13NO2,C_cy,C6H13NO2,0,True,"bigg.metabolite,biggM,chebi,envipath,envipathM,hmdb,inchi,inchikey,kegg.compound,kegg.drug,keggC,keggD,lipidmaps,lipidmapsM,metacyc.compound,metacycM,metanetx.chemical,reactome,reactomeM,sabiork.compound,sabiorkM,seed.compound,seedM,vmhM,vmhmetabolite",True,True,True,True,True,True,False,True,True,True,10,L-leucine,True,m776[C_mi]
m776[C_mi],L-leucine_C6H13NO2,C_mi,C6H13NO2,0,True,"bigg.metabolite,biggM,chebi,envipath,envipathM,hmdb,inchi,inchikey,kegg.compound,kegg.drug,keggC,keggD,lipidmaps,lipidmapsM,metacyc.compound,metacycM,metanetx.chemical,reactome,reactomeM,sabiork.compound,sabiorkM,seed.compound,seedM,vmhM,vmhmetabolite",True,True,True,True,True,True,False,True,True,True,3,L-leucine,True,m775[C_cy]
m777[C_cy],tRNA(Leu)_ActiveX VT_ERROR:,C_cy,,0,False,,False,False,False,False,False,False,False,False,False,True,3,tRNA(Leu)_ActiveX VT_ERROR:,False,
m778[C_cy],Leu-tRNA(Leu)_C21H32N6O11PR(C5H8O6PR)n,C_cy,,0,False,,False,False,False,False,False,False,False,False,False,True,3,Leu-tRNA(Leu)_C21H32N6O11PR(C5H8O6PR)n,False,
m779[C_mi],"tRNA(Leu), mitchondrial_",C_mi,,0,False,,False,False,False,False,False,False,False,False,False,True,1,"tRNA(Leu), mitchondrial_",False,
m780[C_mi],Leu-tRNA(Leu)_C21H32N6O11PR(C5H8O6PR)n,C_mi,,0,False,,False,False,False,False,False,False,False,False,False,True,1,Leu-tRNA(Leu)_C21H32N6O11PR(C5H8O6PR)n,False,
m781[C_cy],leukotriene A4_C20H30O3,C_cy,C20H30O3,-1,True,"bigg.metabolite,biggM,chebi,hmdb,inchi,inchikey,kegg.compound,keggC,lipidmaps,lipidmapsM,metanetx.chemical,reactome,reactomeM,sabiork.compound,sabiorkM,seed.compound,seedM,slm,vmhM,vmhmetabolite",True,True,True,True,True,True,False,True,True,True,3,leukotriene A4,True,m783[C_nu]
m782[C_cy],"(5S,6S)-di-HETE_C20H32O4",C_cy,C20H32O4,0,False,,False,False,False,False,False,False,False,False,True,True,1,"(5S,6S)-di-HETE",False,
m783[C_nu],leukotriene A4_C20H30O3,C_nu,C20H30O3,-1,True,"bigg.metabolite,biggM,chebi,hmdb,inchi,inchikey,kegg.compound,keggC,lipidmaps,lipidmapsM,metanetx.chemical,reactome,reactomeM,sabiork.compound,sabiorkM,seed.compound,seedM,slm,vmhM,vmhmetabolite",True,True,True,True,True,True,False,True,True,True,3,leukotriene A4,True,m781[C_cy]
m784[C_nu],"(5S,6S)-di-HETE_C20H32O4",C_nu,C20H32O4,0,False,,False,False,False,False,False,False,False,False,True,True,1,"(5S,6S)-di-HETE",False,
m785[C_cy],"Delta(6)-trans,Delta(8)-cis-leukotriene B4_C20H32O4",C_cy,C20H32O4,0,True,"chebi,inchi,inchikey,lipidmaps,lipidmapsM,metanetx.chemical",False,False,True,True,False,True,False,False,True,True,1,"Delta(6)-trans,Delta(8)-cis-leukotriene B4",True,m786[C_nu]
m786[C_nu],"Delta(6)-trans,Delta(8)-cis-leukotriene B4_C20H32O4",C_nu,C20H32O4,0,True,"chebi,inchi,inchikey,lipidmaps,lipidmapsM,metanetx.chemical",False,False,True,True,False,True,False,False,True,True,1,"Delta(6)-trans,Delta(8)-cis-leukotriene B4",True,m785[C_cy]
m787[C_cy],leukotriene B4_C20H32O4,C_cy,C20H32O4,-1,True,"bigg.metabolite,biggM,chebi,hmdb,inchi,inchikey,kegg.compound,keggC,lipidmaps,lipidmapsM,metacyc.compound,metacycM,metanetx.chemical,reactome,reactomeM,sabiork.compound,sabiorkM,seed.compound,seedM,slm,vmhM,vmhmetabolite",True,True,True,True,True,True,False,True,True,True,1,leukotriene B4,True,m788[C_nu]
m788[C_nu],leukotriene B4_C20H32O4,C_nu,C20H32O4,-1,True,"bigg.metabolite,biggM,chebi,hmdb,inchi,inchikey,kegg.compound,keggC,lipidmaps,lipidmapsM,metacyc.compound,metacycM,metanetx.chemical,reactome,reactomeM,sabiork.compound,sabiorkM,seed.compound,seedM,slm,vmhM,vmhmetabolite",True,True,True,True,True,True,False,True,True,True,1,leukotriene B4,True,m787[C_cy]
m789[C_mm],1-acylglycerophosphocholine_C9H20NO7PR,C_mm,C9H20NO7PR,0,False,,False,False,False,False,False,False,False,False,True,True,3,1-acylglycerophosphocholine_C9H20NO7PR,False,
m790[C_mm],acyl-CoA_,C_mm,,0,False,,False,False,False,False,False,False,False,False,False,True,3,acyl-CoA_,False,
m791[C_mm],phosphatidylcholine_C10H18NO8PR2,C_mm,C10H18NO8PR2,0,True,"bigg.metabolite,biggM,metanetx.chemical",True,False,True,False,False,False,False,False,True,True,4,phosphatidylcholine_C10H18NO8PR2,True,m1397[C_cy]
m792[C_mm],coenzyme A_C21H36N7O16P3S,C_mm,C21H36N7O16P3S,0,False,,False,False,False,False,False,False,False,False,True,True,3,coenzyme A,False,
m793[C_cy],L-lysine_C6H14N2O2,C_cy,C6H14N2O2,1,True,"bigg.metabolite,biggM,chebi,hmdb,inchi,inchikey,kegg.compound,kegg.drug,keggC,keggD,metacyc.compound,metacycM,metanetx.chemical,reactome,reactomeM,sabiork.compound,sabiorkM,seed.compound,seedM,vmhM,vmhmetabolite",True,True,True,True,True,True,False,True,True,True,9,L-lysine,True,m796[C_mi]
m794[C_cy],tRNA(Lys)_ActiveX VT_ERROR:,C_cy,,0,False,,False,False,False,False,False,False,False,False,False,True,3,tRNA(Lys)_ActiveX VT_ERROR:,False,
m795[C_cy],Lys-tRNA(Lys)_,C_cy,,0,False,,False,False,False,False,False,False,False,False,False,True,3,Lys-tRNA(Lys)_,False,
m796[C_mi],L-lysine_C6H14N2O2,C_mi,C6H14N2O2,1,True,"bigg.metabolite,biggM,chebi,hmdb,inchi,inchikey,kegg.compound,kegg.drug,keggC,keggD,metacyc.compound,metacycM,metanetx.chemical,reactome,reactomeM,sabiork.compound,sabiorkM,seed.compound,seedM,vmhM,vmhmetabolite",True,True,True,True,True,True,False,True,True,True,2,L-lysine,True,m793[C_cy]
m797[C_mi],"tRNA(Lys), mitchondrial_ActiveX VT_ERROR:",C_mi,,0,False,,False,False,False,False,False,False,False,False,False,True,1,"tRNA(Lys), mitchondrial_ActiveX VT_ERROR:",False,
m798[C_mi],Lys-tRNA(Lys)_,C_mi,,0,False,,False,False,False,False,False,False,False,False,False,True,1,Lys-tRNA(Lys)_,False,
m799[C_pe],(S)-malate_C4H6O5,C_pe,C4H6O5,-2,True,"bigg.metabolite,biggM,chebi,envipath,envipathM,hmdb,inchi,inchikey,kegg.compound,kegg.drug,keggC,keggD,metacyc.compound,metacycM,metanetx.chemical,reactome,reactomeM,sabiork.compound,sabiorkM,seed.compound,seedM,slm,vmhM,vmhmetabolite",True,True,True,True,True,True,False,True,True,True,4,(S)-malate,True,m538[C_mi]
m800[C_pe],glyoxylate_C2H2O3,C_pe,C2H2O3,-1,True,"bigg.metabolite,biggM,chebi,envipath,envipathM,hmdb,inchi,inchikey,kegg.compound,keggC,metacyc.compound,metacycM,metanetx.chemical,reactome,reactomeM,sabiork.compound,sabiorkM,seed.compound,seedM,slm,vmhM,vmhmetabolite",True,True,True,True,True,True,False,True,True,True,3,glyoxylate,True,m271[C_cy]
m801[C_mi],carboxyacetyl-ACP_C3H3O3SR,C_mi,C3H3O3SR,0,False,,False,False,False,False,False,False,False,False,True,True,10,carboxyacetyl-ACP_C3H3O3SR,False,
m802[C_cy],D-mannose 1-phosphate_C6H13O9P,C_cy,C6H13O9P,-2,True,"inchi,inchikey,metanetx.chemical,vmhM,vmhmetabolite",False,False,True,False,False,True,False,False,True,True,2,D-mannose 1-phosphate,False,
m803[C_mi],"5,10-methenyl-THF_C20H20N7O6",C_mi,C20H20N7O6,0,True,"metanetx.chemical,seed.compound,seedM",False,False,True,False,False,False,False,True,True,True,4,"5,10-methenyl-THF",True,m160[C_cy]
m804[C_mi],Met-tRNA(Met)_C20H30N6O11PSR(C5H8O6PR)n,C_mi,,0,False,,False,False,False,False,False,False,False,False,False,True,2,Met-tRNA(Met)_C20H30N6O11PSR(C5H8O6PR)n,False,
m805[C_mi],fMet-tRNA(fMet)_ActiveX VT_ERROR:,C_mi,,0,False,,False,False,False,False,False,False,False,False,False,True,1,fMet-tRNA(fMet)_ActiveX VT_ERROR:,False,
m806[C_cy],tRNA(Met)_ActiveX VT_ERROR:,C_cy,,0,False,,False,False,False,False,False,False,False,False,False,True,3,tRNA(Met)_ActiveX VT_ERROR:,False,
m807[C_cy],Met-tRNA(Met)_C20H30N6O11PSR(C5H8O6PR)n,C_cy,,0,False,,False,False,False,False,False,False,False,False,False,True,3,Met-tRNA(Met)_C20H30N6O11PSR(C5H8O6PR)n,False,
m808[C_mi],L-methionine_C5H11NO2S,C_mi,C5H11NO2S,0,True,"bigg.metabolite,biggM,chebi,envipath,envipathM,hmdb,inchi,inchikey,kegg.compound,kegg.drug,keggC,keggD,metacyc.compound,metacycM,metanetx.chemical,reactome,reactomeM,sabiork.compound,sabiorkM,seed.compound,seedM,vmhM,vmhmetabolite",True,True,True,True,True,True,False,True,True,True,2,L-methionine,True,m74[C_cy]
m809[C_mi],"tRNA(Met), mitchondrial_",C_mi,,0,False,,False,False,False,False,False,False,False,False,False,True,1,"tRNA(Met), mitchondrial_",False,
m810[C_mi],succinate_C4H6O4,C_mi,C4H6O4,-2,True,"bigg.metabolite,biggM,chebi,envipath,envipathM,hmdb,inchi,inchikey,kegg.compound,keggC,lipidmaps,lipidmapsM,metacyc.compound,metacycM,metanetx.chemical,reactome,reactomeM,sabiork.compound,sabiorkM,seed.compound,seedM,slm,vmhM,vmhmetabolite",True,True,True,True,True,True,False,True,True,True,7,succinate,True,m541[C_cy]
m811[C_cy],(R)-5-phosphomevalonic acid_C6H13O7P,C_cy,C6H13O7P,0,False,,False,False,False,False,False,False,False,False,True,True,5,(R)-5-phosphomevalonic acid,False,
m812[C_cy],(R)-5-diphosphomevalonic acid_C6H14O10P2,C_cy,C6H14O10P2,0,False,,False,False,False,False,False,False,False,False,True,True,2,(R)-5-diphosphomevalonic acid,False,
m813[C_cy],1D-myo-inositol 1-phosphate_C6H11O9P,C_cy,C6H11O9P,-2,True,"bigg.metabolite,biggM,chebi,hmdb,inchi,inchikey,kegg.compound,keggC,metacyc.compound,metacycM,metanetx.chemical,reactome,reactomeM,sabiork.compound,sabiorkM,seed.compound,seedM,vmhM,vmhmetabolite",True,True,True,True,True,True,False,True,True,True,5,1D-myo-inositol 1-phosphate,True,m728[C_er]
m814[C_cy],myo-inositol_C6H12O6,C_cy,C6H12O6,0,True,"bigg.metabolite,biggM,chebi,hmdb,inchi,inchikey,kegg.compound,kegg.drug,keggC,keggD,metacyc.compound,metacycM,metanetx.chemical,reactome,reactomeM,seed.compound,seedM,vmhM,vmhmetabolite",True,True,True,True,True,True,False,True,True,True,3,myo-inositol,True,m1060[C_ex]
m815[C_cy],N-acetyl-D-glucosamine 6-phosphate_C8H16NO9P,C_cy,C8H16NO9P,0,False,,False,False,False,False,False,False,False,False,True,True,5,N-acetyl-D-glucosamine 6-phosphate,False,
m816[C_pe],NMN_C11H15N2O8P,C_pe,C11H15N2O8P,0,False,,False,False,False,False,False,False,False,False,True,True,2,NMN,False,
m817[C_nu],NAD_C21H27N7O14P2,C_nu,C21H27N7O14P2,0,True,"chebi,metanetx.chemical",False,False,True,True,False,False,False,False,True,True,3,NAD,True,m27[C_mi]
m818[C_nu],ADP-ribose_C15H21N5O14P2,C_nu,C15H21N5O14P2,0,False,,False,False,False,False,False,False,False,False,True,True,1,ADP-ribose,False,
m819[C_nu],nicotinamide_C6H6N2O,C_nu,C6H6N2O,0,True,"bigg.metabolite,biggM,chebi,envipath,envipathM,hmdb,inchi,inchikey,kegg.compound,kegg.drug,keggC,keggD,metacyc.compound,metacycM,metanetx.chemical,reactome,reactomeM,sabiork.compound,sabiorkM,seed.compound,seedM,vmhM,vmhmetabolite",True,True,True,True,True,True,False,True,True,True,2,nicotinamide,True,m829[C_cy]
m820[C_cy],deamido-NAD(+)_C21H26N6O15P2,C_cy,C21H26N6O15P2,-2,True,"bigg.metabolite,biggM,chebi,hmdb,inchi,inchikey,kegg.compound,keggC,metacyc.compound,metacycM,metanetx.chemical,reactome,reactomeM,sabiork.compound,sabiorkM,seed.compound,seedM",True,True,True,True,True,True,False,True,True,True,3,deamido-NAD(+),True,m821[C_nu]
m821[C_nu],deamido-NAD(+)_C21H26N6O15P2,C_nu,C21H26N6O15P2,-2,True,"bigg.metabolite,biggM,chebi,hmdb,inchi,inchikey,kegg.compound,keggC,metacyc.compound,metacycM,metanetx.chemical,reactome,reactomeM,sabiork.compound,sabiorkM,seed.compound,seedM",True,True,True,True,True,True,False,True,True,True,2,deamido-NAD(+),True,m820[C_cy]
m822[C_nu],L-glutamine_C5H10N2O3,C_nu,C5H10N2O3,0,True,"bigg.metabolite,biggM,chebi,envipath,envipathM,hmdb,inchi,inchikey,kegg.compound,kegg.drug,keggC,keggD,metacyc.compound,metacycM,metanetx.chemical,reactome,reactomeM,sabiork.compound,sabiorkM,seed.compound,seedM,vmhM,vmhmetabolite",True,True,True,True,True,True,False,True,True,True,2,L-glutamine,True,m130[C_cy]
m823[C_nu],L-glutamate_C5H9NO4,C_nu,C5H9NO4,-1,True,"bigg.metabolite,biggM,chebi,envipath,envipathM,hmdb,inchi,inchikey,kegg.compound,kegg.drug,keggC,keggD,metacyc.compound,metacycM,metanetx.chemical,reactome,reactomeM,sabiork.compound,sabiorkM,seed.compound,seedM,vmhM,vmhmetabolite",True,True,True,True,True,True,False,True,True,True,2,L-glutamate,True,m29[C_mi]
m824[C_cy],nicotinate_C6H5NO2,C_cy,C6H5NO2,-1,True,"bigg.metabolite,biggM,chebi,envipath,envipathM,hmdb,inchi,inchikey,kegg.compound,kegg.drug,keggC,keggD,metacyc.compound,metacycM,metanetx.chemical,reactome,reactomeM,sabiork.compound,sabiorkM,seed.compound,seedM,vmhM,vmhmetabolite",True,True,True,True,True,True,False,True,True,True,4,nicotinate,True,m826[C_mi]
m825[C_cy],nicotinate D-ribonucleotide_C11H14NO9P,C_cy,C11H14NO9P,0,False,,False,False,False,False,False,False,False,False,True,True,5,nicotinate D-ribonucleotide,False,
m826[C_mi],nicotinate_C6H5NO2,C_mi,C6H5NO2,-1,True,"bigg.metabolite,biggM,chebi,envipath,envipathM,hmdb,inchi,inchikey,kegg.compound,kegg.drug,keggC,keggD,metacyc.compound,metacycM,metanetx.chemical,reactome,reactomeM,sabiork.compound,sabiorkM,seed.compound,seedM,vmhM,vmhmetabolite",True,True,True,True,True,True,False,True,True,True,1,nicotinate,True,m824[C_cy]
m827[C_mi],PRPP_C5H8O14P3,C_mi,C5H8O14P3,0,False,,False,False,False,False,False,False,False,False,True,True,3,PRPP,False,
m828[C_mi],nicotinic acid D-ribonucleotide_C11H12NO9P,C_mi,C11H12NO9P,0,False,,False,False,False,False,False,False,False,False,True,True,2,nicotinic acid D-ribonucleotide,False,
m829[C_cy],nicotinamide_C6H6N2O,C_cy,C6H6N2O,0,True,"bigg.metabolite,biggM,chebi,envipath,envipathM,hmdb,inchi,inchikey,kegg.compound,kegg.drug,keggC,keggD,metacyc.compound,metacycM,metanetx.chemical,reactome,reactomeM,sabiork.compound,sabiorkM,seed.compound,seedM,vmhM,vmhmetabolite",True,True,True,True,True,True,False,True,True,True,4,nicotinamide,True,m819[C_nu]
m830[C_cy],1-methylnicotinamide_C7H9N2O,C_cy,C7H9N2O,1,True,"bigg.metabolite,biggM,chebi,hmdb,inchi,inchikey,kegg.compound,keggC,metacyc.compound,metacycM,metanetx.chemical,reactome,reactomeM,sabiork.compound,sabiorkM,seed.compound,seedM,vmhM,vmhmetabolite",True,True,True,True,True,True,False,True,True,True,1,1-methylnicotinamide,False,
m831[C_cy],NMN_C11H15N2O8P,C_cy,C11H15N2O8P,0,False,,False,False,False,False,False,False,False,False,True,True,6,NMN,False,
m832[C_nu],NMN_C11H15N2O8P,C_nu,C11H15N2O8P,0,False,,False,False,False,False,False,False,False,False,True,True,2,NMN,False,
m833[C_cy],quinolinate_C7H5NO4,C_cy,C7H5NO4,-2,True,"bigg.metabolite,biggM,chebi,hmdb,inchi,inchikey,kegg.compound,keggC,metacyc.compound,metacycM,metanetx.chemical,reactome,reactomeM,sabiork.compound,sabiorkM,seed.compound,seedM,vmhM,vmhmetabolite",True,True,True,True,True,True,False,True,True,True,3,quinolinate,True,m834[C_mi]
m834[C_mi],quinolinate_C7H5NO4,C_mi,C7H5NO4,-2,True,"bigg.metabolite,biggM,chebi,hmdb,inchi,inchikey,kegg.compound,keggC,metacyc.compound,metacycM,metanetx.chemical,reactome,reactomeM,sabiork.compound,sabiorkM,seed.compound,seedM,vmhM,vmhmetabolite",True,True,True,True,True,True,False,True,True,True,2,quinolinate,True,m833[C_cy]
m835[C_go],H2O_H2O,C_go,H2O,0,False,,False,False,False,False,False,False,False,False,True,True,4,H2O,False,
m836[C_go],UDP_C9H14N2O12P2,C_go,C9H14N2O12P2,-3,True,"bigg.metabolite,biggM,chebi,hmdb,inchi,inchikey,kegg.compound,keggC,metacyc.compound,metacycM,metanetx.chemical,reactome,reactomeM,sabiork.compound,sabiorkM,seed.compound,seedM,vmhM,vmhmetabolite",True,True,True,True,True,True,False,True,True,True,2,UDP,True,m11[C_cy]
m837[C_go],phosphate_H3O4P,C_go,H3O4P,-2,True,"bigg.metabolite,biggM,chebi,envipath,envipathM,hmdb,inchi,inchikey,kegg.compound,kegg.drug,keggC,keggD,metacyc.compound,metacycM,metanetx.chemical,reactome,reactomeM,sabiork.compound,sabiorkM,seed.compound,seedM,vmhM,vmhmetabolite",True,True,True,True,True,True,False,True,True,True,3,phosphate,True,m35[C_cy]
m838[C_go],UMP_C9H13N2O9P,C_go,C9H13N2O9P,-2,True,"bigg.metabolite,biggM,chebi,hmdb,inchi,inchikey,kegg.compound,keggC,metacyc.compound,metacycM,metanetx.chemical,reactome,reactomeM,sabiork.compound,sabiorkM,seed.compound,seedM,vmhM,vmhmetabolite",True,True,True,True,True,True,False,True,True,True,2,UMP,True,m149[C_cy]
m839[C_cy],IDP_C10H14N4O11P2,C_cy,C10H14N4O11P2,-3,True,"bigg.metabolite,biggM,chebi,inchi,inchikey,kegg.compound,keggC,metacyc.compound,metacycM,metanetx.chemical,reactome,reactomeM,sabiork.compound,sabiorkM,seed.compound,seedM,vmhM,vmhmetabolite",True,True,True,True,False,True,False,True,True,True,6,IDP,False,
m840[C_cy],dCDP_C9H15N3O10P2,C_cy,C9H15N3O10P2,-3,True,"bigg.metabolite,biggM,chebi,hmdb,inchi,inchikey,kegg.compound,keggC,metacyc.compound,metacycM,metanetx.chemical,reactome,reactomeM,sabiork.compound,sabiorkM,seed.compound,seedM,vmhM,vmhmetabolite",True,True,True,True,True,True,False,True,True,True,6,dCDP,True,m935[C_nu]
m841[C_cy],dGTP_C10H16N5O13P3,C_cy,C10H16N5O13P3,-4,True,"bigg.metabolite,biggM,chebi,hmdb,inchi,inchikey,kegg.compound,keggC,metacyc.compound,metacycM,metanetx.chemical,reactome,reactomeM,sabiork.compound,sabiorkM,seed.compound,seedM,vmhM,vmhmetabolite",True,True,True,True,True,True,False,True,True,True,6,dGTP,False,
m842[C_cy],dTTP_C10H17N2O14P3,C_cy,C10H17N2O14P3,-4,True,"bigg.metabolite,biggM,chebi,hmdb,inchi,inchikey,kegg.compound,keggC,metacyc.compound,metacycM,metanetx.chemical,reactome,reactomeM,sabiork.compound,sabiorkM,seed.compound,seedM,vmhM,vmhmetabolite",True,True,True,True,True,True,False,True,True,True,5,dTTP,True,m1211[C_ex]
m843[C_cy],ITP_C10H15N4O14P3,C_cy,C10H15N4O14P3,-4,True,"bigg.metabolite,biggM,chebi,hmdb,inchi,inchikey,kegg.compound,keggC,metacyc.compound,metacycM,metanetx.chemical,reactome,reactomeM,sabiork.compound,sabiorkM,seed.compound,seedM,vmhM,vmhmetabolite",True,True,True,True,True,True,False,True,True,True,6,ITP,False,
m844[C_cy],dIDP_ActiveX VT_ERROR:,C_cy,,0,False,,False,False,False,False,False,False,False,False,False,True,2,dIDP_ActiveX VT_ERROR:,False,
m845[C_cy],dITP_,C_cy,,0,False,,False,False,False,False,False,False,False,False,False,True,3,dITP_,False,
m846[C_cy],dUDP_C9H14N2O11P2,C_cy,C9H14N2O11P2,-3,True,"bigg.metabolite,biggM,chebi,hmdb,inchi,inchikey,kegg.compound,keggC,metacyc.compound,metacycM,metanetx.chemical,reactome,reactomeM,sabiork.compound,sabiorkM,seed.compound,seedM,vmhM,vmhmetabolite",True,True,True,True,True,True,False,True,True,True,6,dUDP,True,m1005[C_nu]
m847[C_go],GMP_C10H14N5O8P,C_go,C10H14N5O8P,-2,True,"bigg.metabolite,biggM,chebi,hmdb,inchi,inchikey,kegg.compound,keggC,metacyc.compound,metacycM,metanetx.chemical,reactome,reactomeM,sabiork.compound,sabiorkM,seed.compound,seedM,vmhM,vmhmetabolite",True,True,True,True,True,True,False,True,True,True,2,GMP,True,m93[C_cy]
m848[C_cy],methanethiol_CH4S,C_cy,CH4S,0,True,"bigg.metabolite,biggM,chebi,envipath,envipathM,hmdb,inchi,inchikey,kegg.compound,keggC,metacyc.compound,metacycM,metanetx.chemical,sabiork.compound,sabiorkM,seed.compound,seedM,vmhM,vmhmetabolite",True,True,True,True,True,True,False,True,True,True,1,methanethiol,False,
m849[C_cy],O-succinyl-L-homoserine_C8H13NO6,C_cy,C8H13NO6,-1,True,"bigg.metabolite,biggM,chebi,hmdb,inchi,inchikey,kegg.compound,keggC,metacyc.compound,metacycM,metanetx.chemical,sabiork.compound,sabiorkM,seed.compound,seedM,vmhM,vmhmetabolite",True,True,True,True,True,True,False,True,True,True,2,O-succinyl-L-homoserine,False,
m850[C_cy],putrescine_C4H12N2,C_cy,C4H12N2,2,True,"bigg.metabolite,biggM,chebi,hmdb,inchi,inchikey,kegg.compound,keggC,metacyc.compound,metacycM,metanetx.chemical,reactome,reactomeM,sabiork.compound,sabiorkM,seed.compound,seedM,vmhM,vmhmetabolite",True,True,True,True,True,True,False,True,True,True,5,putrescine,True,m1101[C_ex]
m851[C_mi],ornithine_C5H13N2O2,C_mi,C5H13N2O2,0,True,"chebi,envipath,envipathM,inchi,inchikey,kegg.compound,keggC,lipidmaps,lipidmapsM,metacyc.compound,metacycM,metanetx.chemical,seed.compound,seedM",False,True,True,True,False,True,False,True,True,True,2,ornithine,True,m311[C_cy]
m852[C_cy],orotidine 5'-(dihydrogen phosphate)_C10H10N2O11P,C_cy,C10H10N2O11P,0,False,,False,False,False,False,False,False,False,False,True,True,2,orotidine 5'-(dihydrogen phosphate),False,
m853[C_mi],S(8)-succinyldihydrolipoamide_C12H21NO4S2,C_mi,C12H21NO4S2,0,True,"bigg.metabolite,biggM,chebi,inchi,inchikey,kegg.compound,keggC,metanetx.chemical,vmhM,vmhmetabolite",True,True,True,True,False,True,False,False,True,True,2,S(8)-succinyldihydrolipoamide,False,
m854[C_cy],pantetheine 4'-phosphate_C11H23N2O7PS,C_cy,C11H23N2O7PS,0,False,,False,False,False,False,False,False,False,False,True,True,4,pantetheine 4'-phosphate,False,
m855[C_cy],3'-dephospho-CoA_C21H33N7O13P2S,C_cy,C21H33N7O13P2S,-2,True,"bigg.metabolite,biggM,chebi,hmdb,inchi,inchikey,kegg.compound,keggC,lipidmaps,lipidmapsM,metacyc.compound,metacycM,metanetx.chemical,reactome,reactomeM,sabiork.compound,sabiorkM,seed.compound,seedM,vmhM,vmhmetabolite",True,True,True,True,True,True,False,True,True,True,2,3'-dephospho-CoA,True,m475[C_mi]
m856[C_cy],(R)-pantothenate_C9H17NO5,C_cy,C9H17NO5,-1,True,"bigg.metabolite,biggM,chebi,hmdb,inchi,inchikey,kegg.compound,kegg.drug,keggC,keggD,lipidmaps,lipidmapsM,metacyc.compound,metacycM,metanetx.chemical,reactome,reactomeM,sabiork.compound,sabiorkM,seed.compound,seedM,vmhM,vmhmetabolite",True,True,True,True,True,True,False,True,True,True,3,(R)-pantothenate,True,m1098[C_ex]
m857[C_cy],(R)-4'-phosphopantothenic acid_C9H18NO8P,C_cy,C9H18NO8P,0,False,,False,False,False,False,False,False,False,False,True,True,2,(R)-4'-phosphopantothenic acid,False,
m858[C_pe],stearate_C18H36O2,C_pe,C18H36O2,0,False,,False,False,False,False,False,False,False,False,True,True,3,stearate,False,
m859[C_cy],L-phenylalanine_C9H11NO2,C_cy,C9H11NO2,0,True,"bigg.metabolite,biggM,chebi,envipath,envipathM,hmdb,inchi,inchikey,kegg.compound,kegg.drug,keggC,keggD,metacyc.compound,metacycM,metanetx.chemical,reactome,reactomeM,sabiork.compound,sabiorkM,seed.compound,seedM,vmhM,vmhmetabolite",True,True,True,True,True,True,False,True,True,True,10,L-phenylalanine,True,m863[C_mi]
m860[C_cy],keto-phenylpyruvate_C9H7O3,C_cy,C9H7O3,0,False,,False,False,False,False,False,False,False,False,True,True,5,keto-phenylpyruvate,False,
m861[C_cy],tRNA(Phe)_ActiveX VT_ERROR:,C_cy,,0,False,,False,False,False,False,False,False,False,False,False,True,3,tRNA(Phe)_ActiveX VT_ERROR:,False,
m862[C_cy],Phe-tRNA(Phe)_C19H26NO11PR2(C5H8O6PR)n,C_cy,,0,False,,False,False,False,False,False,False,False,False,False,True,3,Phe-tRNA(Phe)_C19H26NO11PR2(C5H8O6PR)n,False,
m863[C_mi],L-phenylalanine_C9H11NO2,C_mi,C9H11NO2,0,True,"bigg.metabolite,biggM,chebi,envipath,envipathM,hmdb,inchi,inchikey,kegg.compound,kegg.drug,keggC,keggD,metacyc.compound,metacycM,metanetx.chemical,reactome,reactomeM,sabiork.compound,sabiorkM,seed.compound,seedM,vmhM,vmhmetabolite",True,True,True,True,True,True,False,True,True,True,2,L-phenylalanine,True,m859[C_cy]
m864[C_mi],"tRNA(Phe), mitchondrial_",C_mi,,0,False,,False,False,False,False,False,False,False,False,False,True,1,"tRNA(Phe), mitchondrial_",False,
m865[C_mi],Phe-tRNA(Phe)_C19H26NO11PR2(C5H8O6PR)n,C_mi,,0,False,,False,False,False,False,False,False,False,False,False,True,1,Phe-tRNA(Phe)_C19H26NO11PR2(C5H8O6PR)n,False,
m866[C_cy],phenylacetaldehyde_C8H8O,C_cy,C8H8O,0,False,,False,False,False,False,False,False,False,False,True,True,3,phenylacetaldehyde,False,
m867[C_cy],5'-phosphoribosyl-5-aminoimidazole_C8H13N3O7P,C_cy,C8H13N3O7P,0,False,,False,False,False,False,False,False,False,False,True,True,3,5'-phosphoribosyl-5-aminoimidazole,False,
m868[C_mm],phosphatidyl-L-serine_C8H11NO10PR2,C_mm,C8H11NO10PR2,0,True,"chebi,metanetx.chemical",False,False,True,True,False,False,False,False,True,True,2,phosphatidyl-L-serine_C8H11NO10PR2,True,m872[C_gm]
m869[C_mm],carbon dioxide_CO2,C_mm,CO2,0,False,,False,False,False,False,False,False,False,False,True,True,2,carbon dioxide,False,
m870[C_mm],phosphatidylethanolamine_C7H12NO8PR2,C_mm,C7H12NO8PR2,0,True,"bigg.metabolite,biggM,metanetx.chemical",True,False,True,False,False,False,False,False,True,True,2,phosphatidylethanolamine_C7H12NO8PR2,True,m599[C_er]
m871[C_gm],H+_p+1,C_gm,,0,False,,False,False,False,False,False,False,False,False,False,True,4,H+_p+1,False,
m872[C_gm],phosphatidyl-L-serine_C8H11NO10PR2,C_gm,C8H11NO10PR2,0,True,"chebi,metanetx.chemical",False,False,True,True,False,False,False,False,True,True,3,phosphatidyl-L-serine_C8H11NO10PR2,True,m868[C_mm]
m873[C_gm],carbon dioxide_CO2,C_gm,CO2,0,False,,False,False,False,False,False,False,False,False,True,True,2,carbon dioxide,False,
m874[C_gm],phosphatidylethanolamine_C7H12NO8PR2,C_gm,C7H12NO8PR2,0,True,"bigg.metabolite,biggM,metanetx.chemical",True,False,True,False,False,False,False,False,True,True,3,phosphatidylethanolamine_C7H12NO8PR2,True,m599[C_er]
m875[C_vm],phosphatidyl-L-serine_C8H11NO10PR2,C_vm,C8H11NO10PR2,0,True,"chebi,metanetx.chemical",False,False,True,True,False,False,False,False,True,True,2,phosphatidyl-L-serine_C8H11NO10PR2,True,m868[C_mm]
m876[C_vm],carbon dioxide_CO2,C_vm,CO2,0,False,,False,False,False,False,False,False,False,False,True,True,2,carbon dioxide,False,
m877[C_vm],phosphatidylethanolamine_C7H12NO8PR2,C_vm,C7H12NO8PR2,0,True,"bigg.metabolite,biggM,metanetx.chemical",True,False,True,False,False,False,False,False,True,True,2,phosphatidylethanolamine_C7H12NO8PR2,True,m599[C_er]
m878[C_cy],N-acetyl-alpha-D-glucosamine 1-phosphate_C8H16NO9P,C_cy,C8H16NO9P,-2,True,"bigg.metabolite,biggM,chebi,hmdb,inchi,inchikey,kegg.compound,keggC,metacyc.compound,metacycM,metanetx.chemical,reactome,reactomeM,sabiork.compound,sabiorkM,seed.compound,seedM,vmhM,vmhmetabolite",True,True,True,True,True,True,False,True,True,True,2,N-acetyl-alpha-D-glucosamine 1-phosphate,False,
m879[C_cy],sulphite_H2O3S,C_cy,H2O3S,0,False,,False,False,False,False,False,False,False,False,True,True,7,sulphite,False,
m880[C_cy],CDP-ethanolamine_C11H20N4O11P2,C_cy,C11H20N4O11P2,-1,True,"bigg.metabolite,biggM,chebi,hmdb,inchi,inchikey,kegg.compound,keggC,metacyc.compound,metacycM,metanetx.chemical,reactome,reactomeM,sabiork.compound,sabiorkM,seed.compound,seedM,vmhM,vmhmetabolite",True,True,True,True,True,True,False,True,True,True,2,CDP-ethanolamine,True,m1602[C_em]
m881[C_cy],sedoheptulose 7-phosphate_C7H15O10P,C_cy,C7H15O10P,0,True,"hmdb,inchi,inchikey,metanetx.chemical",False,False,True,False,True,True,False,False,True,True,4,sedoheptulose 7-phosphate,False,
m882[C_cy],"sedoheptulose 1,7-bisphosphate_C7H16O13P2",C_cy,C7H16O13P2,0,False,,False,False,False,False,False,False,False,False,True,True,3,"sedoheptulose 1,7-bisphosphate",False,
m883[C_cy],alpha-D-glucosamine 1-phosphate_C6H13NO8P,C_cy,C6H13NO8P,-1,True,"chebi,inchi,inchikey,kegg.compound,keggC,metacyc.compound,metacycM,metanetx.chemical,sabiork.compound,sabiorkM,seed.compound,seedM",False,True,True,True,False,True,False,True,True,True,1,alpha-D-glucosamine 1-phosphate,False,
m884[C_cy],3-phosphoglycerate_C3H4O7P,C_cy,C3H4O7P,0,True,"chebi,metanetx.chemical",False,False,True,True,False,False,False,False,True,True,4,3-phosphoglycerate,False,
m885[C_cy],3-phospho-hydroxypyruvate_C3H2O7P,C_cy,C3H2O7P,0,False,,False,False,False,False,False,False,False,False,True,True,2,3-phospho-hydroxypyruvate,False,
m886[C_cy],4-amino-2-methyl-5-diphosphomethylpyrimidine_C6H11N3O7P2,C_cy,C6H11N3O7P2,0,False,,False,False,False,False,False,False,False,False,True,True,2,4-amino-2-methyl-5-diphosphomethylpyrimidine,False,
m887[C_cy],N-[(R)-4-phosphonopantothenoyl]-L-cysteine_C12H20N2O9PS,C_cy,C12H20N2O9PS,0,False,,False,False,False,False,False,False,False,False,True,True,3,N-[(R)-4-phosphonopantothenoyl]-L-cysteine,False,
m888[C_cy],alpha-D-ribose 1-phosphate_C5H11O8P,C_cy,C5H11O8P,-2,True,"bigg.metabolite,biggM,chebi,hmdb,inchi,inchikey,kegg.compound,keggC,metacyc.compound,metacycM,metanetx.chemical,reactome,reactomeM,sabiork.compound,sabiorkM,seed.compound,seedM,vmhM,vmhmetabolite",True,True,True,True,True,True,False,True,True,True,8,alpha-D-ribose 1-phosphate,True,m911[C_mi]
m889[C_cy],ribose-5-phosphate_C5H11O8P,C_cy,C5H11O8P,0,False,,False,False,False,False,False,False,False,False,True,True,9,ribose-5-phosphate,False,
m890[C_cy],phosphoribosyl-carboxy-aminoimidazole_C9H11N3O9P,C_cy,C9H11N3O9P,0,False,,False,False,False,False,False,False,False,False,True,True,2,phosphoribosyl-carboxy-aminoimidazole,False,
m891[C_cy],1-(5-phosphoribosyl)-5'-AMP_C15H23N5O14P2,C_cy,C15H23N5O14P2,0,False,,False,False,False,False,False,False,False,False,True,True,2,1-(5-phosphoribosyl)-5'-AMP,False,
m892[C_cy],5-phosphoribosylamine_C5H11NO7P,C_cy,C5H11NO7P,0,False,,False,False,False,False,False,False,False,False,True,True,2,5-phosphoribosylamine,False,
m893[C_cy],3-phospho-serine_C3H6NO6P,C_cy,C3H6NO6P,0,False,,False,False,False,False,False,False,False,False,True,True,2,3-phospho-serine,False,
m894[C_er],phytosphingosine 1-phosphate_C18H40NO6P,C_er,C18H40NO6P,0,False,,False,False,False,False,False,False,False,False,True,True,3,phytosphingosine 1-phosphate,False,
m895[C_er],2-hydroxyhexadecanal_C16H32O2,C_er,C16H32O2,0,False,,False,False,False,False,False,False,False,False,True,True,1,2-hydroxyhexadecanal,False,
m896[C_er],O-phosphoethanolamine_C2H7NO4P,C_er,C2H7NO4P,0,False,,False,False,False,False,False,False,False,False,True,True,2,O-phosphoethanolamine,False,
m897[C_vm],1-phosphatidyl-1D-myo-inositol_ActiveX VT_ERROR:,C_vm,,0,False,,False,False,False,False,False,False,False,False,False,True,3,1-phosphatidyl-1D-myo-inositol_ActiveX VT_ERROR:,False,
m898[C_cy],N(1)-acetylspermidine_,C_cy,,0,False,,False,False,False,False,False,False,False,False,False,True,3,N(1)-acetylspermidine_,False,
m899[C_cy],N-acetylputrescine_C6H14N2O,C_cy,C6H14N2O,0,True,"bigg.metabolite,biggM,metanetx.chemical",True,False,True,False,False,False,False,False,True,True,1,N-acetylputrescine,False,
m900[C_cy],5-aminolevulinate_C5H9NO3,C_cy,C5H9NO3,0,True,"bigg.metabolite,biggM,chebi,hmdb,inchi,inchikey,kegg.compound,kegg.drug,keggC,keggD,lipidmaps,lipidmapsM,metacyc.compound,metacycM,metanetx.chemical,reactome,reactomeM,seed.compound,seedM,vmhM,vmhmetabolite",True,True,True,True,True,True,False,True,True,True,3,5-aminolevulinate,True,m157[C_mi]
m901[C_cy],N(1)-acetylspermine_,C_cy,,0,False,,False,False,False,False,False,False,False,False,False,True,2,N(1)-acetylspermine_,False,
m902[C_cy],spermine_C10H26N4,C_cy,C10H26N4,0,True,"bigg.metabolite,biggM,metanetx.chemical",True,False,True,False,False,False,False,False,True,True,5,spermine,True,m1111[C_ex]
m903[C_cy],3-(4-hydroxyphenyl)pyruvate_C9H8O4,C_cy,C9H8O4,-1,True,"bigg.metabolite,biggM,chebi,envipath,envipathM,hmdb,inchi,inchikey,kegg.compound,keggC,metacyc.compound,metacycM,metanetx.chemical,reactome,reactomeM,sabiork.compound,sabiorkM,seed.compound,seedM,vmhM,vmhmetabolite",True,True,True,True,True,True,False,True,True,True,4,3-(4-hydroxyphenyl)pyruvate,True,m993[C_pe]
m904[C_mi],L-proline_C5H9NO2,C_mi,C5H9NO2,0,True,"bigg.metabolite,biggM,chebi,envipath,envipathM,hmdb,inchi,inchikey,kegg.compound,kegg.drug,keggC,keggD,metacyc.compound,metacycM,metanetx.chemical,reactome,reactomeM,sabiork.compound,sabiorkM,seed.compound,seedM,vmhM,vmhmetabolite",True,True,True,True,True,True,False,True,True,True,2,L-proline,True,m765[C_cy]
m905[C_cy],tRNA(Pro)_ActiveX VT_ERROR:,C_cy,,0,False,,False,False,False,False,False,False,False,False,False,True,3,tRNA(Pro)_ActiveX VT_ERROR:,False,
m906[C_cy],Pro-tRNA(Pro)_RC5H8NO,C_cy,RC5H8NO,0,True,"chebi,metanetx.chemical",False,False,True,True,False,False,False,False,True,True,3,Pro-tRNA(Pro)_RC5H8NO,False,
m907[C_mi],protoporphyrinogen_C34H40N4O4,C_mi,C34H40N4O4,0,False,,False,False,False,False,False,False,False,False,True,True,2,protoporphyrinogen,False,
m908[C_cy],nicotinamide ribose_C11H15N2O5,C_cy,C11H15N2O5,0,False,,False,False,False,False,False,False,False,False,True,True,3,nicotinamide ribose,False,
m909[C_mi],adenosine_C10H13N5O4,C_mi,C10H13N5O4,0,True,"bigg.metabolite,biggM,chebi,envipath,envipathM,hmdb,inchi,inchikey,kegg.compound,kegg.drug,keggC,keggD,metacyc.compound,metacycM,metanetx.chemical,reactome,reactomeM,sabiork.compound,sabiorkM,seed.compound,seedM,vmhM,vmhmetabolite",True,True,True,True,True,True,False,True,True,True,1,adenosine,True,m254[C_cy]
m910[C_mi],adenine_C5H5N5,C_mi,C5H5N5,0,True,"bigg.metabolite,biggM,chebi,envipath,envipathM,hmdb,inchi,inchikey,kegg.compound,kegg.drug,keggC,keggD,metacyc.compound,metacycM,metanetx.chemical,reactome,reactomeM,sabiork.compound,sabiorkM,seed.compound,seedM,vmhM,vmhmetabolite",True,True,True,True,True,True,False,True,True,True,2,adenine,True,m145[C_cy]
m911[C_mi],alpha-D-ribose 1-phosphate_C5H11O8P,C_mi,C5H11O8P,-2,True,"bigg.metabolite,biggM,chebi,hmdb,inchi,inchikey,kegg.compound,keggC,metacyc.compound,metacycM,metanetx.chemical,reactome,reactomeM,sabiork.compound,sabiorkM,seed.compound,seedM,vmhM,vmhmetabolite",True,True,True,True,True,True,False,True,True,True,2,alpha-D-ribose 1-phosphate,True,m888[C_cy]
m912[C_cy],2'-deoxyadenosine_C10H13N5O3,C_cy,C10H13N5O3,0,True,"bigg.metabolite,biggM,chebi,hmdb,inchi,inchikey,kegg.compound,keggC,metacyc.compound,metacycM,metanetx.chemical,reactome,reactomeM,sabiork.compound,sabiorkM,seed.compound,seedM,vmhM,vmhmetabolite",True,True,True,True,True,True,False,True,True,True,3,2'-deoxyadenosine,True,m1135[C_ex]
m913[C_cy],2'-deoxyguanosine_C10H13N5O4,C_cy,C10H13N5O4,0,True,"bigg.metabolite,biggM,chebi,hmdb,inchi,inchikey,kegg.compound,keggC,metacyc.compound,metacycM,metanetx.chemical,reactome,reactomeM,sabiork.compound,sabiorkM,seed.compound,seedM,vmhM,vmhmetabolite",True,True,True,True,True,True,False,True,True,True,3,2'-deoxyguanosine,True,m1137[C_ex]
m914[C_cy],2'-deoxyinosine_C10H12N4O4,C_cy,C10H12N4O4,0,True,"bigg.metabolite,biggM,chebi,hmdb,inchi,inchikey,kegg.compound,keggC,metacyc.compound,metacycM,metanetx.chemical,reactome,reactomeM,sabiork.compound,sabiorkM,seed.compound,seedM,vmhM,vmhmetabolite",True,True,True,True,True,True,False,True,True,True,2,2'-deoxyinosine,True,m1139[C_ex]
m915[C_mi],guanosine_C10H13N5O5,C_mi,C10H13N5O5,0,True,"bigg.metabolite,biggM,chebi,hmdb,inchi,inchikey,kegg.compound,keggC,metacyc.compound,metacycM,metanetx.chemical,reactome,reactomeM,sabiork.compound,sabiorkM,seed.compound,seedM,vmhM,vmhmetabolite",True,True,True,True,True,True,False,True,True,True,2,guanosine,True,m593[C_cy]
m916[C_mi],guanine_C5H5N5O,C_mi,C5H5N5O,0,True,"bigg.metabolite,biggM,chebi,envipath,envipathM,hmdb,inchi,inchikey,kegg.compound,keggC,metacyc.compound,metacycM,metanetx.chemical,reactome,reactomeM,sabiork.compound,sabiorkM,seed.compound,seedM,vmhM,vmhmetabolite",True,True,True,True,True,True,False,True,True,True,2,guanine,True,m595[C_cy]
m917[C_cy],xanthosine_C10H12N4O6,C_cy,C10H12N4O6,0,True,"bigg.metabolite,biggM,chebi,hmdb,inchi,inchikey,kegg.compound,keggC,metacyc.compound,metacycM,metanetx.chemical,sabiork.compound,sabiorkM,seed.compound,seedM,vmhM,vmhmetabolite",True,True,True,True,True,True,False,True,True,True,3,xanthosine,True,m1386[C_ex]
m918[C_cy],pyridoxal_C8H9NO3,C_cy,C8H9NO3,0,True,"bigg.metabolite,biggM,chebi,envipath,envipathM,hmdb,inchi,inchikey,kegg.compound,keggC,metacyc.compound,metacycM,metanetx.chemical,reactome,reactomeM,sabiork.compound,sabiorkM,seed.compound,seedM,vmhM,vmhmetabolite",True,True,True,True,True,True,False,True,True,True,5,pyridoxal,True,mpyridoxal[C_ex]
m919[C_cy],pyridoxamine_C8H12N2O2,C_cy,C8H12N2O2,1,True,"bigg.metabolite,biggM,chebi,envipath,envipathM,hmdb,inchi,inchikey,kegg.compound,keggC,metacyc.compound,metacycM,metanetx.chemical,reactome,reactomeM,sabiork.compound,sabiorkM,seed.compound,seedM,vmhM,vmhmetabolite",True,True,True,True,True,True,False,True,True,True,3,pyridoxamine,False,
m920[C_cy],pyridoxamine 5'-phosphate_C8H13N2O5P,C_cy,C8H13N2O5P,-1,True,"bigg.metabolite,biggM,chebi,hmdb,inchi,inchikey,kegg.compound,keggC,metacyc.compound,metacycM,metanetx.chemical,reactome,reactomeM,sabiork.compound,sabiorkM,seed.compound,seedM,vmhM,vmhmetabolite",True,True,True,True,True,True,False,True,True,True,3,pyridoxamine 5'-phosphate,False,
m921[C_cy],pyridoxal 5'-phosphate_C8H10NO6P,C_cy,C8H10NO6P,-2,True,"bigg.metabolite,biggM,chebi,hmdb,inchi,inchikey,kegg.compound,keggC,metacyc.compound,metacycM,metanetx.chemical,reactome,reactomeM,sabiork.compound,sabiorkM,seed.compound,seedM,vmhM,vmhmetabolite",True,True,True,True,True,True,False,True,True,True,4,pyridoxal 5'-phosphate,False,
m922[C_cy],pyridoxine 5'-phosphate_C8H12NO6P,C_cy,C8H12NO6P,-2,True,"bigg.metabolite,biggM,chebi,hmdb,inchi,inchikey,kegg.compound,keggC,metacyc.compound,metacycM,metanetx.chemical,reactome,reactomeM,sabiork.compound,sabiorkM,seed.compound,seedM,vmhM,vmhmetabolite",True,True,True,True,True,True,False,True,True,True,2,pyridoxine 5'-phosphate,False,
m923[C_cy],pyridoxine_C8H11NO3,C_cy,C8H11NO3,0,True,"bigg.metabolite,biggM,chebi,envipath,envipathM,hmdb,inchi,inchikey,kegg.compound,kegg.drug,keggC,keggD,metacyc.compound,metacycM,metanetx.chemical,reactome,reactomeM,sabiork.compound,sabiorkM,seed.compound,seedM,vmhM,vmhmetabolite",True,True,True,True,True,True,False,True,True,True,3,pyridoxine,True,m1357[C_ex]
m924[C_cy],1-pyrroline-5-carboxylate_C5H6NO2,C_cy,C5H6NO2,0,False,,False,False,False,False,False,False,False,False,True,True,2,1-pyrroline-5-carboxylate,False,
m925[C_va],glutathione_C10H17N3O6S,C_va,C10H17N3O6S,-1,True,"bigg.metabolite,biggM,chebi,hmdb,inchi,inchikey,kegg.compound,kegg.drug,keggC,keggD,metacyc.compound,metacycM,metanetx.chemical,reactome,reactomeM,sabiork.compound,sabiorkM,seed.compound,seedM,vmhM,vmhmetabolite",True,True,True,True,True,True,False,True,True,True,2,glutathione,True,m530[C_cy]
m926[C_cy],riboflavin_C17H20N4O6,C_cy,C17H20N4O6,-1,True,"bigg.metabolite,biggM,chebi,hmdb,inchi,inchikey,kegg.compound,kegg.drug,keggC,keggD,metacyc.compound,metacycM,metanetx.chemical,reactome,reactomeM,sabiork.compound,sabiorkM,seed.compound,seedM,vmhM,vmhmetabolite",True,True,True,True,True,True,False,True,True,True,8,riboflavin,True,m216[C_ex]
m927[C_mi],riboflavin_C17H20N4O6,C_mi,C17H20N4O6,-1,True,"bigg.metabolite,biggM,chebi,hmdb,inchi,inchikey,kegg.compound,kegg.drug,keggC,keggD,metacyc.compound,metacycM,metanetx.chemical,reactome,reactomeM,sabiork.compound,sabiorkM,seed.compound,seedM,vmhM,vmhmetabolite",True,True,True,True,True,True,False,True,True,True,2,riboflavin,True,m216[C_ex]
m928[C_mi],FMN_C17H21N4O9P,C_mi,C17H21N4O9P,0,True,"bigg.metabolite,biggM,chebi,hmdb,inchi,inchikey,kegg.compound,keggC,metacyc.compound,metacycM,metanetx.chemical,sabiork.compound,sabiorkM,seed.compound,seedM,vmhM,vmhmetabolite",True,True,True,True,True,True,False,True,True,True,3,FMN,True,m213[C_ex]
m929[C_cy],5-amino-6-(D-ribitylamino)uracil_C9H16N4O6,C_cy,C9H16N4O6,0,True,"bigg.metabolite,biggM,chebi,hmdb,inchi,inchikey,kegg.compound,keggC,metacyc.compound,metacycM,metanetx.chemical,sabiork.compound,sabiorkM,vmhM,vmhmetabolite",True,True,True,True,True,True,False,False,True,True,3,5-amino-6-(D-ribitylamino)uracil,False,
m930[C_cy],"6,7-dimethyl-8-(1-D-ribityl)lumazine_C13H18N4O6",C_cy,C13H18N4O6,0,True,"bigg.metabolite,biggM,inchi,inchikey,metanetx.chemical",True,False,True,False,False,True,False,False,True,True,2,"6,7-dimethyl-8-(1-D-ribityl)lumazine",False,
m931[C_nu],TRX1_C6H9NO2S2R2,C_nu,C6H9NO2S2R2,0,False,,False,False,False,False,False,False,False,False,True,True,4,TRX1_C6H9NO2S2R2,False,
m932[C_nu],dADP_C10H15N5O9P2,C_nu,C10H15N5O9P2,-3,True,"bigg.metabolite,biggM,chebi,hmdb,inchi,inchikey,kegg.compound,keggC,metacyc.compound,metacycM,metanetx.chemical,reactome,reactomeM,sabiork.compound,sabiorkM,seed.compound,seedM,vmhM,vmhmetabolite",True,True,True,True,True,True,False,True,True,True,2,dADP,True,m607[C_cy]
m933[C_nu],TRX1-disulphide_,C_nu,,0,False,,False,False,False,False,False,False,False,False,False,True,4,TRX1-disulphide_,False,
m934[C_nu],CDP_C9H15N3O11P2,C_nu,C9H15N3O11P2,-3,True,"bigg.metabolite,biggM,chebi,hmdb,inchi,inchikey,kegg.compound,keggC,metacyc.compound,metacycM,metanetx.chemical,reactome,reactomeM,seed.compound,seedM,vmhM,vmhmetabolite",True,True,True,True,True,True,False,True,True,True,2,CDP,True,m500[C_cy]
m935[C_nu],dCDP_C9H15N3O10P2,C_nu,C9H15N3O10P2,-3,True,"bigg.metabolite,biggM,chebi,hmdb,inchi,inchikey,kegg.compound,keggC,metacyc.compound,metacycM,metanetx.chemical,reactome,reactomeM,sabiork.compound,sabiorkM,seed.compound,seedM,vmhM,vmhmetabolite",True,True,True,True,True,True,False,True,True,True,2,dCDP,True,m840[C_cy]
m936[C_nu],GDP_C10H15N5O11P2,C_nu,C10H15N5O11P2,-3,True,"bigg.metabolite,biggM,chebi,hmdb,inchi,inchikey,kegg.compound,keggC,metacyc.compound,metacycM,metanetx.chemical,reactome,reactomeM,sabiork.compound,sabiorkM,seed.compound,seedM,vmhM,vmhmetabolite",True,True,True,True,True,True,False,True,True,True,2,GDP,True,m261[C_mi]
m937[C_nu],dGDP_C10H15N5O10P2,C_nu,C10H15N5O10P2,-3,True,"bigg.metabolite,biggM,chebi,hmdb,inchi,inchikey,kegg.compound,keggC,metacyc.compound,metacycM,metanetx.chemical,reactome,reactomeM,sabiork.compound,sabiorkM,seed.compound,seedM,vmhM,vmhmetabolite",True,True,True,True,True,True,False,True,True,True,2,dGDP,True,m466[C_cy]
m938[C_cy],D-xylulose 5-phosphate_C5H11O8P,C_cy,C5H11O8P,-2,True,"bigg.metabolite,biggM,chebi,hmdb,inchi,inchikey,kegg.compound,keggC,metacyc.compound,metacycM,metanetx.chemical,reactome,reactomeM,sabiork.compound,sabiorkM,seed.compound,seedM,vmhM,vmhmetabolite",True,True,True,True,True,True,False,True,True,True,5,D-xylulose 5-phosphate,False,
m939[C_mi],"3-hexaprenyl-4,5-dihydroxybenzoic acid_C37H53O4",C_mi,C37H53O4,0,False,,False,False,False,False,False,False,False,False,True,True,2,"3-hexaprenyl-4,5-dihydroxybenzoic acid",False,
m940[C_cy],L-saccharopine_C11H20N2O6,C_cy,C11H20N2O6,-1,True,"bigg.metabolite,biggM,chebi,hmdb,inchi,inchikey,kegg.compound,keggC,metacyc.compound,metacycM,metanetx.chemical,reactome,reactomeM,sabiork.compound,sabiorkM,seed.compound,seedM,vmhM,vmhmetabolite",True,True,True,True,True,True,False,True,True,True,2,L-saccharopine,False,
m941[C_er],L-serine_C3H7NO3,C_er,C3H7NO3,0,True,"bigg.metabolite,biggM,chebi,envipath,envipathM,hmdb,inchi,inchikey,kegg.compound,kegg.drug,keggC,keggD,metacyc.compound,metacycM,metanetx.chemical,reactome,reactomeM,sabiork.compound,sabiorkM,seed.compound,seedM,vmhM,vmhmetabolite",True,True,True,True,True,True,False,True,True,True,2,L-serine,True,m441[C_cy]
m942[C_er],carbon dioxide_CO2,C_er,CO2,0,False,,False,False,False,False,False,False,False,False,True,True,2,carbon dioxide,False,
m943[C_cy],tRNA(Ser)_ActiveX VT_ERROR:,C_cy,,0,False,,False,False,False,False,False,False,False,False,False,True,3,tRNA(Ser)_ActiveX VT_ERROR:,False,
m944[C_cy],Ser-tRNA(Ser)_C13H22NO12PR2(C5H8O6PR)n,C_cy,,0,False,,False,False,False,False,False,False,False,False,False,True,3,Ser-tRNA(Ser)_C13H22NO12PR2(C5H8O6PR)n,False,
m945[C_cy],shikimate_C7H10O5,C_cy,C7H10O5,-1,True,"bigg.metabolite,biggM,chebi,envipath,envipathM,hmdb,inchi,inchikey,kegg.compound,keggC,metacyc.compound,metacycM,metanetx.chemical,reactome,reactomeM,sabiork.compound,sabiorkM,seed.compound,seedM,vmhM,vmhmetabolite",True,True,True,True,True,True,False,True,True,True,2,shikimate,False,
m946[C_cy],precorrin-2_C42H41N4O16,C_cy,C42H41N4O16,-7,True,"chebi,inchi,inchikey,kegg.compound,keggC,metacyc.compound,metacycM,metanetx.chemical,sabiork.compound,sabiorkM,vmhM,vmhmetabolite",False,True,True,True,False,True,False,False,True,True,2,precorrin-2,False,
m947[C_cy],sirohydrochlorin_C42H46N4O16,C_cy,C42H46N4O16,-7,True,"bigg.metabolite,biggM,inchi,inchikey,metanetx.chemical",True,False,True,False,False,True,False,False,True,True,2,sirohydrochlorin,False,
m948[C_cy],iron_Fe,C_cy,Fe,0,True,"bigg.metabolite,biggM,metanetx.chemical",True,False,True,False,False,False,False,False,True,True,3,iron_Fe,True,m523[C_mi]
m949[C_cy],siroheme_ActiveX VT_ERROR:,C_cy,,0,False,,False,False,False,False,False,False,False,False,False,True,1,siroheme_ActiveX VT_ERROR:,False,
m950[C_er],sphinganine 1-phosphate_C18H40NO5P,C_er,C18H40NO5P,-1,True,"bigg.metabolite,biggM,chebi,hmdb,inchi,inchikey,kegg.compound,keggC,lipidmaps,lipidmapsM,metacyc.compound,metacycM,metanetx.chemical,reactome,reactomeM,sabiork.compound,sabiorkM,seed.compound,seedM,slm,vmhM,vmhmetabolite",True,True,True,True,True,True,False,True,True,True,3,sphinganine 1-phosphate,False,
m951[C_er],hexadecanal_C16H32O,C_er,C16H32O,0,True,"bigg.metabolite,biggM,chebi,envipath,envipathM,hmdb,inchi,inchikey,kegg.compound,keggC,lipidmaps,lipidmapsM,metacyc.compound,metacycM,metanetx.chemical,reactome,reactomeM,sabiork.compound,sabiorkM,seed.compound,seedM,slm,vmhM,vmhmetabolite",True,True,True,True,True,True,False,True,True,True,1,hexadecanal,True,m1252[C_ex]
m952[C_er],phosphate_H3O4P,C_er,H3O4P,-2,True,"bigg.metabolite,biggM,chebi,envipath,envipathM,hmdb,inchi,inchikey,kegg.compound,kegg.drug,keggC,keggD,metacyc.compound,metacycM,metanetx.chemical,reactome,reactomeM,sabiork.compound,sabiorkM,seed.compound,seedM,vmhM,vmhmetabolite",True,True,True,True,True,True,False,True,True,True,5,phosphate,True,m35[C_cy]
m953[C_er],ATP_C10H16N5O13P3,C_er,C10H16N5O13P3,-4,True,"bigg.metabolite,biggM,chebi,envipath,envipathM,hmdb,inchi,inchikey,kegg.compound,kegg.drug,keggC,keggD,metacyc.compound,metacycM,metanetx.chemical,reactome,reactomeM,sabiork.compound,sabiorkM,seed.compound,seedM,vmhM,vmhmetabolite",True,True,True,True,True,True,False,True,True,True,3,ATP,True,m16[C_vm]
m954[C_er],ADP_C10H15N5O10P2,C_er,C10H15N5O10P2,-3,True,"bigg.metabolite,biggM,chebi,envipath,envipathM,hmdb,inchi,inchikey,kegg.compound,kegg.glycan,keggC,keggG,metacyc.compound,metacycM,metanetx.chemical,reactome,reactomeM,sabiork.compound,sabiorkM,seed.compound,seedM,vmhM,vmhmetabolite",True,True,True,True,True,True,False,True,True,True,3,ADP,True,m18[C_vm]
m955[C_mi],trans-aconitate_ActiveX VT_ERROR:,C_mi,,0,False,,False,False,False,False,False,False,False,False,False,True,1,trans-aconitate_ActiveX VT_ERROR:,False,
m956[C_cy],trans-aconitate_ActiveX VT_ERROR:,C_cy,,0,False,,False,False,False,False,False,False,False,False,False,True,1,trans-aconitate_ActiveX VT_ERROR:,False,
m957[C_er],NADH_C21H29N7O14P2,C_er,C21H29N7O14P2,-2,True,"bigg.metabolite,biggM,chebi,hmdb,inchi,inchikey,kegg.compound,keggC,metacyc.compound,metacycM,metanetx.chemical,reactome,reactomeM,sabiork.compound,sabiorkM,seed.compound,seedM,vmhM,vmhmetabolite",True,True,True,True,True,True,False,True,True,True,1,NADH,True,m30[C_mi]
m958[C_er],squalene_C30H50,C_er,C30H50,0,True,"bigg.metabolite,biggM,chebi,hmdb,inchi,inchikey,kegg.compound,keggC,metacyc.compound,metacycM,metanetx.chemical,reactome,reactomeM,sabiork.compound,sabiorkM,seed.compound,seedM,slm,vmhM,vmhmetabolite",True,True,True,True,True,True,False,True,True,True,4,squalene,True,m961[C_cy]
m959[C_er],"(S)-2,3-epoxysqualene_C30H50O",C_er,C30H50O,0,True,"bigg.metabolite,biggM,chebi,hmdb,inchi,inchikey,kegg.compound,keggC,lipidmaps,lipidmapsM,metacyc.compound,metacycM,metanetx.chemical,reactome,reactomeM,sabiork.compound,sabiorkM,seed.compound,seedM,slm,vmhM,vmhmetabolite",True,True,True,True,True,True,False,True,True,True,3,"(S)-2,3-epoxysqualene",True,m774[C_cy]
m960[C_er],NAD_C21H27N7O14P2,C_er,C21H27N7O14P2,0,True,"chebi,metanetx.chemical",False,False,True,True,False,False,False,False,True,True,1,NAD,True,m27[C_mi]
m961[C_cy],squalene_C30H50,C_cy,C30H50,0,True,"bigg.metabolite,biggM,chebi,hmdb,inchi,inchikey,kegg.compound,keggC,metacyc.compound,metacycM,metanetx.chemical,reactome,reactomeM,sabiork.compound,sabiorkM,seed.compound,seedM,slm,vmhM,vmhmetabolite",True,True,True,True,True,True,False,True,True,True,2,squalene,True,m958[C_er]
m962[C_ex],sucrose_C12H22O11,C_ex,C12H22O11,0,True,"bigg.metabolite,biggM,chebi,hmdb,inchi,inchikey,kegg.compound,kegg.drug,kegg.glycan,keggC,keggD,keggG,metacyc.compound,metacycM,metanetx.chemical,reactome,reactomeM,sabiork.compound,sabiorkM,seed.compound,seedM,vmhM,vmhmetabolite",True,True,True,True,True,True,False,True,True,True,1,sucrose,False,
m963[C_ex],D-fructose_C6H12O6,C_ex,C6H12O6,0,True,"chebi,inchi,inchikey,kegg.compound,keggC,metacyc.compound,metacycM,metanetx.chemical,seed.compound,seedM",False,True,True,True,False,True,False,True,True,True,4,D-fructose,True,m458[C_cy]
m964[C_cy],sulphate_H2O4S,C_cy,H2O4S,0,False,,False,False,False,False,False,False,False,False,True,True,8,sulphate,False,
m965[C_cy],taurocholic acid_C26H44NO7S,C_cy,C26H44NO7S,0,False,,False,False,False,False,False,False,False,False,True,True,1,taurocholic acid,False,
m966[C_va],taurocholic acid_C26H44NO7S,C_va,C26H44NO7S,0,False,,False,False,False,False,False,False,False,False,True,True,1,taurocholic acid,False,
m967[C_cy],taurine_C2H7NO3S,C_cy,C2H7NO3S,0,True,"bigg.metabolite,biggM,chebi,hmdb,inchi,inchikey,kegg.compound,kegg.drug,keggC,keggD,metacyc.compound,metacycM,metanetx.chemical,reactome,reactomeM,sabiork.compound,sabiorkM,seed.compound,seedM,vmhM,vmhmetabolite",True,True,True,True,True,True,False,True,True,True,2,taurine,True,m1115[C_ex]
m968[C_cy],aminoacetaldehyde_C2H6NO,C_cy,C2H6NO,1,True,"bigg.metabolite,biggM,chebi,envipath,envipathM,hmdb,inchi,inchikey,kegg.compound,keggC,metacyc.compound,metacycM,metanetx.chemical,sabiork.compound,sabiorkM,seed.compound,seedM,vmhM,vmhmetabolite",True,True,True,True,True,True,False,True,True,True,1,aminoacetaldehyde,False,
m969[C_mi],5-formyltetrahydrofolic acid_C20H21N7O7,C_mi,C20H21N7O7,0,False,,False,False,False,False,False,False,False,False,True,True,2,5-formyltetrahydrofolic acid,False,
m970[C_cy],"5,6,7,8-tetrahydrofolyl-L-glutamic acid_C24H30N8O9",C_cy,C24H30N8O9,0,False,,False,False,False,False,False,False,False,False,True,True,1,"5,6,7,8-tetrahydrofolyl-L-glutamic acid",False,
m971[C_ex],TDP_,C_ex,,0,False,,False,False,False,False,False,False,False,False,False,True,2,TDP_,False,
m972[C_ex],thiamine_,C_ex,,0,False,,False,False,False,False,False,False,False,False,False,True,4,thiamine_,False,
m973[C_ex],TMP_,C_ex,,0,False,,False,False,False,False,False,False,False,False,False,True,2,TMP_,False,
m974[C_cy],thiamine_,C_cy,,0,False,,False,False,False,False,False,False,False,False,False,True,4,thiamine_,False,
m975[C_cy],TDP_,C_cy,,0,False,,False,False,False,False,False,False,False,False,False,True,4,TDP_,False,
m976[C_cy],TTP_,C_cy,,0,False,,False,False,False,False,False,False,False,False,False,True,1,TTP_,False,
m977[C_cy],TMP_,C_cy,,0,False,,False,False,False,False,False,False,False,False,False,True,3,TMP_,False,
m978[C_cy],tRNA(Thr)_ActiveX VT_ERROR:,C_cy,,0,False,,False,False,False,False,False,False,False,False,False,True,3,tRNA(Thr)_ActiveX VT_ERROR:,False,
m979[C_cy],Thr-tRNA(Thr)_C14H24NO12PR2(C5H8O6PR)n,C_cy,,0,False,,False,False,False,False,False,False,False,False,False,True,3,Thr-tRNA(Thr)_C14H24NO12PR2(C5H8O6PR)n,False,
m980[C_mi],"tRNA(Thr), mitchondrial_",C_mi,,0,False,,False,False,False,False,False,False,False,False,False,True,1,"tRNA(Thr), mitchondrial_",False,
m981[C_mi],Thr-tRNA(Thr)_C14H24NO12PR2(C5H8O6PR)n,C_mi,,0,False,,False,False,False,False,False,False,False,False,False,True,1,Thr-tRNA(Thr)_C14H24NO12PR2(C5H8O6PR)n,False,
m982[C_cy],thymidine_C10H14N2O5,C_cy,C10H14N2O5,0,True,"bigg.metabolite,biggM,chebi,hmdb,inchi,inchikey,kegg.compound,kegg.drug,keggC,keggD,metacyc.compound,metacycM,metanetx.chemical,reactome,reactomeM,sabiork.compound,sabiorkM,seed.compound,seedM,vmhM,vmhmetabolite",True,True,True,True,True,True,False,True,True,True,4,thymidine,True,m1378[C_ex]
m983[C_cy],thymine_C5H6N2O2,C_cy,C5H6N2O2,0,True,"bigg.metabolite,biggM,chebi,hmdb,inchi,inchikey,kegg.compound,keggC,metacyc.compound,metacycM,metanetx.chemical,reactome,reactomeM,sabiork.compound,sabiorkM,vmhM,vmhmetabolite",True,True,True,True,True,True,False,False,True,True,1,thymine,False,
m984[C_mi],isopentenyl diphosphate_C5H12O7P2,C_mi,C5H12O7P2,-3,True,"bigg.metabolite,biggM,chebi,hmdb,inchi,inchikey,kegg.compound,keggC,lipidmaps,lipidmapsM,metacyc.compound,metacycM,metanetx.chemical,reactome,reactomeM,sabiork.compound,sabiorkM,seed.compound,seedM,slm,vmhM,vmhmetabolite",True,True,True,True,True,True,False,True,True,True,2,isopentenyl diphosphate,True,m412[C_lp]
m985[C_mi],pentaprenyl diphosphate_C25H44O7P2,C_mi,C25H44O7P2,0,True,"chebi,inchi,inchikey,metanetx.chemical,vmhM,vmhmetabolite",False,False,True,True,False,True,False,False,True,True,2,pentaprenyl diphosphate,True,m415[C_lp]
m986[C_cy],indole-3-pyruvate_C11H8NO3,C_cy,C11H8NO3,-1,True,"bigg.metabolite,biggM,chebi,envipath,envipathM,hmdb,inchi,inchikey,kegg.compound,keggC,metacyc.compound,metacycM,metanetx.chemical,reactome,reactomeM,sabiork.compound,sabiorkM,seed.compound,seedM,vmhM,vmhmetabolite",True,True,True,True,True,True,False,True,True,True,2,indole-3-pyruvate,False,
m987[C_cy],tRNA(Trp)_ActiveX VT_ERROR:,C_cy,,0,False,,False,False,False,False,False,False,False,False,False,True,3,tRNA(Trp)_ActiveX VT_ERROR:,False,
m988[C_cy],Trp-tRNA(Trp)_C26H31N7O11PR(C5H8O6PR)n,C_cy,,0,False,,False,False,False,False,False,False,False,False,False,True,3,Trp-tRNA(Trp)_C26H31N7O11PR(C5H8O6PR)n,False,
m989[C_mi],L-tryptophan_C11H12N2O2,C_mi,C11H12N2O2,0,True,"bigg.metabolite,biggM,chebi,envipath,envipathM,hmdb,inchi,inchikey,kegg.compound,kegg.drug,keggC,keggD,metacyc.compound,metacycM,metanetx.chemical,reactome,reactomeM,sabiork.compound,sabiorkM,seed.compound,seedM,vmhM,vmhmetabolite",True,True,True,True,True,True,False,True,True,True,2,L-tryptophan,True,m772[C_cy]
m990[C_mi],"tRNA(Trp), mitchondrial_",C_mi,,0,False,,False,False,False,False,False,False,False,False,False,True,1,"tRNA(Trp), mitchondrial_",False,
m991[C_mi],Trp-tRNA(Trp)_C26H31N7O11PR(C5H8O6PR)n,C_mi,,0,False,,False,False,False,False,False,False,False,False,False,True,1,Trp-tRNA(Trp)_C26H31N7O11PR(C5H8O6PR)n,False,
m992[C_cy],L-tyrosine_C9H11NO3,C_cy,C9H11NO3,0,True,"bigg.metabolite,biggM,chebi,envipath,envipathM,hmdb,inchi,inchikey,kegg.compound,kegg.drug,keggC,keggD,metacyc.compound,metacycM,metanetx.chemical,reactome,reactomeM,sabiork.compound,sabiorkM,seed.compound,seedM,vmhM,vmhmetabolite",True,True,True,True,True,True,False,True,True,True,12,L-tyrosine,True,m994[C_pe]
m993[C_pe],3-(4-hydroxyphenyl)pyruvate_C9H8O4,C_pe,C9H8O4,-1,True,"bigg.metabolite,biggM,chebi,envipath,envipathM,hmdb,inchi,inchikey,kegg.compound,keggC,metacyc.compound,metacycM,metanetx.chemical,reactome,reactomeM,sabiork.compound,sabiorkM,seed.compound,seedM,vmhM,vmhmetabolite",True,True,True,True,True,True,False,True,True,True,1,3-(4-hydroxyphenyl)pyruvate,True,m903[C_cy]
m994[C_pe],L-tyrosine_C9H11NO3,C_pe,C9H11NO3,0,True,"bigg.metabolite,biggM,chebi,envipath,envipathM,hmdb,inchi,inchikey,kegg.compound,kegg.drug,keggC,keggD,metacyc.compound,metacycM,metanetx.chemical,reactome,reactomeM,sabiork.compound,sabiorkM,seed.compound,seedM,vmhM,vmhmetabolite",True,True,True,True,True,True,False,True,True,True,2,L-tyrosine,True,m992[C_cy]
m995[C_cy],tRNA(Tyr)_ActiveX VT_ERROR:,C_cy,,0,False,,False,False,False,False,False,False,False,False,False,True,3,tRNA(Tyr)_ActiveX VT_ERROR:,False,
m996[C_cy],Tyr-tRNA(Tyr)_RC9H10NO2,C_cy,RC9H10NO2,0,True,"chebi,metanetx.chemical",False,False,True,True,False,False,False,False,True,True,3,Tyr-tRNA(Tyr)_RC9H10NO2,True,m999[C_mi]
m997[C_mi],L-tyrosine_C9H11NO3,C_mi,C9H11NO3,0,True,"bigg.metabolite,biggM,chebi,envipath,envipathM,hmdb,inchi,inchikey,kegg.compound,kegg.drug,keggC,keggD,metacyc.compound,metacycM,metanetx.chemical,reactome,reactomeM,sabiork.compound,sabiorkM,seed.compound,seedM,vmhM,vmhmetabolite",True,True,True,True,True,True,False,True,True,True,2,L-tyrosine,True,m992[C_cy]
m998[C_mi],"tRNA(Tyr), mitchondrial_ActiveX VT_ERROR:",C_mi,,0,False,,False,False,False,False,False,False,False,False,False,True,1,"tRNA(Tyr), mitchondrial_ActiveX VT_ERROR:",False,
m999[C_mi],Tyr-tRNA(Tyr)_RC9H10NO2,C_mi,RC9H10NO2,0,True,"chebi,metanetx.chemical",False,False,True,True,False,False,False,False,True,True,1,Tyr-tRNA(Tyr)_RC9H10NO2,True,m996[C_cy]
m1000[C_cy],ergosterol_C28H44O,C_cy,C28H44O,0,True,"bigg.metabolite,biggM,chebi,hmdb,inchi,inchikey,kegg.compound,keggC,lipidmaps,lipidmapsM,metacyc.compound,metacycM,metanetx.chemical,sabiork.compound,sabiorkM,seed.compound,seedM,slm,vmhM,vmhmetabolite",True,True,True,True,True,True,False,True,True,True,10,ergosterol,True,m235[C_em]
m1001[C_cy],ergosterol 3-beta-D-glucoside_C34H54O6,C_cy,C34H54O6,0,False,,False,False,False,False,False,False,False,False,True,True,1,ergosterol 3-beta-D-glucoside,False,
m1002[C_nu],UMP_C9H13N2O9P,C_nu,C9H13N2O9P,-2,True,"bigg.metabolite,biggM,chebi,hmdb,inchi,inchikey,kegg.compound,keggC,metacyc.compound,metacycM,metanetx.chemical,reactome,reactomeM,sabiork.compound,sabiorkM,seed.compound,seedM,vmhM,vmhmetabolite",True,True,True,True,True,True,False,True,True,True,2,UMP,True,m149[C_cy]
m1003[C_nu],UDP_C9H14N2O12P2,C_nu,C9H14N2O12P2,-3,True,"bigg.metabolite,biggM,chebi,hmdb,inchi,inchikey,kegg.compound,keggC,metacyc.compound,metacycM,metanetx.chemical,reactome,reactomeM,sabiork.compound,sabiorkM,seed.compound,seedM,vmhM,vmhmetabolite",True,True,True,True,True,True,False,True,True,True,2,UDP,True,m11[C_cy]
m1004[C_nu],dUMP_C9H13N2O8P,C_nu,C9H13N2O8P,-2,True,"bigg.metabolite,biggM,chebi,hmdb,inchi,inchikey,kegg.compound,keggC,metacyc.compound,metacycM,metanetx.chemical,reactome,reactomeM,sabiork.compound,sabiorkM,seed.compound,seedM,vmhM,vmhmetabolite",True,True,True,True,True,True,False,True,True,True,2,dUMP,True,m460[C_cy]
m1005[C_nu],dUDP_C9H14N2O11P2,C_nu,C9H14N2O11P2,-3,True,"bigg.metabolite,biggM,chebi,hmdb,inchi,inchikey,kegg.compound,keggC,metacyc.compound,metacycM,metanetx.chemical,reactome,reactomeM,sabiork.compound,sabiorkM,seed.compound,seedM,vmhM,vmhmetabolite",True,True,True,True,True,True,False,True,True,True,3,dUDP,True,m846[C_cy]
m1006[C_cy],uroporphyrinogen III_C40H44N4O16,C_cy,C40H44N4O16,-8,True,"bigg.metabolite,biggM,chebi,hmdb,inchi,inchikey,kegg.compound,keggC,metacyc.compound,metacycM,metanetx.chemical,reactome,reactomeM,sabiork.compound,sabiorkM,seed.compound,seedM,vmhM,vmhmetabolite",True,True,True,True,True,True,False,True,True,True,3,uroporphyrinogen III,False,
m1007[C_va],H+_p+1,C_va,,0,False,,False,False,False,False,False,False,False,False,False,True,22,H+_p+1,False,
m1008[C_cy],L-valine_C5H11NO2,C_cy,C5H11NO2,0,True,"bigg.metabolite,biggM,chebi,envipath,envipathM,hmdb,inchi,inchikey,kegg.compound,kegg.drug,keggC,keggD,lipidmaps,lipidmapsM,metacyc.compound,metacycM,metanetx.chemical,reactome,reactomeM,sabiork.compound,sabiorkM,seed.compound,seedM,vmhM,vmhmetabolite",True,True,True,True,True,True,False,True,True,True,8,L-valine,True,m1009[C_mi]
m1009[C_mi],L-valine_C5H11NO2,C_mi,C5H11NO2,0,True,"bigg.metabolite,biggM,chebi,envipath,envipathM,hmdb,inchi,inchikey,kegg.compound,kegg.drug,keggC,keggD,lipidmaps,lipidmapsM,metacyc.compound,metacycM,metanetx.chemical,reactome,reactomeM,sabiork.compound,sabiorkM,seed.compound,seedM,vmhM,vmhmetabolite",True,True,True,True,True,True,False,True,True,True,3,L-valine,True,m1008[C_cy]
m1010[C_cy],tRNA(Val)_ActiveX VT_ERROR:,C_cy,,0,False,,False,False,False,False,False,False,False,False,False,True,3,tRNA(Val)_ActiveX VT_ERROR:,False,
m1011[C_cy],Val-tRNA(Val)_C20H30N6O11PR(C5H8O6PR)n,C_cy,,0,False,,False,False,False,False,False,False,False,False,False,True,3,Val-tRNA(Val)_C20H30N6O11PR(C5H8O6PR)n,False,
m1012[C_mi],"tRNA(Val), mitchondrial_",C_mi,,0,False,,False,False,False,False,False,False,False,False,False,True,1,"tRNA(Val), mitchondrial_",False,
m1013[C_mi],Val-tRNA(Val)_C20H30N6O11PR(C5H8O6PR)n,C_mi,,0,False,,False,False,False,False,False,False,False,False,False,True,1,Val-tRNA(Val)_C20H30N6O11PR(C5H8O6PR)n,False,
m1014[C_cy],xylitol_C5H12O5,C_cy,C5H12O5,0,True,"bigg.metabolite,biggM,chebi,hmdb,inchi,inchikey,kegg.compound,kegg.drug,keggC,keggD,metacyc.compound,metacycM,metanetx.chemical,reactome,reactomeM,sabiork.compound,sabiorkM,seed.compound,seedM,vmhM,vmhmetabolite",True,True,True,True,True,True,False,True,True,True,2,xylitol,True,m1388[C_ex]
m1015[C_cy],D-xylulose_C5H10O5,C_cy,C5H10O5,0,True,"bigg.metabolite,biggM,chebi,hmdb,inchi,inchikey,metacyc.compound,metacycM,metanetx.chemical,reactome,reactomeM,sabiork.compound,sabiorkM,vmhM,vmhmetabolite",True,False,True,True,True,True,False,False,True,True,3,D-xylulose,False,
m1016[C_cy],D-xylose_C5H10O5,C_cy,C5H10O5,0,True,"bigg.metabolite,biggM,chebi,hmdb,inchi,inchikey,kegg.compound,kegg.drug,keggC,keggD,metacyc.compound,metacycM,metanetx.chemical,seed.compound,seedM,vmhM,vmhmetabolite",True,True,True,True,True,True,False,True,True,True,2,D-xylose,True,m1205[C_ex]
m1017[C_cy],pseudouridine 5'-phosphate_C9H13N2O9P,C_cy,C9H13N2O9P,0,False,,False,False,False,False,False,False,False,False,True,True,1,pseudouridine 5'-phosphate,False,
m1018[C_ex],(R)-mevalonate_C6H12O4,C_ex,C6H12O4,-1,True,"bigg.metabolite,biggM,chebi,envipath,envipathM,hmdb,inchi,inchikey,kegg.compound,keggC,lipidmaps,lipidmapsM,metacyc.compound,metacycM,metanetx.chemical,reactome,reactomeM,sabiork.compound,sabiorkM,seed.compound,seedM,slm,vmhM,vmhmetabolite",True,True,True,True,True,True,False,True,True,True,2,(R)-mevalonate,True,m647[C_cy]
m1019[C_cy],"(R,R)-2,3-butanediol_ActiveX VT_ERROR:",C_cy,,0,False,,False,False,False,False,False,False,False,False,False,True,1,"(R,R)-2,3-butanediol_ActiveX VT_ERROR:",False,
m1020[C_ex],"(R,R)-2,3-butanediol_ActiveX VT_ERROR:",C_ex,,0,False,,False,False,False,False,False,False,False,False,False,True,2,"(R,R)-2,3-butanediol_ActiveX VT_ERROR:",False,
m1021[C_ex],gamma-aminobutyrate_C4H9NO2,C_ex,C4H9NO2,0,False,,False,False,False,False,False,False,False,False,True,True,2,gamma-aminobutyrate,False,
m1022[C_ex],5-aminolevulinate_C5H9NO3,C_ex,C5H9NO3,0,True,"bigg.metabolite,biggM,chebi,hmdb,inchi,inchikey,kegg.compound,kegg.drug,keggC,keggD,lipidmaps,lipidmapsM,metacyc.compound,metacycM,metanetx.chemical,reactome,reactomeM,seed.compound,seedM,vmhM,vmhmetabolite",True,True,True,True,True,True,False,True,True,True,2,5-aminolevulinate,True,m157[C_mi]
m1023[C_ex],5-formyltetrahydrofolic acid_C20H21N7O7,C_ex,C20H21N7O7,0,False,,False,False,False,False,False,False,False,False,True,True,2,5-formyltetrahydrofolic acid,False,
m1024[C_ex],8-amino-7-oxononanoate_C9H17NO3,C_ex,C9H17NO3,0,False,,False,False,False,False,False,False,False,False,True,True,2,8-amino-7-oxononanoate,False,
m1025[C_ex],acetate_C2H4O2,C_ex,C2H4O2,-1,True,"bigg.metabolite,biggM,chebi,envipath,envipathM,hmdb,inchi,inchikey,kegg.compound,kegg.drug,keggC,keggD,lipidmaps,lipidmapsM,metacyc.compound,metacycM,metanetx.chemical,reactome,reactomeM,sabiork.compound,sabiorkM,seed.compound,seedM,slm,vmhM,vmhmetabolite",True,True,True,True,True,True,False,True,True,True,2,acetate,True,m201[C_mi]
m1026[C_ex],adenine_C5H5N5,C_ex,C5H5N5,0,True,"bigg.metabolite,biggM,chebi,envipath,envipathM,hmdb,inchi,inchikey,kegg.compound,kegg.drug,keggC,keggD,metacyc.compound,metacycM,metanetx.chemical,reactome,reactomeM,sabiork.compound,sabiorkM,seed.compound,seedM,vmhM,vmhmetabolite",True,True,True,True,True,True,False,True,True,True,2,adenine,True,m145[C_cy]
m1027[C_ex],adenosine_C10H13N5O4,C_ex,C10H13N5O4,0,True,"bigg.metabolite,biggM,chebi,envipath,envipathM,hmdb,inchi,inchikey,kegg.compound,kegg.drug,keggC,keggD,metacyc.compound,metacycM,metanetx.chemical,reactome,reactomeM,sabiork.compound,sabiorkM,seed.compound,seedM,vmhM,vmhmetabolite",True,True,True,True,True,True,False,True,True,True,1,adenosine,True,m254[C_cy]
m1028[C_pe],ADP_C10H15N5O10P2,C_pe,C10H15N5O10P2,-3,True,"bigg.metabolite,biggM,chebi,envipath,envipathM,hmdb,inchi,inchikey,kegg.compound,kegg.glycan,keggC,keggG,metacyc.compound,metacycM,metanetx.chemical,reactome,reactomeM,sabiork.compound,sabiorkM,seed.compound,seedM,vmhM,vmhmetabolite",True,True,True,True,True,True,False,True,True,True,1,ADP,True,m18[C_vm]
m1029[C_ex],allantoate_C4H8N4O4,C_ex,C4H8N4O4,-1,True,"bigg.metabolite,biggM,chebi,hmdb,inchi,inchikey,kegg.compound,keggC,metacyc.compound,metacycM,metanetx.chemical,sabiork.compound,sabiorkM,seed.compound,seedM,vmhM,vmhmetabolite",True,True,True,True,True,True,False,True,True,True,2,allantoate,True,m284[C_cy]
m1030[C_ex],allantoin_C4H6N4O3,C_ex,C4H6N4O3,0,True,"bigg.metabolite,biggM,chebi,hmdb,inchi,inchikey,kegg.compound,kegg.drug,keggC,keggD,metacyc.compound,metacycM,metanetx.chemical,sabiork.compound,sabiorkM,seed.compound,seedM,vmhM,vmhmetabolite",True,True,True,True,True,True,False,True,True,True,2,allantoin,True,m287[C_cy]
m1031[C_ex],ammonium_H3N,C_ex,H3N,0,False,,False,False,False,False,False,False,False,False,True,True,2,ammonium,False,
m1032[C_ex],biotin_C10H16N2O3S,C_ex,C10H16N2O3S,-1,True,"bigg.metabolite,biggM,chebi,hmdb,inchi,inchikey,kegg.compound,kegg.drug,keggC,keggD,metacyc.compound,metacycM,metanetx.chemical,reactome,reactomeM,sabiork.compound,sabiorkM,seed.compound,seedM,vmhM,vmhmetabolite",True,True,True,True,True,True,False,True,True,True,2,biotin,True,m348[C_cy]
m1033[C_go],ceramide-2'-(C24)_,C_go,,0,False,,False,False,False,False,False,False,False,False,False,True,2,ceramide-2'-(C24)_,False,
m1034[C_go],ceramide-2'-(C26)_,C_go,,0,False,,False,False,False,False,False,False,False,False,False,True,2,ceramide-2'-(C26)_,False,
m1035[C_go],ceramide-3-(C24)_,C_go,,0,False,,False,False,False,False,False,False,False,False,False,True,2,ceramide-3-(C24)_,False,
m1036[C_go],ceramide-3-(C26)_,C_go,,0,False,,False,False,False,False,False,False,False,False,False,True,2,ceramide-3-(C26)_,False,
m1037[C_ex],choline_C5H14NO,C_ex,C5H14NO,1,True,"bigg.metabolite,biggM,chebi,hmdb,inchi,inchikey,kegg.compound,kegg.drug,keggC,keggD,metacyc.compound,metacycM,metanetx.chemical,reactome,reactomeM,sabiork.compound,sabiorkM,seed.compound,seedM,vmhM,vmhmetabolite",True,True,True,True,True,True,False,True,True,True,2,choline,True,m404[C_cy]
m1038[C_mi],CMP_C9H14N3O8P,C_mi,C9H14N3O8P,-2,True,"bigg.metabolite,biggM,chebi,hmdb,inchi,inchikey,kegg.compound,kegg.glycan,keggC,keggG,metacyc.compound,metacycM,metanetx.chemical,reactome,reactomeM,sabiork.compound,sabiorkM,seed.compound,seedM,vmhM,vmhmetabolite",True,True,True,True,True,True,False,True,True,True,3,CMP,True,m95[C_cy]
m1039[C_mi],CTP_C9H16N3O14P3,C_mi,C9H16N3O14P3,-4,True,"bigg.metabolite,biggM,chebi,hmdb,inchi,inchikey,kegg.compound,keggC,metacyc.compound,metacycM,metanetx.chemical,reactome,reactomeM,sabiork.compound,sabiorkM,seed.compound,seedM,vmhM,vmhmetabolite",True,True,True,True,True,True,False,True,True,True,3,CTP,True,m376[C_em]
m1040[C_ex],cytidine_C9H13N3O5,C_ex,C9H13N3O5,0,True,"bigg.metabolite,biggM,chebi,hmdb,inchi,inchikey,kegg.compound,kegg.drug,keggC,keggD,metacyc.compound,metacycM,metanetx.chemical,reactome,reactomeM,sabiork.compound,sabiorkM,seed.compound,seedM,vmhM,vmhmetabolite",True,True,True,True,True,True,False,True,True,True,2,cytidine,True,m147[C_cy]
m1041[C_ex],cytosine_C4H5N3O,C_ex,C4H5N3O,0,True,"bigg.metabolite,biggM,chebi,envipath,envipathM,hmdb,inchi,inchikey,kegg.compound,keggC,metacyc.compound,metacycM,metanetx.chemical,reactome,reactomeM,sabiork.compound,sabiorkM,seed.compound,seedM,vmhM,vmhmetabolite",True,True,True,True,True,True,False,True,True,True,2,cytosine,True,m450[C_cy]
m1042[C_ex],D-galactose_C6H12O6,C_ex,C6H12O6,0,True,"chebi,inchi,inchikey,kegg.compound,keggC,metacyc.compound,metacycM,metanetx.chemical,sabiork.compound,sabiorkM,seed.compound,seedM",False,True,True,True,False,True,False,True,True,True,1,D-galactose,True,m544[C_cy]
m1043[C_ex],(R)-lactate_C3H6O3,C_ex,C3H6O3,-1,True,"bigg.metabolite,biggM,chebi,hmdb,inchi,inchikey,kegg.compound,keggC,metacyc.compound,metacycM,metanetx.chemical,reactome,reactomeM,sabiork.compound,sabiorkM,seed.compound,seedM,vmhM,vmhmetabolite",True,True,True,True,True,True,False,True,True,True,2,(R)-lactate,True,m1[C_cy]
m1044[C_ex],D-mannose_C6H12O6,C_ex,C6H12O6,0,True,"bigg.metabolite,biggM,chebi,envipath,envipathM,inchi,inchikey,kegg.compound,keggC,metacyc.compound,metacycM,metanetx.chemical,reactome,reactomeM,sabiork.compound,sabiorkM,seed.compound,seedM,vmhM,vmhmetabolite",True,True,True,True,False,True,False,True,True,True,2,D-mannose,True,m612[C_cy]
m1045[C_ex],episterol_C28H46O,C_ex,C28H46O,0,True,"bigg.metabolite,biggM,chebi,hmdb,inchi,inchikey,kegg.compound,keggC,lipidmaps,lipidmapsM,metacyc.compound,metacycM,metanetx.chemical,seed.compound,seedM,slm",True,True,True,True,True,True,False,True,True,True,2,episterol,True,m232[C_em]
m1046[C_ex],ergosterol_C28H44O,C_ex,C28H44O,0,True,"bigg.metabolite,biggM,chebi,hmdb,inchi,inchikey,kegg.compound,keggC,lipidmaps,lipidmapsM,metacyc.compound,metacycM,metanetx.chemical,sabiork.compound,sabiorkM,seed.compound,seedM,slm,vmhM,vmhmetabolite",True,True,True,True,True,True,False,True,True,True,2,ergosterol,True,m235[C_em]
m1047[C_ex],ethanolamine_C2H7NO,C_ex,C2H7NO,1,True,"bigg.metabolite,biggM,chebi,envipath,envipathM,hmdb,inchi,inchikey,kegg.compound,kegg.drug,keggC,keggD,metacyc.compound,metacycM,metanetx.chemical,reactome,reactomeM,sabiork.compound,sabiorkM,seed.compound,seedM,vmhM,vmhmetabolite",True,True,True,True,True,True,False,True,True,True,2,ethanolamine,True,m508[C_cy]
m1048[C_cy],FADH2_C27H35N9O15P2,C_cy,C27H35N9O15P2,-2,True,"bigg.metabolite,biggM,chebi,hmdb,inchi,inchikey,kegg.compound,keggC,metacyc.compound,metacycM,metanetx.chemical,reactome,reactomeM,sabiork.compound,sabiorkM,seed.compound,seedM,vmhM,vmhmetabolite",True,True,True,True,True,True,False,True,True,True,3,FADH2,True,m566[C_mi]
m1049[C_ex],fecosterol_C28H46O,C_ex,C28H46O,0,True,"bigg.metabolite,biggM,chebi,hmdb,inchi,inchikey,kegg.compound,keggC,lipidmaps,lipidmapsM,metacyc.compound,metacycM,metanetx.chemical,sabiork.compound,sabiorkM,seed.compound,seedM,slm,vmhM,vmhmetabolite",True,True,True,True,True,True,False,True,True,True,2,fecosterol,True,m237[C_em]
m1050[C_ex],folate_ActiveX VT_ERROR:,C_ex,,0,False,,False,False,False,False,False,False,False,False,False,True,2,folate_ActiveX VT_ERROR:,False,
m1051[C_cy],folate_ActiveX VT_ERROR:,C_cy,,0,False,,False,False,False,False,False,False,False,False,False,True,1,folate_ActiveX VT_ERROR:,False,
m1052[C_ex],glutathione_C10H17N3O6S,C_ex,C10H17N3O6S,-1,True,"bigg.metabolite,biggM,chebi,hmdb,inchi,inchikey,kegg.compound,kegg.drug,keggC,keggD,metacyc.compound,metacycM,metanetx.chemical,reactome,reactomeM,sabiork.compound,sabiorkM,seed.compound,seedM,vmhM,vmhmetabolite",True,True,True,True,True,True,False,True,True,True,2,glutathione,True,m530[C_cy]
m1053[C_ex],1-(sn-glycero-3-phospho)-1D-myo-inositol_C9H18O11P,C_ex,C9H18O11P,0,False,,False,False,False,False,False,False,False,False,True,True,2,1-(sn-glycero-3-phospho)-1D-myo-inositol,False,
m1054[C_cy],1-(sn-glycero-3-phospho)-1D-myo-inositol_C9H18O11P,C_cy,C9H18O11P,0,False,,False,False,False,False,False,False,False,False,True,True,2,1-(sn-glycero-3-phospho)-1D-myo-inositol,False,
m1055[C_ex],sn-glycero-3-phosphocholine_C8H21NO6P,C_ex,C8H21NO6P,0,False,,False,False,False,False,False,False,False,False,True,True,3,sn-glycero-3-phosphocholine,False,
m1056[C_ex],glycerol_C3H8O3,C_ex,C3H8O3,0,True,"bigg.metabolite,biggM,chebi,envipath,envipathM,hmdb,inchi,inchikey,kegg.compound,kegg.drug,keggC,keggD,metacyc.compound,metacycM,metanetx.chemical,reactome,reactomeM,sabiork.compound,sabiorkM,seed.compound,seedM,vmhM,vmhmetabolite",True,True,True,True,True,True,False,True,True,True,5,glycerol,True,m277[C_cy]
m1057[C_ex],L-glycine_C2H5NO2,C_ex,C2H5NO2,0,True,"metanetx.chemical,seed.compound,seedM",False,False,True,False,False,False,False,True,True,True,2,L-glycine,True,m155[C_mi]
m1058[C_va],glycogen_,C_va,,0,False,,False,False,False,False,False,False,False,False,False,True,1,glycogen_,False,
m1059[C_ex],guanine_C5H5N5O,C_ex,C5H5N5O,0,True,"bigg.metabolite,biggM,chebi,envipath,envipathM,hmdb,inchi,inchikey,kegg.compound,keggC,metacyc.compound,metacycM,metanetx.chemical,reactome,reactomeM,sabiork.compound,sabiorkM,seed.compound,seedM,vmhM,vmhmetabolite",True,True,True,True,True,True,False,True,True,True,2,guanine,True,m595[C_cy]
m1060[C_ex],myo-inositol_C6H12O6,C_ex,C6H12O6,0,True,"bigg.metabolite,biggM,chebi,hmdb,inchi,inchikey,kegg.compound,kegg.drug,keggC,keggD,metacyc.compound,metacycM,metanetx.chemical,reactome,reactomeM,seed.compound,seedM,vmhM,vmhmetabolite",True,True,True,True,True,True,False,True,True,True,2,myo-inositol,True,m814[C_cy]
m1061[C_cy],isoamyl acetate_ActiveX VT_ERROR:,C_cy,,0,False,,False,False,False,False,False,False,False,False,False,True,1,isoamyl acetate_ActiveX VT_ERROR:,False,
m1062[C_ex],isoamyl acetate_ActiveX VT_ERROR:,C_ex,,0,False,,False,False,False,False,False,False,False,False,False,True,2,isoamyl acetate_ActiveX VT_ERROR:,False,
m1063[C_ex],L-alanine_C3H7NO2,C_ex,C3H7NO2,0,True,"bigg.metabolite,biggM,chebi,envipath,envipathM,hmdb,inchi,inchikey,kegg.compound,kegg.drug,keggC,keggD,metacyc.compound,metacycM,metanetx.chemical,reactome,reactomeM,sabiork.compound,sabiorkM,seed.compound,seedM,vmhM,vmhmetabolite",True,True,True,True,True,True,False,True,True,True,2,L-alanine,True,m114[C_cy]
m1064[C_ex],L-arginine_C6H14N4O2,C_ex,C6H14N4O2,1,True,"bigg.metabolite,biggM,chebi,envipath,envipathM,hmdb,inchi,inchikey,kegg.compound,kegg.drug,keggC,keggD,metacyc.compound,metacycM,metanetx.chemical,reactome,reactomeM,sabiork.compound,sabiorkM,seed.compound,seedM,vmhM,vmhmetabolite",True,True,True,True,True,True,False,True,True,True,2,L-arginine,True,m310[C_cy]
m1065[C_ex],L-asparagine_C4H8N2O3,C_ex,C4H8N2O3,0,True,"bigg.metabolite,biggM,chebi,hmdb,inchi,inchikey,kegg.compound,keggC,metacyc.compound,metacycM,metanetx.chemical,reactome,reactomeM,sabiork.compound,sabiorkM,seed.compound,seedM,vmhM,vmhmetabolite",True,True,True,True,True,True,False,True,True,True,2,L-asparagine,True,m319[C_cy]
m1066[C_va],L-asparagine_C4H8N2O3,C_va,C4H8N2O3,0,True,"bigg.metabolite,biggM,chebi,hmdb,inchi,inchikey,kegg.compound,keggC,metacyc.compound,metacycM,metanetx.chemical,reactome,reactomeM,sabiork.compound,sabiorkM,seed.compound,seedM,vmhM,vmhmetabolite",True,True,True,True,True,True,False,True,True,True,2,L-asparagine,True,m319[C_cy]
m1067[C_va],L-aspartate_C4H7NO4,C_va,C4H7NO4,-1,True,"bigg.metabolite,biggM,chebi,envipath,envipathM,hmdb,inchi,inchikey,kegg.compound,kegg.drug,keggC,keggD,metacyc.compound,metacycM,metanetx.chemical,reactome,reactomeM,sabiork.compound,sabiorkM,seed.compound,seedM,vmhM,vmhmetabolite",True,True,True,True,True,True,False,True,True,True,2,L-aspartate,True,m267[C_cy]
m1068[C_ex],L-aspartate_C4H7NO4,C_ex,C4H7NO4,-1,True,"bigg.metabolite,biggM,chebi,envipath,envipathM,hmdb,inchi,inchikey,kegg.compound,kegg.drug,keggC,keggD,metacyc.compound,metacycM,metanetx.chemical,reactome,reactomeM,sabiork.compound,sabiorkM,seed.compound,seedM,vmhM,vmhmetabolite",True,True,True,True,True,True,False,True,True,True,2,L-aspartate,True,m267[C_cy]
m1069[C_ex],(R)-carnitine_C7H15NO3,C_ex,C7H15NO3,0,True,"bigg.metabolite,biggM,chebi,hmdb,inchi,inchikey,kegg.compound,kegg.drug,keggC,keggD,metacyc.compound,metacycM,metanetx.chemical,sabiork.compound,sabiorkM,seed.compound,seedM",True,True,True,True,True,True,False,True,True,True,2,(R)-carnitine,True,m369[C_cy]
m1070[C_ex],L-cysteine_C3H7NO2S,C_ex,C3H7NO2S,0,True,"bigg.metabolite,biggM,chebi,envipath,envipathM,hmdb,inchi,inchikey,kegg.compound,kegg.drug,keggC,keggD,metacyc.compound,metacycM,metanetx.chemical,reactome,reactomeM,sabiork.compound,sabiorkM,seed.compound,seedM,vmhM,vmhmetabolite",True,True,True,True,True,True,False,True,True,True,2,L-cysteine,True,m443[C_cy]
m1071[C_va],L-glutamate_C5H9NO4,C_va,C5H9NO4,-1,True,"bigg.metabolite,biggM,chebi,envipath,envipathM,hmdb,inchi,inchikey,kegg.compound,kegg.drug,keggC,keggD,metacyc.compound,metacycM,metanetx.chemical,reactome,reactomeM,sabiork.compound,sabiorkM,seed.compound,seedM,vmhM,vmhmetabolite",True,True,True,True,True,True,False,True,True,True,2,L-glutamate,True,m29[C_mi]
m1072[C_ex],L-glutamate_C5H9NO4,C_ex,C5H9NO4,-1,True,"bigg.metabolite,biggM,chebi,envipath,envipathM,hmdb,inchi,inchikey,kegg.compound,kegg.drug,keggC,keggD,metacyc.compound,metacycM,metanetx.chemical,reactome,reactomeM,sabiork.compound,sabiorkM,seed.compound,seedM,vmhM,vmhmetabolite",True,True,True,True,True,True,False,True,True,True,2,L-glutamate,True,m29[C_mi]
m1073[C_va],L-glutamine_C5H10N2O3,C_va,C5H10N2O3,0,True,"bigg.metabolite,biggM,chebi,envipath,envipathM,hmdb,inchi,inchikey,kegg.compound,kegg.drug,keggC,keggD,metacyc.compound,metacycM,metanetx.chemical,reactome,reactomeM,sabiork.compound,sabiorkM,seed.compound,seedM,vmhM,vmhmetabolite",True,True,True,True,True,True,False,True,True,True,2,L-glutamine,True,m130[C_cy]
m1074[C_ex],L-glutamine_C5H10N2O3,C_ex,C5H10N2O3,0,True,"bigg.metabolite,biggM,chebi,envipath,envipathM,hmdb,inchi,inchikey,kegg.compound,kegg.drug,keggC,keggD,metacyc.compound,metacycM,metanetx.chemical,reactome,reactomeM,sabiork.compound,sabiorkM,seed.compound,seedM,vmhM,vmhmetabolite",True,True,True,True,True,True,False,True,True,True,2,L-glutamine,True,m130[C_cy]
m1075[C_ex],L-histidine_C6H9N3O2,C_ex,C6H9N3O2,0,True,"bigg.metabolite,biggM,chebi,hmdb,inchi,inchikey,kegg.compound,kegg.drug,keggC,keggD,metacyc.compound,metacycM,metanetx.chemical,reactome,reactomeM,sabiork.compound,sabiorkM,seed.compound,seedM,vmhM,vmhmetabolite",True,True,True,True,True,True,False,True,True,True,2,L-histidine,True,m615[C_cy]
m1076[C_va],L-isoleucine_C6H13NO2,C_va,C6H13NO2,0,True,"bigg.metabolite,biggM,chebi,hmdb,inchi,inchikey,kegg.compound,kegg.drug,keggC,keggD,lipidmaps,lipidmapsM,metacyc.compound,metacycM,metanetx.chemical,reactome,reactomeM,sabiork.compound,sabiorkM,seed.compound,seedM,vmhM,vmhmetabolite",True,True,True,True,True,True,False,True,True,True,2,L-isoleucine,True,m743[C_cy]
m1077[C_ex],L-isoleucine_C6H13NO2,C_ex,C6H13NO2,0,True,"bigg.metabolite,biggM,chebi,hmdb,inchi,inchikey,kegg.compound,kegg.drug,keggC,keggD,lipidmaps,lipidmapsM,metacyc.compound,metacycM,metanetx.chemical,reactome,reactomeM,sabiork.compound,sabiorkM,seed.compound,seedM,vmhM,vmhmetabolite",True,True,True,True,True,True,False,True,True,True,2,L-isoleucine,True,m743[C_cy]
m1078[C_mi],(S)-lactate_C3H6O3,C_mi,C3H6O3,-1,True,"bigg.metabolite,biggM,chebi,envipath,envipathM,hmdb,inchi,inchikey,kegg.compound,keggC,metacyc.compound,metacycM,metanetx.chemical,reactome,reactomeM,sabiork.compound,sabiorkM,seed.compound,seedM,vmhM,vmhmetabolite",True,True,True,True,True,True,False,True,True,True,2,(S)-lactate,True,m7[C_cy]
m1079[C_ex],(S)-lactate_C3H6O3,C_ex,C3H6O3,-1,True,"bigg.metabolite,biggM,chebi,envipath,envipathM,hmdb,inchi,inchikey,kegg.compound,keggC,metacyc.compound,metacycM,metanetx.chemical,reactome,reactomeM,sabiork.compound,sabiorkM,seed.compound,seedM,vmhM,vmhmetabolite",True,True,True,True,True,True,False,True,True,True,2,(S)-lactate,True,m7[C_cy]
m1080[C_va],L-leucine_C6H13NO2,C_va,C6H13NO2,0,True,"bigg.metabolite,biggM,chebi,envipath,envipathM,hmdb,inchi,inchikey,kegg.compound,kegg.drug,keggC,keggD,lipidmaps,lipidmapsM,metacyc.compound,metacycM,metanetx.chemical,reactome,reactomeM,sabiork.compound,sabiorkM,seed.compound,seedM,vmhM,vmhmetabolite",True,True,True,True,True,True,False,True,True,True,2,L-leucine,True,m775[C_cy]
m1081[C_ex],L-leucine_C6H13NO2,C_ex,C6H13NO2,0,True,"bigg.metabolite,biggM,chebi,envipath,envipathM,hmdb,inchi,inchikey,kegg.compound,kegg.drug,keggC,keggD,lipidmaps,lipidmapsM,metacyc.compound,metacycM,metanetx.chemical,reactome,reactomeM,sabiork.compound,sabiorkM,seed.compound,seedM,vmhM,vmhmetabolite",True,True,True,True,True,True,False,True,True,True,2,L-leucine,True,m775[C_cy]
m1082[C_ex],L-lysine_C6H14N2O2,C_ex,C6H14N2O2,1,True,"bigg.metabolite,biggM,chebi,hmdb,inchi,inchikey,kegg.compound,kegg.drug,keggC,keggD,metacyc.compound,metacycM,metanetx.chemical,reactome,reactomeM,sabiork.compound,sabiorkM,seed.compound,seedM,vmhM,vmhmetabolite",True,True,True,True,True,True,False,True,True,True,2,L-lysine,True,m793[C_cy]
m1083[C_ex],L-methionine_C5H11NO2S,C_ex,C5H11NO2S,0,True,"bigg.metabolite,biggM,chebi,envipath,envipathM,hmdb,inchi,inchikey,kegg.compound,kegg.drug,keggC,keggD,metacyc.compound,metacycM,metanetx.chemical,reactome,reactomeM,sabiork.compound,sabiorkM,seed.compound,seedM,vmhM,vmhmetabolite",True,True,True,True,True,True,False,True,True,True,2,L-methionine,True,m74[C_cy]
m1084[C_ex],L-phenylalanine_C9H11NO2,C_ex,C9H11NO2,0,True,"bigg.metabolite,biggM,chebi,envipath,envipathM,hmdb,inchi,inchikey,kegg.compound,kegg.drug,keggC,keggD,metacyc.compound,metacycM,metanetx.chemical,reactome,reactomeM,sabiork.compound,sabiorkM,seed.compound,seedM,vmhM,vmhmetabolite",True,True,True,True,True,True,False,True,True,True,2,L-phenylalanine,True,m859[C_cy]
m1085[C_ex],L-proline_C5H9NO2,C_ex,C5H9NO2,0,True,"bigg.metabolite,biggM,chebi,envipath,envipathM,hmdb,inchi,inchikey,kegg.compound,kegg.drug,keggC,keggD,metacyc.compound,metacycM,metanetx.chemical,reactome,reactomeM,sabiork.compound,sabiorkM,seed.compound,seedM,vmhM,vmhmetabolite",True,True,True,True,True,True,False,True,True,True,2,L-proline,True,m765[C_cy]
m1086[C_ex],L-serine_C3H7NO3,C_ex,C3H7NO3,0,True,"bigg.metabolite,biggM,chebi,envipath,envipathM,hmdb,inchi,inchikey,kegg.compound,kegg.drug,keggC,keggD,metacyc.compound,metacycM,metanetx.chemical,reactome,reactomeM,sabiork.compound,sabiorkM,seed.compound,seedM,vmhM,vmhmetabolite",True,True,True,True,True,True,False,True,True,True,2,L-serine,True,m441[C_cy]
m1087[C_ex],L-threonine_C4H9NO3,C_ex,C4H9NO3,0,True,"bigg.metabolite,biggM,chebi,envipath,envipathM,hmdb,inchi,inchikey,kegg.compound,kegg.drug,keggC,keggD,metacyc.compound,metacycM,metanetx.chemical,reactome,reactomeM,sabiork.compound,sabiorkM,seed.compound,seedM,vmhM,vmhmetabolite",True,True,True,True,True,True,False,True,True,True,2,L-threonine,True,m770[C_cy]
m1088[C_ex],L-tryptophan_C11H12N2O2,C_ex,C11H12N2O2,0,True,"bigg.metabolite,biggM,chebi,envipath,envipathM,hmdb,inchi,inchikey,kegg.compound,kegg.drug,keggC,keggD,metacyc.compound,metacycM,metanetx.chemical,reactome,reactomeM,sabiork.compound,sabiorkM,seed.compound,seedM,vmhM,vmhmetabolite",True,True,True,True,True,True,False,True,True,True,2,L-tryptophan,True,m772[C_cy]
m1089[C_va],L-tyrosine_C9H11NO3,C_va,C9H11NO3,0,True,"bigg.metabolite,biggM,chebi,envipath,envipathM,hmdb,inchi,inchikey,kegg.compound,kegg.drug,keggC,keggD,metacyc.compound,metacycM,metanetx.chemical,reactome,reactomeM,sabiork.compound,sabiorkM,seed.compound,seedM,vmhM,vmhmetabolite",True,True,True,True,True,True,False,True,True,True,2,L-tyrosine,True,m992[C_cy]
m1090[C_ex],L-tyrosine_C9H11NO3,C_ex,C9H11NO3,0,True,"bigg.metabolite,biggM,chebi,envipath,envipathM,hmdb,inchi,inchikey,kegg.compound,kegg.drug,keggC,keggD,metacyc.compound,metacycM,metanetx.chemical,reactome,reactomeM,sabiork.compound,sabiorkM,seed.compound,seedM,vmhM,vmhmetabolite",True,True,True,True,True,True,False,True,True,True,2,L-tyrosine,True,m992[C_cy]
m1091[C_ex],L-valine_C5H11NO2,C_ex,C5H11NO2,0,True,"bigg.metabolite,biggM,chebi,envipath,envipathM,hmdb,inchi,inchikey,kegg.compound,kegg.drug,keggC,keggD,lipidmaps,lipidmapsM,metacyc.compound,metacycM,metanetx.chemical,reactome,reactomeM,sabiork.compound,sabiorkM,seed.compound,seedM,vmhM,vmhmetabolite",True,True,True,True,True,True,False,True,True,True,2,L-valine,True,m1008[C_cy]
m1092[C_ex],lanosterol_C30H50O,C_ex,C30H50O,0,True,"bigg.metabolite,biggM,chebi,hmdb,inchi,inchikey,kegg.compound,keggC,lipidmaps,lipidmapsM,metacyc.compound,metacycM,metanetx.chemical,reactome,reactomeM,sabiork.compound,sabiorkM,seed.compound,seedM,slm,vmhM,vmhmetabolite",True,True,True,True,True,True,False,True,True,True,2,lanosterol,True,m239[C_em]
m1093[C_mi],dAMP_C10H14N5O6P,C_mi,C10H14N5O6P,-2,True,"bigg.metabolite,biggM,chebi,hmdb,inchi,inchikey,kegg.compound,keggC,metacyc.compound,metacycM,metanetx.chemical,reactome,reactomeM,sabiork.compound,sabiorkM,seed.compound,seedM,vmhM,vmhmetabolite",True,True,True,True,True,True,False,True,True,True,1,dAMP,True,m89[C_cy]
m1094[C_mi],dGMP_C10H14N5O7P,C_mi,C10H14N5O7P,-2,True,"bigg.metabolite,biggM,chebi,hmdb,inchi,inchikey,kegg.compound,keggC,metacyc.compound,metacycM,metanetx.chemical,reactome,reactomeM,sabiork.compound,sabiorkM,seed.compound,seedM,vmhM,vmhmetabolite",True,True,True,True,True,True,False,True,True,True,1,dGMP,True,m465[C_cy]
m1095[C_ex],nicotinate_C6H5NO2,C_ex,C6H5NO2,-1,True,"bigg.metabolite,biggM,chebi,envipath,envipathM,hmdb,inchi,inchikey,kegg.compound,kegg.drug,keggC,keggD,metacyc.compound,metacycM,metanetx.chemical,reactome,reactomeM,sabiork.compound,sabiorkM,seed.compound,seedM,vmhM,vmhmetabolite",True,True,True,True,True,True,False,True,True,True,2,nicotinate,True,m824[C_cy]
m1096[C_cy],stearate_C18H36O2,C_cy,C18H36O2,0,False,,False,False,False,False,False,False,False,False,True,True,7,stearate,False,
m1097[C_ex],ornithine_C5H13N2O2,C_ex,C5H13N2O2,0,True,"chebi,envipath,envipathM,inchi,inchikey,kegg.compound,keggC,lipidmaps,lipidmapsM,metacyc.compound,metacycM,metanetx.chemical,seed.compound,seedM",False,True,True,True,False,True,False,True,True,True,2,ornithine,True,m311[C_cy]
m1098[C_ex],(R)-pantothenate_C9H17NO5,C_ex,C9H17NO5,-1,True,"bigg.metabolite,biggM,chebi,hmdb,inchi,inchikey,kegg.compound,kegg.drug,keggC,keggD,lipidmaps,lipidmapsM,metacyc.compound,metacycM,metanetx.chemical,reactome,reactomeM,sabiork.compound,sabiorkM,seed.compound,seedM,vmhM,vmhmetabolite",True,True,True,True,True,True,False,True,True,True,2,(R)-pantothenate,True,m856[C_cy]
m1099[C_ex],potassium_K.H,C_ex,,0,False,,False,False,False,False,False,False,False,False,False,True,2,potassium_K.H,False,
m1100[C_cy],potassium_K.H,C_cy,,0,False,,False,False,False,False,False,False,False,False,False,True,1,potassium_K.H,False,
m1101[C_ex],putrescine_C4H12N2,C_ex,C4H12N2,2,True,"bigg.metabolite,biggM,chebi,hmdb,inchi,inchikey,kegg.compound,keggC,metacyc.compound,metacycM,metanetx.chemical,reactome,reactomeM,sabiork.compound,sabiorkM,seed.compound,seedM,vmhM,vmhmetabolite",True,True,True,True,True,True,False,True,True,True,2,putrescine,True,m850[C_cy]
m1102[C_va],putrescine_C4H12N2,C_va,C4H12N2,2,True,"bigg.metabolite,biggM,chebi,hmdb,inchi,inchikey,kegg.compound,keggC,metacyc.compound,metacycM,metanetx.chemical,reactome,reactomeM,sabiork.compound,sabiorkM,seed.compound,seedM,vmhM,vmhmetabolite",True,True,True,True,True,True,False,True,True,True,1,putrescine,True,m850[C_cy]
m1103[C_ex],pyruvate_C3H4O3,C_ex,C3H4O3,-1,True,"bigg.metabolite,biggM,chebi,envipath,envipathM,hmdb,inchi,inchikey,kegg.compound,keggC,lipidmaps,lipidmapsM,metacyc.compound,metacycM,metanetx.chemical,reactome,reactomeM,sabiork.compound,sabiorkM,seed.compound,seedM,slm,vmhM,vmhmetabolite",True,True,True,True,True,True,False,True,True,True,2,pyruvate,True,m4[C_cy]
m1104[C_ex],S-adenosyl-L-methionine_C15H22N6O5S,C_ex,C15H22N6O5S,1,True,"bigg.metabolite,biggM,chebi,hmdb,inchi,inchikey,kegg.compound,keggC,metacyc.compound,metacycM,metanetx.chemical,reactome,reactomeM,seed.compound,seedM,vmhM,vmhmetabolite",True,True,True,True,True,True,False,True,True,True,2,S-adenosyl-L-methionine,True,m60[C_mi]
m1105[C_ex],S-methyl-L-methionine_C6H13NO2S,C_ex,C6H13NO2S,1,True,"chebi,hmdb,inchi,inchikey,kegg.compound,keggC,metacyc.compound,metacycM,metanetx.chemical,reactome,reactomeM,sabiork.compound,sabiorkM,seed.compound,seedM,vmhM,vmhmetabolite",False,True,True,True,True,True,False,True,True,True,2,S-methyl-L-methionine,True,m1106[C_cy]
m1106[C_cy],S-methyl-L-methionine_C6H13NO2S,C_cy,C6H13NO2S,1,True,"chebi,hmdb,inchi,inchikey,kegg.compound,keggC,metacyc.compound,metacycM,metanetx.chemical,reactome,reactomeM,sabiork.compound,sabiorkM,seed.compound,seedM,vmhM,vmhmetabolite",False,True,True,True,True,True,False,True,True,True,1,S-methyl-L-methionine,True,m1105[C_ex]
m1107[C_cy],sodium_Na.H,C_cy,,0,False,,False,False,False,False,False,False,False,False,False,True,1,sodium_Na.H,False,
m1108[C_ex],sodium_Na.H,C_ex,,0,False,,False,False,False,False,False,False,False,False,False,True,2,sodium_Na.H,False,
m1109[C_ex],spermidine_C7H19N3,C_ex,C7H19N3,3,True,"bigg.metabolite,biggM,chebi,hmdb,inchi,inchikey,kegg.compound,keggC,metacyc.compound,metacycM,metanetx.chemical,reactome,reactomeM,sabiork.compound,sabiorkM,seed.compound,seedM,vmhM,vmhmetabolite",True,True,True,True,True,True,False,True,True,True,2,spermidine,True,m467[C_cy]
m1110[C_va],spermidine_C7H19N3,C_va,C7H19N3,3,True,"bigg.metabolite,biggM,chebi,hmdb,inchi,inchikey,kegg.compound,keggC,metacyc.compound,metacycM,metanetx.chemical,reactome,reactomeM,sabiork.compound,sabiorkM,seed.compound,seedM,vmhM,vmhmetabolite",True,True,True,True,True,True,False,True,True,True,1,spermidine,True,m467[C_cy]
m1111[C_ex],spermine_C10H26N4,C_ex,C10H26N4,0,True,"bigg.metabolite,biggM,metanetx.chemical",True,False,True,False,False,False,False,False,True,True,2,spermine,True,m902[C_cy]
m1112[C_va],spermine_C10H26N4,C_va,C10H26N4,0,True,"bigg.metabolite,biggM,metanetx.chemical",True,False,True,False,False,False,False,False,True,True,1,spermine,True,m902[C_cy]
m1113[C_ex],sulphate_H2O4S,C_ex,H2O4S,0,False,,False,False,False,False,False,False,False,False,True,True,2,sulphate,False,
m1114[C_ex],sulphite_H2O3S,C_ex,H2O3S,0,False,,False,False,False,False,False,False,False,False,True,True,2,sulphite,False,
m1115[C_ex],taurine_C2H7NO3S,C_ex,C2H7NO3S,0,True,"bigg.metabolite,biggM,chebi,hmdb,inchi,inchikey,kegg.compound,kegg.drug,keggC,keggD,metacyc.compound,metacycM,metanetx.chemical,reactome,reactomeM,sabiork.compound,sabiorkM,seed.compound,seedM,vmhM,vmhmetabolite",True,True,True,True,True,True,False,True,True,True,2,taurine,True,m967[C_cy]
m1116[C_mi],TDP_,C_mi,,0,False,,False,False,False,False,False,False,False,False,False,True,1,TDP_,False,
m1117[C_ex],uracil_C4H4N2O2,C_ex,C4H4N2O2,0,True,"bigg.metabolite,biggM,chebi,hmdb,inchi,inchikey,kegg.compound,kegg.drug,keggC,keggD,metacyc.compound,metacycM,metanetx.chemical,reactome,reactomeM,sabiork.compound,sabiorkM,vmhM,vmhmetabolite",True,True,True,True,True,True,False,False,True,True,2,uracil,True,m451[C_cy]
m1118[C_ex],urea_CH4N2O,C_ex,CH4N2O,0,True,"bigg.metabolite,biggM,chebi,envipath,envipathM,hmdb,inchi,inchikey,kegg.compound,kegg.drug,keggC,keggD,metacyc.compound,metacycM,metanetx.chemical,reactome,reactomeM,sabiork.compound,sabiorkM,seed.compound,seedM,vmhM,vmhmetabolite",True,True,True,True,True,True,False,True,True,True,2,urea,True,m285[C_cy]
m1119[C_ex],uridine_C9H12N2O6,C_ex,C9H12N2O6,0,True,"bigg.metabolite,biggM,chebi,hmdb,inchi,inchikey,kegg.compound,keggC,metacyc.compound,metacycM,metanetx.chemical,reactome,reactomeM,sabiork.compound,sabiorkM,seed.compound,seedM,vmhM,vmhmetabolite",True,True,True,True,True,True,False,True,True,True,2,uridine,True,m150[C_cy]
m1120[C_mi],UMP_C9H13N2O9P,C_mi,C9H13N2O9P,-2,True,"bigg.metabolite,biggM,chebi,hmdb,inchi,inchikey,kegg.compound,keggC,metacyc.compound,metacycM,metanetx.chemical,reactome,reactomeM,sabiork.compound,sabiorkM,seed.compound,seedM,vmhM,vmhmetabolite",True,True,True,True,True,True,False,True,True,True,2,UMP,True,m149[C_cy]
m1121[C_mi],UTP_C9H15N2O15P3,C_mi,C9H15N2O15P3,-4,True,"bigg.metabolite,biggM,chebi,hmdb,inchi,inchikey,kegg.compound,keggC,metacyc.compound,metacycM,metanetx.chemical,reactome,reactomeM,sabiork.compound,sabiorkM,seed.compound,seedM,vmhM,vmhmetabolite",True,True,True,True,True,True,False,True,True,True,2,UTP,True,m439[C_cy]
m1123[C_cy],(1-3)-beta-D-glucan_,C_cy,,0,False,,False,False,False,False,False,False,False,False,False,True,7,(1-3)-beta-D-glucan_,False,
m1130[C_ex],(S)-malate_C4H6O5,C_ex,C4H6O5,-2,True,"bigg.metabolite,biggM,chebi,envipath,envipathM,hmdb,inchi,inchikey,kegg.compound,kegg.drug,keggC,keggD,metacyc.compound,metacycM,metanetx.chemical,reactome,reactomeM,sabiork.compound,sabiorkM,seed.compound,seedM,slm,vmhM,vmhmetabolite",True,True,True,True,True,True,False,True,True,True,3,(S)-malate,True,m538[C_mi]
m1133[C_ex],1-acylglycerophosphocholine_C9H20NO7PR,C_ex,C9H20NO7PR,0,False,,False,False,False,False,False,False,False,False,True,True,2,1-acylglycerophosphocholine_C9H20NO7PR,False,
m1135[C_ex],2'-deoxyadenosine_C10H13N5O3,C_ex,C10H13N5O3,0,True,"bigg.metabolite,biggM,chebi,hmdb,inchi,inchikey,kegg.compound,keggC,metacyc.compound,metacycM,metanetx.chemical,reactome,reactomeM,sabiork.compound,sabiorkM,seed.compound,seedM,vmhM,vmhmetabolite",True,True,True,True,True,True,False,True,True,True,2,2'-deoxyadenosine,True,m912[C_cy]
m1137[C_ex],2'-deoxyguanosine_C10H13N5O4,C_ex,C10H13N5O4,0,True,"bigg.metabolite,biggM,chebi,hmdb,inchi,inchikey,kegg.compound,keggC,metacyc.compound,metacycM,metanetx.chemical,reactome,reactomeM,sabiork.compound,sabiorkM,seed.compound,seedM,vmhM,vmhmetabolite",True,True,True,True,True,True,False,True,True,True,2,2'-deoxyguanosine,True,m913[C_cy]
m1139[C_ex],2'-deoxyinosine_C10H12N4O4,C_ex,C10H12N4O4,0,True,"bigg.metabolite,biggM,chebi,hmdb,inchi,inchikey,kegg.compound,keggC,metacyc.compound,metacycM,metanetx.chemical,reactome,reactomeM,sabiork.compound,sabiorkM,seed.compound,seedM,vmhM,vmhmetabolite",True,True,True,True,True,True,False,True,True,True,2,2'-deoxyinosine,True,m914[C_cy]
m1141[C_ex],2'-deoxyuridine_,C_ex,,0,False,,False,False,False,False,False,False,False,False,False,True,2,2'-deoxyuridine_,False,
m1143[C_ex],2-isopropylmalate_C7H12O5,C_ex,C7H12O5,0,True,"chebi,metanetx.chemical",False,False,True,True,False,False,False,False,True,True,2,2-isopropylmalate,True,m66[C_cy]
m1145[C_ex],2-oxoglutarate_C5H6O5,C_ex,C5H6O5,-2,True,"bigg.metabolite,biggM,chebi,envipath,envipathM,hmdb,inchi,inchikey,kegg.compound,keggC,metacyc.compound,metacycM,metanetx.chemical,reactome,reactomeM,sabiork.compound,sabiorkM,seed.compound,seedM,slm,vmhM,vmhmetabolite",True,True,True,True,True,True,False,True,True,True,3,2-oxoglutarate,True,m51[C_cy]
m1147[C_cy],glycolaldehyde_C2H4O2,C_cy,C2H4O2,0,True,"bigg.metabolite,biggM,chebi,envipath,envipathM,hmdb,inchi,inchikey,kegg.compound,keggC,metacyc.compound,metacycM,metanetx.chemical,sabiork.compound,sabiorkM,seed.compound,seedM,vmhM,vmhmetabolite",True,True,True,True,True,True,False,True,True,True,3,glycolaldehyde,True,m483[C_mi]
m1148[C_ex],4-aminobenzoate_C7H7NO2,C_ex,C7H7NO2,-1,True,"bigg.metabolite,biggM,chebi,envipath,envipathM,hmdb,inchi,inchikey,kegg.compound,kegg.drug,keggC,keggD,metacyc.compound,metacycM,metanetx.chemical,reactome,reactomeM,sabiork.compound,sabiorkM,seed.compound,seedM,vmhM,vmhmetabolite",True,True,True,True,True,True,False,True,True,True,2,4-aminobenzoate,True,m132[C_cy]
m1152[C_ex],"7,8-diaminononanoate_C9H20N2O2",C_ex,C9H20N2O2,0,False,,False,False,False,False,False,False,False,False,True,True,2,"7,8-diaminononanoate",False,
m1155[C_ex],9H-xanthine_C5H4N4O2,C_ex,C5H4N4O2,0,False,,False,False,False,False,False,False,False,False,True,True,2,9H-xanthine,False,
m1157[C_ex],acetaldehyde_C2H4O,C_ex,C2H4O,0,True,"bigg.metabolite,biggM,chebi,envipath,envipathM,hmdb,inchi,inchikey,kegg.compound,keggC,metacyc.compound,metacycM,metanetx.chemical,reactome,reactomeM,sabiork.compound,sabiorkM,seed.compound,seedM,slm,vmhM,vmhmetabolite",True,True,True,True,True,True,False,True,True,True,2,acetaldehyde,True,m173[C_cy]
m1161[C_ex],"adenosine 3',5'-bismonophosphate_C10H11N5O10P2",C_ex,C10H11N5O10P2,0,False,,False,False,False,False,False,False,False,False,True,True,2,"adenosine 3',5'-bismonophosphate",False,
m1163[C_mi],"adenosine 3',5'-bismonophosphate_C10H11N5O10P2",C_mi,C10H11N5O10P2,0,False,,False,False,False,False,False,False,False,False,True,True,1,"adenosine 3',5'-bismonophosphate",False,
m1167[C_ex],trehalose_C12H22O11,C_ex,C12H22O11,0,True,"kegg.glycan,keggG,metanetx.chemical",False,False,True,False,False,False,False,False,True,True,1,trehalose,True,m294[C_cy]
m1169[C_ex],alpha-D-glucosamine 6-phosphate_C6H14NO8P,C_ex,C6H14NO8P,-1,True,"bigg.metabolite,biggM,chebi,hmdb,inchi,inchikey,kegg.compound,keggC,metacyc.compound,metacycM,metanetx.chemical,reactome,reactomeM,sabiork.compound,sabiorkM,seed.compound,seedM,vmhM,vmhmetabolite",True,True,True,True,True,True,False,True,True,True,2,alpha-D-glucosamine 6-phosphate,True,m550[C_cy]
m1172[C_ex],bicarbonate_CHO3,C_ex,CHO3,0,False,,False,False,False,False,False,False,False,False,True,True,2,bicarbonate,False,
m1174[C_nu],carbon dioxide_CO2,C_nu,CO2,0,False,,False,False,False,False,False,False,False,False,True,True,2,carbon dioxide,False,
m1175[C_nu],bicarbonate_CHO3,C_nu,CHO3,0,False,,False,False,False,False,False,False,False,False,True,True,2,bicarbonate,False,
m1176[C_ex],carbon dioxide_CO2,C_ex,CO2,0,False,,False,False,False,False,False,False,False,False,True,True,3,carbon dioxide,False,
m1179[C_go],ceramide-1-(C24)_,C_go,,0,False,,False,False,False,False,False,False,False,False,False,True,2,ceramide-1-(C24)_,False,
m1180[C_go],ceramide-2-(C24)_,C_go,,0,False,,False,False,False,False,False,False,False,False,False,True,2,ceramide-2-(C24)_,False,
m1181[C_go],ceramide-4-(C24)_,C_go,,0,False,,False,False,False,False,False,False,False,False,False,True,2,ceramide-4-(C24)_,False,
m1182[C_go],ceramide-1-(C26)_,C_go,,0,False,,False,False,False,False,False,False,False,False,False,True,2,ceramide-1-(C26)_,False,
m1183[C_go],ceramide-2-(C26)_,C_go,,0,False,,False,False,False,False,False,False,False,False,False,True,2,ceramide-2-(C26)_,False,
m1184[C_go],ceramide-4-(C26)_,C_go,,0,False,,False,False,False,False,False,False,False,False,False,True,2,ceramide-4-(C26)_,False,
m1186[C_en],choline_C5H14NO,C_en,C5H14NO,1,True,"bigg.metabolite,biggM,chebi,hmdb,inchi,inchikey,kegg.compound,kegg.drug,keggC,keggD,metacyc.compound,metacycM,metanetx.chemical,reactome,reactomeM,sabiork.compound,sabiorkM,seed.compound,seedM,vmhM,vmhmetabolite",True,True,True,True,True,True,False,True,True,True,3,choline,True,m404[C_cy]
m1187[C_ex],citrate_C6H8O7,C_ex,C6H8O7,-3,True,"bigg.metabolite,biggM,chebi,envipath,envipathM,hmdb,inchi,inchikey,kegg.compound,kegg.drug,keggC,keggD,metacyc.compound,metacycM,metanetx.chemical,reactome,reactomeM,sabiork.compound,sabiorkM,seed.compound,seedM,slm,vmhM,vmhmetabolite",True,True,True,True,True,True,False,True,True,True,2,citrate,True,m433[C_mi]
m1189[C_go],complex sphingolipid_,C_go,,0,False,,False,False,False,False,False,False,False,False,False,True,1,complex sphingolipid_,False,
m1190[C_cy],complex sphingolipid_,C_cy,,0,False,,False,False,False,False,False,False,False,False,False,True,2,complex sphingolipid_,False,
m1193[C_ex],D-arabinose_C5H10O5,C_ex,C5H10O5,0,True,"chebi,metanetx.chemical",False,False,True,True,False,False,False,False,True,True,2,D-arabinose,True,m454[C_cy]
m1197[C_ex],D-galacturonate_ActiveX VT_ERROR:,C_ex,,0,False,,False,False,False,False,False,False,False,False,False,True,1,D-galacturonate_ActiveX VT_ERROR:,False,
m1199[C_ex],D-glucitol_C6H14O6,C_ex,C6H14O6,0,False,,False,False,False,False,False,False,False,False,True,True,2,D-glucitol,False,
m1203[C_ex],D-ribose_C5H10O5,C_ex,C5H10O5,0,True,"bigg.metabolite,biggM,chebi,hmdb,inchi,inchikey,kegg.compound,keggC,metacyc.compound,metacycM,metanetx.chemical,reactome,reactomeM,sabiork.compound,sabiorkM,seed.compound,seedM,vmhM,vmhmetabolite",True,True,True,True,True,True,False,True,True,True,2,D-ribose,True,m594[C_cy]
m1205[C_ex],D-xylose_C5H10O5,C_ex,C5H10O5,0,True,"bigg.metabolite,biggM,chebi,hmdb,inchi,inchikey,kegg.compound,kegg.drug,keggC,keggD,metacyc.compound,metacycM,metanetx.chemical,seed.compound,seedM,vmhM,vmhmetabolite",True,True,True,True,True,True,False,True,True,True,2,D-xylose,True,m1016[C_cy]
m1207[C_ex],decanoate_C10H20O2,C_ex,C10H20O2,-1,True,"bigg.metabolite,biggM,chebi,hmdb,inchi,inchikey,kegg.compound,keggC,lipidmaps,lipidmapsM,metacyc.compound,metacycM,metanetx.chemical,reactome,reactomeM,sabiork.compound,sabiorkM,seed.compound,seedM,slm,vmhM,vmhmetabolite",True,True,True,True,True,True,False,True,True,True,1,decanoate,True,m516[C_pe]
m1209[C_ex],deoxycytidine_C9H13N3O4,C_ex,C9H13N3O4,0,False,,False,False,False,False,False,False,False,False,True,True,2,deoxycytidine,False,
m1211[C_ex],dTTP_C10H17N2O14P3,C_ex,C10H17N2O14P3,-4,True,"bigg.metabolite,biggM,chebi,hmdb,inchi,inchikey,kegg.compound,keggC,metacyc.compound,metacycM,metanetx.chemical,reactome,reactomeM,sabiork.compound,sabiorkM,seed.compound,seedM,vmhM,vmhmetabolite",True,True,True,True,True,True,False,True,True,True,2,dTTP,True,m842[C_cy]
m1215[C_lp],ergosterol_C28H44O,C_lp,C28H44O,0,True,"bigg.metabolite,biggM,chebi,hmdb,inchi,inchikey,kegg.compound,keggC,lipidmaps,lipidmapsM,metacyc.compound,metacycM,metanetx.chemical,sabiork.compound,sabiorkM,seed.compound,seedM,slm,vmhM,vmhmetabolite",True,True,True,True,True,True,False,True,True,True,3,ergosterol,True,m235[C_em]
m1216[C_en],ergosterol_C28H44O,C_en,C28H44O,0,True,"bigg.metabolite,biggM,chebi,hmdb,inchi,inchikey,kegg.compound,keggC,lipidmaps,lipidmapsM,metacyc.compound,metacycM,metanetx.chemical,sabiork.compound,sabiorkM,seed.compound,seedM,slm,vmhM,vmhmetabolite",True,True,True,True,True,True,False,True,True,True,1,ergosterol,True,m235[C_em]
m1217[C_ex],ethanol_C2H6O,C_ex,C2H6O,0,True,"bigg.metabolite,biggM,chebi,envipath,envipathM,hmdb,inchi,inchikey,kegg.compound,kegg.drug,keggC,keggD,metacyc.compound,metacycM,metanetx.chemical,reactome,reactomeM,sabiork.compound,sabiorkM,seed.compound,seedM,slm,vmhM,vmhmetabolite",True,True,True,True,True,True,False,True,True,True,2,ethanol,True,m275[C_cy]
m1220[C_cy],decanoate_C10H20O2,C_cy,C10H20O2,-1,True,"bigg.metabolite,biggM,chebi,hmdb,inchi,inchikey,kegg.compound,keggC,lipidmaps,lipidmapsM,metacyc.compound,metacycM,metanetx.chemical,reactome,reactomeM,sabiork.compound,sabiorkM,seed.compound,seedM,slm,vmhM,vmhmetabolite",True,True,True,True,True,True,False,True,True,True,4,decanoate,True,m516[C_pe]
m1221[C_cy],laurate_C12H24O2,C_cy,C12H24O2,0,False,,False,False,False,False,False,False,False,False,True,True,6,laurate,False,
m1222[C_cy],myristate_C14H28O2,C_cy,C14H28O2,0,False,,False,False,False,False,False,False,False,False,True,True,4,myristate,False,
m1223[C_cy],palmitate_C16H32O2,C_cy,C16H32O2,0,False,,False,False,False,False,False,False,False,False,True,True,9,palmitate,False,
m1224[C_cy],palmitoleate_C16H30O2,C_cy,C16H30O2,0,False,,False,False,False,False,False,False,False,False,True,True,6,palmitoleate,False,
m1225[C_pe],palmitoleate_C16H30O2,C_pe,C16H30O2,0,False,,False,False,False,False,False,False,False,False,True,True,3,palmitoleate,False,
m1226[C_cy],octanoate_C8H16O2,C_cy,C8H16O2,-1,True,"bigg.metabolite,biggM,chebi,envipath,envipathM,hmdb,inchi,inchikey,kegg.compound,kegg.drug,keggC,keggD,lipidmaps,lipidmapsM,metacyc.compound,metacycM,metanetx.chemical,reactome,reactomeM,sabiork.compound,sabiorkM,seed.compound,seedM,slm,vmhM,vmhmetabolite",True,True,True,True,True,True,False,True,True,True,3,octanoate,True,m521[C_pe]
m1227[C_ex],myristate_C14H28O2,C_ex,C14H28O2,0,False,,False,False,False,False,False,False,False,False,True,True,2,myristate,False,
m1231[C_ex],formate_CH2O2,C_ex,CH2O2,-1,True,"bigg.metabolite,biggM,chebi,envipath,envipathM,hmdb,inchi,inchikey,kegg.compound,keggC,metacyc.compound,metacycM,metanetx.chemical,reactome,reactomeM,sabiork.compound,sabiorkM,seed.compound,seedM,vmhM,vmhmetabolite",True,True,True,True,True,True,False,True,True,True,2,formate,True,m34[C_cy]
m1233[C_ex],fumarate_C4H4O4,C_ex,C4H4O4,-2,True,"bigg.metabolite,biggM,chebi,envipath,envipathM,hmdb,inchi,inchikey,kegg.compound,kegg.drug,keggC,keggD,metacyc.compound,metacycM,metanetx.chemical,reactome,reactomeM,sabiork.compound,sabiorkM,seed.compound,seedM,slm,vmhM,vmhmetabolite",True,True,True,True,True,True,False,True,True,True,2,fumarate,True,m264[C_cy]
m1236[C_va],D-glucose_C6H12O6,C_va,C6H12O6,0,True,"bigg.metabolite,biggM,chebi,hmdb,inchi,inchikey,kegg.compound,kegg.drug,keggC,keggD,metacyc.compound,metacycM,metanetx.chemical,sabiork.compound,sabiorkM,seed.compound,seedM,vmhM,vmhmetabolite",True,True,True,True,True,True,False,True,True,True,1,D-glucose,True,m295[C_cy]
m1237[C_ex],glutathione disulfide_C20H32N6O12S2,C_ex,C20H32N6O12S2,-2,True,"bigg.metabolite,biggM,chebi,hmdb,inchi,inchikey,kegg.compound,kegg.drug,keggC,keggD,metacyc.compound,metacycM,metanetx.chemical,reactome,reactomeM,sabiork.compound,sabiorkM,seed.compound,seedM,vmhM,vmhmetabolite",True,True,True,True,True,True,False,True,True,True,2,glutathione disulfide,True,m559[C_cy]
m1242[C_ex],glycolaldehyde_C2H4O2,C_ex,C2H4O2,0,True,"bigg.metabolite,biggM,chebi,envipath,envipathM,hmdb,inchi,inchikey,kegg.compound,keggC,metacyc.compound,metacycM,metanetx.chemical,sabiork.compound,sabiorkM,seed.compound,seedM,vmhM,vmhmetabolite",True,True,True,True,True,True,False,True,True,True,2,glycolaldehyde,True,m483[C_mi]
m1244[C_ex],glyoxylate_C2H2O3,C_ex,C2H2O3,-1,True,"bigg.metabolite,biggM,chebi,envipath,envipathM,hmdb,inchi,inchikey,kegg.compound,keggC,metacyc.compound,metacycM,metanetx.chemical,reactome,reactomeM,sabiork.compound,sabiorkM,seed.compound,seedM,slm,vmhM,vmhmetabolite",True,True,True,True,True,True,False,True,True,True,2,glyoxylate,True,m271[C_cy]
m1247[C_ex],guanosine_C10H13N5O5,C_ex,C10H13N5O5,0,True,"bigg.metabolite,biggM,chebi,hmdb,inchi,inchikey,kegg.compound,keggC,metacyc.compound,metacycM,metanetx.chemical,reactome,reactomeM,sabiork.compound,sabiorkM,seed.compound,seedM,vmhM,vmhmetabolite",True,True,True,True,True,True,False,True,True,True,2,guanosine,True,m593[C_cy]
m1249[C_lp],H+_p+1,C_lp,,0,False,,False,False,False,False,False,False,False,False,False,True,17,H+_p+1,False,
m1251[C_cy],hexacosanoyl-CoA_C47H86N7O17P3S,C_cy,C47H86N7O17P3S,0,True,"bigg.metabolite,biggM,metanetx.chemical",True,False,True,False,False,False,False,False,True,True,7,hexacosanoyl-CoA,True,m225[C_pe]
m1252[C_ex],hexadecanal_C16H32O,C_ex,C16H32O,0,True,"bigg.metabolite,biggM,chebi,envipath,envipathM,hmdb,inchi,inchikey,kegg.compound,keggC,lipidmaps,lipidmapsM,metacyc.compound,metacycM,metanetx.chemical,reactome,reactomeM,sabiork.compound,sabiorkM,seed.compound,seedM,slm,vmhM,vmhmetabolite",True,True,True,True,True,True,False,True,True,True,1,hexadecanal,True,m951[C_er]
m1254[C_ex],palmitate_C16H32O2,C_ex,C16H32O2,0,False,,False,False,False,False,False,False,False,False,True,True,2,palmitate,False,
m1255[C_ex],palmitoleate_C16H30O2,C_ex,C16H30O2,0,False,,False,False,False,False,False,False,False,False,True,True,2,palmitoleate,False,
m1256[C_nu],hydrogen peroxide_H2O2,C_nu,H2O2,0,False,,False,False,False,False,False,False,False,False,True,True,1,hydrogen peroxide,False,
m1257[C_ex],hypoxanthine_C5H4N4O,C_ex,C5H4N4O,0,True,"bigg.metabolite,biggM,chebi,hmdb,inchi,inchikey,kegg.compound,keggC,metacyc.compound,metacycM,metanetx.chemical,reactome,reactomeM,sabiork.compound,sabiorkM,seed.compound,seedM,vmhM,vmhmetabolite",True,True,True,True,True,True,False,True,True,True,2,hypoxanthine,True,m651[C_cy]
m1259[C_cy],indole-3-acetate_C10H9NO2,C_cy,C10H9NO2,0,False,,False,False,False,False,False,False,False,False,True,True,5,indole-3-acetate,False,
m1260[C_mi],indole-3-acetate_C10H9NO2,C_mi,C10H9NO2,0,False,,False,False,False,False,False,False,False,False,True,True,1,indole-3-acetate,False,
m1261[C_ex],inosine_C10H12N4O5,C_ex,C10H12N4O5,0,True,"bigg.metabolite,biggM,chebi,hmdb,inchi,inchikey,kegg.compound,kegg.drug,keggC,keggD,metacyc.compound,metacycM,metanetx.chemical,reactome,reactomeM,sabiork.compound,sabiorkM,seed.compound,seedM,vmhM,vmhmetabolite",True,True,True,True,True,True,False,True,True,True,1,inosine,True,m148[C_cy]
m1263[C_go],inositol-P-ceramide A (C24)_C48H96NO11P,C_go,C48H96NO11P,0,False,,False,False,False,False,False,False,False,False,True,True,1,inositol-P-ceramide A (C24),False,
m1264[C_go],inositol-P-ceramide B (C24)_C48H96NO12P,C_go,C48H96NO12P,0,False,,False,False,False,False,False,False,False,False,True,True,1,inositol-P-ceramide B (C24),False,
m1265[C_go],inositol-P-ceramide B' (C24)_C48H96NO12P,C_go,C48H96NO12P,0,False,,False,False,False,False,False,False,False,False,True,True,2,inositol-P-ceramide B' (C24),False,
m1266[C_go],inositol-P-ceramide C (C24)_C48H96NO13P,C_go,C48H96NO13P,0,False,,False,False,False,False,False,False,False,False,True,True,1,inositol-P-ceramide C (C24),False,
m1267[C_go],inositol-P-ceramide D (C24)_C48H96NO14P,C_go,C48H96NO14P,0,False,,False,False,False,False,False,False,False,False,True,True,1,inositol-P-ceramide D (C24),False,
m1268[C_go],inositol-P-ceramide A (C26)_C50H100NO11P,C_go,C50H100NO11P,0,False,,False,False,False,False,False,False,False,False,True,True,1,inositol-P-ceramide A (C26),False,
m1269[C_go],inositol-P-ceramide B (C26)_C50H100NO12P,C_go,C50H100NO12P,0,False,,False,False,False,False,False,False,False,False,True,True,1,inositol-P-ceramide B (C26),False,
m1270[C_go],inositol-P-ceramide B' (C26)_C50H100NO12P,C_go,C50H100NO12P,0,False,,False,False,False,False,False,False,False,False,True,True,1,inositol-P-ceramide B' (C26),False,
m1271[C_go],inositol-P-ceramide C (C26)_C50H100NO13P,C_go,C50H100NO13P,0,False,,False,False,False,False,False,False,False,False,True,True,1,inositol-P-ceramide C (C26),False,
m1272[C_go],inositol-P-ceramide D (C26)_C50H100NO14P,C_go,C50H100NO14P,0,False,,False,False,False,False,False,False,False,False,True,True,1,inositol-P-ceramide D (C26),False,
m1273[C_ex],iron_Fe,C_ex,Fe,0,True,"bigg.metabolite,biggM,metanetx.chemical",True,False,True,False,False,False,False,False,True,True,2,iron_Fe,True,m523[C_mi]
m1276[C_cy],isoamylol_C5H12O,C_cy,C5H12O,0,False,,False,False,False,False,False,False,False,False,True,True,2,isoamylol,False,
m1277[C_ex],isoamylol_C5H12O,C_ex,C5H12O,0,False,,False,False,False,False,False,False,False,False,True,True,2,isoamylol,False,
m1278[C_mi],isoamylol_C5H12O,C_mi,C5H12O,0,False,,False,False,False,False,False,False,False,False,True,True,1,isoamylol,False,
m1281[C_ex],L-arabinitol_C5H12O5,C_ex,C5H12O5,0,True,"bigg.metabolite,biggM,chebi,hmdb,inchi,inchikey,kegg.compound,keggC,metacyc.compound,metacycM,metanetx.chemical,sabiork.compound,sabiorkM,seed.compound,seedM,vmhM,vmhmetabolite",True,True,True,True,True,True,False,True,True,True,2,L-arabinitol,True,m309[C_cy]
m1283[C_ex],L-arabinose_C5H10O5,C_ex,C5H10O5,0,True,"chebi,inchi,inchikey,kegg.compound,keggC,metacyc.compound,metacycM,metanetx.chemical,seed.compound,seedM,vmhM,vmhmetabolite",False,True,True,True,False,True,False,True,True,True,2,L-arabinose,True,m308[C_cy]
m1289[C_ex],L-glucitol_C6H14O6,C_ex,C6H14O6,0,True,"bigg.metabolite,biggM,chebi,inchi,inchikey,kegg.compound,keggC,metacyc.compound,metacycM,metanetx.chemical,sabiork.compound,sabiorkM,seed.compound,seedM,vmhM,vmhmetabolite",True,True,True,True,False,True,False,True,True,True,2,L-glucitol,True,m768[C_cy]
m1294[C_ex],L-homoserine_C4H9NO3,C_ex,C4H9NO3,0,True,"bigg.metabolite,biggM,chebi,hmdb,inchi,inchikey,kegg.compound,keggC,metacyc.compound,metacycM,metanetx.chemical,sabiork.compound,sabiorkM,seed.compound,seedM,vmhM,vmhmetabolite",True,True,True,True,True,True,False,True,True,True,1,L-homoserine,True,m630[C_cy]
m1303[C_ex],L-sorbose_C6H12O6,C_ex,C6H12O6,0,True,"chebi,metanetx.chemical",False,False,True,True,False,False,False,False,True,True,2,L-sorbose,True,m769[C_cy]
m1310[C_ex],laurate_C12H24O2,C_ex,C12H24O2,0,False,,False,False,False,False,False,False,False,False,True,True,2,laurate,False,
m1312[C_go],inositol phosphomannosylinositol phosphoceramide A (C24)_C60H117NO24P2,C_go,C60H117NO24P2,0,False,,False,False,False,False,False,False,False,False,True,True,2,inositol phosphomannosylinositol phosphoceramide A (C24),False,
m1313[C_go],inositol phosphomannosylinositol phosphoceramide B (C24)_C60H117NO25P2,C_go,C60H117NO25P2,-2,True,"chebi,inchi,inchikey,metacyc.compound,metacycM,metanetx.chemical,seed.compound,seedM,slm",False,False,True,True,False,True,False,True,True,True,2,inositol phosphomannosylinositol phosphoceramide B (C24),True,m678[C_er]
m1314[C_go],inositol phosphomannosylinositol phosphoceramide B' (C24)_C60H117NO25P2,C_go,C60H117NO25P2,-2,True,"chebi,inchi,inchikey,metacyc.compound,metacycM,metanetx.chemical,seed.compound,seedM,slm",False,False,True,True,False,True,False,True,True,True,3,inositol phosphomannosylinositol phosphoceramide B' (C24),True,m676[C_er]
m1315[C_go],inositol phosphomannosylinositol phosphoceramide C (C24)_C60H117NO26P2,C_go,C60H117NO26P2,-2,True,"inchi,inchikey,metacyc.compound,metacycM,metanetx.chemical,seed.compound,seedM,slm",False,False,True,False,False,True,False,True,True,True,2,inositol phosphomannosylinositol phosphoceramide C (C24),True,m680[C_er]
m1316[C_go],inositol phosphomannosylinositol phosphoceramide D (C24)_C60H117NO27P2,C_go,C60H117NO27P2,-2,True,"inchi,inchikey,metacyc.compound,metacycM,metanetx.chemical,seed.compound,seedM",False,False,True,False,False,True,False,True,True,True,2,inositol phosphomannosylinositol phosphoceramide D (C24),True,m682[C_er]
m1317[C_go],inositol phosphomannosylinositol phosphoceramide A (C26)_C62H121NO24P2,C_go,C62H121NO24P2,-2,True,"chebi,inchi,inchikey,metacyc.compound,metacycM,metanetx.chemical,seed.compound,seedM,slm",False,False,True,True,False,True,False,True,True,True,2,inositol phosphomannosylinositol phosphoceramide A (C26),True,m675[C_er]
m1318[C_go],inositol phosphomannosylinositol phosphoceramide B (C26)_C62H121NO25P2,C_go,C62H121NO25P2,0,False,,False,False,False,False,False,False,False,False,True,True,2,inositol phosphomannosylinositol phosphoceramide B (C26),False,
m1319[C_go],inositol phosphomannosylinositol phosphoceramide B' (C26)_C62H121NO25P2,C_go,C62H121NO25P2,-2,True,"chebi,inchi,inchikey,metacyc.compound,metacycM,metanetx.chemical,seed.compound,seedM,slm",False,False,True,True,False,True,False,True,True,True,2,inositol phosphomannosylinositol phosphoceramide B' (C26),True,m677[C_er]
m1320[C_go],inositol phosphomannosylinositol phosphoceramide C (C26)_C62H121NO26P2,C_go,C62H121NO26P2,-2,True,"inchi,inchikey,metacyc.compound,metacycM,metanetx.chemical,seed.compound,seedM,slm",False,False,True,False,False,True,False,True,True,True,2,inositol phosphomannosylinositol phosphoceramide C (C26),True,m681[C_er]
m1321[C_go],inositol phosphomannosylinositol phosphoceramide D (C26)_C62H121NO27P2,C_go,C62H121NO27P2,-2,True,"chebi,inchi,inchikey,metacyc.compound,metacycM,metanetx.chemical,seed.compound,seedM",False,False,True,True,False,True,False,True,True,True,2,inositol phosphomannosylinositol phosphoceramide D (C26),True,m683[C_er]
m1322[C_ex],maltose_C12H22O11,C_ex,C12H22O11,0,False,,False,False,False,False,False,False,False,False,True,True,1,maltose,False,
m1324[C_cy],mannan_,C_cy,,0,False,,False,False,False,False,False,False,False,False,False,True,7,mannan_,False,
m1325[C_go],mannosylinositol phosphorylceramide A (C24)_C54H106NO16P,C_go,C54H106NO16P,0,False,,False,False,False,False,False,False,False,False,True,True,2,mannosylinositol phosphorylceramide A (C24),False,
m1326[C_go],mannosylinositol phosphorylceramide B (C24)_C54H106NO17P,C_go,C54H106NO17P,0,False,,False,False,False,False,False,False,False,False,True,True,2,mannosylinositol phosphorylceramide B (C24),False,
m1327[C_go],mannosylinositol phosphorylceramide B' (C24)_C54H106NO17P,C_go,C54H106NO17P,0,False,,False,False,False,False,False,False,False,False,True,True,4,mannosylinositol phosphorylceramide B' (C24),False,
m1328[C_go],mannosylinositol phosphorylceramide C (C24)_C54H106NO18P,C_go,C54H106NO18P,-1,True,"chebi,inchi,inchikey,metacyc.compound,metacycM,metanetx.chemical,seed.compound,seedM,slm",False,False,True,True,False,True,False,True,True,True,2,mannosylinositol phosphorylceramide C (C24),True,m669[C_er]
m1329[C_go],mannosylinositol phosphorylceramide D (C24)_C54H106NO19P,C_go,C54H106NO19P,-1,True,"inchi,inchikey,metacyc.compound,metacycM,metanetx.chemical,seed.compound,seedM",False,False,True,False,False,True,False,True,True,True,2,mannosylinositol phosphorylceramide D (C24),True,m671[C_er]
m1330[C_go],mannosylinositol phosphorylceramide A (C26)_C56H110NO16P,C_go,C56H110NO16P,0,False,,False,False,False,False,False,False,False,False,True,True,2,mannosylinositol phosphorylceramide A (C26),False,
m1331[C_go],mannosylinositol phosphorylceramide B (C26)_C56H110NO17P,C_go,C56H110NO17P,0,False,,False,False,False,False,False,False,False,False,True,True,2,mannosylinositol phosphorylceramide B (C26),False,
m1332[C_go],mannosylinositol phosphorylceramide B' (C26)_C56H110NO17P,C_go,C56H110NO17P,0,False,,False,False,False,False,False,False,False,False,True,True,2,mannosylinositol phosphorylceramide B' (C26),False,
m1333[C_go],mannosylinositol phosphorylceramide C (C26)_C56H110NO18P,C_go,C56H110NO18P,-1,True,"chebi,inchi,inchikey,metacyc.compound,metacycM,metanetx.chemical,seed.compound,seedM,slm",False,False,True,True,False,True,False,True,True,True,2,mannosylinositol phosphorylceramide C (C26),True,m670[C_er]
m1334[C_go],mannosylinositol phosphorylceramide D (C26)_C56H110NO19P,C_go,C56H110NO19P,-1,True,"chebi,inchi,inchikey,metacyc.compound,metacycM,metanetx.chemical,seed.compound,seedM",False,False,True,True,False,True,False,True,True,True,2,mannosylinositol phosphorylceramide D (C26),True,m672[C_er]
m1337[C_ex],NMN_C11H15N2O8P,C_ex,C11H15N2O8P,0,False,,False,False,False,False,False,False,False,False,True,True,2,NMN,False,
m1339[C_ex],oxygen_O2,C_ex,O2,0,False,,False,False,False,False,False,False,False,False,True,True,2,oxygen,False,
m1340[C_ex],stearate_C18H36O2,C_ex,C18H36O2,0,False,,False,False,False,False,False,False,False,False,True,True,2,stearate,False,
m1341[C_ex],octanoate_C8H16O2,C_ex,C8H16O2,-1,True,"bigg.metabolite,biggM,chebi,envipath,envipathM,hmdb,inchi,inchikey,kegg.compound,kegg.drug,keggC,keggD,lipidmaps,lipidmapsM,metacyc.compound,metacycM,metanetx.chemical,reactome,reactomeM,sabiork.compound,sabiorkM,seed.compound,seedM,slm,vmhM,vmhmetabolite",True,True,True,True,True,True,False,True,True,True,2,octanoate,True,m521[C_pe]
m1344[C_ex],oxaloacetate_C4H4O5,C_ex,C4H4O5,-2,True,"bigg.metabolite,biggM,chebi,envipath,envipathM,hmdb,inchi,inchikey,kegg.compound,keggC,lipidmaps,lipidmapsM,metacyc.compound,metacycM,metanetx.chemical,reactome,reactomeM,sabiork.compound,sabiorkM,seed.compound,seedM,slm,vmhM,vmhmetabolite",True,True,True,True,True,True,False,True,True,True,2,oxaloacetate,True,m77[C_mi]
m1349[C_cy],palmitoyl-CoA_C37H66N7O17P3S,C_cy,C37H66N7O17P3S,0,True,"bigg.metabolite,biggM,metanetx.chemical",True,False,True,False,False,False,False,False,True,True,6,palmitoyl-CoA,True,m184[C_pe]
m1350[C_mi],pantetheine 4'-phosphate_C11H23N2O7PS,C_mi,C11H23N2O7PS,0,False,,False,False,False,False,False,False,False,False,True,True,2,pantetheine 4'-phosphate,False,
m1351[C_ex],pectin_ActiveX VT_ERROR:,C_ex,,0,False,,False,False,False,False,False,False,False,False,False,True,1,pectin_ActiveX VT_ERROR:,False,
m1354[C_va],phosphate_H3O4P,C_va,H3O4P,-2,True,"bigg.metabolite,biggM,chebi,envipath,envipathM,hmdb,inchi,inchikey,kegg.compound,kegg.drug,keggC,keggD,metacyc.compound,metacycM,metanetx.chemical,reactome,reactomeM,sabiork.compound,sabiorkM,seed.compound,seedM,vmhM,vmhmetabolite",True,True,True,True,True,True,False,True,True,True,1,phosphate,True,m35[C_cy]
m1357[C_ex],pyridoxine_C8H11NO3,C_ex,C8H11NO3,0,True,"bigg.metabolite,biggM,chebi,envipath,envipathM,hmdb,inchi,inchikey,kegg.compound,kegg.drug,keggC,keggD,metacyc.compound,metacycM,metanetx.chemical,reactome,reactomeM,sabiork.compound,sabiorkM,seed.compound,seedM,vmhM,vmhmetabolite",True,True,True,True,True,True,False,True,True,True,1,pyridoxine,True,m923[C_cy]
m1368[C_ex],succinate_C4H6O4,C_ex,C4H6O4,-2,True,"bigg.metabolite,biggM,chebi,envipath,envipathM,hmdb,inchi,inchikey,kegg.compound,keggC,lipidmaps,lipidmapsM,metacyc.compound,metacycM,metanetx.chemical,reactome,reactomeM,sabiork.compound,sabiorkM,seed.compound,seedM,slm,vmhM,vmhmetabolite",True,True,True,True,True,True,False,True,True,True,2,succinate,True,m541[C_cy]
m1374[C_cy],tetracosanoyl-CoA_C45H82N7O17P3S,C_cy,C45H82N7O17P3S,-4,True,"bigg.metabolite,biggM,chebi,hmdb,inchi,inchikey,kegg.compound,keggC,lipidmaps,lipidmapsM,metacyc.compound,metacycM,metanetx.chemical,reactome,reactomeM,sabiork.compound,sabiorkM,seed.compound,seedM,slm,vmhM,vmhmetabolite",True,True,True,True,True,True,False,True,True,True,7,tetracosanoyl-CoA,True,m186[C_pe]
m1378[C_ex],thymidine_C10H14N2O5,C_ex,C10H14N2O5,0,True,"bigg.metabolite,biggM,chebi,hmdb,inchi,inchikey,kegg.compound,kegg.drug,keggC,keggD,metacyc.compound,metacycM,metanetx.chemical,reactome,reactomeM,sabiork.compound,sabiorkM,seed.compound,seedM,vmhM,vmhmetabolite",True,True,True,True,True,True,False,True,True,True,2,thymidine,True,m982[C_cy]
m1380[C_va],trehalose_C12H22O11,C_va,C12H22O11,0,True,"kegg.glycan,keggG,metanetx.chemical",False,False,True,False,False,False,False,False,True,True,1,trehalose,True,m294[C_cy]
m1384[C_va],H2O_H2O,C_va,H2O,0,False,,False,False,False,False,False,False,False,False,True,True,5,H2O,False,
m1386[C_ex],xanthosine_C10H12N4O6,C_ex,C10H12N4O6,0,True,"bigg.metabolite,biggM,chebi,hmdb,inchi,inchikey,kegg.compound,keggC,metacyc.compound,metacycM,metanetx.chemical,sabiork.compound,sabiorkM,seed.compound,seedM,vmhM,vmhmetabolite",True,True,True,True,True,True,False,True,True,True,2,xanthosine,True,m917[C_cy]
m1388[C_ex],xylitol_C5H12O5,C_ex,C5H12O5,0,True,"bigg.metabolite,biggM,chebi,hmdb,inchi,inchikey,kegg.compound,kegg.drug,keggC,keggD,metacyc.compound,metacycM,metanetx.chemical,reactome,reactomeM,sabiork.compound,sabiorkM,seed.compound,seedM,vmhM,vmhmetabolite",True,True,True,True,True,True,False,True,True,True,1,xylitol,True,m1014[C_cy]
m1390[C_ex],zymosterol_C27H44O,C_ex,C27H44O,0,True,"bigg.metabolite,biggM,chebi,hmdb,inchi,inchikey,kegg.compound,keggC,lipidmaps,lipidmapsM,metacyc.compound,metacycM,metanetx.chemical,reactome,reactomeM,sabiork.compound,sabiorkM,seed.compound,seedM,slm,vmhM,vmhmetabolite",True,True,True,True,True,True,False,True,True,True,1,zymosterol,True,m241[C_em]
m1392[C_en],zymosterol_C27H44O,C_en,C27H44O,0,True,"bigg.metabolite,biggM,chebi,hmdb,inchi,inchikey,kegg.compound,keggC,lipidmaps,lipidmapsM,metacyc.compound,metacycM,metanetx.chemical,reactome,reactomeM,sabiork.compound,sabiorkM,seed.compound,seedM,slm,vmhM,vmhmetabolite",True,True,True,True,True,True,False,True,True,True,3,zymosterol,True,m241[C_em]
m1393[C_cy],1-phosphatidyl-1D-myo-inositol_ActiveX VT_ERROR:,C_cy,,0,False,,False,False,False,False,False,False,False,False,False,True,11,1-phosphatidyl-1D-myo-inositol_ActiveX VT_ERROR:,False,
m1394[C_cy],ergosterol ester_C29H43O2R,C_cy,C29H43O2R,0,False,,False,False,False,False,False,False,False,False,True,True,1,ergosterol ester_C29H43O2R,False,
m1395[C_cy],fatty acid_,C_cy,,0,False,,False,False,False,False,False,False,False,False,False,True,2,fatty acid_,False,
m1396[C_cy],phosphatidyl-L-serine_C8H11NO10PR2,C_cy,C8H11NO10PR2,0,True,"chebi,metanetx.chemical",False,False,True,True,False,False,False,False,True,True,4,phosphatidyl-L-serine_C8H11NO10PR2,True,m868[C_mm]
m1397[C_cy],phosphatidylcholine_C10H18NO8PR2,C_cy,C10H18NO8PR2,0,True,"bigg.metabolite,biggM,metanetx.chemical",True,False,True,False,False,False,False,False,True,True,5,phosphatidylcholine_C10H18NO8PR2,True,m791[C_mm]
m1398[C_cy],phosphatidylethanolamine_C7H12NO8PR2,C_cy,C7H12NO8PR2,0,True,"bigg.metabolite,biggM,metanetx.chemical",True,False,True,False,False,False,False,False,True,True,4,phosphatidylethanolamine_C7H12NO8PR2,True,m599[C_er]
m1399[C_cy],triglyceride_ActiveX VT_ERROR:,C_cy,,0,False,,False,False,False,False,False,False,False,False,False,True,4,triglyceride_ActiveX VT_ERROR:,False,
m1400[C_cy],lipid_,C_cy,,0,False,,False,False,False,False,False,False,False,False,False,True,4,lipid_,False,
m1401[C_cy],biomass_,C_cy,,0,False,,False,False,False,False,False,False,False,False,False,True,7,biomass_,False,
m1403[C_cy],kynurenic acid_C10H7NO3,C_cy,C10H7NO3,0,False,,False,False,False,False,False,False,False,False,True,True,2,kynurenic acid,False,
m1404[C_cy],quinaldic acid_,C_cy,,0,False,,False,False,False,False,False,False,False,False,False,True,1,quinaldic acid_,False,
m1405[C_ex],14-demethyllanosterol_C29H48O,C_ex,C29H48O,0,True,"hmdb,inchi,inchikey,metanetx.chemical",False,False,True,False,True,True,False,False,True,True,2,14-demethyllanosterol,True,m351[C_cy]
m1407[C_ex],"ergosta-5,7,22,24(28)-tetraen-3beta-ol_C28H42O",C_ex,C28H42O,0,True,"bigg.metabolite,biggM,chebi,inchi,inchikey,kegg.compound,keggC,lipidmaps,lipidmapsM,metacyc.compound,metacycM,metanetx.chemical,seed.compound,seedM,slm,vmhM,vmhmetabolite",True,True,True,True,False,True,False,True,True,True,2,"ergosta-5,7,22,24(28)-tetraen-3beta-ol",True,m353[C_cy]
m1409[C_cy],stearoyl-CoA_C39H70N7O17P3S,C_cy,C39H70N7O17P3S,0,True,"bigg.metabolite,biggM,metanetx.chemical",True,False,True,False,False,False,False,False,True,True,5,stearoyl-CoA,True,m228[C_pe]
m1410[C_mi],acetoacetyl-ACP_,C_mi,,0,False,,False,False,False,False,False,False,False,False,False,True,2,acetoacetyl-ACP_,False,
m1411[C_mi],butanoyl-ACP_,C_mi,,0,False,,False,False,False,False,False,False,False,False,False,True,2,butanoyl-ACP_,False,
m1412[C_mi],3-oxo-hexanoyl-ACP_,C_mi,,0,False,,False,False,False,False,False,False,False,False,False,True,2,3-oxo-hexanoyl-ACP_,False,
m1413[C_mi],hexanoyl-ACP_,C_mi,,0,False,,False,False,False,False,False,False,False,False,False,True,2,hexanoyl-ACP_,False,
m1414[C_mi],3-oxo-octanoyl-ACP_,C_mi,,0,False,,False,False,False,False,False,False,False,False,False,True,2,3-oxo-octanoyl-ACP_,False,
m1415[C_mi],3-hydroxybutanoyl-ACP_,C_mi,,0,False,,False,False,False,False,False,False,False,False,False,True,2,3-hydroxybutanoyl-ACP_,False,
m1416[C_mi],3-hydroxyhexanoyl-ACP_,C_mi,,0,False,,False,False,False,False,False,False,False,False,False,True,2,3-hydroxyhexanoyl-ACP_,False,
m1417[C_mi],3-hydroxyoctanoyl-ACP_,C_mi,,0,False,,False,False,False,False,False,False,False,False,False,True,2,3-hydroxyoctanoyl-ACP_,False,
m1418[C_mi],trans-but-2-enoyl-ACP_,C_mi,,0,False,,False,False,False,False,False,False,False,False,False,True,2,trans-but-2-enoyl-ACP_,False,
m1419[C_mi],trans-hex-2-enoyl-ACP_,C_mi,,0,False,,False,False,False,False,False,False,False,False,False,True,2,trans-hex-2-enoyl-ACP_,False,
m1420[C_mi],trans-oct-2-enoyl-ACP_,C_mi,,0,False,,False,False,False,False,False,False,False,False,False,True,2,trans-oct-2-enoyl-ACP_,False,
m1421[C_mi],octanoyl-ACP_C8H15OSR,C_mi,C8H15OSR,0,True,"metanetx.chemical,vmhM,vmhmetabolite",False,False,True,False,False,False,False,False,True,True,3,octanoyl-ACP_C8H15OSR,False,
m1422[C_em],lauroyl-CoA_C33H58N7O17P3S,C_em,C33H58N7O17P3S,0,True,"envipath,envipathM,hmdb,inchi,inchikey,metanetx.chemical",False,False,True,False,True,True,False,False,True,True,5,lauroyl-CoA,True,m191[C_pe]
m1423[C_em],malonyl-CoA_C24H38N7O19P3S,C_em,C24H38N7O19P3S,-5,True,"bigg.metabolite,biggM,chebi,hmdb,inchi,inchikey,kegg.compound,keggC,lipidmaps,lipidmapsM,metacyc.compound,metacycM,metanetx.chemical,reactome,reactomeM,sabiork.compound,sabiorkM,seed.compound,seedM,slm,vmhM,vmhmetabolite",True,True,True,True,True,True,False,True,True,True,8,malonyl-CoA,True,m198[C_mi]
m1424[C_em],carbon dioxide_CO2,C_em,CO2,0,False,,False,False,False,False,False,False,False,False,True,True,8,carbon dioxide,False,
m1425[C_em],3-oxotetradecanoyl-CoA_C35H60N7O18P3S,C_em,C35H60N7O18P3S,-4,True,"bigg.metabolite,biggM,chebi,hmdb,inchi,inchikey,kegg.compound,keggC,lipidmaps,lipidmapsM,metacyc.compound,metacycM,metanetx.chemical,reactome,reactomeM,sabiork.compound,sabiorkM,seed.compound,seedM,slm,vmhM,vmhmetabolite",True,True,True,True,True,True,False,True,True,True,2,3-oxotetradecanoyl-CoA,True,m117[C_pe]
m1426[C_em],myristoyl-CoA_C35H62N7O17P3S,C_em,C35H62N7O17P3S,0,True,"bigg.metabolite,biggM,metanetx.chemical",True,False,True,False,False,False,False,False,True,True,5,myristoyl-CoA,True,m188[C_pe]
m1427[C_em],3-oxopalmitoyl-CoA_C37H60N7O18P3S,C_em,C37H60N7O18P3S,0,False,,False,False,False,False,False,False,False,False,True,True,2,3-oxopalmitoyl-CoA,False,
m1428[C_em],palmitoyl-CoA_C37H66N7O17P3S,C_em,C37H66N7O17P3S,0,True,"bigg.metabolite,biggM,metanetx.chemical",True,False,True,False,False,False,False,False,True,True,6,palmitoyl-CoA,True,m184[C_pe]
m1429[C_em],3-oxooctadecanoyl-CoA_C39H68N7O18P3S,C_em,C39H68N7O18P3S,-4,True,"bigg.metabolite,biggM,chebi,hmdb,inchi,inchikey,kegg.compound,keggC,lipidmaps,lipidmapsM,metacyc.compound,metacycM,metanetx.chemical,reactome,reactomeM,sabiork.compound,sabiorkM,seed.compound,seedM,slm",True,True,True,True,True,True,False,True,True,True,2,3-oxooctadecanoyl-CoA,True,m181[C_pe]
m1430[C_em],stearoyl-CoA_C39H70N7O17P3S,C_em,C39H70N7O17P3S,0,True,"bigg.metabolite,biggM,metanetx.chemical",True,False,True,False,False,False,False,False,True,True,6,stearoyl-CoA,True,m228[C_pe]
m1431[C_em],3-oxoicosanoyl-CoA_C41H72N7O18P3S,C_em,C41H72N7O18P3S,0,False,,False,False,False,False,False,False,False,False,True,True,2,3-oxoicosanoyl-CoA,False,
m1432[C_em],icosanoyl-CoA_,C_em,,0,False,,False,False,False,False,False,False,False,False,False,True,3,icosanoyl-CoA_,False,
m1433[C_em],3-oxodocosanoyl-CoA_C43H76N7O18P3S,C_em,C43H76N7O18P3S,-4,True,"bigg.metabolite,biggM,chebi,hmdb,inchi,inchikey,lipidmaps,lipidmapsM,metacyc.compound,metacycM,metanetx.chemical,reactome,reactomeM,seed.compound,seedM,slm,vmhM,vmhmetabolite",True,False,True,True,True,True,False,True,True,True,2,3-oxodocosanoyl-CoA,True,m1563[C_pe]
m1434[C_em],docosanoyl-CoA_C43H78N7O17P3S,C_em,C43H78N7O17P3S,0,True,"bigg.metabolite,biggM,metanetx.chemical",True,False,True,False,False,False,False,False,True,True,4,docosanoyl-CoA,True,m1500[C_en]
m1435[C_em],3-oxotetracosanoyl-CoA_C45H80N7O18P3S,C_em,C45H80N7O18P3S,-4,True,"bigg.metabolite,biggM,chebi,hmdb,inchi,inchikey,lipidmaps,lipidmapsM,metacyc.compound,metacycM,metanetx.chemical,seed.compound,seedM,slm,vmhM,vmhmetabolite",True,False,True,True,True,True,False,True,True,True,2,3-oxotetracosanoyl-CoA,True,m1564[C_pe]
m1436[C_em],tetracosanoyl-CoA_C45H82N7O17P3S,C_em,C45H82N7O17P3S,-4,True,"bigg.metabolite,biggM,chebi,hmdb,inchi,inchikey,kegg.compound,keggC,lipidmaps,lipidmapsM,metacyc.compound,metacycM,metanetx.chemical,reactome,reactomeM,sabiork.compound,sabiorkM,seed.compound,seedM,slm,vmhM,vmhmetabolite",True,True,True,True,True,True,False,True,True,True,4,tetracosanoyl-CoA,True,m186[C_pe]
m1437[C_em],3-oxohexacosanoyl-CoA_C47H84N7O18P3S,C_em,C47H84N7O18P3S,-4,True,"bigg.metabolite,biggM,chebi,hmdb,inchi,inchikey,lipidmaps,lipidmapsM,metacyc.compound,metacycM,metanetx.chemical,reactome,reactomeM,seed.compound,seedM,slm,vmhM,vmhmetabolite",True,False,True,True,True,True,False,True,True,True,2,3-oxohexacosanoyl-CoA,True,m185[C_pe]
m1438[C_em],NADPH_C21H30N7O17P3,C_em,C21H30N7O17P3,-4,True,"bigg.metabolite,biggM,chebi,hmdb,inchi,inchikey,kegg.compound,keggC,metacyc.compound,metacycM,metanetx.chemical,reactome,reactomeM,sabiork.compound,sabiorkM,seed.compound,seedM,vmhM,vmhmetabolite",True,True,True,True,True,True,False,True,True,True,15,NADPH,True,m40[C_cy]
m1439[C_em],NADP(+)_C21H28N7O17P3,C_em,C21H28N7O17P3,-3,True,"bigg.metabolite,biggM,chebi,hmdb,inchi,inchikey,kegg.compound,keggC,metacyc.compound,metacycM,metanetx.chemical,reactome,reactomeM,sabiork.compound,sabiorkM,seed.compound,seedM,vmhM,vmhmetabolite",True,True,True,True,True,True,False,True,True,True,15,NADP(+),True,m41[C_cy]
m1440[C_em],(S)-3-hydroxytetradecanoyl-CoA_C35H62N7O18P3S,C_em,C35H62N7O18P3S,0,True,"bigg.metabolite,biggM,metanetx.chemical",True,False,True,False,False,False,False,False,True,True,2,(S)-3-hydroxytetradecanoyl-CoA,False,
m1441[C_em],(S)-3-hydroxypalmitoyl-CoA_C37H66N7O18P3S,C_em,C37H66N7O18P3S,0,False,,False,False,False,False,False,False,False,False,True,True,2,(S)-3-hydroxypalmitoyl-CoA,False,
m1442[C_em],3-hydroxyoctadecanoyl-CoA_C39H70N7O18P3S,C_em,C39H70N7O18P3S,-4,True,"bigg.metabolite,biggM,chebi,inchi,inchikey,kegg.compound,keggC,lipidmaps,lipidmapsM,metanetx.chemical,reactome,reactomeM,seed.compound,seedM,vmhM,vmhmetabolite",True,True,True,True,False,True,False,True,True,True,2,3-hydroxyoctadecanoyl-CoA,False,
m1443[C_em],3-hydroxyicosanoyl-CoA_C41H74N7O18P3S,C_em,C41H74N7O18P3S,-4,True,"bigg.metabolite,biggM,chebi,inchi,inchikey,lipidmaps,lipidmapsM,metanetx.chemical,vmhM,vmhmetabolite",True,False,True,True,False,True,False,False,True,True,2,3-hydroxyicosanoyl-CoA,False,
m1444[C_em],3-hydroxydocosanoyl-CoA_C43H78N7O18P3S,C_em,C43H78N7O18P3S,0,True,"bigg.metabolite,biggM,metanetx.chemical",True,False,True,False,False,False,False,False,True,True,2,3-hydroxydocosanoyl-CoA,False,
m1445[C_em],3-hydroxytetracosanoyl-CoA_C45H82N7O18P3S,C_em,C45H82N7O18P3S,0,True,"bigg.metabolite,biggM,metanetx.chemical",True,False,True,False,False,False,False,False,True,True,2,3-hydroxytetracosanoyl-CoA,False,
m1446[C_em],(S)-3-hydroxyhexacosanoyl-CoA_C47H86N7O18P3S,C_em,C47H86N7O18P3S,0,True,"chebi,hmdb,inchi,inchikey,lipidmaps,lipidmapsM,metacyc.compound,metacycM,metanetx.chemical,seed.compound,seedM",False,False,True,True,True,True,False,True,True,True,2,(S)-3-hydroxyhexacosanoyl-CoA,False,
m1447[C_em],H2O_H2O,C_em,H2O,0,False,,False,False,False,False,False,False,False,False,True,True,17,H2O,False,
m1448[C_em],trans-tetradec-2-enoyl-CoA_C35H56N7O17P3S,C_em,C35H56N7O17P3S,0,False,,False,False,False,False,False,False,False,False,True,True,2,trans-tetradec-2-enoyl-CoA,False,
m1449[C_em],trans-hexadec-2-enoyl-CoA_ActiveX VT_ERROR:,C_em,,0,False,,False,False,False,False,False,False,False,False,False,True,2,trans-hexadec-2-enoyl-CoA_ActiveX VT_ERROR:,False,
m1450[C_em],trans-octadec-2-enoyl-CoA_C39H68N7O17P3S,C_em,C39H68N7O17P3S,0,True,"hmdb,inchi,inchikey,metanetx.chemical",False,False,True,False,True,True,False,False,True,True,2,trans-octadec-2-enoyl-CoA,True,m229[C_pe]
m1451[C_em],trans-icos-2-enoyl-CoA_,C_em,,0,False,,False,False,False,False,False,False,False,False,False,True,2,trans-icos-2-enoyl-CoA_,False,
m1452[C_em],trans-docos-2-enoyl-CoA_,C_em,,0,False,,False,False,False,False,False,False,False,False,False,True,2,trans-docos-2-enoyl-CoA_,False,
m1453[C_em],trans-tetracos-2-enoyl-CoA_,C_em,,0,False,,False,False,False,False,False,False,False,False,False,True,2,trans-tetracos-2-enoyl-CoA_,False,
m1454[C_em],trans-hexacos-2-enoyl-CoA_C47H84N7O17P3S,C_em,C47H84N7O17P3S,0,True,"metanetx.chemical,seed.compound,seedM",False,False,True,False,False,False,False,True,True,True,2,trans-hexacos-2-enoyl-CoA,True,m226[C_pe]
m1455[C_em],hexacosanoyl-CoA_C47H86N7O17P3S,C_em,C47H86N7O17P3S,0,True,"bigg.metabolite,biggM,metanetx.chemical",True,False,True,False,False,False,False,False,True,True,3,hexacosanoyl-CoA,True,m225[C_pe]
m1456[C_em],oxygen_O2,C_em,O2,0,False,,False,False,False,False,False,False,False,False,True,True,4,oxygen,False,
m1457[C_em],NADH_C21H29N7O14P2,C_em,C21H29N7O14P2,-2,True,"bigg.metabolite,biggM,chebi,hmdb,inchi,inchikey,kegg.compound,keggC,metacyc.compound,metacycM,metanetx.chemical,reactome,reactomeM,sabiork.compound,sabiorkM,seed.compound,seedM,vmhM,vmhmetabolite",True,True,True,True,True,True,False,True,True,True,4,NADH,True,m30[C_mi]
m1458[C_em],NAD_C21H27N7O14P2,C_em,C21H27N7O14P2,0,True,"chebi,metanetx.chemical",False,False,True,True,False,False,False,False,True,True,4,NAD,True,m27[C_mi]
m1459[C_ex],butyrate_ActiveX VT_ERROR:,C_ex,,0,False,,False,False,False,False,False,False,False,False,False,True,5,butyrate_ActiveX VT_ERROR:,False,
m1461[C_ex],hexanoate_,C_ex,,0,False,,False,False,False,False,False,False,False,False,False,True,2,hexanoate_,False,
m1463[C_ex],oleate_C18H34O2,C_ex,C18H34O2,0,False,,False,False,False,False,False,False,False,False,True,True,3,oleate,False,
m1465[C_cy],butyrate_ActiveX VT_ERROR:,C_cy,,0,False,,False,False,False,False,False,False,False,False,False,True,2,butyrate_ActiveX VT_ERROR:,False,
m1466[C_cy],hexanoate_,C_cy,,0,False,,False,False,False,False,False,False,False,False,False,True,2,hexanoate_,False,
m1467[C_cy],oleate_C18H34O2,C_cy,C18H34O2,0,False,,False,False,False,False,False,False,False,False,True,True,6,oleate,False,
m1469[C_em],ATP_C10H16N5O13P3,C_em,C10H16N5O13P3,-4,True,"bigg.metabolite,biggM,chebi,envipath,envipathM,hmdb,inchi,inchikey,kegg.compound,kegg.drug,keggC,keggD,metacyc.compound,metacycM,metanetx.chemical,reactome,reactomeM,sabiork.compound,sabiorkM,seed.compound,seedM,vmhM,vmhmetabolite",True,True,True,True,True,True,False,True,True,True,11,ATP,True,m16[C_vm]
m1470[C_em],laurate_C12H24O2,C_em,C12H24O2,0,False,,False,False,False,False,False,False,False,False,True,True,4,laurate,False,
m1471[C_em],AMP_C10H14N5O7P,C_em,C10H14N5O7P,-2,True,"bigg.metabolite,biggM,chebi,envipath,envipathM,hmdb,inchi,inchikey,kegg.compound,kegg.drug,keggC,keggD,metacyc.compound,metacycM,metanetx.chemical,reactome,reactomeM,sabiork.compound,sabiorkM,seed.compound,seedM,vmhM,vmhmetabolite",True,True,True,True,True,True,False,True,True,True,11,AMP,True,m48[C_mi]
m1472[C_em],myristate_C14H28O2,C_em,C14H28O2,0,False,,False,False,False,False,False,False,False,False,True,True,4,myristate,False,
m1473[C_em],palmitate_C16H32O2,C_em,C16H32O2,0,False,,False,False,False,False,False,False,False,False,True,True,3,palmitate,False,
m1474[C_em],palmitoleate_C16H30O2,C_em,C16H30O2,0,False,,False,False,False,False,False,False,False,False,True,True,2,palmitoleate,False,
m1475[C_em],stearate_C18H36O2,C_em,C18H36O2,0,False,,False,False,False,False,False,False,False,False,True,True,3,stearate,False,
m1476[C_em],oleate_C18H34O2,C_em,C18H34O2,0,False,,False,False,False,False,False,False,False,False,True,True,3,oleate,False,
m1477[C_lp],ATP_C10H16N5O13P3,C_lp,C10H16N5O13P3,-4,True,"bigg.metabolite,biggM,chebi,envipath,envipathM,hmdb,inchi,inchikey,kegg.compound,kegg.drug,keggC,keggD,metacyc.compound,metacycM,metanetx.chemical,reactome,reactomeM,sabiork.compound,sabiorkM,seed.compound,seedM,vmhM,vmhmetabolite",True,True,True,True,True,True,False,True,True,True,11,ATP,True,m16[C_vm]
m1478[C_lp],laurate_C12H24O2,C_lp,C12H24O2,0,False,,False,False,False,False,False,False,False,False,True,True,3,laurate,False,
m1479[C_lp],AMP_C10H14N5O7P,C_lp,C10H14N5O7P,-2,True,"bigg.metabolite,biggM,chebi,envipath,envipathM,hmdb,inchi,inchikey,kegg.compound,kegg.drug,keggC,keggD,metacyc.compound,metacycM,metanetx.chemical,reactome,reactomeM,sabiork.compound,sabiorkM,seed.compound,seedM,vmhM,vmhmetabolite",True,True,True,True,True,True,False,True,True,True,11,AMP,True,m48[C_mi]
m1480[C_lp],lauroyl-CoA_C33H58N7O17P3S,C_lp,C33H58N7O17P3S,0,True,"envipath,envipathM,hmdb,inchi,inchikey,metanetx.chemical",False,False,True,False,True,True,False,False,True,True,3,lauroyl-CoA,True,m191[C_pe]
m1481[C_lp],myristate_C14H28O2,C_lp,C14H28O2,0,False,,False,False,False,False,False,False,False,False,True,True,3,myristate,False,
m1482[C_lp],myristoyl-CoA_C35H62N7O17P3S,C_lp,C35H62N7O17P3S,0,True,"bigg.metabolite,biggM,metanetx.chemical",True,False,True,False,False,False,False,False,True,True,3,myristoyl-CoA,True,m188[C_pe]
m1483[C_lp],palmitate_C16H32O2,C_lp,C16H32O2,0,False,,False,False,False,False,False,False,False,False,True,True,3,palmitate,False,
m1484[C_lp],palmitoyl-CoA_C37H66N7O17P3S,C_lp,C37H66N7O17P3S,0,True,"bigg.metabolite,biggM,metanetx.chemical",True,False,True,False,False,False,False,False,True,True,3,palmitoyl-CoA,True,m184[C_pe]
m1485[C_lp],palmitoleate_C16H30O2,C_lp,C16H30O2,0,False,,False,False,False,False,False,False,False,False,True,True,7,palmitoleate,False,
m1486[C_lp],palmitoleoyl-CoA_C37H64N7O17P3S,C_lp,C37H64N7O17P3S,0,False,,False,False,False,False,False,False,False,False,True,True,2,palmitoleoyl-CoA,False,
m1487[C_lp],stearate_C18H36O2,C_lp,C18H36O2,0,False,,False,False,False,False,False,False,False,False,True,True,3,stearate,False,
m1488[C_lp],stearoyl-CoA_C39H70N7O17P3S,C_lp,C39H70N7O17P3S,0,True,"bigg.metabolite,biggM,metanetx.chemical",True,False,True,False,False,False,False,False,True,True,3,stearoyl-CoA,True,m228[C_pe]
m1489[C_lp],oleate_C18H34O2,C_lp,C18H34O2,0,False,,False,False,False,False,False,False,False,False,True,True,8,oleate,False,
m1490[C_lp],oleoyl-CoA_C39H68N7O17P3S,C_lp,C39H68N7O17P3S,0,False,,False,False,False,False,False,False,False,False,True,True,3,oleoyl-CoA,False,
m1491[C_pe],palmitoleoyl-CoA_C37H64N7O17P3S,C_pe,C37H64N7O17P3S,0,False,,False,False,False,False,False,False,False,False,True,True,5,palmitoleoyl-CoA,False,
m1492[C_pe],oleate_C18H34O2,C_pe,C18H34O2,0,False,,False,False,False,False,False,False,False,False,True,True,3,oleate,False,
m1493[C_pe],oleoyl-CoA_C39H68N7O17P3S,C_pe,C39H68N7O17P3S,0,False,,False,False,False,False,False,False,False,False,True,True,4,oleoyl-CoA,False,
m1494[C_en],coenzyme A_C21H36N7O16P3S,C_en,C21H36N7O16P3S,0,False,,False,False,False,False,False,False,False,False,True,True,4,coenzyme A,False,
m1495[C_en],arachidate_,C_en,,0,False,,False,False,False,False,False,False,False,False,False,True,1,arachidate_,False,
m1496[C_en],AMP_C10H14N5O7P,C_en,C10H14N5O7P,-2,True,"bigg.metabolite,biggM,chebi,envipath,envipathM,hmdb,inchi,inchikey,kegg.compound,kegg.drug,keggC,keggD,metacyc.compound,metacycM,metanetx.chemical,reactome,reactomeM,sabiork.compound,sabiorkM,seed.compound,seedM,vmhM,vmhmetabolite",True,True,True,True,True,True,False,True,True,True,4,AMP,True,m48[C_mi]
m1497[C_en],diphosphate_H4O7P2,C_en,H4O7P2,-3,True,"bigg.metabolite,biggM,chebi,envipath,envipathM,hmdb,inchi,inchikey,kegg.compound,keggC,metacyc.compound,metacycM,metanetx.chemical,reactome,reactomeM,sabiork.compound,sabiorkM,seed.compound,seedM,vmhM,vmhmetabolite",True,True,True,True,True,True,False,True,True,True,4,diphosphate,True,m203[C_cy]
m1498[C_en],icosanoyl-CoA_,C_en,,0,False,,False,False,False,False,False,False,False,False,False,True,2,icosanoyl-CoA_,False,
m1499[C_en],behenate_,C_en,,0,False,,False,False,False,False,False,False,False,False,False,True,1,behenate_,False,
m1500[C_en],docosanoyl-CoA_C43H78N7O17P3S,C_en,C43H78N7O17P3S,0,True,"bigg.metabolite,biggM,metanetx.chemical",True,False,True,False,False,False,False,False,True,True,2,docosanoyl-CoA,True,m1434[C_em]
m1501[C_en],lignoceric acid_C24H48O2,C_en,C24H48O2,0,False,,False,False,False,False,False,False,False,False,True,True,2,lignoceric acid,False,
m1502[C_en],tetracosanoyl-CoA_C45H82N7O17P3S,C_en,C45H82N7O17P3S,-4,True,"bigg.metabolite,biggM,chebi,hmdb,inchi,inchikey,kegg.compound,keggC,lipidmaps,lipidmapsM,metacyc.compound,metacycM,metanetx.chemical,reactome,reactomeM,sabiork.compound,sabiorkM,seed.compound,seedM,slm,vmhM,vmhmetabolite",True,True,True,True,True,True,False,True,True,True,2,tetracosanoyl-CoA,True,m186[C_pe]
m1503[C_en],cerotic acid_C26H52O2,C_en,C26H52O2,0,False,,False,False,False,False,False,False,False,False,True,True,2,cerotic acid,False,
m1504[C_en],hexacosanoyl-CoA_C47H86N7O17P3S,C_en,C47H86N7O17P3S,0,True,"bigg.metabolite,biggM,metanetx.chemical",True,False,True,False,False,False,False,False,True,True,2,hexacosanoyl-CoA,True,m225[C_pe]
m1505[C_em],behenate_,C_em,,0,False,,False,False,False,False,False,False,False,False,False,True,1,behenate_,False,
m1506[C_em],lignoceric acid_C24H48O2,C_em,C24H48O2,0,False,,False,False,False,False,False,False,False,False,True,True,4,lignoceric acid,False,
m1507[C_em],cerotic acid_C26H52O2,C_em,C26H52O2,0,False,,False,False,False,False,False,False,False,False,True,True,4,cerotic acid,False,
m1508[C_lp],behenate_,C_lp,,0,False,,False,False,False,False,False,False,False,False,False,True,1,behenate_,False,
m1509[C_lp],docosanoyl-CoA_C43H78N7O17P3S,C_lp,C43H78N7O17P3S,0,True,"bigg.metabolite,biggM,metanetx.chemical",True,False,True,False,False,False,False,False,True,True,2,docosanoyl-CoA,True,m1434[C_em]
m1510[C_lp],lignoceric acid_C24H48O2,C_lp,C24H48O2,0,False,,False,False,False,False,False,False,False,False,True,True,2,lignoceric acid,False,
m1511[C_lp],tetracosanoyl-CoA_C45H82N7O17P3S,C_lp,C45H82N7O17P3S,-4,True,"bigg.metabolite,biggM,chebi,hmdb,inchi,inchikey,kegg.compound,keggC,lipidmaps,lipidmapsM,metacyc.compound,metacycM,metanetx.chemical,reactome,reactomeM,sabiork.compound,sabiorkM,seed.compound,seedM,slm,vmhM,vmhmetabolite",True,True,True,True,True,True,False,True,True,True,2,tetracosanoyl-CoA,True,m186[C_pe]
m1512[C_lp],cerotic acid_C26H52O2,C_lp,C26H52O2,0,False,,False,False,False,False,False,False,False,False,True,True,2,cerotic acid,False,
m1513[C_lp],hexacosanoyl-CoA_C47H86N7O17P3S,C_lp,C47H86N7O17P3S,0,True,"bigg.metabolite,biggM,metanetx.chemical",True,False,True,False,False,False,False,False,True,True,2,hexacosanoyl-CoA,True,m225[C_pe]
m1514[C_cy],lauroyl-CoA_C33H58N7O17P3S,C_cy,C33H58N7O17P3S,0,True,"envipath,envipathM,hmdb,inchi,inchikey,metanetx.chemical",False,False,True,False,True,True,False,False,True,True,4,lauroyl-CoA,True,m191[C_pe]
m1515[C_cy],myristoyl-CoA_C35H62N7O17P3S,C_cy,C35H62N7O17P3S,0,True,"bigg.metabolite,biggM,metanetx.chemical",True,False,True,False,False,False,False,False,True,True,4,myristoyl-CoA,True,m188[C_pe]
m1516[C_cy],palmitoleoyl-CoA_C37H64N7O17P3S,C_cy,C37H64N7O17P3S,0,False,,False,False,False,False,False,False,False,False,True,True,4,palmitoleoyl-CoA,False,
m1517[C_cy],oleoyl-CoA_C39H68N7O17P3S,C_cy,C39H68N7O17P3S,0,False,,False,False,False,False,False,False,False,False,True,True,5,oleoyl-CoA,False,
m1518[C_cy],icosanoyl-CoA_,C_cy,,0,False,,False,False,False,False,False,False,False,False,False,True,3,icosanoyl-CoA_,False,
m1519[C_pe],icosanoyl-CoA_,C_pe,,0,False,,False,False,False,False,False,False,False,False,False,True,3,icosanoyl-CoA_,False,
m1520[C_cy],docosanoyl-CoA_C43H78N7O17P3S,C_cy,C43H78N7O17P3S,0,True,"bigg.metabolite,biggM,metanetx.chemical",True,False,True,False,False,False,False,False,True,True,4,docosanoyl-CoA,True,m1434[C_em]
m1521[C_pe],docosanoyl-CoA_C43H78N7O17P3S,C_pe,C43H78N7O17P3S,0,True,"bigg.metabolite,biggM,metanetx.chemical",True,False,True,False,False,False,False,False,True,True,3,docosanoyl-CoA,True,m1434[C_em]
m1522[C_pe],butyrate_ActiveX VT_ERROR:,C_pe,,0,False,,False,False,False,False,False,False,False,False,False,True,3,butyrate_ActiveX VT_ERROR:,False,
m1523[C_pe],hexanoate_,C_pe,,0,False,,False,False,False,False,False,False,False,False,False,True,3,hexanoate_,False,
m1524[C_pe],butanoyl-CoA_C25H42N7O17P3S,C_pe,C25H42N7O17P3S,0,True,"bigg.metabolite,biggM,metanetx.chemical",True,False,True,False,False,False,False,False,True,True,4,butanoyl-CoA,False,
m1525[C_pe],hexanoyl-CoA_C27H46N7O17P3S,C_pe,C27H46N7O17P3S,-4,True,"bigg.metabolite,biggM,chebi,hmdb,inchi,inchikey,kegg.compound,keggC,lipidmaps,lipidmapsM,metacyc.compound,metacycM,metanetx.chemical,reactome,reactomeM,sabiork.compound,sabiorkM,seed.compound,seedM,slm,vmhM,vmhmetabolite",True,True,True,True,True,True,False,True,True,True,4,hexanoyl-CoA,False,
m1526[C_pe],trans-but-2-enoyl-CoA_,C_pe,,0,False,,False,False,False,False,False,False,False,False,False,True,2,trans-but-2-enoyl-CoA_,False,
m1527[C_pe],trans-hex-2-enoyl-CoA_,C_pe,,0,False,,False,False,False,False,False,False,False,False,False,True,2,trans-hex-2-enoyl-CoA_,False,
m1528[C_pe],trans-oct-2-enoyl-CoA_,C_pe,,0,False,,False,False,False,False,False,False,False,False,False,True,2,trans-oct-2-enoyl-CoA_,False,
m1529[C_pe],trans-icos-2-enoyl-CoA_,C_pe,,0,False,,False,False,False,False,False,False,False,False,False,True,2,trans-icos-2-enoyl-CoA_,False,
m1530[C_pe],trans-docos-2-enoyl-CoA_,C_pe,,0,False,,False,False,False,False,False,False,False,False,False,True,2,trans-docos-2-enoyl-CoA_,False,
m1531[C_pe],trans-tetracos-2-enoyl-CoA_,C_pe,,0,False,,False,False,False,False,False,False,False,False,False,True,2,trans-tetracos-2-enoyl-CoA_,False,
m1532[C_pe],"trans-2,cis-9-hexadecadienoyl-CoA_",C_pe,,0,False,,False,False,False,False,False,False,False,False,False,True,2,"trans-2,cis-9-hexadecadienoyl-CoA_",False,
m1533[C_pe],cis-tetradec-7-enoyl-CoA_,C_pe,,0,False,,False,False,False,False,False,False,False,False,False,True,2,cis-tetradec-7-enoyl-CoA_,False,
m1534[C_pe],"trans-2,cis-7-tetradecadienoyl-CoA_",C_pe,,0,False,,False,False,False,False,False,False,False,False,False,True,2,"trans-2,cis-7-tetradecadienoyl-CoA_",False,
m1535[C_pe],cis-dodec-5-enoyl-CoA_,C_pe,,0,False,,False,False,False,False,False,False,False,False,False,True,2,cis-dodec-5-enoyl-CoA_,False,
m1536[C_pe],"trans-2,cis-5-dodecadienoyl-CoA_",C_pe,,0,False,,False,False,False,False,False,False,False,False,False,True,3,"trans-2,cis-5-dodecadienoyl-CoA_",False,
m1537[C_pe],"trans-2,cis-9-octadecadienoyl-CoA_",C_pe,,0,False,,False,False,False,False,False,False,False,False,False,True,2,"trans-2,cis-9-octadecadienoyl-CoA_",False,
m1538[C_pe],cis-hexadec-7-enoyl-CoA_,C_pe,,0,False,,False,False,False,False,False,False,False,False,False,True,2,cis-hexadec-7-enoyl-CoA_,False,
m1539[C_pe],"trans-2,cis-7-hexadecadienoyl-CoA_",C_pe,,0,False,,False,False,False,False,False,False,False,False,False,True,2,"trans-2,cis-7-hexadecadienoyl-CoA_",False,
m1540[C_pe],cis-tetradec-5-enoyl-CoA_,C_pe,,0,False,,False,False,False,False,False,False,False,False,False,True,2,cis-tetradec-5-enoyl-CoA_,False,
m1541[C_pe],"trans-2,cis-5-tetradecadienoyl-CoA_",C_pe,,0,False,,False,False,False,False,False,False,False,False,False,True,3,"trans-2,cis-5-tetradecadienoyl-CoA_",False,
m1542[C_pe],(R)-3-hydroxydecanoyl-CoA_C31H54N7O18P3S,C_pe,C31H54N7O18P3S,0,False,,False,False,False,False,False,False,False,False,True,True,2,(R)-3-hydroxydecanoyl-CoA,False,
m1543[C_pe],(R)-3-hydroxylauroyl-CoA_C33H58N7O18P3S,C_pe,C33H58N7O18P3S,0,False,,False,False,False,False,False,False,False,False,True,True,2,(R)-3-hydroxylauroyl-CoA,False,
m1544[C_pe],(R)-3-hydroxypalmitoyl-CoA_,C_pe,,0,False,,False,False,False,False,False,False,False,False,False,True,2,(R)-3-hydroxypalmitoyl-CoA_,False,
m1545[C_pe],(R)-3-hydroxyoctadecanoyl-CoA_ActiveX VT_ERROR:,C_pe,,0,False,,False,False,False,False,False,False,False,False,False,True,2,(R)-3-hydroxyoctadecanoyl-CoA_ActiveX VT_ERROR:,False,
m1546[C_pe],(R)-3-hydroxyhexacosanoyl-CoA_,C_pe,,0,False,,False,False,False,False,False,False,False,False,False,True,2,(R)-3-hydroxyhexacosanoyl-CoA_,False,
m1547[C_pe],(R)-3-hydroxybutanoyl-CoA_C25H42N7O18P3S,C_pe,C25H42N7O18P3S,0,False,,False,False,False,False,False,False,False,False,True,True,2,(R)-3-hydroxybutanoyl-CoA,False,
m1548[C_pe],(R)-3-hydroxyhexanoyl-CoA_C27H46N7O18P3S,C_pe,C27H46N7O18P3S,0,False,,False,False,False,False,False,False,False,False,True,True,2,(R)-3-hydroxyhexanoyl-CoA,False,
m1549[C_pe],(R)-3-hydroxyoctanoyl-CoA_C29H50N7O18P3S,C_pe,C29H50N7O18P3S,0,False,,False,False,False,False,False,False,False,False,True,True,2,(R)-3-hydroxyoctanoyl-CoA,False,
m1550[C_pe],(R)-3-hydroxyicosanoyl-CoA_,C_pe,,0,False,,False,False,False,False,False,False,False,False,False,True,2,(R)-3-hydroxyicosanoyl-CoA_,False,
m1551[C_pe],(R)-3-hydroxydocosanoyl-CoA_,C_pe,,0,False,,False,False,False,False,False,False,False,False,False,True,2,(R)-3-hydroxydocosanoyl-CoA_,False,
m1552[C_pe],(R)-3-hydroxytetracosanoyl-CoA_,C_pe,,0,False,,False,False,False,False,False,False,False,False,False,True,2,(R)-3-hydroxytetracosanoyl-CoA_,False,
m1553[C_pe],(R)-3-hydroxy-cis-hexadec-9-enoyl-CoA_,C_pe,,0,False,,False,False,False,False,False,False,False,False,False,True,2,(R)-3-hydroxy-cis-hexadec-9-enoyl-CoA_,False,
m1554[C_pe],(R)-3-hydroxy-cis-tetradec-7-enoyl-CoA_,C_pe,,0,False,,False,False,False,False,False,False,False,False,False,True,2,(R)-3-hydroxy-cis-tetradec-7-enoyl-CoA_,False,
m1555[C_pe],(R)-3-hydroxy-cis-dodec-5-enoyl-CoA_,C_pe,,0,False,,False,False,False,False,False,False,False,False,False,True,2,(R)-3-hydroxy-cis-dodec-5-enoyl-CoA_,False,
m1556[C_pe],(R)-3-hydroxy-cis-octadec-9-enoyl-CoA_,C_pe,,0,False,,False,False,False,False,False,False,False,False,False,True,2,(R)-3-hydroxy-cis-octadec-9-enoyl-CoA_,False,
m1557[C_pe],(R)-3-hydroxy-cis-hexadec-7-enoyl-CoA_,C_pe,,0,False,,False,False,False,False,False,False,False,False,False,True,2,(R)-3-hydroxy-cis-hexadec-7-enoyl-CoA_,False,
m1558[C_pe],(R)-3-hydroxy-cis-tetradec-5-enoyl-CoA_,C_pe,,0,False,,False,False,False,False,False,False,False,False,False,True,2,(R)-3-hydroxy-cis-tetradec-5-enoyl-CoA_,False,
m1559[C_pe],acetoacetyl-CoA_C25H40N7O18P3S,C_pe,C25H40N7O18P3S,-4,True,"bigg.metabolite,biggM,chebi,envipath,envipathM,hmdb,inchi,inchikey,kegg.compound,keggC,lipidmaps,lipidmapsM,metacyc.compound,metacycM,metanetx.chemical,reactome,reactomeM,sabiork.compound,sabiorkM,seed.compound,seedM,slm,vmhM,vmhmetabolite",True,True,True,True,True,True,False,True,True,True,2,acetoacetyl-CoA,True,m189[C_cy]
m1560[C_pe],3-oxohexanoyl-CoA_C27H44N7O18P3S,C_pe,C27H44N7O18P3S,-4,True,"bigg.metabolite,biggM,chebi,hmdb,inchi,inchikey,kegg.compound,keggC,lipidmaps,lipidmapsM,metacyc.compound,metacycM,metanetx.chemical,reactome,reactomeM,sabiork.compound,sabiorkM,seed.compound,seedM,slm,vmhM,vmhmetabolite",True,True,True,True,True,True,False,True,True,True,2,3-oxohexanoyl-CoA,False,
m1561[C_pe],3-oxooctanoyl-CoA_,C_pe,,0,False,,False,False,False,False,False,False,False,False,False,True,2,3-oxooctanoyl-CoA_,False,
m1562[C_pe],3-oxoicosanoyl-CoA_C41H72N7O18P3S,C_pe,C41H72N7O18P3S,0,False,,False,False,False,False,False,False,False,False,True,True,2,3-oxoicosanoyl-CoA,False,
m1563[C_pe],3-oxodocosanoyl-CoA_C43H76N7O18P3S,C_pe,C43H76N7O18P3S,-4,True,"bigg.metabolite,biggM,chebi,hmdb,inchi,inchikey,lipidmaps,lipidmapsM,metacyc.compound,metacycM,metanetx.chemical,reactome,reactomeM,seed.compound,seedM,slm,vmhM,vmhmetabolite",True,False,True,True,True,True,False,True,True,True,2,3-oxodocosanoyl-CoA,True,m1433[C_em]
m1564[C_pe],3-oxotetracosanoyl-CoA_C45H80N7O18P3S,C_pe,C45H80N7O18P3S,-4,True,"bigg.metabolite,biggM,chebi,hmdb,inchi,inchikey,lipidmaps,lipidmapsM,metacyc.compound,metacycM,metanetx.chemical,seed.compound,seedM,slm,vmhM,vmhmetabolite",True,False,True,True,True,True,False,True,True,True,2,3-oxotetracosanoyl-CoA,True,m1435[C_em]
m1565[C_pe],3-oxo-cis-hexadec-9-enoyl-CoA_,C_pe,,0,False,,False,False,False,False,False,False,False,False,False,True,2,3-oxo-cis-hexadec-9-enoyl-CoA_,False,
m1566[C_pe],3-oxo-cis-tetradec-7-enoyl-CoA_,C_pe,,0,False,,False,False,False,False,False,False,False,False,False,True,2,3-oxo-cis-tetradec-7-enoyl-CoA_,False,
m1567[C_pe],3-oxo-cis-dodec-5-enoyl-CoA_,C_pe,,0,False,,False,False,False,False,False,False,False,False,False,True,2,3-oxo-cis-dodec-5-enoyl-CoA_,False,
m1568[C_pe],3-oxo-cis-octadec-9-enoyl-CoA_,C_pe,,0,False,,False,False,False,False,False,False,False,False,False,True,2,3-oxo-cis-octadec-9-enoyl-CoA_,False,
m1569[C_pe],3-oxo-cis-hexadec-7-enoyl-CoA_,C_pe,,0,False,,False,False,False,False,False,False,False,False,False,True,2,3-oxo-cis-hexadec-7-enoyl-CoA_,False,
m1570[C_pe],3-oxo-cis-tetradec-5-enoyl-CoA_,C_pe,,0,False,,False,False,False,False,False,False,False,False,False,True,2,3-oxo-cis-tetradec-5-enoyl-CoA_,False,
m1571[C_pe],cis-dec-3-enoyl-CoA_,C_pe,,0,False,,False,False,False,False,False,False,False,False,False,True,2,cis-dec-3-enoyl-CoA_,False,
m1572[C_pe],cis-dodec-3-enoyl-CoA_,C_pe,,0,False,,False,False,False,False,False,False,False,False,False,True,2,cis-dodec-3-enoyl-CoA_,False,
m1573[C_pe],"trans-3,cis-5-dodecadienoyl-CoA_",C_pe,,0,False,,False,False,False,False,False,False,False,False,False,True,2,"trans-3,cis-5-dodecadienoyl-CoA_",False,
m1574[C_pe],trans-dodec-3-enoyl-CoA_,C_pe,,0,False,,False,False,False,False,False,False,False,False,False,True,2,trans-dodec-3-enoyl-CoA_,False,
m1575[C_pe],"trans-3,cis-5-tetradecadienoyl-CoA_",C_pe,,0,False,,False,False,False,False,False,False,False,False,False,True,2,"trans-3,cis-5-tetradecadienoyl-CoA_",False,
m1576[C_pe],trans-tetradec-3-enoyl-CoA_,C_pe,,0,False,,False,False,False,False,False,False,False,False,False,True,2,trans-tetradec-3-enoyl-CoA_,False,
m1577[C_pe],"trans-2,trans-4-dodecadienoyl-CoA_",C_pe,,0,False,,False,False,False,False,False,False,False,False,False,True,2,"trans-2,trans-4-dodecadienoyl-CoA_",False,
m1578[C_pe],"trans-2,trans-4-tetradecadienoyl-CoA_",C_pe,,0,False,,False,False,False,False,False,False,False,False,False,True,2,"trans-2,trans-4-tetradecadienoyl-CoA_",False,
m1579[C_lp],ergosteryl palmitoleate_C44H72O2,C_lp,C44H72O2,0,True,"chebi,inchi,inchikey,lipidmaps,lipidmapsM,metanetx.chemical",False,False,True,True,False,True,False,False,True,True,3,ergosteryl palmitoleate,True,m245[C_em]
m1580[C_lp],H2O_H2O,C_lp,H2O,0,False,,False,False,False,False,False,False,False,False,True,True,16,H2O,False,
m1581[C_lp],ergosteryl oleate_C46H76O2,C_lp,C46H76O2,0,True,"chebi,inchi,inchikey,lipidmaps,lipidmapsM,metacyc.compound,metacycM,metanetx.chemical,seed.compound,seedM",False,False,True,True,False,True,False,True,True,True,3,ergosteryl oleate,True,m236[C_em]
m1582[C_lp],episteryl palmitoleate_,C_lp,,0,False,,False,False,False,False,False,False,False,False,False,True,2,episteryl palmitoleate_,False,
m1583[C_lp],episterol_C28H46O,C_lp,C28H46O,0,True,"bigg.metabolite,biggM,chebi,hmdb,inchi,inchikey,kegg.compound,keggC,lipidmaps,lipidmapsM,metacyc.compound,metacycM,metanetx.chemical,seed.compound,seedM,slm",True,True,True,True,True,True,False,True,True,True,3,episterol,True,m232[C_em]
m1584[C_lp],episteryl oleate_,C_lp,,0,False,,False,False,False,False,False,False,False,False,False,True,2,episteryl oleate_,False,
m1585[C_lp],fecosteryl palmitoleate_C44H74O2,C_lp,C44H74O2,0,True,"chebi,inchi,inchikey,lipidmaps,lipidmapsM,metanetx.chemical",False,False,True,True,False,True,False,False,True,True,2,fecosteryl palmitoleate,True,m246[C_em]
m1586[C_lp],fecosterol_C28H46O,C_lp,C28H46O,0,True,"bigg.metabolite,biggM,chebi,hmdb,inchi,inchikey,kegg.compound,keggC,lipidmaps,lipidmapsM,metacyc.compound,metacycM,metanetx.chemical,sabiork.compound,sabiorkM,seed.compound,seedM,slm,vmhM,vmhmetabolite",True,True,True,True,True,True,False,True,True,True,3,fecosterol,True,m237[C_em]
m1587[C_lp],fecosteryl oleate_C46H78O2,C_lp,C46H78O2,0,True,"chebi,inchi,inchikey,lipidmaps,lipidmapsM,metanetx.chemical",False,False,True,True,False,True,False,False,True,True,2,fecosteryl oleate,True,m238[C_em]
m1588[C_lp],lanosteryl palmitoleate_,C_lp,,0,False,,False,False,False,False,False,False,False,False,False,True,2,lanosteryl palmitoleate_,False,
m1589[C_lp],lanosterol_C30H50O,C_lp,C30H50O,0,True,"bigg.metabolite,biggM,chebi,hmdb,inchi,inchikey,kegg.compound,keggC,lipidmaps,lipidmapsM,metacyc.compound,metacycM,metanetx.chemical,reactome,reactomeM,sabiork.compound,sabiorkM,seed.compound,seedM,slm,vmhM,vmhmetabolite",True,True,True,True,True,True,False,True,True,True,3,lanosterol,True,m239[C_em]
m1590[C_lp],lanosteryl oleate_,C_lp,,0,False,,False,False,False,False,False,False,False,False,False,True,2,lanosteryl oleate_,False,
m1591[C_lp],zymosteryl palmitoleate_C43H72O2,C_lp,C43H72O2,0,True,"chebi,inchi,inchikey,lipidmaps,lipidmapsM,metanetx.chemical",False,False,True,True,False,True,False,False,True,True,2,zymosteryl palmitoleate,True,m248[C_em]
m1592[C_lp],zymosterol_C27H44O,C_lp,C27H44O,0,True,"bigg.metabolite,biggM,chebi,hmdb,inchi,inchikey,kegg.compound,keggC,lipidmaps,lipidmapsM,metacyc.compound,metacycM,metanetx.chemical,reactome,reactomeM,sabiork.compound,sabiorkM,seed.compound,seedM,slm,vmhM,vmhmetabolite",True,True,True,True,True,True,False,True,True,True,3,zymosterol,True,m241[C_em]
m1593[C_lp],zymosteryl oleate_C45H76O2,C_lp,C45H76O2,0,True,"chebi,inchi,inchikey,lipidmaps,lipidmapsM,metanetx.chemical",False,False,True,True,False,True,False,False,True,True,2,zymosteryl oleate,True,m242[C_em]
m1594[C_en],H2O_H2O,C_en,H2O,0,False,,False,False,False,False,False,False,False,False,True,True,17,H2O,False,
m1595[C_en],zymosteryl palmitoleate_C43H72O2,C_en,C43H72O2,0,True,"chebi,inchi,inchikey,lipidmaps,lipidmapsM,metanetx.chemical",False,False,True,True,False,True,False,False,True,True,2,zymosteryl palmitoleate,True,m248[C_em]
m1596[C_en],palmitoleate_C16H30O2,C_en,C16H30O2,0,False,,False,False,False,False,False,False,False,False,True,True,2,palmitoleate,False,
m1597[C_en],zymosteryl oleate_C45H76O2,C_en,C45H76O2,0,True,"chebi,inchi,inchikey,lipidmaps,lipidmapsM,metanetx.chemical",False,False,True,True,False,True,False,False,True,True,2,zymosteryl oleate,True,m242[C_em]
m1598[C_en],oleate_C18H34O2,C_en,C18H34O2,0,False,,False,False,False,False,False,False,False,False,True,True,3,oleate,False,
m1599[C_em],phosphate_H3O4P,C_em,H3O4P,-2,True,"bigg.metabolite,biggM,chebi,envipath,envipathM,hmdb,inchi,inchikey,kegg.compound,kegg.drug,keggC,keggD,metacyc.compound,metacycM,metanetx.chemical,reactome,reactomeM,sabiork.compound,sabiorkM,seed.compound,seedM,vmhM,vmhmetabolite",True,True,True,True,True,True,False,True,True,True,6,phosphate,True,m35[C_cy]
m1600[C_em],CDP_C9H15N3O11P2,C_em,C9H15N3O11P2,-3,True,"bigg.metabolite,biggM,chebi,hmdb,inchi,inchikey,kegg.compound,keggC,metacyc.compound,metacycM,metanetx.chemical,reactome,reactomeM,seed.compound,seedM,vmhM,vmhmetabolite",True,True,True,True,True,True,False,True,True,True,2,CDP,True,m500[C_cy]
m1601[C_em],CMP_C9H14N3O8P,C_em,C9H14N3O8P,-2,True,"bigg.metabolite,biggM,chebi,hmdb,inchi,inchikey,kegg.compound,kegg.glycan,keggC,keggG,metacyc.compound,metacycM,metanetx.chemical,reactome,reactomeM,sabiork.compound,sabiorkM,seed.compound,seedM,vmhM,vmhmetabolite",True,True,True,True,True,True,False,True,True,True,5,CMP,True,m95[C_cy]
m1602[C_em],CDP-ethanolamine_C11H20N4O11P2,C_em,C11H20N4O11P2,-1,True,"bigg.metabolite,biggM,chebi,hmdb,inchi,inchikey,kegg.compound,keggC,metacyc.compound,metacycM,metanetx.chemical,reactome,reactomeM,sabiork.compound,sabiorkM,seed.compound,seedM,vmhM,vmhmetabolite",True,True,True,True,True,True,False,True,True,True,2,CDP-ethanolamine,True,m880[C_cy]
m1603[C_em],CDP-choline_C14H26N4O11P2,C_em,C14H26N4O11P2,-1,True,"bigg.metabolite,biggM,chebi,hmdb,inchi,inchikey,kegg.compound,kegg.drug,keggC,keggD,metacyc.compound,metacycM,metanetx.chemical,reactome,reactomeM,sabiork.compound,sabiorkM,seed.compound,seedM,vmhM,vmhmetabolite",True,True,True,True,True,True,False,True,True,True,2,CDP-choline,True,m407[C_cy]
m1604[C_em],L-serine_C3H7NO3,C_em,C3H7NO3,0,True,"bigg.metabolite,biggM,chebi,envipath,envipathM,hmdb,inchi,inchikey,kegg.compound,kegg.drug,keggC,keggD,metacyc.compound,metacycM,metanetx.chemical,reactome,reactomeM,sabiork.compound,sabiorkM,seed.compound,seedM,vmhM,vmhmetabolite",True,True,True,True,True,True,False,True,True,True,2,L-serine,True,m441[C_cy]
m1605[C_em],myo-inositol_C6H12O6,C_em,C6H12O6,0,True,"bigg.metabolite,biggM,chebi,hmdb,inchi,inchikey,kegg.compound,kegg.drug,keggC,keggD,metacyc.compound,metacycM,metanetx.chemical,reactome,reactomeM,seed.compound,seedM,vmhM,vmhmetabolite",True,True,True,True,True,True,False,True,True,True,2,myo-inositol,True,m814[C_cy]
m1606[C_em],S-adenosyl-L-methionine_C15H22N6O5S,C_em,C15H22N6O5S,1,True,"bigg.metabolite,biggM,chebi,hmdb,inchi,inchikey,kegg.compound,keggC,metacyc.compound,metacycM,metanetx.chemical,reactome,reactomeM,seed.compound,seedM,vmhM,vmhmetabolite",True,True,True,True,True,True,False,True,True,True,5,S-adenosyl-L-methionine,True,m60[C_mi]
m1607[C_em],S-adenosyl-L-homocysteine_C14H20N6O5S,C_em,C14H20N6O5S,0,True,"bigg.metabolite,biggM,chebi,hmdb,inchi,inchikey,kegg.compound,keggC,metacyc.compound,metacycM,metanetx.chemical,reactome,reactomeM,sabiork.compound,sabiorkM,seed.compound,seedM,vmhM,vmhmetabolite",True,True,True,True,True,True,False,True,True,True,5,S-adenosyl-L-homocysteine,True,m62[C_mi]
m1608[C_em],sn-glycero-3-phosphocholine_C8H21NO6P,C_em,C8H21NO6P,0,False,,False,False,False,False,False,False,False,False,True,True,2,sn-glycero-3-phosphocholine,False,
m1609[C_lp],NADPH_C21H30N7O17P3,C_lp,C21H30N7O17P3,-4,True,"bigg.metabolite,biggM,chebi,hmdb,inchi,inchikey,kegg.compound,keggC,metacyc.compound,metacycM,metanetx.chemical,reactome,reactomeM,sabiork.compound,sabiorkM,seed.compound,seedM,vmhM,vmhmetabolite",True,True,True,True,True,True,False,True,True,True,2,NADPH,True,m40[C_cy]
m1610[C_lp],NADP(+)_C21H28N7O17P3,C_lp,C21H28N7O17P3,-3,True,"bigg.metabolite,biggM,chebi,hmdb,inchi,inchikey,kegg.compound,keggC,metacyc.compound,metacycM,metanetx.chemical,reactome,reactomeM,sabiork.compound,sabiorkM,seed.compound,seedM,vmhM,vmhmetabolite",True,True,True,True,True,True,False,True,True,True,2,NADP(+),True,m41[C_cy]
m1611[C_lp],glycerol_C3H8O3,C_lp,C3H8O3,0,True,"bigg.metabolite,biggM,chebi,envipath,envipathM,hmdb,inchi,inchikey,kegg.compound,kegg.drug,keggC,keggD,metacyc.compound,metacycM,metanetx.chemical,reactome,reactomeM,sabiork.compound,sabiorkM,seed.compound,seedM,vmhM,vmhmetabolite",True,True,True,True,True,True,False,True,True,True,2,glycerol,True,m277[C_cy]
m1612[C_en],phosphate_H3O4P,C_en,H3O4P,-2,True,"bigg.metabolite,biggM,chebi,envipath,envipathM,hmdb,inchi,inchikey,kegg.compound,kegg.drug,keggC,keggD,metacyc.compound,metacycM,metanetx.chemical,reactome,reactomeM,sabiork.compound,sabiorkM,seed.compound,seedM,vmhM,vmhmetabolite",True,True,True,True,True,True,False,True,True,True,5,phosphate,True,m35[C_cy]
m1613[C_en],sn-glycero-3-phosphocholine_C8H21NO6P,C_en,C8H21NO6P,0,False,,False,False,False,False,False,False,False,False,True,True,2,sn-glycero-3-phosphocholine,False,
m1614[C_en],1-(sn-glycero-3-phospho)-1D-myo-inositol_C9H18O11P,C_en,C9H18O11P,0,False,,False,False,False,False,False,False,False,False,True,True,2,1-(sn-glycero-3-phospho)-1D-myo-inositol,False,
m1615[C_en],palmitate_C16H32O2,C_en,C16H32O2,0,False,,False,False,False,False,False,False,False,False,True,True,2,palmitate,False,
m1616[C_en],stearate_C18H36O2,C_en,C18H36O2,0,False,,False,False,False,False,False,False,False,False,True,True,2,stearate,False,
m1617[C_vm],H2O_H2O,C_vm,H2O,0,False,,False,False,False,False,False,False,False,False,True,True,5,H2O,False,
m1618[C_vm],phosphate_H3O4P,C_vm,H3O4P,-2,True,"bigg.metabolite,biggM,chebi,envipath,envipathM,hmdb,inchi,inchikey,kegg.compound,kegg.drug,keggC,keggD,metacyc.compound,metacycM,metanetx.chemical,reactome,reactomeM,sabiork.compound,sabiorkM,seed.compound,seedM,vmhM,vmhmetabolite",True,True,True,True,True,True,False,True,True,True,5,phosphate,True,m35[C_cy]
m1619[C_gm],H2O_H2O,C_gm,H2O,0,False,,False,False,False,False,False,False,False,False,True,True,6,H2O,False,
m1620[C_gm],phosphate_H3O4P,C_gm,H3O4P,-2,True,"bigg.metabolite,biggM,chebi,envipath,envipathM,hmdb,inchi,inchikey,kegg.compound,kegg.drug,keggC,keggD,metacyc.compound,metacycM,metanetx.chemical,reactome,reactomeM,sabiork.compound,sabiorkM,seed.compound,seedM,vmhM,vmhmetabolite",True,True,True,True,True,True,False,True,True,True,6,phosphate,True,m35[C_cy]
m1621[C_gm],ATP_C10H16N5O13P3,C_gm,C10H16N5O13P3,-4,True,"bigg.metabolite,biggM,chebi,envipath,envipathM,hmdb,inchi,inchikey,kegg.compound,kegg.drug,keggC,keggD,metacyc.compound,metacycM,metanetx.chemical,reactome,reactomeM,sabiork.compound,sabiorkM,seed.compound,seedM,vmhM,vmhmetabolite",True,True,True,True,True,True,False,True,True,True,3,ATP,True,m16[C_vm]
m1622[C_gm],ADP_C10H15N5O10P2,C_gm,C10H15N5O10P2,-3,True,"bigg.metabolite,biggM,chebi,envipath,envipathM,hmdb,inchi,inchikey,kegg.compound,kegg.glycan,keggC,keggG,metacyc.compound,metacycM,metanetx.chemical,reactome,reactomeM,sabiork.compound,sabiorkM,seed.compound,seedM,vmhM,vmhmetabolite",True,True,True,True,True,True,False,True,True,True,3,ADP,True,m18[C_vm]
m1623[C_mm],H2O_H2O,C_mm,H2O,0,False,,False,False,False,False,False,False,False,False,True,True,4,H2O,False,
m1624[C_mm],palmitoleoyl-CoA_C37H64N7O17P3S,C_mm,C37H64N7O17P3S,0,False,,False,False,False,False,False,False,False,False,True,True,1,palmitoleoyl-CoA,False,
m1625[C_mm],oleoyl-CoA_C39H68N7O17P3S,C_mm,C39H68N7O17P3S,0,False,,False,False,False,False,False,False,False,False,True,True,2,oleoyl-CoA,False,
m1626[C_mm],palmitate_C16H32O2,C_mm,C16H32O2,0,False,,False,False,False,False,False,False,False,False,True,True,2,palmitate,False,
m1627[C_mm],stearate_C18H36O2,C_mm,C18H36O2,0,False,,False,False,False,False,False,False,False,False,True,True,2,stearate,False,
m1628[C_mm],glycerol 3-phosphate_C3H9O6P,C_mm,C3H9O6P,0,False,,False,False,False,False,False,False,False,False,True,True,3,glycerol 3-phosphate,False,
m1629[C_mm],CMP_C9H14N3O8P,C_mm,C9H14N3O8P,-2,True,"bigg.metabolite,biggM,chebi,hmdb,inchi,inchikey,kegg.compound,kegg.glycan,keggC,keggG,metacyc.compound,metacycM,metanetx.chemical,reactome,reactomeM,sabiork.compound,sabiorkM,seed.compound,seedM,vmhM,vmhmetabolite",True,True,True,True,True,True,False,True,True,True,3,CMP,True,m95[C_cy]
m1630[C_mm],phosphate_H3O4P,C_mm,H3O4P,-2,True,"bigg.metabolite,biggM,chebi,envipath,envipathM,hmdb,inchi,inchikey,kegg.compound,kegg.drug,keggC,keggD,metacyc.compound,metacycM,metanetx.chemical,reactome,reactomeM,sabiork.compound,sabiorkM,seed.compound,seedM,vmhM,vmhmetabolite",True,True,True,True,True,True,False,True,True,True,2,phosphate,True,m35[C_cy]
m1631[C_em],phosphatidyl-L-serine_C8H11NO10PR2,C_em,C8H11NO10PR2,0,True,"chebi,metanetx.chemical",False,False,True,True,False,False,False,False,True,True,9,phosphatidyl-L-serine_C8H11NO10PR2,True,m868[C_mm]
m1632[C_em],phosphatidylcholine_C10H18NO8PR2,C_em,C10H18NO8PR2,0,True,"bigg.metabolite,biggM,metanetx.chemical",True,False,True,False,False,False,False,False,True,True,8,phosphatidylcholine_C10H18NO8PR2,True,m791[C_mm]
m1633[C_em],phosphatidylethanolamine_C7H12NO8PR2,C_em,C7H12NO8PR2,0,True,"bigg.metabolite,biggM,metanetx.chemical",True,False,True,False,False,False,False,False,True,True,9,phosphatidylethanolamine_C7H12NO8PR2,True,m599[C_er]
m1634[C_em],triglyceride_ActiveX VT_ERROR:,C_em,,0,False,,False,False,False,False,False,False,False,False,False,True,5,triglyceride_ActiveX VT_ERROR:,False,
m1635[C_cy],heme a_C49H56FeN4O6,C_cy,C49H56FeN4O6,0,True,"bigg.metabolite,biggM,chebi,inchi,inchikey,kegg.compound,keggC,metanetx.chemical,reactome,reactomeM",True,True,True,True,False,True,False,False,True,True,2,heme a_C49H56FeN4O6,True,m609[C_mi]
m1636[C_ex],raffinose_C18H32O16,C_ex,C18H32O16,0,True,"bigg.metabolite,biggM,chebi,hmdb,inchi,inchikey,kegg.compound,kegg.glycan,keggC,keggG,metacyc.compound,metacycM,metanetx.chemical,sabiork.compound,sabiorkM,seed.compound,seedM,vmhM,vmhmetabolite",True,True,True,True,True,True,False,True,True,True,2,raffinose,False,
m1637[C_ex],melibiose_C12H22O11,C_ex,C12H22O11,0,True,"bigg.metabolite,biggM,chebi,inchi,inchikey,kegg.compound,kegg.glycan,keggC,keggG,metacyc.compound,metacycM,metanetx.chemical,sabiork.compound,sabiorkM,seed.compound,seedM",True,True,True,True,False,True,False,True,True,True,2,melibiose,False,
m1640[C_lp],triglyceride_ActiveX VT_ERROR:,C_lp,,0,False,,False,False,False,False,False,False,False,False,False,True,6,triglyceride_ActiveX VT_ERROR:,False,
m1641[C_lp],fatty acid_,C_lp,,0,False,,False,False,False,False,False,False,False,False,False,True,7,fatty acid_,False,
m1642[C_lp],diglyceride_ActiveX VT_ERROR:,C_lp,,0,False,,False,False,False,False,False,False,False,False,False,True,4,diglyceride_ActiveX VT_ERROR:,False,
m1643[C_vm],1-phosphatidyl-1D-myo-inositol 4-phosphate_ActiveX VT_ERROR:,C_vm,,0,False,,False,False,False,False,False,False,False,False,False,True,1,1-phosphatidyl-1D-myo-inositol 4-phosphate_ActiveX VT_ERROR:,False,
m1644[C_en],1-phosphatidyl-1D-myo-inositol_ActiveX VT_ERROR:,C_en,,0,False,,False,False,False,False,False,False,False,False,False,True,5,1-phosphatidyl-1D-myo-inositol_ActiveX VT_ERROR:,False,
m1645[C_en],1-phosphatidyl-1D-myo-inositol 4-phosphate_ActiveX VT_ERROR:,C_en,,0,False,,False,False,False,False,False,False,False,False,False,True,6,1-phosphatidyl-1D-myo-inositol 4-phosphate_ActiveX VT_ERROR:,False,
m1646[C_en],"1-phosphatidyl-1D-myo-inositol 4,5-bisphosphate_ActiveX VT_ERROR:",C_en,,0,False,,False,False,False,False,False,False,False,False,False,True,4,"1-phosphatidyl-1D-myo-inositol 4,5-bisphosphate_ActiveX VT_ERROR:",False,
m1647[C_em],sn-2-acyl-1-lysophosphatidylinositol_,C_em,,0,False,,False,False,False,False,False,False,False,False,False,True,1,sn-2-acyl-1-lysophosphatidylinositol_,False,
m1648[C_em],1-phosphatidyl-1D-myo-inositol_ActiveX VT_ERROR:,C_em,,0,False,,False,False,False,False,False,False,False,False,False,True,12,1-phosphatidyl-1D-myo-inositol_ActiveX VT_ERROR:,False,
m1649[C_em],diglyceride_ActiveX VT_ERROR:,C_em,,0,False,,False,False,False,False,False,False,False,False,False,True,9,diglyceride_ActiveX VT_ERROR:,False,
m1650[C_mm],phosphatidylglycerol_ActiveX VT_ERROR:,C_mm,,0,False,,False,False,False,False,False,False,False,False,False,True,3,phosphatidylglycerol_ActiveX VT_ERROR:,False,
m1651[C_mm],cardiolipin_ActiveX VT_ERROR:,C_mm,,0,False,,False,False,False,False,False,False,False,False,False,True,4,cardiolipin_ActiveX VT_ERROR:,False,
m1652[C_mm],glycerol_C3H8O3,C_mm,C3H8O3,0,True,"bigg.metabolite,biggM,chebi,envipath,envipathM,hmdb,inchi,inchikey,kegg.compound,kegg.drug,keggC,keggD,metacyc.compound,metacycM,metanetx.chemical,reactome,reactomeM,sabiork.compound,sabiorkM,seed.compound,seedM,vmhM,vmhmetabolite",True,True,True,True,True,True,False,True,True,True,1,glycerol,True,m277[C_cy]
m1653[C_mm],3-(3-sn-phosphatidyl)-sn-glycerol 1-phosphate_,C_mm,,0,False,,False,False,False,False,False,False,False,False,False,True,2,3-(3-sn-phosphatidyl)-sn-glycerol 1-phosphate_,False,
m1654[C_mm],monolysocardiolipin_,C_mm,,0,False,,False,False,False,False,False,False,False,False,False,True,2,monolysocardiolipin_,False,
m1655[C_mm],fatty acid_,C_mm,,0,False,,False,False,False,False,False,False,False,False,False,True,2,fatty acid_,False,
m1656[C_em],1-acylglycerophosphoethanolamine_,C_em,,0,False,,False,False,False,False,False,False,False,False,False,True,2,1-acylglycerophosphoethanolamine_,False,
m1657[C_em],1-acylglycerophosphocholine_C9H20NO7PR,C_em,C9H20NO7PR,0,False,,False,False,False,False,False,False,False,False,True,True,4,1-acylglycerophosphocholine_C9H20NO7PR,False,
m1658[C_em],fatty acid_,C_em,,0,False,,False,False,False,False,False,False,False,False,False,True,3,fatty acid_,False,
m1659[C_en],phosphatidylcholine_C10H18NO8PR2,C_en,C10H18NO8PR2,0,True,"bigg.metabolite,biggM,metanetx.chemical",True,False,True,False,False,False,False,False,True,True,5,phosphatidylcholine_C10H18NO8PR2,True,m791[C_mm]
m1660[C_en],1-acylglycerophosphocholine_C9H20NO7PR,C_en,C9H20NO7PR,0,False,,False,False,False,False,False,False,False,False,True,True,2,1-acylglycerophosphocholine_C9H20NO7PR,False,
m1661[C_en],fatty acid_,C_en,,0,False,,False,False,False,False,False,False,False,False,False,True,9,fatty acid_,False,
m1662[C_en],phosphatidylethanolamine_C7H12NO8PR2,C_en,C7H12NO8PR2,0,True,"bigg.metabolite,biggM,metanetx.chemical",True,False,True,False,False,False,False,False,True,True,3,phosphatidylethanolamine_C7H12NO8PR2,True,m599[C_er]
m1663[C_en],1-acylglycerophosphoethanolamine_,C_en,,0,False,,False,False,False,False,False,False,False,False,False,True,3,1-acylglycerophosphoethanolamine_,False,
m1664[C_en],sn-glycero-3-phosphoethanolamine_,C_en,,0,False,,False,False,False,False,False,False,False,False,False,True,1,sn-glycero-3-phosphoethanolamine_,False,
m1665[C_en],phosphatidyl-L-serine_C8H11NO10PR2,C_en,C8H11NO10PR2,0,True,"chebi,metanetx.chemical",False,False,True,True,False,False,False,False,True,True,2,phosphatidyl-L-serine_C8H11NO10PR2,True,m868[C_mm]
m1666[C_en],1-acylglycerophosphoserine_,C_en,,0,False,,False,False,False,False,False,False,False,False,False,True,2,1-acylglycerophosphoserine_,False,
m1667[C_en],sn-glycero-3-phosphoserine_,C_en,,0,False,,False,False,False,False,False,False,False,False,False,True,1,sn-glycero-3-phosphoserine_,False,
m1668[C_en],1-acylglycerophosphoinositol_,C_en,,0,False,,False,False,False,False,False,False,False,False,False,True,2,1-acylglycerophosphoinositol_,False,
m1669[C_cy],"1-phosphatidyl-1D-myo-inositol 4,5-bisphosphate_ActiveX VT_ERROR:",C_cy,,0,False,,False,False,False,False,False,False,False,False,False,True,4,"1-phosphatidyl-1D-myo-inositol 4,5-bisphosphate_ActiveX VT_ERROR:",False,
m1670[C_cy],diglyceride_ActiveX VT_ERROR:,C_cy,,0,False,,False,False,False,False,False,False,False,False,False,True,5,diglyceride_ActiveX VT_ERROR:,False,
m1671[C_cy],"1D-myo-inositol 1,4,5-trisphosphate_C6H15O15P3",C_cy,C6H15O15P3,-6,True,"bigg.metabolite,biggM,chebi,hmdb,inchi,inchikey,kegg.compound,keggC,metacyc.compound,metacycM,metanetx.chemical,reactome,reactomeM,sabiork.compound,sabiorkM,seed.compound,seedM,vmhM,vmhmetabolite",True,True,True,True,True,True,False,True,True,True,1,"1D-myo-inositol 1,4,5-trisphosphate",True,m661[C_nu]
m1672[C_nu],"1-phosphatidyl-1D-myo-inositol 4,5-bisphosphate_ActiveX VT_ERROR:",C_nu,,0,False,,False,False,False,False,False,False,False,False,False,True,3,"1-phosphatidyl-1D-myo-inositol 4,5-bisphosphate_ActiveX VT_ERROR:",False,
m1673[C_nu],diglyceride_ActiveX VT_ERROR:,C_nu,,0,False,,False,False,False,False,False,False,False,False,False,True,2,diglyceride_ActiveX VT_ERROR:,False,
m1674[C_mm],diglyceride_ActiveX VT_ERROR:,C_mm,,0,False,,False,False,False,False,False,False,False,False,False,True,2,diglyceride_ActiveX VT_ERROR:,False,
m1675[C_en],phosphatidate_ActiveX VT_ERROR:,C_en,,0,False,,False,False,False,False,False,False,False,False,False,True,3,phosphatidate_ActiveX VT_ERROR:,False,
m1676[C_cy],1-phosphatidyl-1D-myo-inositol 3-phosphate_ActiveX VT_ERROR:,C_cy,,0,False,,False,False,False,False,False,False,False,False,False,True,2,1-phosphatidyl-1D-myo-inositol 3-phosphate_ActiveX VT_ERROR:,False,
m1677[C_em],1-phosphatidyl-1D-myo-inositol 3-phosphate_ActiveX VT_ERROR:,C_em,,0,False,,False,False,False,False,False,False,False,False,False,True,2,1-phosphatidyl-1D-myo-inositol 3-phosphate_ActiveX VT_ERROR:,False,
m1678[C_gm],1-phosphatidyl-1D-myo-inositol 3-phosphate_ActiveX VT_ERROR:,C_gm,,0,False,,False,False,False,False,False,False,False,False,False,True,2,1-phosphatidyl-1D-myo-inositol 3-phosphate_ActiveX VT_ERROR:,False,
m1679[C_gm],1-phosphatidyl-1D-myo-inositol_ActiveX VT_ERROR:,C_gm,,0,False,,False,False,False,False,False,False,False,False,False,True,24,1-phosphatidyl-1D-myo-inositol_ActiveX VT_ERROR:,False,
m1680[C_cy],1-phosphatidyl-1D-myo-inositol 4-phosphate_ActiveX VT_ERROR:,C_cy,,0,False,,False,False,False,False,False,False,False,False,False,True,3,1-phosphatidyl-1D-myo-inositol 4-phosphate_ActiveX VT_ERROR:,False,
m1681[C_em],1-phosphatidyl-1D-myo-inositol 4-phosphate_ActiveX VT_ERROR:,C_em,,0,False,,False,False,False,False,False,False,False,False,False,True,3,1-phosphatidyl-1D-myo-inositol 4-phosphate_ActiveX VT_ERROR:,False,
m1682[C_gm],1-phosphatidyl-1D-myo-inositol 4-phosphate_ActiveX VT_ERROR:,C_gm,,0,False,,False,False,False,False,False,False,False,False,False,True,2,1-phosphatidyl-1D-myo-inositol 4-phosphate_ActiveX VT_ERROR:,False,
m1683[C_cy],"1-phosphatidyl-1D-myo-inositol 3,5-bisphosphate_ActiveX VT_ERROR:",C_cy,,0,False,,False,False,False,False,False,False,False,False,False,True,2,"1-phosphatidyl-1D-myo-inositol 3,5-bisphosphate_ActiveX VT_ERROR:",False,
m1684[C_em],"1-phosphatidyl-1D-myo-inositol 4,5-bisphosphate_ActiveX VT_ERROR:",C_em,,0,False,,False,False,False,False,False,False,False,False,False,True,2,"1-phosphatidyl-1D-myo-inositol 4,5-bisphosphate_ActiveX VT_ERROR:",False,
m1685[C_vm],"1,2-diacylglycerol 3-diphosphate_",C_vm,,0,False,,False,False,False,False,False,False,False,False,False,True,2,"1,2-diacylglycerol 3-diphosphate_",False,
m1686[C_vm],phosphatidate_ActiveX VT_ERROR:,C_vm,,0,False,,False,False,False,False,False,False,False,False,False,True,4,phosphatidate_ActiveX VT_ERROR:,False,
m1687[C_gm],"1,2-diacylglycerol 3-diphosphate_",C_gm,,0,False,,False,False,False,False,False,False,False,False,False,True,2,"1,2-diacylglycerol 3-diphosphate_",False,
m1688[C_gm],phosphatidate_ActiveX VT_ERROR:,C_gm,,0,False,,False,False,False,False,False,False,False,False,False,True,4,phosphatidate_ActiveX VT_ERROR:,False,
m1689[C_cy],1-acyl-sn-glycerol 3-phosphate_ActiveX VT_ERROR:,C_cy,,0,False,,False,False,False,False,False,False,False,False,False,True,1,1-acyl-sn-glycerol 3-phosphate_ActiveX VT_ERROR:,False,
m1690[C_cy],1-monoglyceride_,C_cy,,0,False,,False,False,False,False,False,False,False,False,False,True,1,1-monoglyceride_,False,
m1691[C_vm],1-acyl-sn-glycerol 3-phosphate_ActiveX VT_ERROR:,C_vm,,0,False,,False,False,False,False,False,False,False,False,False,True,1,1-acyl-sn-glycerol 3-phosphate_ActiveX VT_ERROR:,False,
m1692[C_vm],1-monoglyceride_,C_vm,,0,False,,False,False,False,False,False,False,False,False,False,True,1,1-monoglyceride_,False,
m1693[C_gm],1-acyl-sn-glycerol 3-phosphate_ActiveX VT_ERROR:,C_gm,,0,False,,False,False,False,False,False,False,False,False,False,True,1,1-acyl-sn-glycerol 3-phosphate_ActiveX VT_ERROR:,False,
m1694[C_gm],1-monoglyceride_,C_gm,,0,False,,False,False,False,False,False,False,False,False,False,True,1,1-monoglyceride_,False,
m1695[C_lp],1-monoglyceride_,C_lp,,0,False,,False,False,False,False,False,False,False,False,False,True,2,1-monoglyceride_,False,
m1696[C_mi],diglyceride_ActiveX VT_ERROR:,C_mi,,0,False,,False,False,False,False,False,False,False,False,False,True,1,diglyceride_ActiveX VT_ERROR:,False,
m1697[C_mi],1-monoglyceride_,C_mi,,0,False,,False,False,False,False,False,False,False,False,False,True,1,1-monoglyceride_,False,
m1698[C_mi],fatty acid_,C_mi,,0,False,,False,False,False,False,False,False,False,False,False,True,2,fatty acid_,False,
m1699[C_lp],1-acylglycerophosphoethanolamine_,C_lp,,0,False,,False,False,False,False,False,False,False,False,False,True,3,1-acylglycerophosphoethanolamine_,False,
m1700[C_lp],phosphatidylethanolamine_C7H12NO8PR2,C_lp,C7H12NO8PR2,0,True,"bigg.metabolite,biggM,metanetx.chemical",True,False,True,False,False,False,False,False,True,True,6,phosphatidylethanolamine_C7H12NO8PR2,True,m599[C_er]
m1701[C_lp],phosphatidylcholine_C10H18NO8PR2,C_lp,C10H18NO8PR2,0,True,"bigg.metabolite,biggM,metanetx.chemical",True,False,True,False,False,False,False,False,True,True,5,phosphatidylcholine_C10H18NO8PR2,True,m791[C_mm]
m1702[C_lp],1-acylglycerophosphocholine_C9H20NO7PR,C_lp,C9H20NO7PR,0,False,,False,False,False,False,False,False,False,False,True,True,2,1-acylglycerophosphocholine_C9H20NO7PR,False,
m1703[C_vm],diglyceride_ActiveX VT_ERROR:,C_vm,,0,False,,False,False,False,False,False,False,False,False,False,True,1,diglyceride_ActiveX VT_ERROR:,False,
m1704[C_gm],diglyceride_ActiveX VT_ERROR:,C_gm,,0,False,,False,False,False,False,False,False,False,False,False,True,22,diglyceride_ActiveX VT_ERROR:,False,
m1705[C_lp],phosphatidate_ActiveX VT_ERROR:,C_lp,,0,False,,False,False,False,False,False,False,False,False,False,True,5,phosphatidate_ActiveX VT_ERROR:,False,
m1706[C_nu],1-phosphatidyl-1D-myo-inositol_ActiveX VT_ERROR:,C_nu,,0,False,,False,False,False,False,False,False,False,False,False,True,2,1-phosphatidyl-1D-myo-inositol_ActiveX VT_ERROR:,False,
m1707[C_go],inositol-P-ceramide B'-(C24)_,C_go,,0,False,,False,False,False,False,False,False,False,False,False,True,1,inositol-P-ceramide B'-(C24)_,False,
m1708[C_go],inositol-P-ceramide B'-(C26)_,C_go,,0,False,,False,False,False,False,False,False,False,False,False,True,1,inositol-P-ceramide B'-(C26)_,False,
m1709[C_go],inositol-P-ceramide C-(C24)_,C_go,,0,False,,False,False,False,False,False,False,False,False,False,True,1,inositol-P-ceramide C-(C24)_,False,
m1710[C_go],inositol-P-ceramide C-(C26)_,C_go,,0,False,,False,False,False,False,False,False,False,False,False,True,1,inositol-P-ceramide C-(C26)_,False,
m1711[C_go],inositol-P-ceramide A-(C24)_,C_go,,0,False,,False,False,False,False,False,False,False,False,False,True,1,inositol-P-ceramide A-(C24)_,False,
m1712[C_go],inositol-P-ceramide A-(C26)_,C_go,,0,False,,False,False,False,False,False,False,False,False,False,True,1,inositol-P-ceramide A-(C26)_,False,
m1713[C_go],inositol-P-ceramide B-(C24)_,C_go,,0,False,,False,False,False,False,False,False,False,False,False,True,1,inositol-P-ceramide B-(C24)_,False,
m1714[C_go],inositol-P-ceramide B-(C26)_,C_go,,0,False,,False,False,False,False,False,False,False,False,False,True,1,inositol-P-ceramide B-(C26)_,False,
m1715[C_go],inositol-P-ceramide D-(C24)_,C_go,,0,False,,False,False,False,False,False,False,False,False,False,True,1,inositol-P-ceramide D-(C24)_,False,
m1716[C_go],inositol-P-ceramide D-(C26)_,C_go,,0,False,,False,False,False,False,False,False,False,False,False,True,1,inositol-P-ceramide D-(C26)_,False,
m1717[C_em],phosphatidyl-N-methylethanolamine_ActiveX VT_ERROR:,C_em,,0,False,,False,False,False,False,False,False,False,False,False,True,2,phosphatidyl-N-methylethanolamine_ActiveX VT_ERROR:,False,
m1718[C_nu],1-phosphatidyl-1D-myo-inositol 4-phosphate_ActiveX VT_ERROR:,C_nu,,0,False,,False,False,False,False,False,False,False,False,False,True,2,1-phosphatidyl-1D-myo-inositol 4-phosphate_ActiveX VT_ERROR:,False,
m1719[C_em],"phosphatidyl-N,N-dimethylethanolamine_C8H11NO10PR2",C_em,C8H11NO10PR2,0,True,"chebi,kegg.compound,keggC,metanetx.chemical,sabiork.compound,sabiorkM,seed.compound,seedM",False,True,True,True,False,False,False,True,True,True,3,"phosphatidyl-N,N-dimethylethanolamine_C8H11NO10PR2",False,
m1720[C_cy],nicotinate D-ribonucleoside_ActiveX VT_ERROR:,C_cy,,0,False,,False,False,False,False,False,False,False,False,False,True,3,nicotinate D-ribonucleoside_ActiveX VT_ERROR:,False,
m1721[C_cy],pantetheine_ActiveX VT_ERROR:,C_cy,,0,False,,False,False,False,False,False,False,False,False,False,True,1,pantetheine_ActiveX VT_ERROR:,False,
m1722[C_cy],N-pantothenoylcysteine_,C_cy,,0,False,,False,False,False,False,False,False,False,False,False,True,1,N-pantothenoylcysteine_,False,
m1723[C_cy],UDP-D-glucuronate_ActiveX VT_ERROR:,C_cy,,0,False,,False,False,False,False,False,False,False,False,False,True,2,UDP-D-glucuronate_ActiveX VT_ERROR:,False,
m1724[C_cy],D-gluconate_ActiveX VT_ERROR:,C_cy,,0,False,,False,False,False,False,False,False,False,False,False,True,3,D-gluconate_ActiveX VT_ERROR:,False,
m1725[C_cy],ADP-ribose_C15H21N5O14P2,C_cy,C15H21N5O14P2,0,False,,False,False,False,False,False,False,False,False,True,True,1,ADP-ribose,False,
m1726[C_cy],protein_,C_cy,,0,False,,False,False,False,False,False,False,False,False,False,True,2,protein_,False,
m1727[C_cy],lipids_,C_cy,,0,False,,False,False,False,False,False,False,False,False,False,True,2,lipids_,False,
m1731[C_em],linoleoyl-CoA_C39H66N7O17P3S,C_em,C39H66N7O17P3S,0,False,,False,False,False,False,False,False,False,False,True,True,4,linoleoyl-CoA,False,
m1735[C_lp],linoleoyl-CoA_C39H66N7O17P3S,C_lp,C39H66N7O17P3S,0,False,,False,False,False,False,False,False,False,False,True,True,3,linoleoyl-CoA,False,
m1736[C_mm],octanoyl-CoA_C29H50N7O17P3S,C_mm,C29H50N7O17P3S,-4,True,"bigg.metabolite,biggM,chebi,envipath,envipathM,hmdb,inchi,inchikey,kegg.compound,keggC,lipidmaps,lipidmapsM,metacyc.compound,metacycM,metanetx.chemical,reactome,reactomeM,sabiork.compound,sabiorkM,seed.compound,seedM,slm,vmhM,vmhmetabolite",True,True,True,True,True,True,False,True,True,True,1,octanoyl-CoA,True,m193[C_pe]
m1737[C_mm],decanoyl-CoA_C31H54N7O17P3S,C_mm,C31H54N7O17P3S,-4,True,"bigg.metabolite,biggM,chebi,hmdb,inchi,inchikey,kegg.compound,keggC,lipidmaps,lipidmapsM,metacyc.compound,metacycM,metanetx.chemical,reactome,reactomeM,sabiork.compound,sabiorkM,seed.compound,seedM,slm,vmhM,vmhmetabolite",True,True,True,True,True,True,False,True,True,True,2,decanoyl-CoA,True,m195[C_pe]
m1738[C_mm],lauroyl-CoA_C33H58N7O17P3S,C_mm,C33H58N7O17P3S,0,True,"envipath,envipathM,hmdb,inchi,inchikey,metanetx.chemical",False,False,True,False,True,True,False,False,True,True,1,lauroyl-CoA,True,m191[C_pe]
m1739[C_mm],myristoyl-CoA_C35H62N7O17P3S,C_mm,C35H62N7O17P3S,0,True,"bigg.metabolite,biggM,metanetx.chemical",True,False,True,False,False,False,False,False,True,True,1,myristoyl-CoA,True,m188[C_pe]
m1741[C_mm],palmitoyl-CoA_C37H66N7O17P3S,C_mm,C37H66N7O17P3S,0,True,"bigg.metabolite,biggM,metanetx.chemical",True,False,True,False,False,False,False,False,True,True,1,palmitoyl-CoA,True,m184[C_pe]
m1742[C_mm],stearoyl-CoA_C39H70N7O17P3S,C_mm,C39H70N7O17P3S,0,True,"bigg.metabolite,biggM,metanetx.chemical",True,False,True,False,False,False,False,False,True,True,1,stearoyl-CoA,True,m228[C_pe]
m1743[C_mm],linoleoyl-CoA_C39H66N7O17P3S,C_mm,C39H66N7O17P3S,0,False,,False,False,False,False,False,False,False,False,True,True,2,linoleoyl-CoA,False,
m1749[C_em],linoleate_C18H32O2,C_em,C18H32O2,0,False,,False,False,False,False,False,False,False,False,True,True,2,linoleate,False,
m1753[C_en],laurate_C12H24O2,C_en,C12H24O2,0,False,,False,False,False,False,False,False,False,False,True,True,1,laurate,False,
m1754[C_en],myristate_C14H28O2,C_en,C14H28O2,0,False,,False,False,False,False,False,False,False,False,True,True,1,myristate,False,
m1756[C_en],linoleate_C18H32O2,C_en,C18H32O2,0,False,,False,False,False,False,False,False,False,False,True,True,1,linoleate,False,
m1761[C_lp],linoleate_C18H32O2,C_lp,C18H32O2,0,False,,False,False,False,False,False,False,False,False,True,True,3,linoleate,False,
m1765[C_mi],laurate_C12H24O2,C_mi,C12H24O2,0,False,,False,False,False,False,False,False,False,False,True,True,1,laurate,False,
m1766[C_mi],myristate_C14H28O2,C_mi,C14H28O2,0,False,,False,False,False,False,False,False,False,False,True,True,1,myristate,False,
m1768[C_mi],palmitate_C16H32O2,C_mi,C16H32O2,0,False,,False,False,False,False,False,False,False,False,True,True,1,palmitate,False,
m1770[C_mi],stearate_C18H36O2,C_mi,C18H36O2,0,False,,False,False,False,False,False,False,False,False,True,True,1,stearate,False,
m1771[C_mi],oleate_C18H34O2,C_mi,C18H34O2,0,False,,False,False,False,False,False,False,False,False,True,True,1,oleate,False,
m1772[C_mi],linoleate_C18H32O2,C_mi,C18H32O2,0,False,,False,False,False,False,False,False,False,False,True,True,1,linoleate,False,
m1777[C_mm],laurate_C12H24O2,C_mm,C12H24O2,0,False,,False,False,False,False,False,False,False,False,True,True,1,laurate,False,
m1778[C_mm],myristate_C14H28O2,C_mm,C14H28O2,0,False,,False,False,False,False,False,False,False,False,True,True,1,myristate,False,
m1781[C_mm],oleate_C18H34O2,C_mm,C18H34O2,0,False,,False,False,False,False,False,False,False,False,True,True,1,oleate,False,
m1782[C_mm],linoleate_C18H32O2,C_mm,C18H32O2,0,False,,False,False,False,False,False,False,False,False,True,True,1,linoleate,False,
m1785[C_ex],decane_,C_ex,,0,False,,False,False,False,False,False,False,False,False,False,True,1,decane_,False,
m1786[C_cy],decane_,C_cy,,0,False,,False,False,False,False,False,False,False,False,False,True,2,decane_,False,
m1787[C_ex],hexadecane_,C_ex,,0,False,,False,False,False,False,False,False,False,False,False,True,2,hexadecane_,False,
m1788[C_cy],hexadecane_,C_cy,,0,False,,False,False,False,False,False,False,False,False,False,True,2,hexadecane_,False,
m1789[C_cy],decanol_,C_cy,,0,False,,False,False,False,False,False,False,False,False,False,True,3,decanol_,False,
m1790[C_cy],decanal_,C_cy,,0,False,,False,False,False,False,False,False,False,False,False,True,3,decanal_,False,
m1791[C_cy],dodecane_,C_cy,,0,False,,False,False,False,False,False,False,False,False,False,True,2,dodecane_,False,
m1792[C_cy],dodecanol_,C_cy,,0,False,,False,False,False,False,False,False,False,False,False,True,3,dodecanol_,False,
m1793[C_cy],dodecanal_,C_cy,,0,False,,False,False,False,False,False,False,False,False,False,True,3,dodecanal_,False,
m1794[C_cy],hexadecanol_,C_cy,,0,False,,False,False,False,False,False,False,False,False,False,True,3,hexadecanol_,False,
m1795[C_cy],hexadecanal_C16H32O,C_cy,C16H32O,0,True,"bigg.metabolite,biggM,chebi,envipath,envipathM,hmdb,inchi,inchikey,kegg.compound,keggC,lipidmaps,lipidmapsM,metacyc.compound,metacycM,metanetx.chemical,reactome,reactomeM,sabiork.compound,sabiorkM,seed.compound,seedM,slm,vmhM,vmhmetabolite",True,True,True,True,True,True,False,True,True,True,3,hexadecanal,True,m951[C_er]
m1796[C_pe],linoleate_C18H32O2,C_pe,C18H32O2,0,False,,False,False,False,False,False,False,False,False,True,True,3,linoleate,False,
m1797[C_pe],linoleoyl-CoA_C39H66N7O17P3S,C_pe,C39H66N7O17P3S,0,False,,False,False,False,False,False,False,False,False,True,True,3,linoleoyl-CoA,False,
m1798[C_cy],linoleoyl-CoA_C39H66N7O17P3S,C_cy,C39H66N7O17P3S,0,False,,False,False,False,False,False,False,False,False,True,True,5,linoleoyl-CoA,False,
m1799[C_ex],linoleate_C18H32O2,C_ex,C18H32O2,0,False,,False,False,False,False,False,False,False,False,True,True,1,linoleate,False,
m1801[C_cy],linoleate_C18H32O2,C_cy,C18H32O2,0,False,,False,False,False,False,False,False,False,False,True,True,3,linoleate,False,
m1802[C_ex],dodecane_,C_ex,,0,False,,False,False,False,False,False,False,False,False,False,True,1,dodecane_,False,
m1803[C_ex],isocitrate_C6H8O7,C_ex,C6H8O7,0,False,,False,False,False,False,False,False,False,False,True,True,2,isocitrate,False,
m1804[C_cy],D-mannitol_,C_cy,,0,False,,False,False,False,False,False,False,False,False,False,True,2,D-mannitol_,False,
m1805[C_ex],dibutyrin_,C_ex,,0,False,,False,False,False,False,False,False,False,False,False,True,2,dibutyrin_,False,
m1806[C_ex],monobutyrate_,C_ex,,0,False,,False,False,False,False,False,False,False,False,False,True,2,monobutyrate_,False,
m1807[C_ex],tributyrin_,C_ex,,0,False,,False,False,False,False,False,False,False,False,False,True,2,tributyrin_,False,
m1808[C_cy],2'-deoxyinosine-5-phosphate_,C_cy,,0,False,,False,False,False,False,False,False,False,False,False,True,1,2'-deoxyinosine-5-phosphate_,False,
m1809[C_cy],5-oxoproline_,C_cy,,0,False,,False,False,False,False,False,False,False,False,False,True,1,5-oxoproline_,False,
m1810[C_cy],D-glucosamine_,C_cy,,0,False,,False,False,False,False,False,False,False,False,False,True,2,D-glucosamine_,False,
m1811[C_cy],D-serine_,C_cy,,0,False,,False,False,False,False,False,False,False,False,False,True,1,D-serine_,False,
m1812[C_mi],acetoacetate_,C_mi,,0,False,,False,False,False,False,False,False,False,False,False,True,3,acetoacetate_,False,
m1813[C_cy],cellobiose_,C_cy,,0,False,,False,False,False,False,False,False,False,False,False,True,1,cellobiose_,False,
m1814[C_cy],dehydroalanine_,C_cy,,0,False,,False,False,False,False,False,False,False,False,False,True,1,dehydroalanine_,False,
m1815[C_cy],hydroxypyruvate_,C_cy,,0,False,,False,False,False,False,False,False,False,False,False,True,3,hydroxypyruvate_,False,
m1816[C_cy],5-hydroxyisourate_,C_cy,,0,False,,False,False,False,False,False,False,False,False,False,True,2,5-hydroxyisourate_,False,
m1817[C_cy],OHCU_,C_cy,,0,False,,False,False,False,False,False,False,False,False,False,True,2,OHCU_,False,
m1818[C_cy],urate_,C_cy,,0,False,,False,False,False,False,False,False,False,False,False,True,2,urate_,False,
m1819[C_cy],4-fumaryl-acetoacetate_,C_cy,,0,False,,False,False,False,False,False,False,False,False,False,True,2,4-fumaryl-acetoacetate_,False,
m1820[C_cy],4-maleyl-acetoacetate_,C_cy,,0,False,,False,False,False,False,False,False,False,False,False,True,2,4-maleyl-acetoacetate_,False,
m1821[C_cy],acetoacetate_,C_cy,,0,False,,False,False,False,False,False,False,False,False,False,True,3,acetoacetate_,False,
m1822[C_cy],homogentisate_,C_cy,,0,False,,False,False,False,False,False,False,False,False,False,True,2,homogentisate_,False,
m1823[C_cy],D-arabinitol_,C_cy,,0,False,,False,False,False,False,False,False,False,False,False,True,3,D-arabinitol_,False,
m1824[C_ex],D-mannitol_,C_ex,,0,False,,False,False,False,False,False,False,False,False,False,True,2,D-mannitol_,False,
m1825[C_cy],erythritol_,C_cy,,0,False,,False,False,False,False,False,False,False,False,False,True,2,erythritol_,False,
m1826[C_ex],erythritol_,C_ex,,0,False,,False,False,False,False,False,False,False,False,False,True,2,erythritol_,False,
m1827[C_cy],erythrose_,C_cy,,0,False,,False,False,False,False,False,False,False,False,False,True,2,erythrose_,False,
m1828[C_mi],3-methylbutanoyl-CoA_C26H44N7O17P3S,C_mi,C26H44N7O17P3S,-4,True,"bigg.metabolite,biggM,chebi,hmdb,inchi,inchikey,kegg.compound,keggC,lipidmaps,lipidmapsM,metacyc.compound,metacycM,metanetx.chemical,reactome,reactomeM,sabiork.compound,sabiorkM,seed.compound,seedM,slm,vmhM,vmhmetabolite",True,True,True,True,True,True,False,True,True,True,3,3-methylbutanoyl-CoA,False,
m1829[C_mi],2-methylpropanoyl-CoA_C25H42N7O17P3S,C_mi,C25H42N7O17P3S,-4,True,"bigg.metabolite,biggM,chebi,envipath,envipathM,hmdb,inchi,inchikey,kegg.compound,keggC,lipidmaps,lipidmapsM,metacyc.compound,metacycM,metanetx.chemical,reactome,reactomeM,sabiork.compound,sabiorkM,seed.compound,seedM,slm,vmhM,vmhmetabolite",True,True,True,True,True,True,False,True,True,True,2,2-methylpropanoyl-CoA,False,
m1830[C_mi],(S)-2-methylbutanoyl-CoA_C26H44N7O17P3S,C_mi,C26H44N7O17P3S,0,False,,False,False,False,False,False,False,False,False,True,True,1,(S)-2-methylbutanoyl-CoA,False,
m1831[C_mi],3-methylcrotonyl-CoA_C26H42N7O17P3S,C_mi,C26H42N7O17P3S,0,True,"envipath,envipathM,hmdb,inchi,inchikey,metanetx.chemical",False,False,True,False,True,True,False,False,True,True,3,3-methylcrotonyl-CoA,False,
m1832[C_mi],3-methylglutaconyl-CoA_C27H42N7O19P3S,C_mi,C27H42N7O19P3S,0,False,,False,False,False,False,False,False,False,False,True,True,2,3-methylglutaconyl-CoA,False,
m1833[C_mi],glutaryl-CoA_C26H42N7O19P3S,C_mi,C26H42N7O19P3S,0,True,"bigg.metabolite,biggM,metanetx.chemical",True,False,True,False,False,False,False,False,True,True,2,glutaryl-CoA,False,
m1834[C_mi],crotonoyl-CoA_C25H40N7O17P3S,C_mi,C25H40N7O17P3S,0,False,,False,False,False,False,False,False,False,False,True,True,2,crotonoyl-CoA,False,
m1835[C_mi],(S)-3-hydroxybutanoyl-CoA_C25H42N7O18P3S,C_mi,C25H42N7O18P3S,0,False,,False,False,False,False,False,False,False,False,True,True,2,(S)-3-hydroxybutanoyl-CoA,False,
m1836[C_ex],D-arabinitol_,C_ex,,0,False,,False,False,False,False,False,False,False,False,False,True,2,D-arabinitol_,False,
m1837[C_ex],2-Deoxy-D-Ribose,C_ex,C5H10O4,0,True,"bigg.metabolite,biggM,chebi,inchi,inchikey,kegg.compound,keggC,metacyc.compound,metacycM,metanetx.chemical,seed.compound,seedM",True,True,True,True,False,True,False,True,True,True,2,2-Deoxy-D-Ribose,False,
m1838[C_ex],Palatinose,C_ex,,0,True,"kegg.glycan,keggG,metanetx.chemical",False,False,True,False,False,False,False,False,False,True,2,Palatinose,False,
m1841[C_ex],Salicin,C_ex,,0,True,"bigg.metabolite,biggM,metanetx.chemical",True,False,True,False,False,False,False,False,False,True,2,Salicin,False,
m1842[C_cy],Salicin-6-phosphate,C_cy,C13H17O10P,-2,True,"bigg.metabolite,biggM,chebi,inchi,inchikey,kegg.compound,keggC,metacyc.compound,metacycM,metanetx.chemical,sabiork.compound,sabiorkM,seed.compound,seedM,vmhM,vmhmetabolite",True,True,True,True,False,True,False,True,True,True,2,Salicin-6-phosphate,False,
m1843[C_cy],Salicyl alcohol,C_cy,C7H8O2,0,True,"bigg.metabolite,biggM,chebi,envipath,envipathM,hmdb,inchi,inchikey,kegg.compound,kegg.drug,keggC,keggD,metacyc.compound,metacycM,metanetx.chemical,sabiork.compound,sabiorkM,seed.compound,seedM,vmhM,vmhmetabolite",True,True,True,True,True,True,False,True,True,True,1,Salicyl alcohol,False,
m1844[C_ex],5-aminopentanoate,C_ex,,0,True,"bigg.metabolite,biggM,metanetx.chemical",True,False,True,False,False,False,False,False,False,True,2,5-aminopentanoate,True,m1845[C_cy]
m1845[C_cy],5-aminopentanoate,C_cy,,0,True,"bigg.metabolite,biggM,metanetx.chemical",True,False,True,False,False,False,False,False,False,True,2,5-aminopentanoate,True,m1844[C_ex]
m1846[C_cy],5-Oxopentanoate,C_cy,C5H7O3,-1,True,"bigg.metabolite,biggM,chebi,envipath,envipathM,hmdb,inchi,inchikey,kegg.compound,keggC,lipidmaps,lipidmapsM,metacyc.compound,metacycM,metanetx.chemical,sabiork.compound,sabiorkM,seed.compound,seedM,slm,vmhM,vmhmetabolite",True,True,True,True,True,True,False,True,True,True,1,5-Oxopentanoate,False,
m1847[C_ex],D-Glucosamine,C_ex,,0,True,"chebi,metanetx.chemical",False,False,True,True,False,False,False,False,False,True,2,D-Glucosamine,False,
m1848[C_cy],(R)-3-Hydroxybutanoate,C_cy,C4H7O3,-1,True,"bigg.metabolite,biggM,chebi,envipath,envipathM,hmdb,inchi,inchikey,kegg.compound,keggC,lipidmaps,lipidmapsM,metacyc.compound,metacycM,metanetx.chemical,reactome,reactomeM,sabiork.compound,sabiorkM,seed.compound,seedM,vmhM,vmhmetabolite",True,True,True,True,True,True,False,True,True,True,2,(R)-3-Hydroxybutanoate,True,m1849[C_ex]
m1849[C_ex],(R)-3-Hydroxybutanoate,C_ex,C4H7O3,-1,True,"bigg.metabolite,biggM,chebi,envipath,envipathM,hmdb,inchi,inchikey,kegg.compound,keggC,lipidmaps,lipidmapsM,metacyc.compound,metacycM,metanetx.chemical,reactome,reactomeM,sabiork.compound,sabiorkM,seed.compound,seedM,vmhM,vmhmetabolite",True,True,True,True,True,True,False,True,True,True,2,(R)-3-Hydroxybutanoate,True,m1848[C_cy]
m1851[C_ex],5-Keto-D-Gluconic Acid,C_ex,,0,False,,False,False,False,False,False,False,False,False,False,True,2,5-Keto-D-Gluconic Acid,False,
m1852[C_cy],5-Keto-D-Gluconic Acid,C_cy,,0,False,,False,False,False,False,False,False,False,False,False,True,2,5-Keto-D-Gluconic Acid,False,
m1853[C_ex],malonate,C_ex,C3H2O4,-2,True,"bigg.metabolite,biggM,chebi,envipath,envipathM,hmdb,inchi,inchikey,kegg.compound,keggC,lipidmaps,lipidmapsM,metacyc.compound,metacycM,metanetx.chemical,sabiork.compound,sabiorkM,seed.compound,seedM,slm,vmhM,vmhmetabolite",True,True,True,True,True,True,False,True,True,True,2,malonate,True,m1854[C_cy]
m1854[C_cy],malonate,C_cy,C3H2O4,-2,True,"bigg.metabolite,biggM,chebi,envipath,envipathM,hmdb,inchi,inchikey,kegg.compound,keggC,lipidmaps,lipidmapsM,metacyc.compound,metacycM,metanetx.chemical,sabiork.compound,sabiorkM,seed.compound,seedM,slm,vmhM,vmhmetabolite",True,True,True,True,True,True,False,True,True,True,2,malonate,True,m1853[C_ex]
m1855[C_cy],malonyl-CoA,C_cy,C24H33N7O19P3S,-5,True,"bigg.metabolite,biggM,chebi,hmdb,inchi,inchikey,kegg.compound,keggC,lipidmaps,lipidmapsM,metacyc.compound,metacycM,metanetx.chemical,reactome,reactomeM,sabiork.compound,sabiorkM,seed.compound,seedM,slm,vmhM,vmhmetabolite",True,True,True,True,True,True,False,True,True,True,2,malonyl-CoA,True,m198[C_mi]
m1856[C_ex],3-oxalomalate,C_ex,C6H3O8,-3,True,"chebi,hmdb,inchi,inchikey,kegg.compound,keggC,metacyc.compound,metacycM,metanetx.chemical,seed.compound,seedM,vmhM,vmhmetabolite",False,True,True,True,True,True,False,True,True,True,2,3-oxalomalate,True,m1857[C_cy]
m1857[C_cy],3-oxalomalate,C_cy,C6H3O8,-3,True,"chebi,hmdb,inchi,inchikey,kegg.compound,keggC,metacyc.compound,metacycM,metanetx.chemical,seed.compound,seedM,vmhM,vmhmetabolite",False,True,True,True,True,True,False,True,True,True,2,3-oxalomalate,True,m1856[C_ex]
m1858[C_ex],D-gluconate,C_ex,C6H11O7,-1,True,"bigg.metabolite,biggM,chebi,hmdb,inchi,inchikey,kegg.compound,keggC,metacyc.compound,metacycM,metanetx.chemical,sabiork.compound,sabiorkM,seed.compound,seedM,vmhM,vmhmetabolite",True,True,True,True,True,True,False,True,True,True,3,D-gluconate,False,
m1860[C_ex],Gly_Glu,C_ex,Glu,0,False,,False,False,False,False,False,False,False,False,True,True,2,Gly_Glu,False,
m1861[C_cy],Gly_Glu,C_cy,Glu,0,False,,False,False,False,False,False,False,False,False,True,True,2,Gly_Glu,False,
m1862[C_va],Gly_Glu,C_va,Glu,0,False,,False,False,False,False,False,False,False,False,True,True,2,Gly_Glu,False,
m1863[C_va],L-glycine,C_va,,0,True,"metanetx.chemical,seed.compound,seedM",False,False,True,False,False,False,False,True,False,True,5,L-glycine,True,m155[C_mi]
m1864[C_ex],Gly-Pro,C_ex,,0,False,,False,False,False,False,False,False,False,False,False,True,2,Gly-Pro,False,
m1865[C_cy],Gly-Pro,C_cy,,0,False,,False,False,False,False,False,False,False,False,False,True,2,Gly-Pro,False,
m1866[C_va],Gly-Pro,C_va,,0,False,,False,False,False,False,False,False,False,False,False,True,2,Gly-Pro,False,
m1867[C_va],L-proline,C_va,C5H9NO2,0,True,"bigg.metabolite,biggM,chebi,envipath,envipathM,hmdb,inchi,inchikey,kegg.compound,kegg.drug,keggC,keggD,metacyc.compound,metacycM,metanetx.chemical,reactome,reactomeM,sabiork.compound,sabiorkM,seed.compound,seedM,vmhM,vmhmetabolite",True,True,True,True,True,True,False,True,True,True,2,L-proline,True,m765[C_cy]
m1868[C_ex],2-oxobutanoate,C_ex,C4H5O3,-1,True,"bigg.metabolite,biggM,chebi,envipath,envipathM,hmdb,inchi,inchikey,kegg.compound,keggC,lipidmaps,lipidmapsM,metacyc.compound,metacycM,metanetx.chemical,reactome,reactomeM,sabiork.compound,sabiorkM,seed.compound,seedM,vmhM,vmhmetabolite",True,True,True,True,True,True,False,True,True,True,2,2-oxobutanoate,True,m42[C_mi]
m1869[C_ex],Gly-Asp,C_ex,,0,False,,False,False,False,False,False,False,False,False,False,True,2,Gly-Asp,False,
m1870[C_cy],Gly-Asp,C_cy,,0,False,,False,False,False,False,False,False,False,False,False,True,2,Gly-Asp,False,
m1871[C_va],Gly-Asp,C_va,,0,False,,False,False,False,False,False,False,False,False,False,True,2,Gly-Asp,False,
m1873[C_ex],Propanoate,C_ex,C3H5O2,-1,True,"bigg.metabolite,biggM,chebi,envipath,envipathM,hmdb,inchi,inchikey,kegg.compound,kegg.drug,keggC,keggD,lipidmaps,lipidmapsM,metacyc.compound,metacycM,metanetx.chemical,reactome,reactomeM,sabiork.compound,sabiorkM,seed.compound,seedM,slm,vmhM,vmhmetabolite",True,True,True,True,True,True,False,True,True,True,2,Propanoate,True,m1874[C_cy]
m1874[C_cy],Propanoate,C_cy,C3H5O2,-1,True,"bigg.metabolite,biggM,chebi,envipath,envipathM,hmdb,inchi,inchikey,kegg.compound,kegg.drug,keggC,keggD,lipidmaps,lipidmapsM,metacyc.compound,metacycM,metanetx.chemical,reactome,reactomeM,sabiork.compound,sabiorkM,seed.compound,seedM,slm,vmhM,vmhmetabolite",True,True,True,True,True,True,False,True,True,True,2,Propanoate,True,m1873[C_ex]
m1875[C_cy],propionyl-CoA,C_cy,,0,False,,False,False,False,False,False,False,False,False,False,True,2,propionyl-CoA,False,
m1876[C_ex],Ala-Gly,C_ex,,0,False,,False,False,False,False,False,False,False,False,False,True,2,Ala-Gly,False,
m1877[C_cy],Ala-Gly,C_cy,,0,False,,False,False,False,False,False,False,False,False,False,True,2,Ala-Gly,False,
m1878[C_va],Ala-Gly,C_va,,0,False,,False,False,False,False,False,False,False,False,False,True,2,Ala-Gly,False,
m1879[C_va],L-alanine,C_va,C3H7NO2,0,True,"bigg.metabolite,biggM,chebi,envipath,envipathM,hmdb,inchi,inchikey,kegg.compound,kegg.drug,keggC,keggD,metacyc.compound,metacycM,metanetx.chemical,reactome,reactomeM,sabiork.compound,sabiorkM,seed.compound,seedM,vmhM,vmhmetabolite",True,True,True,True,True,True,False,True,True,True,2,L-alanine,True,m114[C_cy]
m1880[C_ex],Dihydroxy-Acetone,C_ex,,0,False,,False,False,False,False,False,False,False,False,False,True,2,Dihydroxy-Acetone,False,
m1881[C_cy],Dihydroxy-Acetone,C_cy,,0,False,,False,False,False,False,False,False,False,False,False,True,2,Dihydroxy-Acetone,False,
m1882[C_ex],N-Acetyl-D-Glucosamine,C_ex,C8H15NO6,0,True,"bigg.metabolite,biggM,chebi,hmdb,inchi,inchikey,kegg.compound,keggC,metacyc.compound,metacycM,metanetx.chemical,seed.compound,seedM,vmhM,vmhmetabolite",True,True,True,True,True,True,False,True,True,True,2,N-Acetyl-D-Glucosamine,True,m1883[C_cy]
m1883[C_cy],N-Acetyl-D-Glucosamine,C_cy,C8H15NO6,0,True,"bigg.metabolite,biggM,chebi,hmdb,inchi,inchikey,kegg.compound,keggC,metacyc.compound,metacycM,metanetx.chemical,seed.compound,seedM,vmhM,vmhmetabolite",True,True,True,True,True,True,False,True,True,True,3,N-Acetyl-D-Glucosamine,True,m1882[C_ex]
m1884[C_cy],D-Arabinose 5-phosphate,C_cy,C5H9O8P,-2,True,"bigg.metabolite,biggM,chebi,hmdb,inchi,inchikey,kegg.compound,keggC,metacyc.compound,metacycM,metanetx.chemical,sabiork.compound,sabiorkM,seed.compound,seedM,vmhM,vmhmetabolite",True,True,True,True,True,True,False,True,True,True,2,D-Arabinose 5-phosphate,False,
m1885[C_ex],fatty acid,C_ex,,0,True,"kegg.compound,keggC,metanetx.chemical,sabiork.compound,sabiorkM",False,True,True,False,False,False,False,False,False,True,2,fatty acid,False,
m1886[C_go],1D-myo-inositol 1-phosphate,C_go,C6H11O9P,-2,True,"bigg.metabolite,biggM,chebi,hmdb,inchi,inchikey,kegg.compound,keggC,metacyc.compound,metacycM,metanetx.chemical,reactome,reactomeM,sabiork.compound,sabiorkM,seed.compound,seedM,vmhM,vmhmetabolite",True,True,True,True,True,True,False,True,True,True,2,1D-myo-inositol 1-phosphate,True,m728[C_er]
m1887[c_va],L-histidine,c_va,C6H9N3O2,0,True,"bigg.metabolite,biggM,chebi,hmdb,inchi,inchikey,kegg.compound,kegg.drug,keggC,keggD,metacyc.compound,metacycM,metanetx.chemical,reactome,reactomeM,sabiork.compound,sabiorkM,seed.compound,seedM,vmhM,vmhmetabolite",True,True,True,True,True,True,False,True,True,True,1,L-histidine,True,m615[C_cy]
m1888[C_va],L-lysine,C_va,C6H15N2O2,1,True,"bigg.metabolite,biggM,chebi,hmdb,inchi,inchikey,kegg.compound,kegg.drug,keggC,keggD,metacyc.compound,metacycM,metanetx.chemical,reactome,reactomeM,sabiork.compound,sabiorkM,seed.compound,seedM,vmhM,vmhmetabolite",True,True,True,True,True,True,False,True,True,True,1,L-lysine,True,m793[C_cy]
m1889[C_go],UDP-D-galactose,C_go,,0,True,"kegg.glycan,keggG,metanetx.chemical",False,False,True,False,False,False,False,False,False,True,1,UDP-D-galactose,True,m546[C_cy]
m1890[C_cy],Glycerate,C_cy,,0,False,,False,False,False,False,False,False,False,False,False,True,1,Glycerate,False,
m1891[C_cy],"D-Glucono-1,5-lactone",C_cy,,0,True,"bigg.metabolite,biggM,metanetx.chemical",True,False,True,False,False,False,False,False,False,True,1,"D-Glucono-1,5-lactone",False,
m1892[C_ex],Magnesium,C_ex,,0,False,,False,False,False,False,False,False,False,False,False,True,2,Magnesium,False,
m1893[C_cy],Magnesium,C_cy,,0,False,,False,False,False,False,False,False,False,False,False,True,1,Magnesium,False,
m1894[C_go],phosphatidylcholine,C_go,,0,True,"bigg.metabolite,biggM,metanetx.chemical",True,False,True,False,False,False,False,False,False,True,1,phosphatidylcholine,False,
m1895[C_ex],Indole_3_acetonitrile,C_ex,,0,False,,False,False,False,False,False,False,False,False,False,True,2,Indole_3_acetonitrile,False,
m1896[C_cy],Indole_3_acetonitrile,C_cy,,0,False,,False,False,False,False,False,False,False,False,False,True,2,Indole_3_acetonitrile,False,
m1897[C_ex],alpha_Aminopropiononitrile,C_ex,Aminopropiononitrile,0,False,,False,False,False,False,False,False,False,False,True,True,2,alpha_Aminopropiononitrile,False,
m1898[C_cy],alpha_Aminopropiononitrile,C_cy,Aminopropiononitrile,0,False,,False,False,False,False,False,False,False,False,True,True,2,alpha_Aminopropiononitrile,False,
m1899[C_ex],gamma_Amino_gamma_cyanobutanoate,C_ex,,0,False,,False,False,False,False,False,False,False,False,False,True,2,gamma_Amino_gamma_cyanobutanoate,False,
m1900[C_cy],gamma_Amino_gamma_cyanobutanoate,C_cy,,0,False,,False,False,False,False,False,False,False,False,False,True,2,gamma_Amino_gamma_cyanobutanoate,False,
m1901[C_mi],Decanoyl_ACP,C_mi,ACP,0,False,,False,False,False,False,False,False,False,False,True,True,3,Decanoyl_ACP,False,
m1902[C_mi],Dodecanoyl_ACP,C_mi,ACP,0,False,,False,False,False,False,False,False,False,False,True,True,4,Dodecanoyl_ACP,False,
m1903[C_mi],Myristoyl_ACP,C_mi,ACP,0,False,,False,False,False,False,False,False,False,False,True,True,4,Myristoyl_ACP,False,
m1904[C_mi],cis_tetradec_7_enoyl_acyl_carrier_protein__n_C141,C_mi,C141,0,False,,False,False,False,False,False,False,False,False,True,True,2,cis_tetradec_7_enoyl_acyl_carrier_protein__n,False,
m1905[C_mi],Palmitoyl_ACP,C_mi,ACP,0,False,,False,False,False,False,False,False,False,False,True,True,2,Palmitoyl_ACP,False,
m1906[C_mi],cis_hexadec_9_enoyl_acyl_carrier_protein__n_C161,C_mi,C161,0,False,,False,False,False,False,False,False,False,False,True,True,2,cis_hexadec_9_enoyl_acyl_carrier_protein__n,False,
m1907[C_mi],Octadecanoyl_ACP,C_mi,ACP,0,False,,False,False,False,False,False,False,False,False,True,True,1,Octadecanoyl_ACP,False,
m1908[C_mi],cis_octadec_11_enoyl_acyl_carrier_protein,C_mi,,0,False,,False,False,False,False,False,False,False,False,False,True,1,cis_octadec_11_enoyl_acyl_carrier_protein,False,
m1909[C_mi],Octadecynoyl_ACP,C_mi,ACP,0,False,,False,False,False,False,False,False,False,False,True,True,1,Octadecynoyl_ACP,False,
m1910[C_cy],Decanoyl_ACP,C_cy,ACP,0,False,,False,False,False,False,False,False,False,False,True,True,2,Decanoyl_ACP,False,
m1911[C_cy],Dodecanoyl_ACP,C_cy,ACP,0,False,,False,False,False,False,False,False,False,False,True,True,2,Dodecanoyl_ACP,False,
m1912[C_cy],Myristoyl_ACP,C_cy,ACP,0,False,,False,False,False,False,False,False,False,False,True,True,2,Myristoyl_ACP,False,
m1913[C_cy],cis_tetradec_7_enoyl_acyl_carrier_protein__n_C141,C_cy,C141,0,False,,False,False,False,False,False,False,False,False,True,True,2,cis_tetradec_7_enoyl_acyl_carrier_protein__n,False,
m1914[C_cy],Palmitoyl_ACP,C_cy,ACP,0,False,,False,False,False,False,False,False,False,False,True,True,2,Palmitoyl_ACP,False,
m1915[C_cy],cis_hexadec_9_enoyl_acyl_carrier_protein__n_C161,C_cy,C161,0,False,,False,False,False,False,False,False,False,False,True,True,2,cis_hexadec_9_enoyl_acyl_carrier_protein__n,False,
m1916[C_cy],Octadecanoyl_ACP,C_cy,ACP,0,False,,False,False,False,False,False,False,False,False,True,True,2,Octadecanoyl_ACP,False,
m1917[C_cy],cis_octadec_11_enoyl_acyl_carrier_protein,C_cy,,0,False,,False,False,False,False,False,False,False,False,False,True,2,cis_octadec_11_enoyl_acyl_carrier_protein,False,
m1918[C_cy],Octadecynoyl_ACP,C_cy,ACP,0,False,,False,False,False,False,False,False,False,False,True,True,2,Octadecynoyl_ACP,False,
m1919[C_cy],Octanoyl_ACP,C_cy,ACP,0,False,,False,False,False,False,False,False,False,False,True,True,2,Octanoyl_ACP,False,
m1920[C_cy],ACP,C_cy,,0,True,"metanetx.chemical,seed.compound,seedM",False,False,True,False,False,False,False,True,False,True,10,ACP,False,
m1921[C_cy],myristoleate_C14H26O2,C_cy,C14H26O2,0,False,,False,False,False,False,False,False,False,False,True,True,1,myristoleate,False,
m1922[C_cy],octadecadienoate,C_cy,,0,False,,False,False,False,False,False,False,False,False,False,True,1,octadecadienoate,False,
m1923[C_nu],2_Octaprenyl_6_hydroxyphenol__5_repeating_units,C_nu,,0,False,,False,False,False,False,False,False,False,False,False,True,2,2_Octaprenyl_6_hydroxyphenol__5_repeating_units,False,
m1924[C_nu],2_Octaprenyl_6_methoxyphenol__5_repeating_units,C_nu,,0,False,,False,False,False,False,False,False,False,False,False,True,1,2_Octaprenyl_6_methoxyphenol__5_repeating_units,False,
m1925[C_nu],S_Adenosyl_L_methionine,C_nu,,0,False,,False,False,False,False,False,False,False,False,False,True,2,S_Adenosyl_L_methionine,False,
m1926[C_nu],S_Adenosyl_L_homocysteine,C_nu,,0,False,,False,False,False,False,False,False,False,False,False,True,2,S_Adenosyl_L_homocysteine,False,
m1927[C_cy],2_Octaprenyl_6_hydroxyphenol__5_repeating_units,C_cy,,0,False,,False,False,False,False,False,False,False,False,False,True,2,2_Octaprenyl_6_hydroxyphenol__5_repeating_units,False,
m1928[C_cy],2_Octaprenylphenol__5_repeating_units_,C_cy,,0,False,,False,False,False,False,False,False,False,False,False,True,2,2_Octaprenylphenol__5_repeating_units_,False,
m1929[C_cy],3_Hexaprenyl_4_hydroxybenzoate,C_cy,,0,False,,False,False,False,False,False,False,False,False,False,True,2,3_Hexaprenyl_4_hydroxybenzoate,False,
m1930[C_cy],all_trans_Octaprenyl_diphosphate__5_repeating_units,C_cy,,0,False,,False,False,False,False,False,False,False,False,False,True,1,all_trans_Octaprenyl_diphosphate__5_repeating_units,False,
m1931[C_cy],2_Phenylacetamide,C_cy,Phenylacetamide,0,False,,False,False,False,False,False,False,False,False,True,True,2,2_Phenylacetamide,False,
m1932[C_cy],Phenylacetic_acid,C_cy,,0,False,,False,False,False,False,False,False,False,False,False,True,2,Phenylacetic_acid,False,
m1933[C_cy],Indole_3_acetamide,C_cy,,0,False,,False,False,False,False,False,False,False,False,False,True,1,Indole_3_acetamide,False,
m1934[C_cy],omega-hydroxy-decanoate,C_cy,,0,False,,False,False,False,False,False,False,False,False,False,True,2,omega-hydroxy-decanoate,False,
m1935[C_cy],omega-oxo-decanoate,C_cy,,0,False,,False,False,False,False,False,False,False,False,False,True,2,omega-oxo-decanoate,False,
m1936[C_cy],Decanedioate,C_cy,C10H16O4,-2,True,"bigg.metabolite,biggM,chebi,hmdb,inchi,inchikey,kegg.compound,keggC,lipidmaps,lipidmapsM,metacyc.compound,metacycM,metanetx.chemical,seed.compound,seedM,slm,vmhM,vmhmetabolite",True,True,True,True,True,True,False,True,True,True,2,Decanedioate,True,m1937[C_ex]
m1937[C_ex],Decanedioate,C_ex,C10H16O4,-2,True,"bigg.metabolite,biggM,chebi,hmdb,inchi,inchikey,kegg.compound,keggC,lipidmaps,lipidmapsM,metacyc.compound,metacycM,metanetx.chemical,seed.compound,seedM,slm,vmhM,vmhmetabolite",True,True,True,True,True,True,False,True,True,True,1,Decanedioate,True,m1936[C_cy]
m1938[C_cy],omega-hydroxy-dodecanoate,C_cy,,0,False,,False,False,False,False,False,False,False,False,False,True,2,omega-hydroxy-dodecanoate,False,
m1939[C_cy],omega-oxo-dodecanoate,C_cy,,0,False,,False,False,False,False,False,False,False,False,False,True,2,omega-oxo-dodecanoate,False,
m1940[C_cy],Dodecanedioate,C_cy,C12H20O4,-2,True,"bigg.metabolite,biggM,chebi,hmdb,inchi,inchikey,kegg.compound,keggC,lipidmaps,lipidmapsM,metacyc.compound,metacycM,metanetx.chemical,seed.compound,seedM,slm,vmhM,vmhmetabolite",True,True,True,True,True,True,False,True,True,True,2,Dodecanedioate,True,m1941[C_ex]
m1941[C_ex],Dodecanedioate,C_ex,C12H20O4,-2,True,"bigg.metabolite,biggM,chebi,hmdb,inchi,inchikey,kegg.compound,keggC,lipidmaps,lipidmapsM,metacyc.compound,metacycM,metanetx.chemical,seed.compound,seedM,slm,vmhM,vmhmetabolite",True,True,True,True,True,True,False,True,True,True,1,Dodecanedioate,True,m1940[C_cy]
m1942[C_cy],omega-hydroxy-hexadecanoate,C_cy,,0,False,,False,False,False,False,False,False,False,False,False,True,2,omega-hydroxy-hexadecanoate,False,
m1943[C_cy],omega-oxo-hexadecanoate,C_cy,,0,False,,False,False,False,False,False,False,False,False,False,True,2,omega-oxo-hexadecanoate,False,
m1944[C_cy],Hexadecanedioate,C_cy,C16H28O4,-2,True,"bigg.metabolite,biggM,chebi,hmdb,inchi,inchikey,kegg.compound,keggC,lipidmaps,lipidmapsM,metacyc.compound,metacycM,metanetx.chemical,seed.compound,seedM,slm,vmhM,vmhmetabolite",True,True,True,True,True,True,False,True,True,True,2,Hexadecanedioate,True,m1945[C_ex]
m1945[C_ex],Hexadecanedioate,C_ex,C16H28O4,-2,True,"bigg.metabolite,biggM,chebi,hmdb,inchi,inchikey,kegg.compound,keggC,lipidmaps,lipidmapsM,metacyc.compound,metacycM,metanetx.chemical,seed.compound,seedM,slm,vmhM,vmhmetabolite",True,True,True,True,True,True,False,True,True,True,1,Hexadecanedioate,True,m1944[C_cy]
m1946[C_cy],Octanoyl_CoA__n_C80CoA,C_cy,C80CoA,0,False,,False,False,False,False,False,False,False,False,True,True,1,Octanoyl_CoA__n_C80CoA,False,
m1947[C_cy],Decanoyl_CoA__n_C100CoA,C_cy,C100CoA,0,False,,False,False,False,False,False,False,False,False,True,True,1,Decanoyl_CoA__n_C100CoA,False,
m1948[C_cy],Dodecanoyl_CoA__n_C120CoA,C_cy,C120CoA,0,False,,False,False,False,False,False,False,False,False,True,True,1,Dodecanoyl_CoA__n_C120CoA,False,
m1949[C_cy],D-glycerate,C_cy,,0,False,,False,False,False,False,False,False,False,False,False,True,2,D-glycerate,False,
m1950[C_cy],"3,4-Dihydroxyphenylacetate",C_cy,C8H7O4,-1,True,"bigg.metabolite,biggM,chebi,envipath,envipathM,hmdb,inchi,inchikey,kegg.compound,keggC,metacyc.compound,metacycM,metanetx.chemical,reactome,reactomeM,sabiork.compound,sabiorkM,seed.compound,seedM,vmhM,vmhmetabolite",True,True,True,True,True,True,False,True,True,True,2,"3,4-Dihydroxyphenylacetate",False,
m1951[C_cy],Homovanillate,C_cy,C9H9O4,-1,True,"bigg.metabolite,biggM,chebi,envipath,envipathM,hmdb,inchi,inchikey,kegg.compound,keggC,metacyc.compound,metacycM,metanetx.chemical,reactome,reactomeM,seed.compound,seedM,vmhM,vmhmetabolite",True,True,True,True,True,True,False,True,True,True,1,Homovanillate,False,
m1952[C_cy],"3,4-Dihydroxyphenylacetaldehyde",C_cy,C8H8O3,0,True,"bigg.metabolite,biggM,chebi,envipath,envipathM,hmdb,inchi,inchikey,kegg.compound,keggC,metacyc.compound,metacycM,metanetx.chemical,sabiork.compound,sabiorkM,seed.compound,seedM,vmhM,vmhmetabolite",True,True,True,True,True,True,False,True,True,True,2,"3,4-Dihydroxyphenylacetaldehyde",False,
m1953[C_cy],Dopamine,C_cy,C8H12NO2,1,True,"bigg.metabolite,biggM,chebi,envipath,envipathM,hmdb,inchi,inchikey,kegg.compound,kegg.drug,keggC,keggD,metacyc.compound,metacycM,metanetx.chemical,reactome,reactomeM,sabiork.compound,sabiorkM,seed.compound,seedM,vmhM,vmhmetabolite",True,True,True,True,True,True,False,True,True,True,1,Dopamine,False,
m1954[C_cy],"3,4-dihydroxyphenylethyleneglycol",C_cy,,0,False,,False,False,False,False,False,False,False,False,False,True,1,"3,4-dihydroxyphenylethyleneglycol",False,
m1955[C_cy],3-methoxy-4-hydroxyphenylethyleneglycol,C_cy,,0,False,,False,False,False,False,False,False,False,False,False,True,1,3-methoxy-4-hydroxyphenylethyleneglycol,False,
m1956[C_cy],"3,4-dihydroxymandelate",C_cy,,0,False,,False,False,False,False,False,False,False,False,False,True,2,"3,4-dihydroxymandelate",False,
m1957[C_cy],3-methoxy-4-hydroxymandelate,C_cy,,0,False,,False,False,False,False,False,False,False,False,False,True,1,3-methoxy-4-hydroxymandelate,False,
m1958[C_cy],"3,4-dihydroxymandelaldehyde",C_cy,,0,False,,False,False,False,False,False,False,False,False,False,True,2,"3,4-dihydroxymandelaldehyde",False,
m1959[C_cy],"3,4-dihydroxyphenylethyleneglycol",C_cy,,0,False,,False,False,False,False,False,False,False,False,False,True,1,"3,4-dihydroxyphenylethyleneglycol",False,
m1960[C_cy],Dolichyl phosphate D-mannose,C_cy,C31H55O9P,0,True,"bigg.metabolite,biggM,inchi,inchikey,metanetx.chemical,sabiork.compound,sabiorkM,vmhM,vmhmetabolite",True,False,True,False,False,True,False,False,True,True,1,Dolichyl phosphate D-mannose,False,
m1961[C_er],GDP-mannose,C_er,,0,True,"chebi,metanetx.chemical",False,False,True,True,False,False,False,False,False,True,2,GDP-mannose,False,
m1962[C_er],GDP,C_er,C10H12N5O11P2,-3,True,"bigg.metabolite,biggM,chebi,hmdb,inchi,inchikey,kegg.compound,keggC,metacyc.compound,metacycM,metanetx.chemical,reactome,reactomeM,sabiork.compound,sabiorkM,seed.compound,seedM,vmhM,vmhmetabolite",True,True,True,True,True,True,False,True,True,True,2,GDP,True,m261[C_mi]
m1963[C_cy],N-Acetyl-alpha-D-glucosamine 1-phosphate,C_cy,C8H14NO9P,-2,True,"bigg.metabolite,biggM,chebi,hmdb,inchi,inchikey,kegg.compound,keggC,metacyc.compound,metacycM,metanetx.chemical,reactome,reactomeM,sabiork.compound,sabiorkM,seed.compound,seedM,vmhM,vmhmetabolite",True,True,True,True,True,True,False,True,True,True,2,N-Acetyl-alpha-D-glucosamine 1-phosphate,False,
m1964[C_cy],UDP-N-acetyl-D-glucosamine,C_cy,,0,True,"kegg.glycan,keggG,metanetx.chemical",False,False,True,False,False,False,False,False,False,True,2,UDP-N-acetyl-D-glucosamine,True,m1965[C_er]
m1965[C_er],UDP-N-acetyl-D-glucosamine,C_er,,0,True,"kegg.glycan,keggG,metanetx.chemical",False,False,True,False,False,False,False,False,False,True,3,UDP-N-acetyl-D-glucosamine,True,m1964[C_cy]
m1966[C_er],UDP,C_er,C9H11N2O12P2,-3,True,"bigg.metabolite,biggM,chebi,hmdb,inchi,inchikey,kegg.compound,keggC,metacyc.compound,metacycM,metanetx.chemical,reactome,reactomeM,sabiork.compound,sabiorkM,seed.compound,seedM,vmhM,vmhmetabolite",True,True,True,True,True,True,False,True,True,True,3,UDP,True,m11[C_cy]
m1967[C_er],UMP,C_er,C9H11N2O9P,-2,True,"bigg.metabolite,biggM,chebi,hmdb,inchi,inchikey,kegg.compound,keggC,metacyc.compound,metacycM,metanetx.chemical,reactome,reactomeM,sabiork.compound,sabiorkM,seed.compound,seedM,vmhM,vmhmetabolite",True,True,True,True,True,True,False,True,True,True,2,UMP,True,m149[C_cy]
m1968[C_er],N-acetyl-D-glucosaminyldiphosphodolichol,C_er,,0,True,"metanetx.chemical,seed.compound,seedM",False,False,True,False,False,False,False,True,False,True,2,N-acetyl-D-glucosaminyldiphosphodolichol,False,
m1969[C_er],"N,N-diacetylrhitobiosyldiphosphodolichol",C_er,,0,False,,False,False,False,False,False,False,False,False,False,True,1,"N,N-diacetylrhitobiosyldiphosphodolichol",False,
m1970[C_cy],Propanoyl-CoA,C_cy,C24H36N7O17P3S,-4,True,"bigg.metabolite,biggM,chebi,hmdb,inchi,inchikey,kegg.compound,keggC,lipidmaps,lipidmapsM,metacyc.compound,metacycM,metanetx.chemical,reactome,reactomeM,sabiork.compound,sabiorkM,seed.compound,seedM,slm,vmhM,vmhmetabolite",True,True,True,True,True,True,False,True,True,True,4,Propanoyl-CoA,False,
m1971[C_cy],2-Methylpropanoyl-CoA,C_cy,C25H38N7O17P3S,-4,True,"bigg.metabolite,biggM,chebi,envipath,envipathM,hmdb,inchi,inchikey,kegg.compound,keggC,lipidmaps,lipidmapsM,metacyc.compound,metacycM,metanetx.chemical,reactome,reactomeM,sabiork.compound,sabiorkM,seed.compound,seedM,slm,vmhM,vmhmetabolite",True,True,True,True,True,True,False,True,True,True,2,2-Methylpropanoyl-CoA,False,
m1972[C_cy],2-Methylprop-2-enoyl-CoA,C_cy,,0,False,,False,False,False,False,False,False,False,False,False,True,2,2-Methylprop-2-enoyl-CoA,False,
m1973[C_cy],(S)-3-Hydroxyisobutyryl-CoA,C_cy,C25H42N7O18P3S,0,True,"hmdb,inchi,inchikey,metanetx.chemical",False,False,True,False,True,True,False,False,True,True,2,(S)-3-Hydroxyisobutyryl-CoA,False,
m1974[C_cy],(S)-3-Hydroxyisobutyrate,C_cy,,0,True,"bigg.metabolite,biggM,metanetx.chemical",True,False,True,False,False,False,False,False,False,True,2,(S)-3-Hydroxyisobutyrate,False,
m1975[C_cy],(S)-Methylmalonate semialdehyde,C_cy,,0,False,,False,False,False,False,False,False,False,False,False,True,3,(S)-Methylmalonate semialdehyde,False,
m1976[C_cy],3-Oxopropanoate,C_cy,C3H3O3,-1,True,"bigg.metabolite,biggM,chebi,envipath,envipathM,hmdb,inchi,inchikey,kegg.compound,keggC,metacyc.compound,metacycM,metanetx.chemical,reactome,reactomeM,sabiork.compound,sabiorkM,seed.compound,seedM,vmhM,vmhmetabolite",True,True,True,True,True,True,False,True,True,True,3,3-Oxopropanoate,False,
m1977[C_cy],Phenethylamine,C_cy,,0,False,,False,False,False,False,False,False,False,False,False,True,1,Phenethylamine,False,
m1978[C_cy],Sphinganine,C_cy,C18H40NO2,1,True,"bigg.metabolite,biggM,chebi,hmdb,inchi,inchikey,kegg.compound,keggC,lipidmaps,lipidmapsM,metacyc.compound,metacycM,metanetx.chemical,reactome,reactomeM,sabiork.compound,sabiorkM,seed.compound,seedM,slm,vmhM,vmhmetabolite",True,True,True,True,True,True,False,True,True,True,3,Sphinganine,False,
m1979[C_cy],Ceramide-1 (Sphinganine:n-C26:0),C_cy,,0,False,,False,False,False,False,False,False,False,False,False,True,3,Ceramide-1 (Sphinganine:n-C26:0),False,
m1980[C_cy],Ceramide-1 (Sphinganine:n-C24:0),C_cy,,0,False,,False,False,False,False,False,False,False,False,False,True,3,Ceramide-1 (Sphinganine:n-C24:0),False,
m1981[C_cy],Phytosphingosine,C_cy,,0,True,"bigg.metabolite,biggM,metanetx.chemical",True,False,True,False,False,False,False,False,False,True,3,Phytosphingosine,False,
m1982[C_cy],Ceramide-2 (Phytosphingosine:n-C24:0),C_cy,,0,False,,False,False,False,False,False,False,False,False,False,True,3,Ceramide-2 (Phytosphingosine:n-C24:0),False,
m1983[C_cy],Ceramide-2 (Phytosphingosine:n-C26:0),C_cy,,0,False,,False,False,False,False,False,False,False,False,False,True,3,Ceramide-2 (Phytosphingosine:n-C26:0),False,
m1984[C_er],Acyl-coA,C_er,,0,True,"metanetx.chemical,reactome,reactomeM",False,False,True,False,False,False,False,False,False,True,3,Acyl-coA,False,
m1985[C_er],Dihydroceramide,C_er,,0,True,"kegg.compound,keggC,metanetx.chemical",False,True,True,False,False,False,False,False,False,True,2,Dihydroceramide,False,
m1986[C_er],Phytoceramide,C_er,,0,True,"kegg.compound,keggC,metanetx.chemical",False,True,True,False,False,False,False,False,False,True,1,Phytoceramide,False,
m1987[C_cy],UDP-D-xylose,C_cy,C14H20N2O16P2,-2,True,"inchi,inchikey,metacyc.compound,metacycM,metanetx.chemical",False,False,True,False,False,True,False,False,True,True,1,UDP-D-xylose,False,
m1988[C_er],UDP-glucose,C_er,,0,False,,False,False,False,False,False,False,False,False,False,True,2,UDP-glucose,False,
m1989[C_er],Dolichyl beta-D-glucosyl phosphate,C_er,,0,True,"metanetx.chemical,seed.compound,seedM",False,False,True,False,False,False,False,True,False,True,1,Dolichyl beta-D-glucosyl phosphate,False,
m1990[C_cy],3-hydroxypropionyl-coA,C_cy,,0,True,"chebi,metanetx.chemical",False,False,True,True,False,False,False,False,False,True,2,3-hydroxypropionyl-coA,False,
m1991[C_cy],Propenoyl-coA,C_cy,,0,True,"chebi,metanetx.chemical",False,False,True,True,False,False,False,False,False,True,2,Propenoyl-coA,False,
m1992[C_cy],3-hydroxypropanoate,C_cy,C3H5O3,-1,True,"bigg.metabolite,biggM,chebi,envipath,envipathM,hmdb,inchi,inchikey,kegg.compound,keggC,metacyc.compound,metacycM,metanetx.chemical,sabiork.compound,sabiorkM,seed.compound,seedM,vmhM,vmhmetabolite",True,True,True,True,True,True,False,True,True,True,1,3-hydroxypropanoate,False,
m1993[C_cy],phosphatidate,C_cy,,0,True,"bigg.metabolite,biggM,metanetx.chemical",True,False,True,False,False,False,False,False,False,True,2,phosphatidate,False,
m1994[C_cy],"1,2-Diacyl-sn-glycerol",C_cy,,0,True,"bigg.metabolite,biggM,metanetx.chemical",True,False,True,False,False,False,False,False,False,True,10,"1,2-Diacyl-sn-glycerol",True,m2011[C_er]
m1995[C_cy],"Inositol phosphorylceramide, ceramide-1 (24C), yeast-specific",C_cy,,0,True,"metanetx.chemical,seed.compound,seedM",False,False,True,False,False,False,False,True,False,True,2,"Inositol phosphorylceramide, ceramide-1 (24C), yeast-specific",False,
m1996[C_cy],"Inositol phosphorylceramide, ceramide-1 (26C), yeast-specific",C_cy,,0,True,"metanetx.chemical,seed.compound,seedM",False,False,True,False,False,False,False,True,False,True,2,"Inositol phosphorylceramide, ceramide-1 (26C), yeast-specific",False,
m1997[C_cy],"Inositol phosphorylceramide, ceramide-2 (24C), yeast-specific",C_cy,,0,True,"metanetx.chemical,seed.compound,seedM",False,False,True,False,False,False,False,True,False,True,2,"Inositol phosphorylceramide, ceramide-2 (24C), yeast-specific",False,
m1998[C_cy],"Inositol phosphorylceramide, ceramide-2 (26C), yeast-specific",C_cy,,0,True,"metanetx.chemical,seed.compound,seedM",False,False,True,False,False,False,False,True,False,True,2,"Inositol phosphorylceramide, ceramide-2 (26C), yeast-specific",False,
m1999[C_cy],"Inositol phosphorylceramide, ceramide-3 (24C), yeast-specific",C_cy,,0,True,"metanetx.chemical,seed.compound,seedM",False,False,True,False,False,False,False,True,False,True,2,"Inositol phosphorylceramide, ceramide-3 (24C), yeast-specific",False,
m2000[C_cy],"Inositol phosphorylceramide, ceramide-3 (26C), yeast-specific",C_cy,,0,True,"metanetx.chemical,seed.compound,seedM",False,False,True,False,False,False,False,True,False,True,2,"Inositol phosphorylceramide, ceramide-3 (26C), yeast-specific",False,
m2001[C_cy],mannosylinositol phosphorylceramide A (C24)_C54H106NO16P,C_cy,C54H106NO16P,0,False,,False,False,False,False,False,False,False,False,True,True,2,mannosylinositol phosphorylceramide A (C24),False,
m2002[C_cy],mannosylinositol phosphorylceramide A (C26)_C56H110NO16P,C_cy,C56H110NO16P,0,False,,False,False,False,False,False,False,False,False,True,True,2,mannosylinositol phosphorylceramide A (C26),False,
m2003[C_cy],mannosylinositol phosphorylceramide B (C24)_C54H106NO17P,C_cy,C54H106NO17P,0,False,,False,False,False,False,False,False,False,False,True,True,2,mannosylinositol phosphorylceramide B (C24),False,
m2004[C_cy],mannosylinositol phosphorylceramide B (C26)_C56H110NO17P,C_cy,C56H110NO17P,0,False,,False,False,False,False,False,False,False,False,True,True,2,mannosylinositol phosphorylceramide B (C26),False,
m2005[C_cy],mannosylinositol phosphorylceramide C (C24)_C54H106NO18P,C_cy,C54H106NO18P,-1,True,"chebi,inchi,inchikey,metacyc.compound,metacycM,metanetx.chemical,seed.compound,seedM,slm",False,False,True,True,False,True,False,True,True,True,2,mannosylinositol phosphorylceramide C (C24),True,m669[C_er]
m2006[C_cy],mannosylinositol phosphorylceramide C (C26)_C56H110NO18P,C_cy,C56H110NO18P,-1,True,"chebi,inchi,inchikey,metacyc.compound,metacycM,metanetx.chemical,seed.compound,seedM,slm",False,False,True,True,False,True,False,True,True,True,2,mannosylinositol phosphorylceramide C (C26),True,m670[C_er]
m2007[C_cy],Ceramide-3 (Phytosphingosine:n-C24:0OH),C_cy,,0,False,,False,False,False,False,False,False,False,False,False,True,2,Ceramide-3 (Phytosphingosine:n-C24:0OH),False,
m2008[C_cy],Ceramide-3 (Phytosphingosine:n-C26:0OH),C_cy,,0,False,,False,False,False,False,False,False,False,False,False,True,2,Ceramide-3 (Phytosphingosine:n-C26:0OH),False,
m2009[C_cy],Hexadecenoyl-CoA,C_cy,,0,True,"chebi,metanetx.chemical,seed.compound,seedM",False,False,True,True,False,False,False,True,False,True,2,Hexadecenoyl-CoA,False,
m2010[C_cy],Decanoyl-CoA,C_cy,C31H50N7O17P3S,-4,True,"bigg.metabolite,biggM,chebi,hmdb,inchi,inchikey,kegg.compound,keggC,lipidmaps,lipidmapsM,metacyc.compound,metacycM,metanetx.chemical,reactome,reactomeM,sabiork.compound,sabiorkM,seed.compound,seedM,slm,vmhM,vmhmetabolite",True,True,True,True,True,True,False,True,True,True,2,Decanoyl-CoA,False,
m2011[C_er],"1,2-Diacyl-sn-glycerol",C_er,,0,True,"bigg.metabolite,biggM,metanetx.chemical",True,False,True,False,False,False,False,False,False,True,3,"1,2-Diacyl-sn-glycerol",True,m1994[C_cy]
m2014[C_er],Triacylglycerol,C_er,,0,True,"bigg.metabolite,biggM,metanetx.chemical",True,False,True,False,False,False,False,False,False,True,3,Triacylglycerol,False,
m2015[C_cy],Glycolate,C_cy,C2H3O3,-1,True,"bigg.metabolite,biggM,chebi,envipath,envipathM,hmdb,inchi,inchikey,kegg.compound,keggC,metacyc.compound,metacycM,metanetx.chemical,reactome,reactomeM,sabiork.compound,sabiorkM,seed.compound,seedM,vmhM,vmhmetabolite",True,True,True,True,True,True,False,True,True,True,2,Glycolate,True,m2016[C_pe]
m2016[C_pe],Glycolate,C_pe,C2H3O3,-1,True,"bigg.metabolite,biggM,chebi,envipath,envipathM,hmdb,inchi,inchikey,kegg.compound,keggC,metacyc.compound,metacycM,metanetx.chemical,reactome,reactomeM,sabiork.compound,sabiorkM,seed.compound,seedM,vmhM,vmhmetabolite",True,True,True,True,True,True,False,True,True,True,2,Glycolate,True,m2015[C_cy]
m2017[C_pe],Hydrogen peroxide,C_pe,,0,False,,False,False,False,False,False,False,False,False,False,True,2,Hydrogen peroxide,False,
m2018[C_cy],Dolichyl diphosphate,C_cy,C25H46O7P2,0,True,"chebi,hmdb,inchi,inchikey,kegg.compound,keggC,metanetx.chemical,reactome,reactomeM",False,True,True,True,True,True,False,False,True,True,3,Dolichyl diphosphate,True,m2021[C_er]
m2019[C_cy],Dehydrodolichol diphosphate,C_cy,,0,True,"bigg.metabolite,biggM,metanetx.chemical",True,False,True,False,False,False,False,False,False,True,2,Dehydrodolichol diphosphate,False,
m2020[C_cy],"trans,trans-Farnesyl diphosphate",C_cy,,0,False,,False,False,False,False,False,False,False,False,False,True,2,"trans,trans-Farnesyl diphosphate",False,
m2021[C_er],Dolichyl diphosphate,C_er,C25H46O7P2,0,True,"chebi,hmdb,inchi,inchikey,kegg.compound,keggC,metanetx.chemical,reactome,reactomeM",False,True,True,True,True,True,False,False,True,True,2,Dolichyl diphosphate,True,m2018[C_cy]
m2022[C_cy],Agmatine,C_cy,C5H16N4,2,True,"bigg.metabolite,biggM,chebi,hmdb,inchi,inchikey,kegg.compound,keggC,metacyc.compound,metacycM,metanetx.chemical,reactome,reactomeM,sabiork.compound,sabiorkM,seed.compound,seedM,vmhM,vmhmetabolite",True,True,True,True,True,True,False,True,True,True,1,Agmatine,False,
m2023[C_cy],Starch,C_cy,,0,True,"metanetx.chemical,sabiork.compound,sabiorkM",False,False,True,False,False,False,False,False,False,True,2,Starch,False,
m2024[C_cy],Amylose,C_cy,,0,True,"bigg.metabolite,biggM,metanetx.chemical",True,False,True,False,False,False,False,False,False,True,2,Amylose,False,
m2026[C_cy],Phenylacetic acid,C_cy,,0,False,,False,False,False,False,False,False,False,False,False,True,2,Phenylacetic acid,False,
m2027[C_cy],2-Hydroxyphenylacetate,C_cy,,0,False,,False,False,False,False,False,False,False,False,False,True,1,2-Hydroxyphenylacetate,False,
m2028[C_er],Hexadecanoic acid,C_er,,0,True,"bigg.metabolite,biggM,metanetx.chemical",True,False,True,False,False,False,False,False,False,True,1,Hexadecanoic acid,False,
m2029[C_cy],3-Sulfino-L-alanine,C_cy,C3H6NO4S,-1,True,"bigg.metabolite,biggM,chebi,envipath,envipathM,hmdb,inchi,inchikey,kegg.compound,keggC,metacyc.compound,metacycM,metanetx.chemical,reactome,reactomeM,sabiork.compound,sabiorkM,seed.compound,seedM,vmhM,vmhmetabolite",True,True,True,True,True,True,False,True,True,True,2,3-Sulfino-L-alanine,False,
m2030[C_cy],3-Sulfinylpyruvate,C_cy,,0,False,,False,False,False,False,False,False,False,False,False,True,2,3-Sulfinylpyruvate,False,
m2031[C_cy],Mercaptopyruvate,C_cy,,0,False,,False,False,False,False,False,False,False,False,False,True,2,Mercaptopyruvate,False,
m2032[C_cy],Thiosulfate,C_cy,HO3S2,-1,True,"bigg.metabolite,biggM,chebi,envipath,envipathM,hmdb,inchi,inchikey,kegg.compound,keggC,metacyc.compound,metacycM,metanetx.chemical,reactome,reactomeM,sabiork.compound,sabiorkM,seed.compound,seedM,vmhM,vmhmetabolite",True,True,True,True,True,True,False,True,True,True,2,Thiosulfate,False,
m2033[C_cy],Thioredoxin,C_cy,,0,True,"bigg.metabolite,biggM,kegg.compound,keggC,metanetx.chemical,seed.compound,seedM",True,True,True,False,False,False,False,True,False,True,2,Thioredoxin,False,
m2034[C_cy],Thioredoxin disulfide,C_cy,,0,True,"bigg.metabolite,biggM,chebi,metanetx.chemical,reactome,reactomeM",True,False,True,True,False,False,False,False,False,True,2,Thioredoxin disulfide,False,
m2035[C_cy],Cys-Gly,C_cy,,0,False,,False,False,False,False,False,False,False,False,False,True,2,Cys-Gly,False,
m2036[C_cy],L-Methionine S-oxide,C_cy,C5H11NO3S,0,True,"bigg.metabolite,biggM,chebi,envipath,envipathM,hmdb,inchi,inchikey,kegg.compound,keggC,metacyc.compound,metacycM,metanetx.chemical,sabiork.compound,sabiorkM,seed.compound,seedM,vmhM,vmhmetabolite",True,True,True,True,True,True,False,True,True,True,1,L-Methionine S-oxide,False,
m2037[C_cy],S_Adenosyl_L_methionine,C_cy,,0,False,,False,False,False,False,False,False,False,False,False,True,2,S_Adenosyl_L_methionine,False,
m2038[C_cy],S_Adenosyl_L_homocysteine,C_cy,,0,False,,False,False,False,False,False,False,False,False,False,True,2,S_Adenosyl_L_homocysteine,False,
m2039[C_cy],4-Aminobutyraldehyde,C_cy,,0,False,,False,False,False,False,False,False,False,False,False,True,2,4-Aminobutyraldehyde,False,
m2040[C_cy],4-Aminobutanoate,C_cy,C4H9NO2,0,True,"bigg.metabolite,biggM,chebi,envipath,envipathM,hmdb,inchi,inchikey,kegg.compound,kegg.drug,keggC,keggD,lipidmaps,lipidmapsM,metacyc.compound,metacycM,metanetx.chemical,reactome,reactomeM,sabiork.compound,sabiorkM,seed.compound,seedM,vmhM,vmhmetabolite",True,True,True,True,True,True,False,True,True,True,2,4-Aminobutanoate,False,
m2041[C_cy],Succinate semialdehyde,C_cy,C4H5O3,-1,True,"bigg.metabolite,biggM,chebi,envipath,envipathM,hmdb,inchi,inchikey,kegg.compound,keggC,lipidmaps,lipidmapsM,metacyc.compound,metacycM,metanetx.chemical,reactome,reactomeM,sabiork.compound,sabiorkM,seed.compound,seedM,vmhM,vmhmetabolite",True,True,True,True,True,True,False,True,True,True,2,Succinate semialdehyde,False,
m2042[C_cy],Indole-3-acetaldehyde,C_cy,C10H9NO,0,True,"bigg.metabolite,biggM,chebi,hmdb,inchi,inchikey,kegg.compound,keggC,metacyc.compound,metacycM,metanetx.chemical,sabiork.compound,sabiorkM,seed.compound,seedM,vmhM,vmhmetabolite",True,True,True,True,True,True,False,True,True,True,2,Indole-3-acetaldehyde,False,
m2043[C_cy],L-Tryptophan,C_cy,C11H12N2O2,0,True,"bigg.metabolite,biggM,chebi,envipath,envipathM,hmdb,inchi,inchikey,kegg.compound,kegg.drug,keggC,keggD,metacyc.compound,metacycM,metanetx.chemical,reactome,reactomeM,sabiork.compound,sabiorkM,seed.compound,seedM,vmhM,vmhmetabolite",True,True,True,True,True,True,False,True,True,True,1,L-Tryptophan,False,
m2044[C_cy],Indolepyruvate,C_cy,,0,False,,False,False,False,False,False,False,False,False,False,True,2,Indolepyruvate,False,
m2045[C_cy],Methylmalonate,C_cy,C4H4O4,-2,True,"bigg.metabolite,biggM,chebi,envipath,envipathM,hmdb,inchi,inchikey,kegg.compound,keggC,lipidmaps,lipidmapsM,metacyc.compound,metacycM,metanetx.chemical,sabiork.compound,sabiorkM,seed.compound,seedM,vmhM,vmhmetabolite",True,True,True,True,True,True,False,True,True,True,2,Methylmalonate,False,
m2046[C_cy],Succinyl-CoA,C_cy,C25H35N7O19P3S,-5,True,"bigg.metabolite,biggM,chebi,envipath,envipathM,hmdb,inchi,inchikey,kegg.compound,keggC,lipidmaps,lipidmapsM,metacyc.compound,metacycM,metanetx.chemical,reactome,reactomeM,sabiork.compound,sabiorkM,seed.compound,seedM,slm,vmhM,vmhmetabolite",True,True,True,True,True,True,False,True,True,True,2,Succinyl-CoA,False,
m2047[C_cy],(R)-Methylmalonyl-CoA,C_cy,C25H35N7O19P3S,-5,True,"bigg.metabolite,biggM,chebi,inchi,inchikey,kegg.compound,keggC,lipidmaps,lipidmapsM,metacyc.compound,metacycM,metanetx.chemical,reactome,reactomeM,sabiork.compound,sabiorkM,seed.compound,seedM,slm,vmhM,vmhmetabolite",True,True,True,True,False,True,False,True,True,True,2,(R)-Methylmalonyl-CoA,False,
m2048[C_cy],Glyceron phosphate,C_cy,,0,False,,False,False,False,False,False,False,False,False,False,True,3,Glyceron phosphate,False,
m2049[C_cy],3-Methylbutanoyl-CoA,C_cy,C26H40N7O17P3S,-4,True,"bigg.metabolite,biggM,chebi,hmdb,inchi,inchikey,kegg.compound,keggC,lipidmaps,lipidmapsM,metacyc.compound,metacycM,metanetx.chemical,reactome,reactomeM,sabiork.compound,sabiorkM,seed.compound,seedM,slm,vmhM,vmhmetabolite",True,True,True,True,True,True,False,True,True,True,2,3-Methylbutanoyl-CoA,False,
m2050[C_cy],3-Methylcrotonyl-CoA,C_cy,C26H42N7O17P3S,0,True,"envipath,envipathM,hmdb,inchi,inchikey,metanetx.chemical",False,False,True,False,True,True,False,False,True,True,2,3-Methylcrotonyl-CoA,False,
m2052[C_cy],(Indol-3-yl)acetamide,C_cy,,0,False,,False,False,False,False,False,False,False,False,False,True,1,(Indol-3-yl)acetamide,False,
m2053[C_pe],Acetate,C_pe,C2H3O2,-1,True,"bigg.metabolite,biggM,chebi,envipath,envipathM,hmdb,inchi,inchikey,kegg.compound,kegg.drug,keggC,keggD,lipidmaps,lipidmapsM,metacyc.compound,metacycM,metanetx.chemical,reactome,reactomeM,sabiork.compound,sabiorkM,seed.compound,seedM,slm,vmhM,vmhmetabolite",True,True,True,True,True,True,False,True,True,True,2,Acetate,False,
mpyridoxal[C_ex],pyridoxal,C_ex,C8H9NO3,0,True,"bigg.metabolite,biggM,chebi,envipath,envipathM,hmdb,inchi,inchikey,kegg.compound,keggC,metacyc.compound,metacycM,metanetx.chemical,reactome,reactomeM,sabiork.compound,sabiorkM,seed.compound,seedM,vmhM,vmhmetabolite",True,True,True,True,True,True,False,True,True,True,2,pyridoxal,True,m918[C_cy]
mtriolein[C_ex],triolein,C_ex,,0,False,,False,False,False,False,False,False,False,False,False,True,2,triolein,False,
m2054[C_cy],D-Limonene,C_cy,,0,False,,False,False,False,False,False,False,False,False,False,True,2,D-Limonene,False,
m2055[C_ex],D-Limonene,C_ex,,0,False,,False,False,False,False,False,False,False,False,False,True,2,D-Limonene,False,
m2056[C_ex],3-dehydroshikimate,C_ex,C7H7O5,-1,True,"bigg.metabolite,biggM,chebi,envipath,envipathM,hmdb,inchi,inchikey,kegg.compound,keggC,metacyc.compound,metacycM,metanetx.chemical,reactome,reactomeM,sabiork.compound,sabiorkM,seed.compound,seedM,vmhM,vmhmetabolite",True,True,True,True,True,True,False,True,True,True,2,3-dehydroshikimate,True,m99[C_cy]
m2057[C_cy],m2057[C_cy],C_cy,,0,False,,False,False,False,False,False,False,False,False,False,True,2,m2057[C_cy],False,
m2058[C_cy],m2058[C_cy],C_cy,,0,False,,False,False,False,False,False,False,False,False,False,True,2,m2058[C_cy],False,
m2059[C_cy],m2059[C_cy],C_cy,,0,False,,False,False,False,False,False,False,False,False,False,True,2,m2059[C_cy],False,
m2060[C_cy],m2060[C_cy],C_cy,,0,False,,False,False,False,False,False,False,False,False,False,True,2,m2060[C_cy],False,
