reaction_id,reaction_name,reaction_type,gene_reaction_rule,n_genes,n_metabolites,compartments,has_annotation,annotation_keys,has_bigg,has_kegg,has_metanetx,has_rhea,has_ec,has_sbo,gene_ec_codes,met_bigg_id,is_blocked
R1,(R)-lactate:ferricytochrome-c 2-oxidoreductase,transport,(YALI1D11769g and YALI1E03870g) or YALI1C08548g,3,4,"C_cy,C_mi",True,"kegg.reaction,keggr,metanetx.reaction",False,True,True,False,False,False,,,False
R2,(R)-lactate:ferricytochrome-c 2-oxidoreductase,metabolic,YALI1E03870g and YALI1D11769g,2,4,C_mi,True,"kegg.reaction,keggr,metanetx.reaction",False,True,True,False,False,False,,,False
R3,(S)-lactate:ferricytochrome-c 2-oxidoreductase,transport,YALI1E03870g and YALI1D11769g,2,4,"C_cy,C_mi",True,"kegg.reaction,keggr,metanetx.reaction",False,True,True,False,False,False,,,False
R4,"1,3-beta-glucan synthase",transport,YALI1C01944g or YALI1E25018g,2,4,"C_cy,C_en",False,,False,False,False,False,False,False,,,False
R5,(1-6)-beta-glucan synthase,transport,YALI1C19943g,1,4,"C_cy,C_en",False,,False,False,False,False,False,False,,,True
R6,1-(5-phosphoribosyl)-5-[(5-phosphoribosylamino)methylideneamino)imidazole-4-carboxamide isomerase,metabolic,YALI1F07827g,1,2,C_cy,True,"bigg.reaction,biggr,kegg.reaction,keggr,metacyc.reaction,metacycr,metanetx.reaction,rh,rhea,sabiork.reaction,sabiorkr,seed.reaction,seedr,vmhr,vmhreaction",True,True,True,True,False,False,,,False
R7,1-phosphatidylinositol-3-phosphate 5-kinase,metabolic,YALI1E34425g,1,5,C_vm,False,,False,False,False,False,False,False,,,False
R8,1-phosphatidylinositol-3-phosphate 5-kinase,metabolic,YALI1F30903g,1,5,C_en,False,,False,False,False,False,False,False,,,False
R9,1-pyrroline-5-carboxylate dehydrogenase,metabolic,YALI1B12993g,1,6,C_mi,True,"bigg.reaction,biggr,kegg.reaction,keggr,metanetx.reaction,rh,rhea,sabiork.reaction,sabiorkr,seed.reaction,seedr,vmhr,vmhreaction",True,True,True,True,False,False,,,False
R10,"2,3-diketo-5-methylthio-1-phosphopentane degradation reaction",metabolic,YALI1A14287g and YALI1D20706g,2,6,C_cy,True,"bigg.reaction,biggr,metanetx.reaction,rh,rhea,seed.reaction,seedr,vmhr,vmhreaction",True,False,True,True,False,False,,,False
R11,"2,5-diamino-6-ribitylamino-4(3H)-pyrimidinone 5'-phosphate deaminase",metabolic,YALI1F16069g,1,5,C_cy,True,"metanetx.reaction,seed.reaction,seedr",False,False,True,False,False,False,,,True
R12,"2,5-diamino-6-ribosylamino-4(3H)-pyrimidinone 5'-phosphate reductase (NADPH)",metabolic,YALI1D08339g,1,5,C_cy,False,,False,False,False,False,False,False,,,True
R13,2-aceto-2-hydroxybutanoate synthase,metabolic,YALI1C00293g or (YALI1C13355g and YALI1C00293g),2,5,C_mi,True,"bigg.reaction,biggr,kegg.reaction,keggr,metacyc.reaction,metacycr,metanetx.reaction,rh,rhea,sabiork.reaction,sabiorkr,seed.reaction,seedr,vmhr,vmhreaction",True,True,True,True,False,False,,,False
R14,2-amino-4-hydroxy-6-hydroxymethyldihydropteridine diphosphokinase,metabolic,YALI1A03069g,1,5,C_mi,True,"bigg.reaction,biggr,kegg.reaction,keggr,metacyc.reaction,metacycr,metanetx.reaction,rh,rhea,sabiork.reaction,sabiorkr,seed.reaction,seedr,vmhr,vmhreaction",True,True,True,True,False,False,,,True
R15,2-aminoadipate transaminase,metabolic,YALI1E10210g or YALI1E24922g or YALI1E34072g,3,4,C_cy,True,"bigg.reaction,biggr,kegg.reaction,keggr,metacyc.reaction,metacycr,metanetx.reaction,rh,rhea,sabiork.reaction,sabiorkr,seed.reaction,seedr,vmhr,vmhreaction",True,True,True,True,False,False,,,False
R16,2-dehydropantoate 2-reductase,metabolic,YALI1F27761g,1,5,C_cy,True,"bigg.reaction,biggr,kegg.reaction,keggr,metacyc.reaction,metacycr,metanetx.reaction,rh,rhea,sabiork.reaction,sabiorkr,seed.reaction,seedr",True,True,True,True,False,False,,,False
R17,2-deoxy-D-arabino-heptulosonate 7-phosphate synthetase,metabolic,YALI1B26153g or YALI1C09308g,2,5,C_mi,False,,False,False,False,False,False,False,,,True
R18,"2-hexaprenyl-6-methoxy-1,4-benzoquinone methyltransferase",metabolic,YALI1F34625g and YALI1B20527g and YALI1A08781g and YALI1F34675g and YALI1C25352g and YALI1B20835g and YALI1E18269g,7,5,C_mi,False,,False,False,False,False,False,False,,,True
R19,2-hexaprenyl-6-methoxyphenol monooxygenase,metabolic,YALI1F34625g and YALI1B20527g and YALI1A08781g and YALI1F34675g and YALI1C25352g and YALI1B20835g and YALI1E18269g,7,4,C_mi,False,,False,False,False,False,False,False,,,True
R20,2-isopropylmalate hydratase,metabolic,YALI1B02345g,1,3,C_cy,True,"bigg.reaction,biggr,metanetx.reaction",True,False,True,False,False,False,,,False
R21,2-isopropylmalate synthase,metabolic,YALI1B09592g,1,6,C_cy,True,"bigg.reaction,biggr,kegg.reaction,keggr,metacyc.reaction,metacycr,metanetx.reaction,rh,rhea,sabiork.reaction,sabiorkr,seed.reaction,seedr,vmhr,vmhreaction",True,True,True,True,False,False,,,True
R22,2-isopropylmalate synthase,metabolic,YALI1B09592g,1,6,C_mi,True,"bigg.reaction,biggr,kegg.reaction,keggr,metacyc.reaction,metacycr,metanetx.reaction,rh,rhea,sabiork.reaction,sabiorkr,seed.reaction,seedr,vmhr,vmhreaction",True,True,True,True,False,False,,,False
R23,2-keto-4-methylthiobutyrate transamination,metabolic,,0,4,C_cy,True,"bigg.reaction,biggr,metanetx.reaction,seed.reaction,seedr,vmhr,vmhreaction",True,False,True,False,False,False,,,False
R24,2-methylcitrate dehydratase,metabolic,YALI1E03387g,1,3,C_mi,True,"bigg.reaction,biggr,metanetx.reaction,rh,rhea",True,False,True,True,False,False,,,False
R25,2-methylcitrate synthase,metabolic,YALI1E01019g or YALI1E03300g,2,6,C_mi,True,"bigg.reaction,biggr,metanetx.reaction,rh,rhea",True,False,True,True,False,False,,,False
R26,2-oxo-4-methyl-3-carboxypentanoate decarboxylation,metabolic,YALI1D01431g,1,4,C_cy,True,"bigg.reaction,biggr,kegg.reaction,keggr,metacyc.reaction,metacycr,metanetx.reaction,rh,rhea,seed.reaction,seedr,vmhr,vmhreaction",True,True,True,True,False,False,,,True
R27,2-oxo-4-methyl-3-carboxypentanoate decarboxylation,metabolic,YALI1D01431g,1,4,C_mi,True,"bigg.reaction,biggr,kegg.reaction,keggr,metacyc.reaction,metacycr,metanetx.reaction,rh,rhea,seed.reaction,seedr,vmhr,vmhreaction",True,True,True,True,False,False,,,False
R28,"3',5'-bisphosphate nucleotidase",metabolic,YALI1F35109g,1,4,C_cy,True,"bigg.reaction,biggr,kegg.reaction,keggr,metacyc.reaction,metacycr,metanetx.reaction,rh,rhea,sabiork.reaction,sabiorkr,seed.reaction,seedr,vmhr,vmhreaction",True,True,True,True,False,False,,,False
R29,"3',5'-cyclic-nucleotide phosphodiesterase",metabolic,YALI1E38561g or YALI1A07575g,2,4,C_cy,True,"bigg.reaction,biggr,kegg.reaction,keggr,metacyc.reaction,metacycr,metanetx.reaction,rh,rhea,sabiork.reaction,sabiorkr,seed.reaction,seedr,vmhr,vmhreaction",True,True,True,True,False,False,,,False
R30,"3',5'-cyclic-nucleotide phosphodiesterase",metabolic,YALI1A07575g,1,4,C_cy,True,"bigg.reaction,biggr,kegg.reaction,keggr,metacyc.reaction,metacycr,metanetx.reaction,rh,rhea,sabiork.reaction,sabiorkr,seed.reaction,seedr,vmhr,vmhreaction",True,True,True,True,False,False,,,True
R31,"3',5'-cyclic-nucleotide phosphodiesterase",metabolic,YALI1A07575g,1,4,C_cy,True,"bigg.reaction,biggr,kegg.reaction,keggr,metacyc.reaction,metacycr,metanetx.reaction,rh,rhea,sabiork.reaction,sabiorkr,seed.reaction,seedr,vmhr,vmhreaction",True,True,True,True,False,False,,,True
R32,"3',5'-cyclic-nucleotide phosphodiesterase",metabolic,YALI1A07575g,1,4,C_cy,True,"bigg.reaction,biggr,kegg.reaction,keggr,metacyc.reaction,metacycr,metanetx.reaction,rh,rhea,sabiork.reaction,sabiorkr,seed.reaction,seedr,vmhr,vmhreaction",True,True,True,True,False,False,,,False
R33,"3',5'-cyclic-nucleotide phosphodiesterase",metabolic,YALI1A07575g,1,4,C_cy,True,"bigg.reaction,biggr,kegg.reaction,keggr,metacyc.reaction,metacycr,metanetx.reaction,rh,rhea,sabiork.reaction,sabiorkr,seed.reaction,seedr,vmhr,vmhreaction",True,True,True,True,False,False,,,True
R34,"3,4-dihydroxy-2-butanone-4-phosphate synthase",metabolic,YALI1B12042g,1,4,C_cy,True,"bigg.reaction,biggr,kegg.reaction,keggr,metanetx.reaction,sabiork.reaction,sabiorkr,vmhr,vmhreaction",True,True,True,False,False,False,,,True
R35,3-dehydroquinate dehydratase,metabolic,YALI1F16984g,1,3,C_cy,True,"metanetx.reaction,seed.reaction,seedr",False,False,True,False,False,False,,,False
R36,3-dehydroquinate synthase,metabolic,YALI1F16984g,1,3,C_cy,True,"bigg.reaction,biggr,kegg.reaction,keggr,metacyc.reaction,metacycr,metanetx.reaction,rh,rhea,sabiork.reaction,sabiorkr,seed.reaction,seedr,vmhr,vmhreaction",True,True,True,True,False,False,,,False
R37,3-dehydrosphinganine reductase,metabolic,YALI1B22883g,1,5,C_er,True,"bigg.reaction,biggr,kegg.reaction,keggr,metacyc.reaction,metacycr,metanetx.reaction,rh,rhea,seed.reaction,seedr,vmhr,vmhreaction",True,True,True,True,False,False,,,True
R38,3-deoxy-D-arabino-heptulosonate 7-phosphate synthetase,metabolic,YALI1B26153g or YALI1B29243g or YALI1C09308g,3,5,C_cy,True,"bigg.reaction,biggr,kegg.reaction,keggr,metacyc.reaction,metacycr,metanetx.reaction,rh,rhea,sabiork.reaction,sabiorkr,seed.reaction,seedr,vmhr,vmhreaction",True,True,True,True,False,False,,,False
R39,"3-hexaprenyl-4,5-dihydroxybenzoate hydroxylase",metabolic,,0,3,C_cy,False,,False,False,False,False,False,False,,,True
R40,3-hexaprenyl-4-hydroxy-5-methoxybenzoate decarboxylase,metabolic,,0,4,C_mi,False,,False,False,False,False,False,False,,,True
R41,3-hydroxy-L-kynurenine hydrolase,metabolic,YALI1B29867g,1,4,C_cy,True,"bigg.reaction,biggr,kegg.reaction,keggr,metacyc.reaction,metacycr,metanetx.reaction,rh,rhea,sabiork.reaction,sabiorkr,seed.reaction,seedr,vmhr,vmhreaction",True,True,True,True,False,False,,,False
R42,3-hydroxyacyl-CoA dehydrogenase (3-oxotetradecanoyl-CoA),metabolic,YALI1E18441g,1,5,C_pe,True,"bigg.reaction,biggr,kegg.reaction,keggr,metacyc.reaction,metacycr,metanetx.reaction,rh,rhea,sabiork.reaction,sabiorkr,seed.reaction,seedr,vmhr,vmhreaction",True,True,True,True,False,False,,,False
R43,"3-hydroxyanthranilate 3,4-dioxygenase",metabolic,YALI1B04309g,1,4,C_cy,False,,False,False,False,False,False,False,,,False
R44,3-isopropylmalate dehydratase,metabolic,YALI1B02345g,1,3,C_cy,True,"kegg.reaction,keggr,metacyc.reaction,metacycr,metanetx.reaction,rh,rhea,seed.reaction,seedr",False,True,True,True,False,False,,,False
R45,3-isopropylmalate dehydrogenase,metabolic,YALI1C00464g,1,5,C_cy,True,"bigg.reaction,biggr,kegg.reaction,keggr,metacyc.reaction,metacycr,metanetx.reaction,rh,rhea,seed.reaction,seedr,vmhr,vmhreaction",True,True,True,True,False,False,,,False
R46,3-methyl-2-oxobutanoate hydroxymethyltransferase,metabolic,YALI1B24638g,1,5,C_mi,True,"bigg.reaction,biggr,kegg.reaction,keggr,metanetx.reaction,rh,rhea,sabiork.reaction,sabiorkr,seed.reaction,seedr,vmhr,vmhreaction",True,True,True,True,False,False,,,False
R47,3-phosphoshikimate 1-carboxyvinyltransferase,metabolic,YALI1F16984g,1,4,C_cy,True,"bigg.reaction,biggr,kegg.reaction,keggr,metacyc.reaction,metacycr,metanetx.reaction,rh,rhea,sabiork.reaction,sabiorkr,seed.reaction,seedr,vmhr,vmhreaction",True,True,True,True,False,False,,,False
R48,4-amino-4-deoxychorismate synthase,metabolic,YALI1A05459g,1,4,C_cy,True,"bigg.reaction,biggr,kegg.reaction,keggr,metacyc.reaction,metacycr,metanetx.reaction,rh,rhea,sabiork.reaction,sabiorkr,seed.reaction,seedr,vmhr,vmhreaction",True,True,True,True,False,False,,,False
R49,4-aminobenzoate synthase,metabolic,YALI1D20061g,1,4,C_cy,True,"bigg.reaction,biggr,kegg.reaction,keggr,metacyc.reaction,metacycr,metanetx.reaction,rh,rhea,seed.reaction,seedr,vmhr,vmhreaction",True,True,True,True,False,False,,,False
R50,4-aminobutyrate transaminase,metabolic,YALI1E21915g,1,4,C_cy,True,"bigg.reaction,biggr,kegg.reaction,keggr,metacyc.reaction,metacycr,metanetx.reaction,rh,rhea,sabiork.reaction,sabiorkr,seed.reaction,seedr,vmhr,vmhreaction",True,True,True,True,False,False,,,False
R51,4-hydroxy-L-threonine synthase,metabolic,YALI1F30459g,1,4,C_cy,True,"bigg.reaction,biggr,kegg.reaction,keggr,metacyc.reaction,metacycr,metanetx.reaction,rh,rhea,seed.reaction,seedr,vmhr,vmhreaction",True,True,True,True,False,False,,,True
R52,4-hydroxybenzoate formation,metabolic,,0,5,C_mi,True,"metanetx.reaction,seed.reaction,seedr",False,False,True,False,False,False,,,True
R53,4PP-IP5 depyrophosphorylation to IP6,metabolic,YALI1B17927g or YALI1A04817g,2,5,C_cy,False,,False,False,False,False,False,False,,,False
R54,"4PP-IP5 pyrophosphorylation to 4,5-PP2-IP4",metabolic,YALI1F18897g,1,6,C_cy,False,,False,False,False,False,False,False,,,False
R55,5'-methylthioadenosine phosphorylase,metabolic,YALI1B17871g,1,4,C_cy,True,"metanetx.reaction,seed.reaction,seedr",False,False,True,False,False,False,,,False
R56,5'-nucleotidase (CMP),metabolic,YALI1F34187g,1,4,C_cy,True,"bigg.reaction,biggr,kegg.reaction,keggr,metacyc.reaction,metacycr,metanetx.reaction,rh,rhea,sabiork.reaction,sabiorkr,seed.reaction,seedr,vmhr,vmhreaction",True,True,True,True,False,False,,,False
R57,5'-nucleotidase (IMP),metabolic,YALI1E14709g,1,4,C_cy,True,"bigg.reaction,biggr,kegg.reaction,keggr,metacyc.reaction,metacycr,metanetx.reaction,rh,rhea,sabiork.reaction,sabiorkr,seed.reaction,seedr,vmhr,vmhreaction",True,True,True,True,False,False,,,False
R58,5'-nucleotidase (UMP),metabolic,YALI1F34187g,1,4,C_cy,True,"bigg.reaction,biggr,kegg.reaction,keggr,metacyc.reaction,metacycr,metanetx.reaction,rh,rhea,sabiork.reaction,sabiorkr,seed.reaction,seedr,vmhr,vmhreaction",True,True,True,True,False,False,,,False
R59,5'-phosphoribosylformyl glycinamidine synthetase,metabolic,YALI1F37559g,1,9,C_cy,False,,False,False,False,False,False,False,,,False
R60,"5,10-methylenetetrahydrofolate reductase (NADPH)",metabolic,YALI1B19021g or YALI1B00578g,2,5,C_cy,False,,False,False,False,False,False,False,,,False
R61,5-aminolevulinate synthase,metabolic,YALI1C07816g,1,6,C_mi,False,,False,False,False,False,False,False,,,True
R62,"5-diphosphoinositol-1,2,3,4,6-pentakisphosphate diphosphohydrolase",metabolic,YALI1A04817g,1,5,C_cy,False,,False,False,False,False,False,False,,,False
R63,"5-diphosphoinositol-1,2,3,4,6-pentakisphosphate synthase",metabolic,YALI1F18897g,1,5,C_cy,False,,False,False,False,False,False,False,,,False
R64,5-formethyltetrahydrofolate cyclo-ligase,metabolic,YALI1D01489g,1,5,C_cy,False,,False,False,False,False,False,False,,,True
R65,5-methyltetrahydropteroyltriglutamate-homocysteine S-methyltransferase,metabolic,YALI1E15659g,1,4,C_cy,False,,False,False,False,False,False,False,,,True
R66,5-methylthio-5-deoxy-D-ribulose 1-phosphate dehydratase,metabolic,YALI1C28497g,1,3,C_cy,True,"bigg.reaction,biggr,kegg.reaction,keggr,metacyc.reaction,metacycr,metanetx.reaction,rh,rhea,seed.reaction,seedr,vmhr,vmhreaction",True,True,True,True,False,False,,,False
R67,5-methylthioribose-1-phosphate isomerase,metabolic,YALI1A16642g,1,2,C_cy,True,"bigg.reaction,biggr,kegg.reaction,keggr,metacyc.reaction,metacycr,metanetx.reaction,rh,rhea,seed.reaction,seedr,vmhr,vmhreaction",True,True,True,True,False,False,,,False
R68,"5PP-IP5 pyrophosphorylation to 4,5-PP2-IP4",metabolic,YALI1B17927g,1,5,C_cy,False,,False,False,False,False,False,False,,,False
R69,"5PP-IP5 pyrophosphorylation to 5,6-PP2-IP4",metabolic,YALI1B17927g,1,5,C_cy,False,,False,False,False,False,False,False,,,False
R70,6-phosphofructo-2-kinase,metabolic,YALI1F35542g or YALI1D26610g,2,5,C_cy,False,,False,False,False,False,False,False,,,False
R71,6-phosphogluconolactonase,metabolic,YALI1C26276g or YALI1E14505g,2,4,C_cy,True,"bigg.reaction,biggr,kegg.reaction,keggr,metacyc.reaction,metacycr,metanetx.reaction,rh,rhea,sabiork.reaction,sabiorkr,seed.reaction,seedr,vmhr,vmhreaction",True,True,True,True,False,False,,,False
R72,6PP-IP5 depyrophosphorylation to IP6,metabolic,YALI1B17927g or YALI1A04817g,2,5,C_cy,False,,False,False,False,False,False,False,,,False
R73,"6PP-IP5 pyrophosphorylation to 5,6-PP2-IP4",metabolic,YALI1F18897g,1,6,C_cy,False,,False,False,False,False,False,False,,,False
R74,8-amino-7-oxononanoate synthase,metabolic,YALI1E20766g,1,6,C_cy,True,"bigg.reaction,biggr,metanetx.reaction",True,False,True,False,False,False,,,True
R75,acetaldehyde condensation,metabolic,YALI1D12832g or YALI1D08884g,2,2,C_cy,True,"metanetx.reaction,seed.reaction,seedr",False,False,True,False,False,False,,,True
R76,acetohydroxy acid isomeroreductase,metabolic,YALI1D03952g,1,5,C_mi,False,,False,False,False,False,False,False,,,False
R77,acetolactate synthase,metabolic,YALI1C00293g or (YALI1C13355g and YALI1C00293g),2,4,C_mi,True,"bigg.reaction,biggr,kegg.reaction,keggr,metacyc.reaction,metacycr,metanetx.reaction,rh,rhea,sabiork.reaction,sabiorkr,seed.reaction,seedr,vmhr,vmhreaction",True,True,True,True,False,False,,,False
R78,acetyl-CoA ACP transacylase,metabolic,(YALI1F38317g and YALI1A20089g and YALI1C26939g and YALI1D18037g) or (YALI1D32594g and YALI1F37498g and YALI1E22262g),7,4,C_mi,True,"bigg.reaction,biggr,metanetx.reaction",True,False,True,False,False,False,,,True
R79,acetyl-CoA C-acyltransferase (palmitoyl-CoA),metabolic,YALI1E22238g,1,4,C_pe,False,,False,False,False,False,False,False,,,False
R80,acetyl-CoA C-acyltransferase (tetracosanoyl-CoA),metabolic,YALI1E22238g,1,4,C_pe,False,,False,False,False,False,False,False,,,False
R81,acetyl-CoA C-acyltransferase (myristoyl-CoA),metabolic,YALI1E22238g,1,4,C_pe,False,,False,False,False,False,False,False,,,False
R82,acetyl-CoA C-acetyltransferase,metabolic,YALI1B11532g,1,3,C_cy,True,"bigg.reaction,biggr,kegg.reaction,keggr,metacyc.reaction,metacycr,metanetx.reaction,rh,rhea,sabiork.reaction,sabiorkr,seed.reaction,seedr,vmhr,vmhreaction",True,True,True,True,False,False,,,False
R83,acetyl-CoA C-acetyltransferase,metabolic,YALI1E13899g,1,3,C_mi,True,"bigg.reaction,biggr,kegg.reaction,keggr,metacyc.reaction,metacycr,metanetx.reaction,rh,rhea,sabiork.reaction,sabiorkr,seed.reaction,seedr,vmhr,vmhreaction",True,True,True,True,False,False,,,False
R84,acetyl-CoA C-acyltransferase (lauroyl-CoA),metabolic,YALI1E22238g,1,4,C_pe,False,,False,False,False,False,False,False,,,False
R85,acetyl-CoA C-acyltransferase (octanoyl-CoA),metabolic,YALI1E22238g,1,4,C_pe,False,,False,False,False,False,False,False,,,False
R86,acetyl-CoA C-acyltransferase (decanoyl-CoA),metabolic,YALI1E22238g,1,4,C_pe,False,,False,False,False,False,False,False,,,False
R87,acetyl-Coa carboxylase,metabolic,YALI1C15991g,1,7,C_mi,True,"bigg.reaction,biggr,kegg.reaction,keggr,metacyc.reaction,metacycr,metanetx.reaction,rh,rhea,sabiork.reaction,sabiorkr,seed.reaction,seedr,vmhr,vmhreaction",True,True,True,True,False,False,,,False
R88,acetyl-CoA carboxylase,metabolic,YALI1C15991g and YALI1E35955g,2,7,C_cy,True,"bigg.reaction,biggr,kegg.reaction,keggr,metacyc.reaction,metacycr,metanetx.reaction,rh,rhea,sabiork.reaction,sabiorkr,seed.reaction,seedr,vmhr,vmhreaction",True,True,True,True,False,False,,,False
R89,acetyl-CoA hydrolase,metabolic,YALI1E36437g,1,5,C_mi,True,"bigg.reaction,biggr,kegg.reaction,keggr,metacyc.reaction,metacycr,metanetx.reaction,rh,rhea,sabiork.reaction,sabiorkr,seed.reaction,seedr,vmhr,vmhreaction",True,True,True,True,False,False,,,False
R90,acetyl-CoA synthetase,metabolic,YALI1F08845g,1,6,C_cy,True,"bigg.reaction,biggr,kegg.reaction,keggr,metacyc.reaction,metacycr,metanetx.reaction,rh,rhea,sabiork.reaction,sabiorkr,seed.reaction,seedr,vmhr,vmhreaction",True,True,True,True,False,False,,,False
R91,acetyl-CoA synthetase,metabolic,YALI1F08845g,1,6,C_mi,True,"bigg.reaction,biggr,kegg.reaction,keggr,metacyc.reaction,metacycr,metanetx.reaction,rh,rhea,sabiork.reaction,sabiorkr,seed.reaction,seedr,vmhr,vmhreaction",True,True,True,True,False,False,,,True
R92,acetyl-CoA synthetase nuclear,metabolic,YALI1F08845g,1,6,C_nu,False,,False,False,False,False,False,False,,,True
R93,acetylglutamate kinase,metabolic,YALI1B22853g,1,4,C_mi,True,"metanetx.reaction,seed.reaction,seedr",False,False,True,False,False,False,,,False
R94,acid phosphatase (secreted),metabolic,YALI1C09285g or (YALI1A12688g and YALI1E32054g and YALI1E38701g and YALI1E41893g and YALI1F30289g and YALI1F33143g),7,4,C_ex,False,,False,False,False,False,False,False,,,True
R95,aconitase,metabolic,YALI1F03803g,1,2,C_mi,True,"bigg.reaction,biggr,kegg.reaction,keggr,metacyc.reaction,metacycr,metanetx.reaction,rh,rhea,sabiork.reaction,sabiorkr,seed.reaction,seedr,vmhr,vmhreaction",True,True,True,True,False,False,,,False
R96,acteylornithine transaminase,metabolic,YALI1D29419g,1,4,C_mi,True,"bigg.reaction,biggr,kegg.reaction,keggr,metacyc.reaction,metacycr,metanetx.reaction,rh,rhea,sabiork.reaction,sabiorkr,seed.reaction,seedr,vmhr,vmhreaction",True,True,True,True,False,False,,,False
R97,acyl-CoA oxidase (decanoyl-CoA),metabolic,YALI1D32754g,1,4,C_pe,False,,False,False,False,False,False,False,,,False
R98,acyl-CoA oxidase (dodecanoyl-CoA),metabolic,YALI1D32754g,1,4,C_pe,False,,False,False,False,False,False,False,,,False
R99,acyl-CoA oxidase (hexacosanoyl-CoA),metabolic,YALI1D32754g,1,4,C_pe,False,,False,False,False,False,False,False,,,False
R100,acyl-CoA oxidase (hexadecanoyl-CoA),metabolic,YALI1D32754g,1,4,C_pe,False,,False,False,False,False,False,False,,,False
R101,acyl-CoA oxidase (octadecanoyl-CoA),metabolic,YALI1D32754g,1,4,C_pe,False,,False,False,False,False,False,False,,,False
R102,acyl-CoA oxidase (tetradecanoyl-CoA),metabolic,YALI1D32754g,1,4,C_pe,False,,False,False,False,False,False,False,,,False
R103,"acyl-CoA:sterol acyltransferase (oleoyl-CoA:episterol), ER membrane",metabolic,YALI1F09747g,1,4,C_em,False,,False,False,False,False,False,False,,,False
R104,"acyl-CoA:sterol acyltransferase (oleoyl-CoA:ergosterol), ER membrane",metabolic,YALI1F09747g,1,4,C_em,False,,False,False,False,False,False,False,,,False
R105,"acyl-CoA:sterol acyltransferase (oleoyl-CoA:fecosterol), ER membrane",metabolic,YALI1F09747g,1,4,C_em,False,,False,False,False,False,False,False,,,False
R106,"acyl-CoA:sterol acyltransferase (oleoyl-CoA:lanosterol), ER membrane",metabolic,YALI1F09747g,1,4,C_em,False,,False,False,False,False,False,False,,,False
R107,"acyl-CoA:sterol acyltransferase (oleoyl-CoA:zymosterol), ER membrane",metabolic,YALI1F09747g,1,4,C_em,False,,False,False,False,False,False,False,,,False
R108,"acyl-CoA:sterol acyltransferase (palmitoleoyl-CoA:episterol), ER membrane",metabolic,YALI1F09747g,1,4,C_em,False,,False,False,False,False,False,False,,,False
R109,"acyl-CoA:sterol acyltransferase (palmitoleoyl-CoA:ergosterol), ER membrane",metabolic,YALI1F09747g,1,4,C_em,False,,False,False,False,False,False,False,,,False
R110,"acyl-CoA:sterol acyltransferase (palmitoleoyl-CoA:fecosterol), ER membrane",metabolic,YALI1F09747g,1,4,C_em,False,,False,False,False,False,False,False,,,False
R111,"acyl-CoA:sterol acyltransferase (palmitoleoyl-CoA:lanosterol), ER membrane",metabolic,YALI1F09747g,1,4,C_em,False,,False,False,False,False,False,False,,,False
R112,"acyl-CoA:sterol acyltransferase (palmitoleoyl-CoA:zymosterol), ER membrane",metabolic,YALI1F09747g,1,4,C_em,False,,False,False,False,False,False,False,,,False
R113,"acylation of GPI inositol at 2 position, GPI-anchor assembly, step 3",metabolic,YALI1C32810g,1,4,C_er,False,,False,False,False,False,False,False,,,True
R114,adenine phosphoribosyltransferase,metabolic,YALI1D07451g,1,4,C_cy,True,"metanetx.reaction,seed.reaction,seedr",False,False,True,False,False,False,,,False
R115,adenosine kinase,metabolic,YALI1F30754g,1,5,C_cy,True,"bigg.reaction,biggr,kegg.reaction,keggr,metacyc.reaction,metacycr,metanetx.reaction,rh,rhea,sabiork.reaction,sabiorkr,seed.reaction,seedr,vmhr,vmhreaction",True,True,True,True,False,False,,,False
R116,adenosine monophosphate deaminase,metabolic,YALI1E14316g,1,5,C_cy,True,"bigg.reaction,biggr,kegg.reaction,keggr,metacyc.reaction,metacycr,metanetx.reaction,rh,rhea,sabiork.reaction,sabiorkr,seed.reaction,seedr,vmhr,vmhreaction",True,True,True,True,False,False,,,False
R117,adenosylhomocysteinase,metabolic,YALI1F15517g,1,4,C_cy,True,"bigg.reaction,biggr,kegg.reaction,keggr,metacyc.reaction,metacycr,metanetx.reaction,rh,rhea,sabiork.reaction,sabiorkr,seed.reaction,seedr,vmhr,vmhreaction",True,True,True,True,False,False,,,False
R118,adenosylmethionine decarboxylase,metabolic,YALI1D09712g or YALI1E24149g,2,4,C_cy,True,"bigg.reaction,biggr,kegg.reaction,keggr,metacyc.reaction,metacycr,metanetx.reaction,rh,rhea,seed.reaction,seedr,vmhr,vmhreaction",True,True,True,True,False,False,,,False
R119,adenosylmethionine-8-amino-7-oxononanoate transaminase,metabolic,YALI1E25585g or YALI1A08546g or YALI1C07360g,3,4,C_cy,True,"bigg.reaction,biggr,metanetx.reaction,vmhr,vmhreaction",True,False,True,False,False,False,,,True
R120,adenylate cyclase,metabolic,YALI1B24424g,1,3,C_cy,True,"bigg.reaction,biggr,kegg.reaction,keggr,metacyc.reaction,metacycr,metanetx.reaction,rh,rhea,sabiork.reaction,sabiorkr,seed.reaction,seedr,vmhr,vmhreaction",True,True,True,True,False,False,,,False
R121,adenylate kinase,metabolic,YALI1B01136g,1,3,C_cy,True,"bigg.reaction,biggr,metanetx.reaction",True,False,True,False,False,False,,,False
R122,adenylate kinase,metabolic,YALI1F33951g,1,3,C_mi,True,"bigg.reaction,biggr,metanetx.reaction",True,False,True,False,False,False,,,False
R123,adenylate kinase (GTP),metabolic,YALI1F33951g,1,4,C_mi,True,"bigg.reaction,biggr,metacyc.reaction,metacycr,metanetx.reaction,rh,rhea,sabiork.reaction,sabiorkr,seed.reaction,seedr,vmhr,vmhreaction",True,False,True,True,False,False,,,False
R124,adenylosuccinate lyase (AICAR),metabolic,YALI1B22614g,1,3,C_cy,True,"bigg.reaction,biggr,kegg.reaction,keggr,metacyc.reaction,metacycr,metanetx.reaction,rh,rhea,sabiork.reaction,sabiorkr,seed.reaction,seedr,vmhr,vmhreaction",True,True,True,True,False,False,,,False
R125,adenylosuccinate lyase,metabolic,YALI1B22614g,1,3,C_cy,True,"bigg.reaction,biggr,kegg.reaction,keggr,metacyc.reaction,metacycr,metanetx.reaction,rh,rhea,sabiork.reaction,sabiorkr,seed.reaction,seedr,vmhr,vmhreaction",True,True,True,True,False,False,,,False
R126,adenylosuccinate synthase,metabolic,YALI1E34269g,1,7,C_cy,True,"bigg.reaction,biggr,kegg.reaction,keggr,metacyc.reaction,metacycr,metanetx.reaction,rh,rhea,sabiork.reaction,sabiorkr,seed.reaction,seedr,vmhr,vmhreaction",True,True,True,True,False,False,,,False
R127,adenylyl-sulfate kinase,metabolic,YALI1E00760g,1,5,C_cy,True,"bigg.reaction,biggr,kegg.reaction,keggr,metacyc.reaction,metacycr,metanetx.reaction,rh,rhea,sabiork.reaction,sabiorkr,seed.reaction,seedr,vmhr,vmhreaction",True,True,True,True,False,False,,,False
R128,alanine glyoxylate aminotransferase,metabolic,YALI1E19852g,1,4,C_cy,False,,False,False,False,False,False,False,,,False
R129,alanyl-tRNA synthetase,metabolic,YALI1B05571g,1,6,C_cy,True,"metacyc.reaction,metacycr,metanetx.reaction,seed.reaction,seedr",False,False,True,False,False,False,,,True
R130,alcohol dehydrogenase (ethanol to acetaldehyde),metabolic,YALI1A15227g or YALI1A16292g or YALI1D33961g or YALI1E09329g or YALI1E21128g,5,5,C_cy,False,,False,False,False,False,False,False,,,False
R131,"alcohol dehydrogenase (glycerol, NADP)",metabolic,YALI1C353g or YALI1B20108g or YALI1A21000g or YALI1A15863g or YALI1B09211g or YALI1B28394g or YALI1C12619g or YALI1C18771g or YALI1D05111g or YALI1E22041g or YALI1F10224g or YALI1F24773g or YALI1D09870g,13,5,C_cy,False,,False,False,False,False,False,False,,,False
R132,mitochondrial alcohol dehydrogenase,metabolic,YALI1D02041g or YALI1C08017g or YALI1E15452g or YALI1A15227g or YALI1F32330g or YALI1F11481g or YALI1B11402g or YALI1E23809g or YALI1F37194g,9,5,C_mi,False,,False,False,False,False,False,False,,,False
R133,"aldehyde dehydrogenase (3-aminopropanal, NAD)",metabolic,YALI1C04093g or YALI1D10197g or YALI1E00588g or YALI1F06858g,4,6,C_cy,False,,False,False,False,False,False,False,,,False
R134,"aldehyde dehydrogenase (acetaldehyde, NADP)",metabolic,YALI1C04093g or YALI1D10197g or YALI1E00588g or YALI1F06858g,4,6,C_cy,True,"bigg.reaction,biggr,kegg.reaction,keggr,metacyc.reaction,metacycr,metanetx.reaction,rh,rhea,sabiork.reaction,sabiorkr,seed.reaction,seedr,vmhr,vmhreaction",True,True,True,True,False,False,,,False
R135,"aldehyde dehydrogenase (acetylaldehyde, NAD)",metabolic,YALI1C04093g or YALI1D10197g or YALI1E00588g or YALI1F06858g,4,6,C_mi,False,,False,False,False,False,False,False,,,False
R136,"aldehyde dehydrogenase (acetylaldehyde, NADP)",metabolic,YALI1C04093g or YALI1D10197g or YALI1E00588g or YALI1F06858g,4,6,C_mi,False,,False,False,False,False,False,False,,,False
R137,alkaline phosphatase (dihydroneopterin),metabolic,YALI1F22321g,1,5,C_cy,True,"bigg.reaction,biggr,metanetx.reaction",True,False,True,False,False,False,,,True
R138,allantoate amidinohydrolase,metabolic,YALI1D22906g,1,4,C_cy,True,"bigg.reaction,biggr,metanetx.reaction",True,False,True,False,False,False,,,False
R139,allantoinase,metabolic,YALI1F30479g,1,4,C_cy,True,"kegg.reaction,keggr,metacyc.reaction,metacycr,metanetx.reaction,rh,rhea,sabiork.reaction,sabiorkr,seed.reaction,seedr",False,True,True,True,False,False,,,False
R140,allophanate hydrolase,metabolic,YALI1B19217g or YALI1E08620g or YALI1E41754g,3,5,C_cy,True,"bigg.reaction,biggr,kegg.reaction,keggr,metacyc.reaction,metacycr,metanetx.reaction,rh,rhea,seed.reaction,seedr,vmhr,vmhreaction",True,True,True,True,False,False,,,False
R141,"alpha 1,2-mannosyltransferase",metabolic,YALI1E37764g or YALI1D11015g or YALI1A06229g or YALI1B02637g or YALI1E02413g or YALI1F33246g,6,5,C_go,False,,False,False,False,False,False,False,,,True
R142,"alpha,alpha-trehalase",metabolic,YALI1D19108g,1,3,C_cy,True,"bigg.reaction,biggr,metanetx.reaction,seed.reaction,seedr",True,False,True,False,False,False,,,False
R143,"alpha,alpha-trehalose-phosphate synthase (UDP-forming)",metabolic,YALI1D17620g and YALI1E17616g and YALI1E36568g,3,5,C_cy,True,"bigg.reaction,biggr,kegg.reaction,keggr,metacyc.reaction,metacycr,metanetx.reaction,rh,rhea,sabiork.reaction,sabiorkr,seed.reaction,seedr,vmhr,vmhreaction",True,True,True,True,False,False,,,False
R144,amidase,metabolic,(YALI1E14619g and YALI1E41276g and YALI1F21875g) or YALI1F30703g,4,4,C_cy,True,"bigg.reaction,biggr,kegg.reaction,keggr,metacyc.reaction,metacycr,metanetx.reaction,rh,rhea,sabiork.reaction,sabiorkr,seed.reaction,seedr,vmhr,vmhreaction",True,True,True,True,False,False,,,True
R145,Aminoacetone:oxygen oxidoreductase(deaminating)(flavin-containing),metabolic,,0,6,C_cy,True,"bigg.reaction,biggr,kegg.reaction,keggr,metacyc.reaction,metacycr,metanetx.reaction,rh,rhea,seed.reaction,seedr,vmhr,vmhreaction",True,True,True,True,False,False,,,True
R146,Aminobutyraldehyde dehydrogenase,metabolic,YALI1C04093g or YALI1D10197g or YALI1E00588g or YALI1F06858g,4,6,C_mi,True,"bigg.reaction,biggr,kegg.reaction,keggr,metacyc.reaction,metacycr,metanetx.reaction,rh,rhea,sabiork.reaction,sabiorkr,seed.reaction,seedr,vmhr,vmhreaction",True,True,True,True,False,False,,,False
R147,anthranilate phosphoribosyltransferase,metabolic,YALI1D35787g,1,4,C_cy,True,"bigg.reaction,biggr,kegg.reaction,keggr,metacyc.reaction,metacycr,metanetx.reaction,rh,rhea,sabiork.reaction,sabiorkr,seed.reaction,seedr,vmhr,vmhreaction",True,True,True,True,False,False,,,False
R148,anthranilate synthase,metabolic,YALI1E17754g and YALI1D13963g,2,6,C_cy,True,"bigg.reaction,biggr,kegg.reaction,keggr,metacyc.reaction,metacycr,metanetx.reaction,rh,rhea,sabiork.reaction,sabiorkr,seed.reaction,seedr,vmhr,vmhreaction",True,True,True,True,False,False,,,False
R149,Ap4A hydrolase,metabolic,YALI1E38749g,1,4,C_cy,True,"bigg.reaction,biggr,kegg.reaction,keggr,metacyc.reaction,metacycr,metanetx.reaction,rh,rhea,seed.reaction,seedr,vmhr,vmhreaction",True,True,True,True,False,False,,,False
R150,arabinose reductase,metabolic,YALI1D09870g,1,5,C_cy,True,"bigg.reaction,biggr,metanetx.reaction",True,False,True,False,False,False,,,True
R151,arginase,metabolic,YALI1E08937g,1,4,C_cy,True,"metanetx.reaction,seed.reaction,seedr",False,False,True,False,False,False,,,False
R152,argininosuccinate lyase,metabolic,YALI1D34865g,1,3,C_cy,True,"bigg.reaction,biggr,kegg.reaction,keggr,metacyc.reaction,metacycr,metanetx.reaction,rh,rhea,sabiork.reaction,sabiorkr,seed.reaction,seedr,vmhr,vmhreaction",True,True,True,True,False,False,,,False
R153,argininosuccinate synthase,metabolic,YALIUNK2,1,7,C_cy,True,"bigg.reaction,biggr,kegg.reaction,keggr,metacyc.reaction,metacycr,metanetx.reaction,rh,rhea,sabiork.reaction,sabiorkr,seed.reaction,seedr",True,True,True,True,False,False,,,False
R154,arginyl-tRNA synthetase,metabolic,YALI1E21345g,1,6,C_cy,True,"bigg.reaction,biggr,metanetx.reaction",True,False,True,False,False,False,,,True
R155,arginyl-tRNA synthetase,metabolic,YALI1E21345g,1,6,C_mi,True,"bigg.reaction,biggr,metanetx.reaction",True,False,True,False,False,False,,,True
R156,asparagine synthase (glutamine-hydrolysing),metabolic,YALI1A13454g or YALI1F35822g,2,9,C_cy,True,"bigg.reaction,biggr,kegg.reaction,keggr,metacyc.reaction,metacycr,metanetx.reaction,rh,rhea,seed.reaction,seedr,vmhr,vmhreaction",True,True,True,True,False,False,,,False
R157,Asparaginyl-tRNA synthetase,metabolic,YALI1E05907g,1,6,C_cy,True,"bigg.reaction,biggr,metanetx.reaction",True,False,True,False,False,False,,,True
R158,"asparaginyl-tRNA synthetase, miotchondrial",metabolic,YALI1E05833g,1,6,C_mi,True,"metanetx.reaction,seed.reaction,seedr",False,False,True,False,False,False,,,True
R159,aspartate carbamoyltransferase,metabolic,YALI1C33005g or YALI1D09420g or YALI1E11768g,3,5,C_cy,True,"bigg.reaction,biggr,kegg.reaction,keggr,metacyc.reaction,metacycr,metanetx.reaction,rh,rhea,sabiork.reaction,sabiorkr,seed.reaction,seedr,vmhr,vmhreaction",True,True,True,True,False,False,,,False
R160,aspartate kinase,metabolic,YALI1D14532g,1,4,C_cy,True,"metanetx.reaction,seed.reaction,seedr",False,False,True,False,False,False,,,False
R161,aspartate transaminase,metabolic,YALI1B03198g or YALI1F36966g,2,4,C_cy,True,"bigg.reaction,biggr,kegg.reaction,keggr,metacyc.reaction,metacycr,metanetx.reaction,rh,rhea,seed.reaction,seedr,vmhr,vmhreaction",True,True,True,True,False,False,,,False
R162,aspartate transaminase,metabolic,YALI1B03198g or YALI1F36966g,2,4,C_mi,True,"bigg.reaction,biggr,kegg.reaction,keggr,metacyc.reaction,metacycr,metanetx.reaction,rh,rhea,seed.reaction,seedr,vmhr,vmhreaction",True,True,True,True,False,False,,,False
R163,aspartate transaminase,metabolic,YALI1B03198g or YALI1F36966g,2,4,C_pe,True,"bigg.reaction,biggr,kegg.reaction,keggr,metacyc.reaction,metacycr,metanetx.reaction,rh,rhea,seed.reaction,seedr,vmhr,vmhreaction",True,True,True,True,False,False,,,False
R164,aspartate-semialdehyde dehydrogenase,metabolic,YALI1D16809g,1,6,C_cy,True,"bigg.reaction,biggr,kegg.reaction,keggr,metacyc.reaction,metacycr,metanetx.reaction,rh,rhea,sabiork.reaction,sabiorkr,seed.reaction,seedr,vmhr,vmhreaction",True,True,True,True,False,False,,,False
R165,Aspartyl-tRNA synthetase,metabolic,YALI1D28087g,1,6,C_cy,True,"metacyc.reaction,metacycr,metanetx.reaction,seed.reaction,seedr",False,False,True,False,False,False,,,True
R166,Aspartyl-tRNA synthetase,metabolic,YALI1F33819g,1,6,C_mi,True,"metacyc.reaction,metacycr,metanetx.reaction,seed.reaction,seedr",False,False,True,False,False,False,,,True
R167,ATP adenylyltransferase,metabolic,YALI1F37916g,1,5,C_cy,True,"metanetx.reaction,seed.reaction,seedr",False,False,True,False,False,False,,,False
R168,ATP adenylyltransferase,metabolic,YALI1F37916g,1,5,C_cy,True,"metanetx.reaction,seed.reaction,seedr",False,False,True,False,False,False,,,True
R169,ATP adenylyltransferase,metabolic,YALI1F37916g,1,5,C_cy,True,"metanetx.reaction,seed.reaction,seedr",False,False,True,False,False,False,,,True
R170,ATP phosphoribosyltransferase,metabolic,YALI1C06626g,1,4,C_cy,True,"bigg.reaction,biggr,metanetx.reaction",True,False,True,False,False,False,,,False
R171,ATP synthase,transport,(YALI1M00260g and YALI1M00267g and YALI1M00318g and YALI1F04433g and YALI1F04110g and YALI1D27826g and YALI1D15734g and YALI1D14639g and YALI1B08885g and YALI1F07384g and YALI1B05364g and YALI0D17490g and YALI1F26967g and YALI1E38131g) or YALI1B28025g or YALI1B15733g,16,6,"C_cy,C_mi",True,"bigg.reaction,biggr,metanetx.reaction",True,False,True,False,False,False,,,False
R172,"ATPase, cytosolic",transport,YALI1B28659g,1,5,"C_cy,C_ex",False,,False,False,False,False,False,False,,,False
R173,"beta-1,4 mannosyltransferase",metabolic,YALI1E40471g,1,4,C_cy,False,,False,False,False,False,False,False,,,True
R174,biotin synthase,metabolic,YALI1D18845g,1,4,C_cy,True,"metanetx.reaction,seed.reaction,seedr",False,False,True,False,False,False,,,True
R175,biotin-[acetyl-CoA-carboxylase] ligase,metabolic,YALI1E35955g,1,5,C_cy,False,,False,False,False,False,False,False,,,True
R176,C-14 sterol reductase,metabolic,YALI1B30181g,1,5,C_cy,True,"bigg.reaction,biggr,kegg.reaction,keggr,metacyc.reaction,metacycr,metanetx.reaction,rh,rhea,seed.reaction,seedr,vmhr,vmhreaction",True,True,True,True,False,False,,,False
R177,C-22 sterol desaturase (NADP),metabolic,(YALI1D14199g or YALI1D06380g) and YALI1A18344g and YALI1D15063g,4,7,C_cy,False,,False,False,False,False,False,False,,,False
R178,C-3 sterol dehydrogenase,metabolic,YALI1C30514g,1,6,C_cy,False,,False,False,False,False,False,False,,,False
R179,C-3 sterol dehydrogenase (4-methylzymosterol),metabolic,YALI1C30514g,1,6,C_cy,True,"bigg.reaction,biggr,metacyc.reaction,metacycr,metanetx.reaction,rh,rhea,seed.reaction,seedr,vmhr,vmhreaction",True,False,True,True,False,False,,,False
R180,C-3 sterol keto reductase (4-methylzymosterol),metabolic,YALI1B22820g,1,5,C_cy,False,,False,False,False,False,False,False,,,False
R181,C-3 sterol keto reductase (zymosterol),metabolic,YALI1B22820g,1,5,C_cy,True,"bigg.reaction,biggr,kegg.reaction,keggr,metacyc.reaction,metacycr,metanetx.reaction,rh,rhea,seed.reaction,seedr,vmhr,vmhreaction",True,True,True,True,False,False,,,False
R182,C-4 methyl sterol oxidase,metabolic,YALI1F14958g,1,7,C_cy,True,"bigg.reaction,biggr,metanetx.reaction,vmhr,vmhreaction",True,False,True,False,False,False,,,False
R183,C-4 methyl sterol oxidase,metabolic,YALI1F14958g,1,7,C_cy,True,"bigg.reaction,biggr,metanetx.reaction,vmhr,vmhreaction",True,False,True,False,False,False,,,False
R184,C-4 methyl sterol oxidase,metabolic,YALI1F14958g,1,7,C_cy,True,"bigg.reaction,biggr,metanetx.reaction,vmhr,vmhreaction",True,False,True,False,False,False,,,False
R185,"C-4 sterol methyl oxidase (4,4-dimethylzymosterol)",metabolic,YALI1F14958g,1,7,C_cy,True,"metanetx.reaction,seed.reaction,seedr",False,False,True,False,False,False,,,False
R186,C-5 sterol desaturase,metabolic,YALI1D26496g,1,7,C_cy,False,,False,False,False,False,False,False,,,False
R187,C-8 sterol isomerase,metabolic,YALI1B22375g or YALI1E38034g,2,2,C_cy,True,"bigg.reaction,biggr,kegg.reaction,keggr,metacyc.reaction,metacycr,metanetx.reaction,rh,rhea,seed.reaction,seedr",True,True,True,True,False,False,,,False
R188,C-s24 sterol reductase,metabolic,YALI1D24361g,1,5,C_er,False,,False,False,False,False,False,False,,,False
R189,CAAX farnesyltransferase,metabolic,YALI1D17983g and YALI1B21088g,2,5,C_cy,False,,False,False,False,False,False,False,,,True
R190,carbamoyl-phosphate synthase (glutamine-hydrolysing),metabolic,YALI1C33005g or YALI1D09420g or YALI1E11768g,3,9,C_cy,True,"bigg.reaction,biggr,kegg.reaction,keggr,metacyc.reaction,metacycr,metanetx.reaction,rh,rhea,sabiork.reaction,sabiorkr,seed.reaction,seedr,vmhr,vmhreaction",True,True,True,True,False,False,,,False
R191,carnitine O-acetyltransferase,metabolic,YALI1F28064g,1,4,C_cy,True,"bigg.reaction,biggr,metanetx.reaction",True,False,True,False,False,False,,,False
R192,carnitine O-acetyltransferase,metabolic,YALI1B13948g,1,4,C_pe,True,"bigg.reaction,biggr,metanetx.reaction",True,False,True,False,False,False,,,False
R193,carnitine O-acetyltransferase,metabolic,YALI1B13948g,1,4,C_mi,True,"bigg.reaction,biggr,metanetx.reaction",True,False,True,False,False,False,,,False
R194,catalase,metabolic,YALI1E40671g or YALI1E41251g or YALI1F38629g,3,3,C_cy,True,"bigg.reaction,biggr,kegg.reaction,keggr,metacyc.reaction,metacycr,metanetx.reaction,rh,rhea,sabiork.reaction,sabiorkr,seed.reaction,seedr,vmhr,vmhreaction",True,True,True,True,False,False,,,False
R195,catalase,metabolic,YALI1E40671g or YALI1E41251g or YALI1F38629g,3,3,C_pe,True,"bigg.reaction,biggr,kegg.reaction,keggr,metacyc.reaction,metacycr,metanetx.reaction,rh,rhea,sabiork.reaction,sabiorkr,seed.reaction,seedr,vmhr,vmhreaction",True,True,True,True,False,False,,,False
R196,CDP-diacylglycerol synthase,metabolic,YALI1E17431g,1,5,C_em,False,,False,False,False,False,False,False,,,False
R197,CDP-diacylglycerol synthase,metabolic,YALI1E17431g,1,5,C_mm,False,,False,False,False,False,False,False,,,False
R198,ceramide-1 hydroxylase (24C),metabolic,YALI1E20626g,1,7,C_er,True,"metanetx.reaction,seed.reaction,seedr",False,False,True,False,False,False,,,True
R199,ceramide-1 hydroxylase (24C),metabolic,YALI1F17082g,1,7,C_er,True,"metanetx.reaction,seed.reaction,seedr",False,False,True,False,False,False,,,True
R200,ceramide-1 hydroxylase (26C),metabolic,YALI1E20626g,1,7,C_er,True,"metanetx.reaction,seed.reaction,seedr",False,False,True,False,False,False,,,True
R201,ceramide-1 hydroxylase (26C),metabolic,YALI1F17082g,1,7,C_er,True,"metanetx.reaction,seed.reaction,seedr",False,False,True,False,False,False,,,True
R202,ceramide-1 synthase (24C),metabolic,YALI1F09542g,1,5,C_er,True,"metanetx.reaction,seed.reaction,seedr",False,False,True,False,False,False,,,False
R203,ceramide-1 synthase (26C),metabolic,YALI1F09542g,1,5,C_er,True,"metanetx.reaction,seed.reaction,seedr",False,False,True,False,False,False,,,False
R204,ceramide-2 synthase (24C),metabolic,YALI1F09542g,1,5,C_er,True,"metanetx.reaction,seed.reaction,seedr",False,False,True,False,False,False,,,False
R205,ceramide-2 synthase (26C),metabolic,YALI1F09542g,1,5,C_er,True,"metanetx.reaction,seed.reaction,seedr",False,False,True,False,False,False,,,False
R206,ceramide-3 synthase (24C),metabolic,YALI1F17082g,1,7,C_er,True,"metanetx.reaction,rh,rhea,seed.reaction,seedr",False,False,True,True,False,False,,,True
R207,ceramide-3 synthase (26C),metabolic,YALI1F17082g,1,7,C_er,True,"metanetx.reaction,seed.reaction,seedr",False,False,True,False,False,False,,,True
R208,ceramide-4 synthase (24C),metabolic,YALI1F17082g,1,7,C_er,False,,False,False,False,False,False,False,,,True
R209,ceramide-4 synthase (26C),metabolic,YALI1F17082g,1,7,C_er,False,,False,False,False,False,False,False,,,True
R210,chitin deacetylase,transport,YALI1F38476g,1,5,"C_cy,C_en",True,"metanetx.reaction,seed.reaction,seedr",False,False,True,False,False,False,,,True
R211,chitin synthase,metabolic,YALI1B21313g or YALI1D34288g or YALI1D04055g or YALI1C33406g or YALI1E13223g or YALI1E26181g or YALI1F36415g,7,4,C_cy,True,"metanetx.reaction,seed.reaction,seedr",False,False,True,False,False,False,,,False
R212,choline kinase,metabolic,YALI1E20159g,1,5,C_cy,True,"bigg.reaction,biggr,kegg.reaction,keggr,metacyc.reaction,metacycr,metanetx.reaction,rh,rhea,sabiork.reaction,sabiorkr,seed.reaction,seedr,vmhr,vmhreaction",True,True,True,True,False,False,,,True
R213,choline phosphate cytididyltransferase,metabolic,YALI1D22834g,1,5,C_cy,True,"bigg.reaction,biggr,kegg.reaction,keggr,metacyc.reaction,metacycr,metanetx.reaction,rh,rhea,sabiork.reaction,sabiorkr,seed.reaction,seedr,vmhr,vmhreaction",True,True,True,True,False,False,,,True
R214,chorismate mutase,metabolic,YALI1E20751g,1,2,C_cy,True,"bigg.reaction,biggr,kegg.reaction,keggr,metacyc.reaction,metacycr,metanetx.reaction,rh,rhea,sabiork.reaction,sabiorkr,seed.reaction,seedr,vmhr,vmhreaction",True,True,True,True,False,False,,,False
R215,chorismate synthase,metabolic,YALI1D22237g,1,3,C_cy,True,"bigg.reaction,biggr,kegg.reaction,keggr,metacyc.reaction,metacycr,metanetx.reaction,rh,rhea,sabiork.reaction,sabiorkr,seed.reaction,seedr,vmhr,vmhreaction",True,True,True,True,False,False,,,False
R216,cis-aconitate(3-) to isocitrate,metabolic,YALI1D11984g or YALI1E17935g,2,3,C_mi,False,,False,False,False,False,False,False,,,False
R217,cis-prenyltransferase step 01,metabolic,YALI1C26036g or YALI1D21543g,2,4,C_lp,False,,False,False,False,False,False,False,,,True
R218,cis-prenyltransferase step 02,metabolic,YALI1C26036g or YALI1D21543g,2,4,C_lp,False,,False,False,False,False,False,False,,,True
R219,cis-prenyltransferase step 03,metabolic,YALI1C26036g or YALI1D21543g,2,4,C_lp,False,,False,False,False,False,False,False,,,True
R220,cis-prenyltransferase step 04,metabolic,YALI1C26036g or YALI1D21543g,2,4,C_lp,False,,False,False,False,False,False,False,,,True
R221,cis-prenyltransferase step 05,metabolic,YALI1C26036g or YALI1D21543g,2,4,C_lp,False,,False,False,False,False,False,False,,,True
R222,cis-prenyltransferase step 06,metabolic,YALI1C26036g or YALI1D21543g,2,4,C_lp,False,,False,False,False,False,False,False,,,True
R223,cis-prenyltransferase step 07,metabolic,YALI1C26036g or YALI1D21543g,2,4,C_lp,False,,False,False,False,False,False,False,,,True
R224,cis-prenyltransferase step 08,metabolic,YALI1C26036g or YALI1D21543g,2,4,C_lp,False,,False,False,False,False,False,False,,,True
R225,cis-prenyltransferase step 09,metabolic,YALI1C26036g or YALI1D21543g,2,4,C_lp,False,,False,False,False,False,False,False,,,True
R226,cis-prenyltransferase step 10,metabolic,YALI1C26036g or YALI1D21543g,2,4,C_lp,False,,False,False,False,False,False,False,,,True
R227,cis-prenyltransferase step 11,metabolic,YALI1C26036g or YALI1D21543g,2,4,C_lp,False,,False,False,False,False,False,False,,,True
R228,cis-prenyltransferase step 12,metabolic,YALI1C26036g or YALI1D21543g,2,4,C_lp,False,,False,False,False,False,False,False,,,True
R229,cis-prenyltransferase step 13,metabolic,YALI1C26036g or YALI1D21543g,2,4,C_lp,False,,False,False,False,False,False,False,,,True
R230,cis-prenyltransferase step 14,metabolic,YALI1C26036g or YALI1D21543g,2,4,C_lp,False,,False,False,False,False,False,False,,,True
R231,cis-prenyltransferase step 15,metabolic,YALI1C26036g or YALI1D21543g,2,4,C_lp,False,,False,False,False,False,False,False,,,True
R232,cis-prenyltransferase step 16,metabolic,YALI1C26036g or YALI1D21543g,2,4,C_lp,False,,False,False,False,False,False,False,,,True
R233,cis-prenyltransferase step 17,metabolic,YALI1C26036g or YALI1D21543g,2,4,C_lp,False,,False,False,False,False,False,False,,,True
R234,cis-prenyltransferase step 18,metabolic,YALI1C26036g or YALI1D21543g,2,4,C_lp,False,,False,False,False,False,False,False,,,True
R235,cis-prenyltransferase step 19,metabolic,YALI1C26036g or YALI1D21543g,2,4,C_lp,False,,False,False,False,False,False,False,,,True
R236,citrate synthase,metabolic,YALI1E01019g or YALI1E03300g,2,6,C_mi,True,"metanetx.reaction,seed.reaction,seedr",False,False,True,False,False,False,,,False
R237,"citrate synthase, peroxisomal",metabolic,YALI1E01019g or YALI1E03300g,2,6,C_pe,False,,False,False,False,False,False,False,,,False
R238,citrate to cis-aconitate(3-),metabolic,YALI1D11984g or YALI1E17935g,2,3,C_mi,False,,False,False,False,False,False,False,,,False
R239,"citrate to cis-aconitate(3-), cytoplasmic",metabolic,YALI1D11984g,1,3,C_cy,False,,False,False,False,False,False,False,,,False
R240,coproporphyrinogen oxidase (O2 required),metabolic,YALI1E35410g,1,6,C_cy,True,"bigg.reaction,biggr,kegg.reaction,keggr,metacyc.reaction,metacycr,metanetx.reaction,rh,rhea,seed.reaction,seedr,vmhr,vmhreaction",True,True,True,True,False,False,,,True
R241,CTP synthase (glutamine),metabolic,YALI1B07366g,1,9,C_cy,True,"bigg.reaction,biggr,kegg.reaction,keggr,metacyc.reaction,metacycr,metanetx.reaction,rh,rhea,sabiork.reaction,sabiorkr,seed.reaction,seedr,vmhr,vmhreaction",True,True,True,True,False,False,,,False
R242,CTP synthase (NH3),metabolic,YALI1B07366g,1,7,C_cy,True,"bigg.reaction,biggr,kegg.reaction,keggr,metacyc.reaction,metacycr,metanetx.reaction,rh,rhea,sabiork.reaction,sabiorkr,seed.reaction,seedr,vmhr,vmhreaction",True,True,True,True,False,False,,,False
R243,cystathionine b-lyase,metabolic,YALI1D00614g,1,5,C_cy,True,"bigg.reaction,biggr,kegg.reaction,keggr,metacyc.reaction,metacycr,metanetx.reaction,rh,rhea,sabiork.reaction,sabiorkr,seed.reaction,seedr,vmhr,vmhreaction",True,True,True,True,False,False,,,False
R244,cystathionine beta-synthase,metabolic,YALI1E11255g,1,4,C_cy,True,"metanetx.reaction,seed.reaction,seedr",False,False,True,False,False,False,,,False
R245,cystathionine g-lyase,metabolic,YALI1D00614g or YALI1F08705g,2,5,C_cy,False,,False,False,False,False,False,False,,,False
R246,cystathionine gamma-synthase,metabolic,YALI1D21408g,1,5,C_cy,True,"bigg.reaction,biggr,metanetx.reaction",True,False,True,False,False,False,,,False
R247,cysteine synthase,metabolic,YALI1E10364g or YALI1F18920g or YALI1D33380g,3,5,C_cy,True,"metanetx.reaction,seed.reaction,seedr",False,False,True,False,False,False,,,False
R248,cysteinyl-tRNA synthetase,metabolic,YALI1D18577g,1,6,C_cy,True,"bigg.reaction,biggr,metanetx.reaction",True,False,True,False,False,False,,,True
R249,cytidine deaminase,metabolic,YALI1D21023g,1,5,C_cy,True,"bigg.reaction,biggr,kegg.reaction,keggr,metacyc.reaction,metacycr,metanetx.reaction,rh,rhea,sabiork.reaction,sabiorkr,seed.reaction,seedr,vmhr,vmhreaction",True,True,True,True,False,False,,,False
R250,cytidine kinase (GTP),metabolic,YALI1E36477g,1,5,C_cy,True,"bigg.reaction,biggr,kegg.reaction,keggr,metacyc.reaction,metacycr,metanetx.reaction,rh,rhea,seed.reaction,seedr,vmhr,vmhreaction",True,True,True,True,False,False,,,False
R251,cytochrome P450 lanosterol 14-alpha-demethylase (NADP),metabolic,YALI1D05474g and YALI1B07094g and (YALI1D14199g or YALI1D06380g) and YALI1D15063g,5,8,C_cy,True,"metanetx.reaction,seed.reaction,seedr",False,False,True,False,False,False,,,False
R252,cytosine deaminase,metabolic,YALI1F29751g,1,5,C_cy,True,"bigg.reaction,biggr,kegg.reaction,keggr,metacyc.reaction,metacycr,metanetx.reaction,rh,rhea,vmhr,vmhreaction",True,True,True,True,False,False,,,False
R253,"D-arabinono-1,4-lactone oxidase",metabolic,YALI1A22228g,1,4,C_cy,True,"metanetx.reaction,seed.reaction,seedr",False,False,True,False,False,False,,,True
R254,D-arabinose 1-dehydrogenase (NAD),metabolic,YALI1F38466g,1,5,C_cy,False,,False,False,False,False,False,False,,,True
R255,D-arabinose 1-dehydrogenase (NADP),metabolic,YALI1A21000g or YALI1A15863g or YALI1B09211g or YALI1B28394g or YALI1C12619g or YALI1C18771g or YALI1D05111g or YALI1E22041g or YALI1F10224g,9,5,C_cy,False,,False,False,False,False,False,False,,,True
R256,D-fructose 1-phosphate D-glyceraldehyde-3-phosphate-lyase,metabolic,YALI1E30886g,1,3,C_cy,True,"bigg.reaction,biggr,metanetx.reaction",True,False,True,False,False,False,,,False
R257,D-sorbitol dehydrogenase (D-fructose producing),metabolic,YALI1E15452g,1,5,C_cy,False,,False,False,False,False,False,False,,,True
R258,dCMP deaminase,metabolic,YALI1C32031g,1,5,C_cy,True,"bigg.reaction,biggr,kegg.reaction,keggr,metacyc.reaction,metacycr,metanetx.reaction,rh,rhea,sabiork.reaction,sabiorkr,seed.reaction,seedr,vmhr,vmhreaction",True,True,True,True,False,False,,,False
R259,dCTP deaminase,metabolic,YALI1C32031g,1,5,C_cy,True,"bigg.reaction,biggr,kegg.reaction,keggr,metacyc.reaction,metacycr,metanetx.reaction,rh,rhea,seed.reaction,seedr,vmhr,vmhreaction",True,True,True,True,False,False,,,False
R260,deoxycytidine deaminase,metabolic,YALI1D21023g,1,5,C_cy,True,"bigg.reaction,biggr,kegg.reaction,keggr,metacyc.reaction,metacycr,metanetx.reaction,rh,rhea,sabiork.reaction,sabiorkr,seed.reaction,seedr,vmhr,vmhreaction",True,True,True,True,False,False,,,False
R261,deoxyguanylate kinase (dGMP:ATP),metabolic,YALI1C23511g,1,4,C_cy,True,"bigg.reaction,biggr,kegg.reaction,keggr,metacyc.reaction,metacycr,metanetx.reaction,rh,rhea,sabiork.reaction,sabiorkr,seed.reaction,seedr,vmhr,vmhreaction",True,True,True,True,False,False,,,False
R262,"deoxyhypusine synthase, cytosolic/mitochondrial",transport,YALI1B01084g,1,6,"C_cy,C_mi",True,"bigg.reaction,biggr,metanetx.reaction,seed.reaction,seedr",True,False,True,False,False,False,,,False
R263,deoxyribokinase,metabolic,YALI1B19576g,1,5,C_cy,True,"metanetx.reaction,seed.reaction,seedr",False,False,True,False,False,False,,,True
R264,deoxyuridine phosphorylase,metabolic,YALI1F37714g,1,4,C_cy,True,"bigg.reaction,biggr,kegg.reaction,keggr,metacyc.reaction,metacycr,metanetx.reaction,rh,rhea,sabiork.reaction,sabiorkr,vmhr,vmhreaction",True,True,True,True,False,False,,,False
R265,dephospho-CoA kinase,metabolic,YALI1F13202g,1,5,C_mi,True,"bigg.reaction,biggr,kegg.reaction,keggr,metacyc.reaction,metacycr,metanetx.reaction,rh,rhea,sabiork.reaction,sabiorkr,seed.reaction,seedr,vmhr,vmhreaction",True,True,True,True,False,False,,,True
R266,dethiobiotin synthase,metabolic,YALIUNK1,1,7,C_cy,True,"bigg.reaction,biggr,kegg.reaction,keggr,metacyc.reaction,metacycr,metanetx.reaction,rh,rhea,sabiork.reaction,sabiorkr,seed.reaction,seedr,vmhr,vmhreaction",True,True,True,True,False,False,,,True
R267,dihydroceramidase,metabolic,YALI1D25664g,1,3,C_er,False,,False,False,False,False,False,False,,,False
R268,dihydroceramidase,metabolic,YALI1D25664g,1,3,C_er,False,,False,False,False,False,False,False,,,False
R269,dihydroceramidase,metabolic,YALI1D25664g,1,3,C_er,False,,False,False,False,False,False,False,,,False
R270,dihydroceramidase,metabolic,YALI1D25664g,1,3,C_er,False,,False,False,False,False,False,False,,,False
R271,dihydrofolate reductase,metabolic,YALI1C17947g,1,5,C_cy,True,"bigg.reaction,biggr,kegg.reaction,keggr,metacyc.reaction,metacycr,metanetx.reaction,rh,rhea,sabiork.reaction,sabiorkr,seed.reaction,seedr,vmhr,vmhreaction",True,True,True,True,False,False,,,False
R272,dihydrofolate reductase,metabolic,YALI1C17947g,1,5,C_mi,True,"bigg.reaction,biggr,kegg.reaction,keggr,metacyc.reaction,metacycr,metanetx.reaction,rh,rhea,sabiork.reaction,sabiorkr,seed.reaction,seedr,vmhr,vmhreaction",True,True,True,True,False,False,,,True
R273,dihydrofolate synthase,metabolic,YALI1A09911g or YALI1E29179g,2,7,C_cy,True,"bigg.reaction,biggr,kegg.reaction,keggr,metacyc.reaction,metacycr,metanetx.reaction,rh,rhea,seed.reaction,seedr,vmhr,vmhreaction",True,True,True,True,False,False,,,True
R274,dihydroneopterin aldolase,metabolic,YALI1A03069g,1,3,C_mi,True,"metanetx.reaction,seed.reaction,seedr",False,False,True,False,False,False,,,True
R275,dihydroneopterin monophosphate dephosphorylase,metabolic,YALI1E39676g,1,4,C_cy,True,"bigg.reaction,biggr,metanetx.reaction",True,False,True,False,False,False,,,True
R276,dihydroorotase,metabolic,YALI1F29987g,1,4,C_cy,True,"bigg.reaction,biggr,kegg.reaction,keggr,metacyc.reaction,metacycr,metanetx.reaction,rh,rhea,sabiork.reaction,sabiorkr,seed.reaction,seedr,vmhr,vmhreaction",True,True,True,True,False,False,,,False
R277,dihydropteroate synthase,metabolic,YALI1A03069g,1,4,C_mi,True,"bigg.reaction,biggr,kegg.reaction,keggr,metacyc.reaction,metacycr,metanetx.reaction,rh,rhea,seed.reaction,seedr,vmhr,vmhreaction",True,True,True,True,False,False,,,True
R278,dihydropteroate synthase,metabolic,YALI1A03069g,1,4,C_mi,True,"bigg.reaction,biggr,kegg.reaction,keggr,metacyc.reaction,metacycr,metanetx.reaction,rh,rhea,seed.reaction,seedr,vmhr,vmhreaction",True,True,True,True,False,False,,,True
R279,"dihydroxy-acid dehydratase (2,3-dihydroxy-3-methylbutanoate)",metabolic,YALI1C32276g,1,3,C_mi,True,"bigg.reaction,biggr,kegg.reaction,keggr,metacyc.reaction,metacycr,metanetx.reaction,rh,rhea,sabiork.reaction,sabiorkr,seed.reaction,seedr,vmhr,vmhreaction",True,True,True,True,False,False,,,False
R280,"dihydroxy-acid dehydratase (2,3-dihydroxy-3-methylpentanoate)",metabolic,YALI1C32276g,1,3,C_mi,True,"bigg.reaction,biggr,metanetx.reaction",True,False,True,False,False,False,,,False
R281,dihydroxyacetone kinase,metabolic,YALI1F12917g or YALI1E24532g,2,5,C_cy,True,"bigg.reaction,biggr,kegg.reaction,keggr,metacyc.reaction,metacycr,metanetx.reaction,rh,rhea,sabiork.reaction,sabiorkr,seed.reaction,seedr,vmhr,vmhreaction",True,True,True,True,False,False,,,False
R282,dimethylallyltranstransferase,metabolic,YALI1E06759g,1,4,C_cy,True,"metanetx.reaction,seed.reaction,seedr",False,False,True,False,False,False,,,False
R283,diphosphoglyceromutase,metabolic,YALI1B04138g,1,3,C_cy,True,"bigg.reaction,biggr,kegg.reaction,keggr,metacyc.reaction,metacycr,metanetx.reaction,rh,rhea,seed.reaction,seedr,vmhr,vmhreaction",True,True,True,True,False,False,,,True
R284,"diphosphoinositol-1,3,4,6-tetrakisphosphate diphosphohydrolase",metabolic,YALI1A04817g,1,5,C_cy,True,"metanetx.reaction,seed.reaction,seedr",False,False,True,False,False,False,,,False
R285,"diphosphoinositol-1,3,4,6-tetrakisphosphate synthase",metabolic,YALI1F18897g,1,7,C_cy,True,"metanetx.reaction,seed.reaction,seedr",False,False,True,False,False,False,,,False
R286,diphthine synthase,metabolic,YALI1F22908g,1,5,C_cy,True,"bigg.reaction,biggr,metanetx.reaction",True,False,True,False,False,False,,,True
R287,dolichol kinase,metabolic,YALI1E22718g,1,5,C_cy,True,"bigg.reaction,biggr,metanetx.reaction",True,False,True,False,False,False,,,True
R288,dolichyl-phosphate D-mannosyltransferase,transport,YALI1D08050g and YALI1B07538g and YALI1A19526g,3,4,"C_cy,C_er",True,"metanetx.reaction,seed.reaction,seedr",False,False,True,False,False,False,,,False
R289,dolichyl-phosphate-mannose--protein mannosyltransferase,metabolic,YALI1C32184g or YALI1E07121g or YALI1E18121g,3,4,C_er,False,,False,False,False,False,False,False,,,False
R290,dTMP kinase,metabolic,YALI1C18590g,1,4,C_cy,True,"bigg.reaction,biggr,metanetx.reaction,rh,rhea,vmhr,vmhreaction",True,False,True,True,False,False,,,False
R291,dUTP diphosphatase,metabolic,YALI1F25908g,1,5,C_cy,True,"bigg.reaction,biggr,kegg.reaction,keggr,metacyc.reaction,metacycr,metanetx.reaction,rh,rhea,sabiork.reaction,sabiorkr,seed.reaction,seedr,vmhr,vmhreaction",True,True,True,True,False,False,,,False
R292,enolase,metabolic,YALI1F22436g,1,3,C_cy,True,"bigg.reaction,biggr,kegg.reaction,keggr,metacyc.reaction,metacycr,metanetx.reaction,rh,rhea,sabiork.reaction,sabiorkr,seed.reaction,seedr,vmhr,vmhreaction",True,True,True,True,False,False,,,False
R293,ethanolamine kinase,metabolic,YALI1E20159g,1,5,C_cy,True,"bigg.reaction,biggr,metanetx.reaction",True,False,True,False,False,False,,,True
R294,"exo-1,3-beta-glucan glucohydrase",metabolic,YALI1F08075g or YALI1B05024g or YALI1A06873g or YALI1C16932g or YALI1B23300g or YALI1E40502g,6,3,C_ex,True,"metanetx.reaction,seed.reaction,seedr",False,False,True,False,False,False,,,True
R295,farnesyltranstransferase,metabolic,YALI1D21022g,1,4,C_cy,True,"bigg.reaction,biggr,metanetx.reaction,sabiork.reaction,sabiorkr",True,False,True,False,False,False,,,True
R296,fatty acid oxidation (C18:2),metabolic,YALI1C32886g or YALI1D32754g or YALI1E07899g or YALI1E32603g or YALI1E38912g or (YALI1F14495g and YALI1E22238g and YALI1E18441g and YALI1F29301g),9,9,C_pe,False,,False,False,False,False,False,False,,,True
R297,fatty-acid--CoA ligase (decanoate),metabolic,YALI1E19172g,1,6,C_pe,False,,False,False,False,False,False,False,,,False
R298,fatty-acid--CoA ligase (dodecanoate),metabolic,YALI1E19172g,1,6,C_pe,False,,False,False,False,False,False,False,,,False
R299,fatty-acid--CoA ligase (hexadecanoate),metabolic,YALI1E19172g,1,6,C_pe,False,,False,False,False,False,False,False,,,False
R300,fatty-acid--CoA ligase (octanoate),metabolic,YALI1E19172g,1,6,C_pe,True,"bigg.reaction,biggr,metacyc.reaction,metacycr,metanetx.reaction,rh,rhea,sabiork.reaction,sabiorkr,seed.reaction,seedr,vmhr,vmhreaction",True,False,True,True,False,False,,,False
R301,fatty-acid--CoA ligase (tetradecanoate),metabolic,YALI1E19172g,1,6,C_pe,False,,False,False,False,False,False,False,,,False
R302,ferrochelatase,metabolic,YALI1F25924g,1,4,C_mi,True,"metanetx.reaction,seed.reaction,seedr",False,False,True,False,False,False,,,True
R303,ferrocytochrome-c:hydrogen-peroxide oxidoreductase,metabolic,YALI1D11769g and YALI1F27211g,2,4,C_mi,True,"kegg.reaction,keggr,metanetx.reaction",False,True,True,False,False,False,,,True
R304,ferrocytochrome-c:oxygen oxidoreductase,transport,YALI1D23237g and YALI1M00325g and YALI1M00277g and YALI0F04114g and YALI1E23635g and YALI1F04455g and YALI1E12730g and YALI1E19902g and YALI1F06236g and YALI1E15606g and YALI1D11769g and YALI1F05089g,12,6,"C_cy,C_mi",True,"metanetx.reaction,seed.reaction,seedr",False,False,True,False,False,False,,,False
R305,ferrocytochrome-c:oxygen oxidoreductase,transport,YALI1M00390g and YALI1A14736g and YALI1E40361g and YALI1A03322g and YALI1F32010g and YALI1B02487g and YALI1C17100g and YALI1F02758g and YALI1A17570g and YALI1F12013g and YALI1D11769g,11,6,"C_cy,C_mi",True,"metanetx.reaction,seed.reaction,seedr",False,False,True,False,False,False,,,False
R306,FMN adenylyltransferase,metabolic,YALI1D33889g,1,5,C_cy,True,"bigg.reaction,biggr,kegg.reaction,keggr,metanetx.reaction,sabiork.reaction,sabiorkr,seed.reaction,seedr,vmhr,vmhreaction",True,True,True,False,False,False,,,True
R307,formaldehyde dehydrogenase,metabolic,YALI1F13170g,1,6,C_cy,True,"bigg.reaction,biggr,kegg.reaction,keggr,metacyc.reaction,metacycr,metanetx.reaction,rh,rhea,sabiork.reaction,sabiorkr,seed.reaction,seedr,vmhr,vmhreaction",True,True,True,True,False,False,,,True
R308,formate dehydrogenase,metabolic,YALI1B28349g or YALI1A12540g or YALI1B26033g or YALI1B29419g or YALI1C10762g or YALI1C20054g or YALI1E17326g or YALI1E19036g or YALI1F18740g or YALI1F21467g or YALI1F36584g,11,4,C_cy,True,"metacyc.reaction,metacycr,metanetx.reaction,seed.reaction,seedr",False,False,True,False,False,False,,,False
R309,formate-tetrahydrofolate ligase,metabolic,YALI1E01589g or YALI1F38386g,2,6,C_cy,True,"bigg.reaction,biggr,kegg.reaction,keggr,metanetx.reaction,rh,rhea,sabiork.reaction,sabiorkr,seed.reaction,seedr,vmhr,vmhreaction",True,True,True,True,False,False,,,False
R310,formate-tetrahydrofolate ligase,metabolic,YALI1E01589g or YALI1F38386g,2,6,C_mi,True,"bigg.reaction,biggr,kegg.reaction,keggr,metanetx.reaction,rh,rhea,sabiork.reaction,sabiorkr,seed.reaction,seedr,vmhr,vmhreaction",True,True,True,True,False,False,,,True
R311,"fructose-2,6-bisphosphate 2-phosphatase",metabolic,YALI1E20885g,1,4,C_cy,False,,False,False,False,False,False,False,,,False
R312,fructose-bisphosphatase,metabolic,YALI1A15925g,1,4,C_cy,True,"bigg.reaction,biggr,kegg.reaction,keggr,metacyc.reaction,metacycr,metanetx.reaction,rh,rhea,sabiork.reaction,sabiorkr,seed.reaction,seedr",True,True,True,True,False,False,,,False
R313,fructose-bisphosphate aldolase,metabolic,YALI1E30886g,1,3,C_cy,True,"bigg.reaction,biggr,metanetx.reaction",True,False,True,False,False,False,,,False
R314,fumarase,metabolic,YALI1C09033g,1,3,C_mi,True,"metanetx.reaction,seed.reaction,seedr",False,False,True,False,False,False,,,False
R315,"fumarase, cytoplasmic",metabolic,YALI1C09033g,1,3,C_cy,False,,False,False,False,False,False,False,,,False
R316,dihydoorotic acid dehydrogenase,metabolic,YALI1D23995g,1,4,C_cy,True,"bigg.reaction,biggr,kegg.reaction,keggr,metacyc.reaction,metacycr,metanetx.reaction,rh,rhea,sabiork.reaction,sabiorkr,seed.reaction,seedr,vmhr,vmhreaction",True,True,True,True,False,False,,,False
R317,g-glutamyltransferase,metabolic,YALI1C15945g,1,4,C_cy,True,"bigg.reaction,biggr,metanetx.reaction,seed.reaction,seedr",True,False,True,False,False,False,,,True
R318,galactokinase,metabolic,YALI1C18258g,1,5,C_cy,True,"bigg.reaction,biggr,metanetx.reaction",True,False,True,False,False,False,,,True
R319,galactose-1-phosphate uridylyltransferase,metabolic,YALI1F31405g,1,5,C_cy,True,"bigg.reaction,biggr,kegg.reaction,keggr,metacyc.reaction,metacycr,metanetx.reaction,rh,rhea,sabiork.reaction,sabiorkr,seed.reaction,seedr,vmhr,vmhreaction",True,True,True,True,False,False,,,False
R320,gamma-glutamylcysteine synthetase,metabolic,YALI1E35520g,1,7,C_cy,True,"bigg.reaction,biggr,kegg.reaction,keggr,metacyc.reaction,metacycr,metanetx.reaction,rh,rhea,sabiork.reaction,sabiorkr,seed.reaction,seedr,vmhr,vmhreaction",True,True,True,True,False,False,,,False
R321,geranylgeranyltranstransferase,metabolic,,0,4,C_cy,True,"bigg.reaction,biggr,metanetx.reaction",True,False,True,False,False,False,,,True
R322,geranyltranstransferase,metabolic,YALI1E06759g,1,4,C_cy,True,"metanetx.reaction,seed.reaction,seedr",False,False,True,False,False,False,,,False
R323,"glucan 1,4-alpha-glucosidase",metabolic,YALI1A20063g,1,3,C_cy,True,"metanetx.reaction,seed.reaction,seedr",False,False,True,False,False,False,,,False
R324,glucosamine-6-phosphate deaminase,metabolic,YALI1C01965g,1,4,C_cy,True,"bigg.reaction,biggr,kegg.reaction,keggr,metacyc.reaction,metacycr,metanetx.reaction,rh,rhea,seed.reaction,seedr",True,True,True,True,False,False,,,False
R325,glucose 6-phosphate dehydrogenase,metabolic,YALI1E26811g,1,5,C_cy,True,"bigg.reaction,biggr,kegg.reaction,keggr,metacyc.reaction,metacycr,metanetx.reaction,rh,rhea,sabiork.reaction,sabiorkr,seed.reaction,seedr,vmhr,vmhreaction",True,True,True,True,False,False,,,False
R326,glucose-6-phosphate isomerase,metabolic,YALI1F11049g,1,2,C_cy,True,"bigg.reaction,biggr,kegg.reaction,keggr,metacyc.reaction,metacycr,metanetx.reaction,rh,rhea,sabiork.reaction,sabiorkr,seed.reaction,seedr",True,True,True,True,False,False,,,False
R327,glutamate 5-kinase,metabolic,YALI1A20176g,1,4,C_cy,True,"bigg.reaction,biggr,kegg.reaction,keggr,metacyc.reaction,metacycr,metanetx.reaction,rh,rhea,sabiork.reaction,sabiorkr,seed.reaction,seedr,vmhr,vmhreaction",True,True,True,True,False,False,,,False
R328,glutamate decarboxylase,metabolic,YALI1F11827g,1,4,C_cy,True,"bigg.reaction,biggr,kegg.reaction,keggr,metacyc.reaction,metacycr,metanetx.reaction,rh,rhea,sabiork.reaction,sabiorkr,seed.reaction,seedr,vmhr,vmhreaction",True,True,True,True,False,False,,,False
R329,glutamate dehydrogenase (NAD),metabolic,YALI1E11943g,1,7,C_cy,True,"bigg.reaction,biggr,kegg.reaction,keggr,metacyc.reaction,metacycr,metanetx.reaction,rh,rhea,sabiork.reaction,sabiorkr,seed.reaction,seedr,vmhr,vmhreaction",True,True,True,True,False,False,,,False
R330,glutamate dehydrogenase (NADP),metabolic,YALI1F23664g,1,7,C_cy,True,"bigg.reaction,biggr,kegg.reaction,keggr,metacyc.reaction,metacycr,metanetx.reaction,rh,rhea,sabiork.reaction,sabiorkr,seed.reaction,seedr,vmhr,vmhreaction",True,True,True,True,False,False,,,False
R331,glutamate synthase (NADH2),metabolic,YALI1B26112g,1,6,C_cy,False,,False,False,False,False,False,False,,,False
R332,glutamate-5-semialdehyde dehydrogenase,metabolic,YALI1E35815g,1,6,C_cy,True,"bigg.reaction,biggr,kegg.reaction,keggr,metacyc.reaction,metacycr,metanetx.reaction,rh,rhea,sabiork.reaction,sabiorkr,seed.reaction,seedr,vmhr,vmhreaction",True,True,True,True,False,False,,,False
R333,glutaminase,metabolic,,0,4,C_cy,True,"bigg.reaction,biggr,kegg.reaction,keggr,metacyc.reaction,metacycr,metanetx.reaction,rh,rhea,sabiork.reaction,sabiorkr,seed.reaction,seedr,vmhr,vmhreaction",True,True,True,True,False,False,,,False
R334,glutamine synthetase,metabolic,YALI1F00821g,1,7,C_cy,True,"bigg.reaction,biggr,kegg.reaction,keggr,metacyc.reaction,metacycr,metanetx.reaction,rh,rhea,sabiork.reaction,sabiorkr,seed.reaction,seedr,vmhr,vmhreaction",True,True,True,True,False,False,,,False
R335,glutamine-fructose-6-phosphate transaminase,metabolic,YALI1B27874g,1,4,C_cy,True,"bigg.reaction,biggr,kegg.reaction,keggr,metacyc.reaction,metacycr,metanetx.reaction,rh,rhea,seed.reaction,seedr",True,True,True,True,False,False,,,False
R336,glutaminyl-tRNA synthetase,metabolic,YALI1C04882g,1,6,C_cy,True,"metanetx.reaction,seed.reaction,seedr",False,False,True,False,False,False,,,True
R337,glutamyl-tRNA synthetase,metabolic,YALI1E33633g,1,6,C_cy,True,"bigg.reaction,biggr,metanetx.reaction",True,False,True,False,False,False,,,True
R338,glutamyl-tRNA synthetase,metabolic,YALI1E21230g,1,6,C_mi,True,"bigg.reaction,biggr,metanetx.reaction",True,False,True,False,False,False,,,True
R339,glutathione oxidoreductase,metabolic,YALI1B17838g or (YALI1C06951g and YALI1E21406g),3,5,C_cy,True,"bigg.reaction,biggr,kegg.reaction,keggr,metacyc.reaction,metacycr,metanetx.reaction,rh,rhea,sabiork.reaction,sabiorkr,seed.reaction,seedr,vmhr,vmhreaction",True,True,True,True,False,False,,,False
R340,glutathione oxidoreductase,metabolic,YALI1E21406g and YALI1F28092g,2,5,C_mi,True,"bigg.reaction,biggr,kegg.reaction,keggr,metacyc.reaction,metacycr,metanetx.reaction,rh,rhea,sabiork.reaction,sabiorkr,seed.reaction,seedr,vmhr,vmhreaction",True,True,True,True,False,False,,,True
R341,glutathione peridoxase,metabolic,YALI1C06951g or YALI1E02906g,2,4,C_cy,True,"bigg.reaction,biggr,kegg.reaction,keggr,metacyc.reaction,metacycr,metanetx.reaction,rh,rhea,sabiork.reaction,sabiorkr,seed.reaction,seedr,vmhr,vmhreaction",True,True,True,True,False,False,,,False
R342,"glutathione peroxidase, mitochondria",metabolic,YALI1F28092g,1,4,C_mi,True,"bigg.reaction,biggr,metanetx.reaction",True,False,True,False,False,False,,,True
R343,glutathione synthetase,metabolic,YALI1C25029g,1,7,C_cy,True,"bigg.reaction,biggr,kegg.reaction,keggr,metacyc.reaction,metacycr,metanetx.reaction,rh,rhea,sabiork.reaction,sabiorkr,seed.reaction,seedr,vmhr,vmhreaction",True,True,True,True,False,False,,,False
R344,glyceraldehyde-3-phosphate dehydrogenase,metabolic,YALI1C08262g,1,6,C_cy,True,"bigg.reaction,biggr,metanetx.reaction",True,False,True,False,False,False,,,False
R345,glycerol dehydrogenase (NADP-dependent),metabolic,YALI1A21000g or YALI1A15863g or YALI1B09211g or YALI1B28394g or YALI1C12619g or YALI1C18771g or YALI1D05111g or YALI1E22041g or YALI1F10224g or YALI1F24773g,10,5,C_cy,False,,False,False,False,False,False,False,,,False
R346,glycerol kinase,metabolic,YALI1F00654g,1,5,C_cy,True,"bigg.reaction,biggr,kegg.reaction,keggr,metacyc.reaction,metacycr,metanetx.reaction,rh,rhea,sabiork.reaction,sabiorkr,seed.reaction,seedr,vmhr,vmhreaction",True,True,True,True,False,False,,,False
R347,glycerol-3-phosphate dehydrogenase (fad),metabolic,YALI1B18499g,1,4,C_mi,True,"bigg.reaction,biggr,kegg.reaction,keggr,metanetx.reaction,rh,rhea,seed.reaction,seedr,vmhr,vmhreaction",True,True,True,True,False,False,,,False
R348,glycerol-3-phosphate dehydrogenase (NAD),metabolic,YALI1B04433g,1,5,C_cy,True,"bigg.reaction,biggr,metanetx.reaction,seed.reaction,seedr",True,False,True,False,False,False,,,False
R349,glycerol-3-phosphate dehydrogenase (NAD),metabolic,YALI1B04433g,1,5,C_mi,True,"bigg.reaction,biggr,metanetx.reaction,seed.reaction,seedr",True,False,True,False,False,False,,,False
R350,glycerol-3-phosphate/dihydroxyacetone phosphate acyltransferase,metabolic,YALI1C00230g,1,4,C_em,False,,False,False,False,False,False,False,,,False
R351,glycerol-3-phosphate/dihydroxyacetone phosphate acyltransferase,metabolic,YALI1C00230g,1,4,C_lp,False,,False,False,False,False,False,False,,,False
R352,glycerol-3-phosphate/dihydroxyacetone phosphate acyltransferase,metabolic,YALI1C00230g,1,4,C_em,False,,False,False,False,False,False,False,,,True
R353,glycerol-3-phosphate/dihydroxyacetone phosphate acyltransferase,metabolic,YALI1C00230g,1,4,C_lp,False,,False,False,False,False,False,False,,,False
R354,glycerophosphodiester phosphodiesterase (glycerophosphocholine),metabolic,YALI1E38859g,1,5,C_cy,True,"bigg.reaction,biggr,kegg.reaction,keggr,metacyc.reaction,metacycr,metanetx.reaction,rh,rhea,sabiork.reaction,sabiorkr,seed.reaction,seedr,vmhr,vmhreaction",True,True,True,True,False,False,,,True
R355,glycinamide ribotide transformylase,metabolic,YALI1D03865g,1,5,C_cy,False,,False,False,False,False,False,False,,,False
R356,glycine C-acetyltransferase,metabolic,,0,4,C_cy,True,"bigg.reaction,biggr,kegg.reaction,keggr,metacyc.reaction,metacycr,metanetx.reaction,rh,rhea,sabiork.reaction,sabiorkr,seed.reaction,seedr,vmhr,vmhreaction",True,True,True,True,False,False,,,True
R357,glycine cleavage system,metabolic,YALI1E00574g and YALI1F04082g and YALI1D26360g and YALI1A09694g,4,8,C_mi,True,"bigg.reaction,biggr,metanetx.reaction",True,False,True,False,False,False,,,False
R358,glycine hydroxymethyltransferase,metabolic,YALI1D28569g or YALI1E19557g,2,5,C_cy,True,"bigg.reaction,biggr,kegg.reaction,keggr,metacyc.reaction,metacycr,metanetx.reaction,rh,rhea,seed.reaction,seedr,vmhr,vmhreaction",True,True,True,True,False,False,,,False
R359,glycine hydroxymethyltransferase,metabolic,YALI1D28569g or YALI1E19557g,2,5,C_mi,True,"bigg.reaction,biggr,kegg.reaction,keggr,metacyc.reaction,metacycr,metanetx.reaction,rh,rhea,seed.reaction,seedr,vmhr,vmhreaction",True,True,True,True,False,False,,,False
R360,glycine-cleavage complex (lipoamide),metabolic,YALI1E00574g and YALI1F04082g and YALI1D26360g and YALI1A09694g,4,5,C_mi,False,,False,False,False,False,False,False,,,False
R361,glycine-cleavage complex (lipoamide),metabolic,YALI1E00574g and YALI1F04082g and YALI1D26360g and YALI1A09694g,4,5,C_mi,False,,False,False,False,False,False,False,,,False
R362,glycine-cleavage complex (lipoylprotein),metabolic,YALI1A09694g,1,5,C_mi,False,,False,False,False,False,False,False,,,False
R363,glycine-cleavage complex (lipoylprotein),metabolic,YALI1F04082g,1,6,C_mi,False,,False,False,False,False,False,False,,,False
R364,glycine-cleavage complex (lipoylprotein),metabolic,YALI1D26360g,1,5,C_mi,False,,False,False,False,False,False,False,,,False
R365,glycine-cleavage system (lipoamide),metabolic,YALI1E00574g and YALI1F04082g and YALI1D26360g and YALI1A09694g,4,5,C_mi,False,,False,False,False,False,False,False,,,False
R366,glycogen (starch) synthase,metabolic,(YALI1C29104g and YALI1F24667g) or (YALI1F12176g and YALI1F24667g),3,5,C_cy,True,"metanetx.reaction,seed.reaction,seedr",False,False,True,False,False,False,,,False
R367,glycogen phosphorylase,metabolic,YALI1F06351g,1,3,C_cy,True,"metacyc.reaction,metacycr,metanetx.reaction,seed.reaction,seedr",False,False,True,False,False,False,,,False
R368,glycyl-tRNA synthetase,metabolic,YALI1E17574g,1,6,C_cy,True,"bigg.reaction,biggr,metanetx.reaction",True,False,True,False,False,False,,,True
R369,GMP synthase,metabolic,YALI1B21070g,1,9,C_cy,True,"metanetx.reaction,seed.reaction,seedr",False,False,True,False,False,False,,,False
R370,gnnuc,metabolic,YALI1F05220g,1,4,C_cy,True,"bigg.reaction,biggr,kegg.reaction,keggr,metacyc.reaction,metacycr,metanetx.reaction,rh,rhea,sabiork.reaction,sabiorkr,seed.reaction,seedr,vmhr,vmhreaction",True,True,True,True,False,False,,,False
R371,"GPI-anchor assembly, step 2",metabolic,YALI1E25932g,1,5,C_er,False,,False,False,False,False,False,False,,,True
R372,"GPI-anchor assembly, step 5",metabolic,YALI1A21970g and YALI1E20666g,2,4,C_er,False,,False,False,False,False,False,False,,,True
R373,"GPI-anchor assembly, step 6",metabolic,YALI1F27343g,1,3,C_er,False,,False,False,False,False,False,False,,,True
R374,"GPI-anchor assembly, step 7",metabolic,YALI1F15403g,1,4,C_er,False,,False,False,False,False,False,False,,,True
R375,"GPI-anchor assembly, step 8",metabolic,YALI1D05270g,1,3,C_er,False,,False,False,False,False,False,False,,,True
R376,"GPI-anchor assembly, step 9",metabolic,YALI1E04744g or YALI1E14925g,2,4,C_er,False,,False,False,False,False,False,False,,,True
R377,GTP cyclohydrolase I,metabolic,YALI1A10254g,1,5,C_cy,True,"metanetx.reaction,seed.reaction,seedr",False,False,True,False,False,False,,,True
R378,GTP cyclohydrolase II,metabolic,YALI1E02885g,1,6,C_cy,True,"bigg.reaction,biggr,metanetx.reaction,sabiork.reaction,sabiorkr,seed.reaction,seedr",True,False,True,False,False,False,,,True
R379,guanine deaminase,metabolic,YALI1E30496g,1,5,C_cy,True,"bigg.reaction,biggr,kegg.reaction,keggr,metacyc.reaction,metacycr,metanetx.reaction,rh,rhea,sabiork.reaction,sabiorkr,seed.reaction,seedr,vmhr,vmhreaction",True,True,True,True,False,False,,,False
R380,guanine phosphoribosyltransferase,metabolic,YALI1E19958g,1,4,C_cy,True,"bigg.reaction,biggr,kegg.reaction,keggr,metacyc.reaction,metacycr,metanetx.reaction,rh,rhea,sabiork.reaction,sabiorkr,seed.reaction,seedr,vmhr,vmhreaction",True,True,True,True,False,False,,,False
R381,guanylate kinase,metabolic,YALI1C23511g,1,4,C_cy,True,"bigg.reaction,biggr,kegg.reaction,keggr,metacyc.reaction,metacycr,metanetx.reaction,rh,rhea,sabiork.reaction,sabiorkr,seed.reaction,seedr,vmhr,vmhreaction",True,True,True,True,False,False,,,False
R382,guanylate kinase (GMP:dATP),metabolic,YALI1C23511g,1,4,C_cy,True,"bigg.reaction,biggr,metanetx.reaction,seed.reaction,seedr,vmhr,vmhreaction",True,False,True,False,False,False,,,False
R383,heme O monooxygenase,metabolic,YALI1B19490g and YALI1F32002g and YALI1B03314g,3,6,C_mi,False,,False,False,False,False,False,False,,,True
R384,Heme O synthase,metabolic,YALI1F31135g,1,5,C_mi,True,"metanetx.reaction,seed.reaction,seedr",False,False,True,False,False,False,,,True
R385,hexaprenyldihydroxybenzoate methyltransferase,metabolic,YALI1F34625g and YALI1B20527g and YALI1A08781g and YALI1F34675g and YALI1C25352g and YALI1B20835g and YALI1E18269g,7,5,C_mi,True,"metanetx.reaction,seed.reaction,seedr",False,False,True,False,False,False,,,True
R386,hexokinase (D-fructose:ATP),metabolic,YALI1B29133g,1,5,C_cy,True,"bigg.reaction,biggr,kegg.reaction,keggr,metacyc.reaction,metacycr,metanetx.reaction,seed.reaction,seedr",True,True,True,False,False,False,,,True
R387,hexokinase (D-glucose:ATP),metabolic,YALI1B29133g or YALI1E18539g,2,5,C_cy,True,"bigg.reaction,biggr,kegg.reaction,keggr,metacyc.reaction,metacycr,metanetx.reaction,rh,rhea,sabiork.reaction,sabiorkr,seed.reaction,seedr,vmhr,vmhreaction",True,True,True,True,False,False,,,False
R388,hexokinase (D-mannose:ATP),metabolic,YALI1B29133g,1,5,C_cy,True,"bigg.reaction,biggr,kegg.reaction,keggr,metacyc.reaction,metacycr,metanetx.reaction,rh,rhea,sabiork.reaction,sabiorkr,seed.reaction,seedr",True,True,True,True,False,False,,,True
R389,histidinol dehydrogenase,metabolic,YALI1A15879g,1,6,C_cy,True,"bigg.reaction,biggr,kegg.reaction,keggr,metacyc.reaction,metacycr,metanetx.reaction,rh,rhea,sabiork.reaction,sabiorkr,seed.reaction,seedr,vmhr,vmhreaction",True,True,True,True,False,False,,,False
R390,histidinol-phosphatase,metabolic,YALI1E05963g,1,4,C_cy,True,"bigg.reaction,biggr,kegg.reaction,keggr,metacyc.reaction,metacycr,metanetx.reaction,rh,rhea,seed.reaction,seedr,vmhr,vmhreaction",True,True,True,True,False,False,,,False
R391,histidinol-phosphate transaminase,metabolic,YALI1E01793g,1,4,C_cy,True,"bigg.reaction,biggr,kegg.reaction,keggr,metacyc.reaction,metacycr,metanetx.reaction,rh,rhea,sabiork.reaction,sabiorkr,seed.reaction,seedr,vmhr,vmhreaction",True,True,True,True,False,False,,,False
R392,histidyl-tRNA synthetase,metabolic,YALI1E16068g,1,6,C_cy,True,"metacyc.reaction,metacycr,metanetx.reaction,seed.reaction,seedr",False,False,True,False,False,False,,,True
R393,histidyl-tRNA synthetase,metabolic,YALI1E16068g,1,6,C_mi,True,"metacyc.reaction,metacycr,metanetx.reaction,seed.reaction,seedr",False,False,True,False,False,False,,,True
R394,hnRNP arginine N-methyltransferase,metabolic,YALI1E21983g,1,5,C_cy,False,,False,False,False,False,False,False,,,True
R395,homoacontinate hydratase,metabolic,YALI1E03387g,1,3,C_mi,False,,False,False,False,False,False,False,,,False
R396,homocitrate synthase,metabolic,YALI1F38776g,1,6,C_nu,True,"bigg.reaction,biggr,metanetx.reaction",True,False,True,False,False,False,,,True
R397,homocysteine S-methyltransferase,metabolic,YALI1F32969g,1,5,C_cy,True,"bigg.reaction,biggr,kegg.reaction,keggr,metacyc.reaction,metacycr,metanetx.reaction,rh,rhea,seed.reaction,seedr,vmhr,vmhreaction",True,True,True,True,False,False,,,False
R398,homoisocitrate dehydrogenase,metabolic,YALI1D13238g,1,6,C_mi,True,"bigg.reaction,biggr,kegg.reaction,keggr,metanetx.reaction,seed.reaction,seedr,vmhr,vmhreaction",True,True,True,False,False,False,,,False
R399,homoserine dehydrogenase (NADP),metabolic,YALI1D01188g,1,5,C_cy,False,,False,False,False,False,False,False,,,False
R400,homoserine kinase,metabolic,YALI1F17962g,1,5,C_cy,True,"bigg.reaction,biggr,kegg.reaction,keggr,metacyc.reaction,metacycr,metanetx.reaction,rh,rhea,sabiork.reaction,sabiorkr,seed.reaction,seedr,vmhr,vmhreaction",True,True,True,True,False,False,,,False
R401,homoserine O-trans-acetylase,metabolic,YALI1C33270g or YALI1E01235g,2,4,C_cy,False,,False,False,False,False,False,False,,,False
R402,hydrogen peroxide reductase (thioredoxin),metabolic,YALI1B19932g and YALI1F02309g,2,4,C_cy,True,"bigg.reaction,biggr,metanetx.reaction",True,False,True,False,False,False,,,False
R403,hydrogen peroxide reductase (thioredoxin),metabolic,(YALI1F11583g and YALI1F02309g) or YALI1E27791g,3,4,C_mi,True,"bigg.reaction,biggr,metanetx.reaction",True,False,True,False,False,False,,,True
R404,hydrogen peroxide reductase (thioredoxin),metabolic,YALI1E30028g and YALI1F02309g,2,4,C_pe,True,"bigg.reaction,biggr,metanetx.reaction",True,False,True,False,False,False,,,False
R405,hydroxyacylglutathione hydrolase,metabolic,YALI1D08946g,1,5,C_cy,True,"bigg.reaction,biggr,kegg.reaction,keggr,metacyc.reaction,metacycr,metanetx.reaction,rh,rhea,sabiork.reaction,sabiorkr,seed.reaction,seedr,vmhr,vmhreaction",True,True,True,True,False,False,,,False
R406,hydroxyacylglutathione hydrolase,metabolic,YALI1D08946g,1,5,C_mi,True,"bigg.reaction,biggr,kegg.reaction,keggr,metacyc.reaction,metacycr,metanetx.reaction,rh,rhea,sabiork.reaction,sabiorkr,seed.reaction,seedr,vmhr,vmhreaction",True,True,True,True,False,False,,,True
R407,hydroxybenzoate octaprenyltransferase,metabolic,YALI1F08349g,1,4,C_mi,True,"bigg.reaction,biggr,metanetx.reaction,vmhr,vmhreaction",True,False,True,False,False,False,,,True
R408,hydroxyethylthiazole kinase,metabolic,YALI1C22186g,1,5,C_cy,True,"bigg.reaction,biggr,kegg.reaction,keggr,metacyc.reaction,metacycr,metanetx.reaction,rh,rhea,seed.reaction,seedr,vmhr,vmhreaction",True,True,True,True,False,False,,,False
R409,hydroxymethylbilane synthase,metabolic,YALI1F34051g,1,4,C_cy,True,"bigg.reaction,biggr,kegg.reaction,keggr,metacyc.reaction,metacycr,metanetx.reaction,rh,rhea,sabiork.reaction,sabiorkr,seed.reaction,seedr,vmhr,vmhreaction",True,True,True,True,False,False,,,True
R410,hydroxymethylglutaryl CoA reductase,metabolic,YALI1E05731g,1,6,C_cy,True,"bigg.reaction,biggr,kegg.reaction,keggr,metacyc.reaction,metacycr,metanetx.reaction,rh,rhea,sabiork.reaction,sabiorkr,seed.reaction,seedr,vmhr,vmhreaction",True,True,True,True,False,False,,,False
R411,hydroxymethylglutaryl CoA synthase,metabolic,YALI1F38116g,1,6,C_cy,True,"bigg.reaction,biggr,kegg.reaction,keggr,metacyc.reaction,metacycr,metanetx.reaction,rh,rhea,sabiork.reaction,sabiorkr,seed.reaction,seedr,vmhr,vmhreaction",True,True,True,True,False,False,,,False
R412,hydroxymethylglutaryl CoA synthase,metabolic,YALI1F38116g,1,6,C_mi,True,"bigg.reaction,biggr,kegg.reaction,keggr,metacyc.reaction,metacycr,metanetx.reaction,rh,rhea,sabiork.reaction,sabiorkr,seed.reaction,seedr,vmhr,vmhreaction",True,True,True,True,False,False,,,False
R413,hydroxymethylpyrimidine kinase (ATP),metabolic,YALI1E05103g,1,5,C_cy,True,"bigg.reaction,biggr,kegg.reaction,keggr,metacyc.reaction,metacycr,metanetx.reaction,rh,rhea,sabiork.reaction,sabiorkr,seed.reaction,seedr",True,True,True,True,False,False,,,False
R414,hypoxanthine phosphoribosyltransferase (Hypoxanthine),metabolic,YALI1E19958g,1,4,C_cy,True,"bigg.reaction,biggr,kegg.reaction,keggr,metacyc.reaction,metacycr,metanetx.reaction,rh,rhea,sabiork.reaction,sabiorkr,seed.reaction,seedr,vmhr,vmhreaction",True,True,True,True,False,False,,,False
R415,Imidazole-glycerol-3-phosphate synthase,metabolic,YALI1C09467g,1,6,C_cy,True,"bigg.reaction,biggr,kegg.reaction,keggr,metacyc.reaction,metacycr,metanetx.reaction,rh,rhea,sabiork.reaction,sabiorkr,seed.reaction,seedr,vmhr,vmhreaction",True,True,True,True,False,False,,,False
R416,imidazoleglycerol-phosphate dehydratase,metabolic,YALI1E40305g,1,3,C_cy,True,"bigg.reaction,biggr,kegg.reaction,keggr,metacyc.reaction,metacycr,metanetx.reaction,rh,rhea,seed.reaction,seedr,vmhr,vmhreaction",True,True,True,True,False,False,,,False
R417,IMP dehydrogenase,metabolic,YALI1D27148g,1,6,C_cy,True,"bigg.reaction,biggr,kegg.reaction,keggr,metacyc.reaction,metacycr,metanetx.reaction,rh,rhea,sabiork.reaction,sabiorkr,seed.reaction,seedr,vmhr,vmhreaction",True,True,True,True,False,False,,,False
R418,indole-3-glycerol-phosphate synthase,metabolic,YALI1D13963g,1,5,C_cy,True,"bigg.reaction,biggr,kegg.reaction,keggr,metacyc.reaction,metacycr,metanetx.reaction,rh,rhea,sabiork.reaction,sabiorkr,seed.reaction,seedr,vmhr,vmhreaction",True,True,True,True,False,False,,,False
R419,inorganic diphosphatase,metabolic,YALI1C16485g or YALI1F18105g,2,4,C_cy,True,"bigg.reaction,biggr,kegg.reaction,keggr,metacyc.reaction,metacycr,metanetx.reaction,rh,rhea,sabiork.reaction,sabiorkr,seed.reaction,seedr,vmhr,vmhreaction",True,True,True,True,False,False,,,False
R420,inorganic diphosphatase,metabolic,YALI1C16485g or YALI1F18105g,2,4,C_mi,True,"bigg.reaction,biggr,kegg.reaction,keggr,metacyc.reaction,metacycr,metanetx.reaction,rh,rhea,sabiork.reaction,sabiorkr,seed.reaction,seedr,vmhr,vmhreaction",True,True,True,True,False,False,,,False
R421,inosine monophosphate cyclohydrolase,metabolic,YALI1D32209g,1,3,C_cy,False,,False,False,False,False,False,False,,,False
R422,"inositol-1,3,4,5,6-pentakisphosphate 2-kinase",metabolic,YALI1E08530g,1,5,C_nu,True,"bigg.reaction,biggr,kegg.reaction,keggr,metacyc.reaction,metacycr,metanetx.reaction,rh,rhea,sabiork.reaction,sabiorkr,seed.reaction,seedr,vmhr,vmhreaction",True,True,True,True,False,False,,,False
R423,"inositol-1,3,4,5-triphosphate 6-kinase, nucleus",metabolic,YALI1B14978g,1,5,C_nu,True,"bigg.reaction,biggr,kegg.reaction,keggr,metacyc.reaction,metacycr,metanetx.reaction,sabiork.reaction,sabiorkr,seed.reaction,seedr,vmhr,vmhreaction",True,True,True,False,False,False,,,True
R424,"inositol-1,4,5,6- tetrakisphosphate 3-kinase, nucleus",metabolic,YALI1B14978g,1,5,C_nu,False,,False,False,False,False,False,False,,,True
R425,"inositol-1,4,5-triphosphate 6-kinase, nucleus",metabolic,YALI1B14978g,1,5,C_nu,True,"bigg.reaction,biggr,kegg.reaction,keggr,metacyc.reaction,metacycr,metanetx.reaction,rh,rhea,sabiork.reaction,sabiorkr,seed.reaction,seedr,vmhr,vmhreaction",True,True,True,True,False,False,,,True
R426,"inositol-1,4,5-trisphosphate 3-kinase, nucleus",metabolic,YALI1B14978g,1,5,C_nu,False,,False,False,False,False,False,False,,,True
R427,IPS phospholipase C,metabolic,YALI1D23128g,1,4,C_er,False,,False,False,False,False,False,False,,,True
R428,IPS phospholipase C,metabolic,YALI1D23128g,1,4,C_er,False,,False,False,False,False,False,False,,,True
R429,IPS phospholipase C,metabolic,YALI1D23128g,1,4,C_er,False,,False,False,False,False,False,False,,,True
R430,IPS phospholipase C,metabolic,YALI1D23128g,1,4,C_er,False,,False,False,False,False,False,False,,,True
R431,IPS phospholipase C,metabolic,YALI1D23128g,1,4,C_er,False,,False,False,False,False,False,False,,,True
R432,IPS phospholipase C,metabolic,YALI1D23128g,1,4,C_er,False,,False,False,False,False,False,False,,,True
R433,IPS phospholipase C,metabolic,YALI1D23128g,1,4,C_er,False,,False,False,False,False,False,False,,,True
R434,IPS phospholipase C,metabolic,YALI1D23128g,1,4,C_er,False,,False,False,False,False,False,False,,,True
R435,IPS phospholipase C,metabolic,YALI1D23128g,1,4,C_er,False,,False,False,False,False,False,False,,,True
R436,IPS phospholipase C,metabolic,YALI1D23128g,1,4,C_er,False,,False,False,False,False,False,False,,,True
R437,IPS phospholipase C,metabolic,YALI1D23128g,1,4,C_er,False,,False,False,False,False,False,False,,,True
R438,IPS phospholipase C,metabolic,YALI1D23128g,1,4,C_er,False,,False,False,False,False,False,False,,,True
R439,IPS phospholipase C,metabolic,YALI1D23128g,1,4,C_er,False,,False,False,False,False,False,False,,,True
R440,IPS phospholipase C,metabolic,YALI1D23128g,1,4,C_er,False,,False,False,False,False,False,False,,,True
R441,IPS phospholipase C,metabolic,YALI1D23128g,1,4,C_er,False,,False,False,False,False,False,False,,,True
R442,IPS phospholipase C,metabolic,YALI1D23128g,1,4,C_er,False,,False,False,False,False,False,False,,,True
R443,IPS phospholipase C,metabolic,YALI1D23128g,1,4,C_er,False,,False,False,False,False,False,False,,,True
R444,IPS phospholipase C,metabolic,YALI1D23128g,1,4,C_er,False,,False,False,False,False,False,False,,,True
R445,IPS phospholipase C,metabolic,YALI1D23128g,1,4,C_er,False,,False,False,False,False,False,False,,,True
R446,IPS phospholipase C,metabolic,YALI1D23128g,1,4,C_er,False,,False,False,False,False,False,False,,,True
R447,IPS phospholipase C,metabolic,YALI1D23128g,1,4,C_mi,False,,False,False,False,False,False,False,,,True
R448,IPS phospholipase C,metabolic,YALI1D23128g,1,4,C_mi,False,,False,False,False,False,False,False,,,True
R449,IPS phospholipase C,metabolic,YALI1D23128g,1,4,C_mi,False,,False,False,False,False,False,False,,,True
R450,IPS phospholipase C,metabolic,YALI1D23128g,1,4,C_mi,False,,False,False,False,False,False,False,,,True
R451,IPS phospholipase C,metabolic,YALI1D23128g,1,4,C_mi,False,,False,False,False,False,False,False,,,True
R452,IPS phospholipase C,metabolic,YALI1D23128g,1,4,C_mi,False,,False,False,False,False,False,False,,,True
R453,IPS phospholipase C,metabolic,YALI1D23128g,1,4,C_mi,False,,False,False,False,False,False,False,,,True
R454,IPS phospholipase C,metabolic,YALI1D23128g,1,4,C_mi,False,,False,False,False,False,False,False,,,True
R455,IPS phospholipase C,metabolic,YALI1D23128g,1,4,C_mi,False,,False,False,False,False,False,False,,,True
R456,IPS phospholipase C,metabolic,YALI1D23128g,1,4,C_mi,False,,False,False,False,False,False,False,,,True
R457,IPS phospholipase C,metabolic,YALI1D23128g,1,4,C_mi,False,,False,False,False,False,False,False,,,True
R458,IPS phospholipase C,metabolic,YALI1D23128g,1,4,C_mi,False,,False,False,False,False,False,False,,,True
R459,IPS phospholipase C,metabolic,YALI1D23128g,1,4,C_mi,False,,False,False,False,False,False,False,,,True
R460,IPS phospholipase C,metabolic,YALI1D23128g,1,4,C_mi,False,,False,False,False,False,False,False,,,True
R461,IPS phospholipase C,metabolic,YALI1D23128g,1,4,C_mi,False,,False,False,False,False,False,False,,,True
R462,IPS phospholipase C,metabolic,YALI1D23128g,1,4,C_mi,False,,False,False,False,False,False,False,,,True
R463,IPS phospholipase C,metabolic,YALI1D23128g,1,4,C_mi,False,,False,False,False,False,False,False,,,True
R464,IPS phospholipase C,metabolic,YALI1D23128g,1,4,C_mi,False,,False,False,False,False,False,False,,,True
R465,IPS phospholipase C,metabolic,YALI1D23128g,1,4,C_mi,False,,False,False,False,False,False,False,,,True
R466,IPS phospholipase C,metabolic,YALI1D23128g,1,4,C_mi,False,,False,False,False,False,False,False,,,True
R467,IPS phospholipase C,metabolic,YALI1D23128g,1,4,C_mi,False,,False,False,False,False,False,False,,,True
R468,IPS phospholipase C,metabolic,YALI1D23128g,1,4,C_mi,False,,False,False,False,False,False,False,,,True
R469,IPS phospholipase C,metabolic,YALI1D23128g,1,4,C_mi,False,,False,False,False,False,False,False,,,True
R470,IPS phospholipase C,metabolic,YALI1D23128g,1,4,C_mi,False,,False,False,False,False,False,False,,,True
R471,IPS phospholipase C,metabolic,YALI1D23128g,1,4,C_mi,False,,False,False,False,False,False,False,,,True
R472,IPS phospholipase C,metabolic,YALI1D23128g,1,4,C_mi,False,,False,False,False,False,False,False,,,True
R473,IPS phospholipase C,metabolic,YALI1D23128g,1,4,C_mi,False,,False,False,False,False,False,False,,,True
R474,IPS phospholipase C,metabolic,YALI1D23128g,1,4,C_mi,False,,False,False,False,False,False,False,,,True
R475,IPS phospholipase C,metabolic,YALI1D23128g,1,4,C_mi,False,,False,False,False,False,False,False,,,True
R476,IPS phospholipase C,metabolic,YALI1D23128g,1,4,C_mi,False,,False,False,False,False,False,False,,,True
R477,IPS phospholipase C,metabolic,YALI1D23128g,1,4,C_er,False,,False,False,False,False,False,False,,,True
R478,IPS phospholipase C,metabolic,YALI1D23128g,1,4,C_er,False,,False,False,False,False,False,False,,,True
R479,IPS phospholipase C,metabolic,YALI1D23128g,1,4,C_er,False,,False,False,False,False,False,False,,,True
R480,IPS phospholipase C,metabolic,YALI1D23128g,1,4,C_er,False,,False,False,False,False,False,False,,,True
R481,IPS phospholipase C,metabolic,YALI1D23128g,1,4,C_er,False,,False,False,False,False,False,False,,,True
R482,IPS phospholipase C,metabolic,YALI1D23128g,1,4,C_er,False,,False,False,False,False,False,False,,,True
R483,IPS phospholipase C,metabolic,YALI1D23128g,1,4,C_er,False,,False,False,False,False,False,False,,,True
R484,IPS phospholipase C,metabolic,YALI1D23128g,1,4,C_er,False,,False,False,False,False,False,False,,,True
R485,IPS phospholipase C,metabolic,YALI1D23128g,1,4,C_er,False,,False,False,False,False,False,False,,,True
R486,IPS phospholipase C,metabolic,YALI1D23128g,1,4,C_er,False,,False,False,False,False,False,False,,,True
R487,isocitrate dehydrogenase (NAD+),metabolic,YALI1E06015g and YALI1D08082g,2,6,C_mi,True,"metacyc.reaction,metacycr,metanetx.reaction,rh,rhea,sabiork.reaction,sabiorkr,seed.reaction,seedr",False,False,True,True,False,False,,,False
R488,isocitrate dehydrogenase (NADP),metabolic,YALI1F06197g,1,5,C_cy,True,"bigg.reaction,biggr,kegg.reaction,keggr,metanetx.reaction,sabiork.reaction,sabiorkr,seed.reaction,seedr,vmhr,vmhreaction",True,True,True,False,False,False,,,False
R489,"isocitrate dehydrogenase (NADP+), peroxisomal",metabolic,YALI1F06197g,1,5,C_pe,True,"bigg.reaction,biggr,kegg.reaction,keggr,metanetx.reaction,sabiork.reaction,sabiorkr,seed.reaction,seedr,vmhr,vmhreaction",True,True,True,False,False,False,,,False
R490,isocitrate lyase,metabolic,YALI1C24124g or YALI1F39620g,2,3,C_cy,True,"bigg.reaction,biggr,kegg.reaction,keggr,metanetx.reaction,sabiork.reaction,sabiorkr,seed.reaction,seedr,vmhr,vmhreaction",True,True,True,False,False,False,,,False
R491,isoleucine transaminase,metabolic,YALI1D01431g,1,4,C_cy,True,"kegg.reaction,keggr,metacyc.reaction,metacycr,metanetx.reaction,rh,rhea,sabiork.reaction,sabiorkr,seed.reaction,seedr,vmhr,vmhreaction",False,True,True,True,False,False,,,True
R492,isoleucine transaminase,metabolic,YALI1D01431g,1,4,C_mi,True,"kegg.reaction,keggr,metacyc.reaction,metacycr,metanetx.reaction,rh,rhea,sabiork.reaction,sabiorkr,seed.reaction,seedr,vmhr,vmhreaction",False,True,True,True,False,False,,,False
R493,isoleucyl-tRNA synthetase,metabolic,YALI1A00309g,1,6,C_cy,True,"bigg.reaction,biggr,metanetx.reaction",True,False,True,False,False,False,,,True
R494,isoleucyl-tRNA synthetase,metabolic,YALI1C15180g,1,6,C_mi,True,"bigg.reaction,biggr,metanetx.reaction",True,False,True,False,False,False,,,True
R495,isopentenyl-diphosphate D-isomerase,metabolic,YALI1F06018g,1,2,C_cy,True,"bigg.reaction,biggr,kegg.reaction,keggr,metacyc.reaction,metacycr,metanetx.reaction,rh,rhea,sabiork.reaction,sabiorkr,seed.reaction,seedr,vmhr,vmhreaction",True,True,True,True,False,False,,,False
R496,itaconate-CoA ligase (ADP-forming),metabolic,YALI1D05873g and YALI1E28575g,2,6,C_mi,False,,False,False,False,False,False,False,,,True
R497,ketol-acid reductoisomerase (2-aceto-2-hydroxybutanoate),metabolic,YALI1D03952g,1,5,C_mi,False,,False,False,False,False,False,False,,,False
R498,kynureninase,metabolic,YALI1B29867g,1,5,C_cy,True,"bigg.reaction,biggr,kegg.reaction,keggr,metacyc.reaction,metacycr,metanetx.reaction,rh,rhea,sabiork.reaction,sabiorkr,seed.reaction,seedr,vmhr,vmhreaction",True,True,True,True,False,False,,,False
R499,kynurenine 3-monooxygenase,metabolic,YALI1D12493g,1,7,C_cy,True,"bigg.reaction,biggr,kegg.reaction,keggr,metacyc.reaction,metacycr,metanetx.reaction,rh,rhea,sabiork.reaction,sabiorkr,seed.reaction,seedr,vmhr,vmhreaction",True,True,True,True,False,False,,,False
R500,L-1-pyrroline-3-hydroxy-5-carboxylate dehydrogenase,metabolic,YALI1B12993g,1,6,C_mi,True,"bigg.reaction,biggr,kegg.reaction,keggr,metacyc.reaction,metacycr,metanetx.reaction,rh,rhea,seed.reaction,seedr",True,True,True,True,False,False,,,True
R501,L-4-hydroxyglutamate semialdehyde dehydrogenase,metabolic,YALI1B12993g,1,6,C_mi,False,,False,False,False,False,False,False,,,True
R502,L-alanine transaminase,metabolic,YALI1D08125g,1,4,C_mi,True,"bigg.reaction,biggr,kegg.reaction,keggr,metacyc.reaction,metacycr,metanetx.reaction,rh,rhea,sabiork.reaction,sabiorkr,seed.reaction,seedr,vmhr,vmhreaction",True,True,True,True,False,False,,,False
R503,L-allo-threonine aldolase,metabolic,YALI1A22440g,1,3,C_cy,True,"bigg.reaction,biggr,kegg.reaction,keggr,metacyc.reaction,metacycr,metanetx.reaction,rh,rhea,sabiork.reaction,sabiorkr,seed.reaction,seedr",True,True,True,True,False,False,,,True
R504,L-allo-threonine dehydrogenase,metabolic,YALI1C09773g,1,5,C_cy,True,"bigg.reaction,biggr,kegg.reaction,keggr,metacyc.reaction,metacycr,metanetx.reaction,rh,rhea,seed.reaction,seedr",True,True,True,True,False,False,,,True
R506,L-erythro-4-hydroxyglutamate:2-oxoglutarate aminotransferase,metabolic,YALI1B03198g or YALI1F36966g,2,4,C_cy,True,"kegg.reaction,keggr,metacyc.reaction,metacycr,metanetx.reaction,rh,rhea,seed.reaction,seedr",False,True,True,True,False,False,,,True
R507,L-erythro-4-hydroxyglutamate:2-oxoglutarate aminotransferase,metabolic,YALI1B03198g or YALI1F36966g,2,4,C_mi,True,"kegg.reaction,keggr,metacyc.reaction,metacycr,metanetx.reaction,rh,rhea,seed.reaction,seedr",False,True,True,True,False,False,,,True
R508,L-erythro-4-hydroxyglutamate:2-oxoglutarate aminotransferase,metabolic,YALI1B03198g or YALI1F36966g,2,4,C_pe,True,"kegg.reaction,keggr,metacyc.reaction,metacycr,metanetx.reaction,rh,rhea,seed.reaction,seedr",False,True,True,True,False,False,,,True
R509,L-hydroxyproline reductase (NADP),metabolic,YALI1B18955g,1,5,C_cy,False,,False,False,False,False,False,False,,,True
R510,L-lactaldehyde:NADP+ 1-oxidoreductase,metabolic,YALI1D09870g or YALI1D09034g or YALI1D15398g or YALI1F12666g or YALI1F32287g,5,5,C_cy,True,"bigg.reaction,biggr,kegg.reaction,keggr,metacyc.reaction,metacycr,metanetx.reaction,rh,rhea,sabiork.reaction,sabiorkr,seed.reaction,seedr,vmhr,vmhreaction",True,True,True,True,False,False,,,False
R511,L-serine deaminase,metabolic,YALI1E12987g,1,3,C_cy,True,"bigg.reaction,biggr,kegg.reaction,keggr,metacyc.reaction,metacycr,metanetx.reaction,rh,rhea,sabiork.reaction,sabiorkr,seed.reaction,seedr,vmhr,vmhreaction",True,True,True,True,False,False,,,False
R512,L-serine dehydrogenase,metabolic,YALI1C09773g,1,5,C_cy,True,"bigg.reaction,biggr,kegg.reaction,keggr,metacyc.reaction,metacycr,metanetx.reaction,rh,rhea,seed.reaction,seedr,vmhr,vmhreaction",True,True,True,True,False,False,,,True
R513,L-sorbitol dehydrogenase (L-sorbose-producing),metabolic,YALI1E15452g,1,5,C_cy,True,"metanetx.reaction,seed.reaction,seedr",False,False,True,False,False,False,,,True
R514,L-threonine deaminase,metabolic,YALI1E12987g,1,3,C_cy,True,"bigg.reaction,biggr,kegg.reaction,keggr,metacyc.reaction,metacycr,metanetx.reaction,rh,rhea,sabiork.reaction,sabiorkr,seed.reaction,seedr,vmhr,vmhreaction",True,True,True,True,False,False,,,False
R515,L-threonine deaminase,metabolic,YALI1D03047g,1,3,C_mi,True,"bigg.reaction,biggr,kegg.reaction,keggr,metacyc.reaction,metacycr,metanetx.reaction,rh,rhea,sabiork.reaction,sabiorkr,seed.reaction,seedr,vmhr,vmhreaction",True,True,True,True,False,False,,,False
R516,"L-tryptophan:oxygen 2,3-oxidoreductase (decyclizing)",metabolic,YALI1F33861g,1,3,C_cy,True,"kegg.reaction,keggr,metacyc.reaction,metacycr,metanetx.reaction,rh,rhea,sabiork.reaction,sabiorkr,seed.reaction,seedr,vmhr,vmhreaction",False,True,True,True,False,False,,,False
R517,lactaldehyde dehydrogenase,metabolic,,0,6,C_cy,True,"bigg.reaction,biggr,kegg.reaction,keggr,metacyc.reaction,metacycr,metanetx.reaction,rh,rhea,sabiork.reaction,sabiorkr,seed.reaction,seedr,vmhr,vmhreaction",True,True,True,True,False,False,,,False
R518,lactoylglutathione lyase,metabolic,YALI1E28631g,1,3,C_cy,True,"bigg.reaction,biggr,kegg.reaction,keggr,metacyc.reaction,metacycr,metanetx.reaction,rh,rhea,sabiork.reaction,sabiorkr,seed.reaction,seedr,vmhr,vmhreaction",True,True,True,True,False,False,,,False
R519,lanosterol synthase,metabolic,YALI1F06787g,1,2,C_cy,True,"bigg.reaction,biggr,kegg.reaction,keggr,metacyc.reaction,metacycr,metanetx.reaction,rh,rhea,sabiork.reaction,sabiorkr,seed.reaction,seedr,vmhr,vmhreaction",True,True,True,True,False,False,,,False
R520,leucine transaminase,metabolic,YALI1D01431g,1,4,C_cy,True,"bigg.reaction,biggr,kegg.reaction,keggr,metacyc.reaction,metacycr,metanetx.reaction,rh,rhea,sabiork.reaction,sabiorkr,seed.reaction,seedr,vmhr,vmhreaction",True,True,True,True,False,False,,,True
R521,leucine transaminase,metabolic,YALI1D01431g,1,4,C_mi,True,"bigg.reaction,biggr,kegg.reaction,keggr,metacyc.reaction,metacycr,metanetx.reaction,rh,rhea,sabiork.reaction,sabiorkr,seed.reaction,seedr,vmhr,vmhreaction",True,True,True,True,False,False,,,False
R522,leucyl-tRNA synthetase,metabolic,YALI1E29319g,1,6,C_cy,True,"bigg.reaction,biggr,metanetx.reaction",True,False,True,False,False,False,,,True
R523,leucyl-tRNA synthetase,metabolic,YALI1F03527g,1,6,C_mi,True,"bigg.reaction,biggr,metanetx.reaction",True,False,True,False,False,False,,,True
R524,leukotriene A4 hydrolase,metabolic,YALI1F00472g,1,3,C_cy,False,,False,False,False,False,False,False,,,True
R525,leukotriene A4 hydrolase,metabolic,YALI1F00472g,1,3,C_nu,False,,False,False,False,False,False,False,,,True
R526,leukotriene A4 hydrolase,metabolic,YALI1F00472g,1,3,C_cy,False,,False,False,False,False,False,False,,,True
R527,leukotriene A4 hydrolase,metabolic,YALI1F00472g,1,3,C_nu,False,,False,False,False,False,False,False,,,True
R528,leukotriene A4 hydrolase,metabolic,YALI1F00472g,1,3,C_cy,False,,False,False,False,False,False,False,,,True
R529,leukotriene A4 hydrolase,metabolic,YALI1F00472g,1,3,C_nu,False,,False,False,False,False,False,False,,,True
R530,lysophosphatidylcholine acyltransferase,metabolic,,0,4,C_mm,False,,False,False,False,False,False,False,,,True
R531,lysyl-tRNA synthetase,metabolic,YALI1F21769g,1,6,C_cy,True,"bigg.reaction,biggr,metanetx.reaction",True,False,True,False,False,False,,,True
R532,lysyl-tRNA synthetase,metabolic,YALI1D30570g,1,6,C_mi,True,"bigg.reaction,biggr,metanetx.reaction",True,False,True,False,False,False,,,True
R533,malate dehydrogenase,metabolic,YALI1D20676g or YALI1E17214g,2,5,C_mi,True,"bigg.reaction,biggr,kegg.reaction,keggr,metacyc.reaction,metacycr,metanetx.reaction,rh,rhea,sabiork.reaction,sabiorkr,seed.reaction,seedr,vmhr,vmhreaction",True,True,True,True,False,False,,,False
R534,"malate dehydrogenase, cytoplasmic",metabolic,YALI1E17214g,1,5,C_cy,False,,False,False,False,False,False,False,,,False
R535,"malate dehydrogenase, peroxisomal",metabolic,YALI1D20676g or YALI1E17214g,2,5,C_pe,False,,False,False,False,False,False,False,,,False
R536,malate synthase,metabolic,YALI1D24249g or YALI1E18927g,2,6,C_cy,True,"bigg.reaction,biggr,kegg.reaction,keggr,metacyc.reaction,metacycr,metanetx.reaction,rh,rhea,sabiork.reaction,sabiorkr,seed.reaction,seedr,vmhr,vmhreaction",True,True,True,True,False,False,,,False
R537,malate synthase,metabolic,YALI1D24249g or YALI1E18927g,2,6,C_pe,True,"bigg.reaction,biggr,kegg.reaction,keggr,metacyc.reaction,metacycr,metanetx.reaction,rh,rhea,sabiork.reaction,sabiorkr,seed.reaction,seedr,vmhr,vmhreaction",True,True,True,True,False,False,,,False
R538,malic enzyme (NADP),metabolic,YALI1E22303g,1,5,C_mi,True,"bigg.reaction,biggr,kegg.reaction,keggr,metacyc.reaction,metacycr,metanetx.reaction,rh,rhea,sabiork.reaction,sabiorkr,seed.reaction,seedr,vmhr,vmhreaction",True,True,True,True,False,False,,,False
R539,malonyl-CoA-ACP transacylase,metabolic,(YALI1F38317g and YALI1A20089g and YALI1C26939g and YALI1D18037g) or (YALI1D32594g and YALI1F37498g and YALI1E22262g),7,4,C_mi,True,"bigg.reaction,biggr,metanetx.reaction",True,False,True,False,False,False,,,False
R540,mannose-1-phosphate guanylyltransferase,metabolic,YALI1C08702g or YALI1E18171g,2,5,C_cy,True,"bigg.reaction,biggr,kegg.reaction,keggr,metacyc.reaction,metacycr,metanetx.reaction,rh,rhea,sabiork.reaction,sabiorkr,seed.reaction,seedr",True,True,True,True,False,False,,,False
R541,mannose-6-phosphate isomerase,metabolic,YALI1B23834g,1,2,C_cy,True,"bigg.reaction,biggr,kegg.reaction,keggr,metacyc.reaction,metacycr,metanetx.reaction,rh,rhea,seed.reaction,seedr",True,True,True,True,False,False,,,False
R542,methenyltetrahydrifikate cyclohydrolase,metabolic,YALI1E01589g or YALI1F38386g,2,4,C_mi,False,,False,False,False,False,False,False,,,True
R543,methenyltetrahydrofolate cyclohydrolase,metabolic,YALI1E01589g or YALI1F38386g,2,4,C_cy,True,"metanetx.reaction,seed.reaction,seedr",False,False,True,False,False,False,,,False
R544,methionine adenosyltransferase,metabolic,YALI1B19079g,1,6,C_cy,True,"bigg.reaction,biggr,kegg.reaction,keggr,metacyc.reaction,metacycr,metanetx.reaction,rh,rhea,seed.reaction,seedr,vmhr,vmhreaction",True,True,True,True,False,False,,,False
R545,methionine synthase,metabolic,YALI1E15659g,1,5,C_cy,True,"bigg.reaction,biggr,kegg.reaction,keggr,metanetx.reaction,rh,rhea,sabiork.reaction,sabiorkr,seed.reaction,seedr",True,True,True,True,False,False,,,False
R546,methionyl-tRNA formyltransferase,metabolic,YALI1F10110g,1,5,C_mi,True,"bigg.reaction,biggr,metanetx.reaction",True,False,True,False,False,False,,,True
R547,methionyl-tRNA synthetase,metabolic,YALI1F37354g,1,6,C_cy,True,"bigg.reaction,biggr,metanetx.reaction",True,False,True,False,False,False,,,True
R548,methionyl-tRNA synthetase,metabolic,YALI1D04566g,1,6,C_mi,True,"bigg.reaction,biggr,metanetx.reaction",True,False,True,False,False,False,,,True
R549,methylenetetrahydrofolate dehydrogenase (NAD),metabolic,YALI1B15928g,1,5,C_cy,False,,False,False,False,False,False,False,,,False
R550,methylenetetrahydrofolate dehydrogenase (NADP),metabolic,YALI1E01589g or YALI1F38386g,2,4,C_cy,True,"bigg.reaction,biggr,kegg.reaction,keggr,metanetx.reaction,rh,rhea,sabiork.reaction,sabiorkr,seed.reaction,seedr,vmhr,vmhreaction",True,True,True,True,False,False,,,False
R551,methylenetetrahydrofolate dehydrogenase (NADP),metabolic,YALI1E01589g or YALI1F38386g,2,4,C_mi,True,"bigg.reaction,biggr,kegg.reaction,keggr,metanetx.reaction,rh,rhea,sabiork.reaction,sabiorkr,seed.reaction,seedr,vmhr,vmhreaction",True,True,True,True,False,False,,,True
R552,methylisocitrate lyase,metabolic,YALI1C24124g or YALI1F39620g,2,3,C_mi,True,"bigg.reaction,biggr,kegg.reaction,keggr,metacyc.reaction,metacycr,metanetx.reaction,rh,rhea,sabiork.reaction,sabiorkr,seed.reaction,seedr,vmhr,vmhreaction",True,True,True,True,False,False,,,False
R553,mevalonate kinase (atp),metabolic,YALI1B21004g,1,5,C_cy,True,"bigg.reaction,biggr,kegg.reaction,keggr,metacyc.reaction,metacycr,metanetx.reaction,rh,rhea,sabiork.reaction,sabiorkr,seed.reaction,seedr,vmhr,vmhreaction",True,True,True,True,False,False,,,False
R554,mevalonate kinase (ctp),metabolic,YALI1B21004g,1,5,C_cy,False,,False,False,False,False,False,False,,,False
R555,mevalonate kinase (gtp),metabolic,YALI1B21004g,1,5,C_cy,False,,False,False,False,False,False,False,,,False
R556,mevalonate kinase (UTP),metabolic,YALI1B21004g,1,5,C_cy,False,,False,False,False,False,False,False,,,False
R557,mevalonate pyrophoshate decarboxylase,metabolic,YALI1F08363g,1,6,C_cy,False,,False,False,False,False,False,False,,,False
R558,myo-inositol 1-phosphatase,metabolic,YALI1D05440g,1,4,C_cy,True,"bigg.reaction,biggr,metanetx.reaction",True,False,True,False,False,False,,,False
R559,myo-inositol-1-phosphate synthase,metabolic,YALI1B05798g,1,2,C_cy,True,"bigg.reaction,biggr,metanetx.reaction",True,False,True,False,False,False,,,False
R560,N-acetyl-g-glutamyl-phosphate reductase,metabolic,YALI1B22853g,1,6,C_mi,True,"bigg.reaction,biggr,kegg.reaction,keggr,metacyc.reaction,metacycr,metanetx.reaction,rh,rhea,seed.reaction,seedr,vmhr,vmhreaction",True,True,True,True,False,False,,,False
R561,N-acetylglucosamine-6-phosphate synthase,metabolic,YALI1D25450g,1,5,C_cy,False,,False,False,False,False,False,False,,,False
R562,N-acteylglutamate synthase,metabolic,YALI1B21356g or YALI1E16002g,2,5,C_mi,False,,False,False,False,False,False,False,,,True
R563,N-formyl-L-kynurenine amidohydrolase,metabolic,YALI1E34072g,1,5,C_cy,True,"kegg.reaction,keggr,metacyc.reaction,metacycr,metanetx.reaction,rh,rhea,sabiork.reaction,sabiorkr,seed.reaction,seedr,vmhr,vmhreaction",False,True,True,True,False,False,,,False
R564,NAD diphosphatase,metabolic,YALI1F11635g,1,5,C_pe,True,"bigg.reaction,biggr,kegg.reaction,keggr,metacyc.reaction,metacycr,metanetx.reaction,rh,rhea,sabiork.reaction,sabiorkr,seed.reaction,seedr,vmhr,vmhreaction",True,True,True,True,False,False,,,True
R565,NAD kinase,metabolic,YALI1E28545g or YALI1E32908g,2,5,C_cy,True,"bigg.reaction,biggr,kegg.reaction,keggr,metacyc.reaction,metacycr,metanetx.reaction,rh,rhea,sabiork.reaction,sabiorkr,seed.reaction,seedr,vmhr,vmhreaction",True,True,True,True,False,False,,,True
R566,NAD kinase,metabolic,YALI1E28545g or YALI1E32908g or YALI1E21312g,3,5,C_mi,True,"bigg.reaction,biggr,kegg.reaction,keggr,metacyc.reaction,metacycr,metanetx.reaction,rh,rhea,sabiork.reaction,sabiorkr,seed.reaction,seedr,vmhr,vmhreaction",True,True,True,True,False,False,,,True
R567,NAD nucleosidase nuclear,metabolic,YALI1D26320g or YALI1D02416g or YALI1F15334g,3,5,C_nu,False,,False,False,False,False,False,False,,,True
R568,NAD synthase,metabolic,YALI1A21156g,1,9,C_cy,False,,False,False,False,False,False,False,,,True
R569,NAD synthase,metabolic,YALI1A21156g,1,9,C_nu,False,,False,False,False,False,False,False,,,True
R570,"NADH dehydrogenase, cytosolic/mitochondrial",transport,YALI1A21711g and YALI1B00908g and YALI1B19507g and YALI1B26679g and YALI1C04281g and YALI1D00766g and YALI1D06302g and YALI1D07089g and YALI1D09203g and YALI1D18037g and YALI1D24109g and YALI1D32550g and YALI1E27218g and YALI1E37603g and YALI1F01456g and YALI1F03371g and YALI1F09003g and YALI1F22993g and YALI1F24343g and YALI1M00056g and YALI1M00064g and YALI1M00296g and YALI1M00335g and YALI1M00338r and YALI1M00458g and YALIfMp29 and YALI1A21711g and YALI1B00908g and YALI1B19507g and YALI1B26679g and YALI1C04281g and YALI1D00766g and YALI1D06302g and YALI1D07089g and YALI1D09203g and YALI1D18037g and YALI1D24109g and YALI1D32550g and YALI1E06573g and YALI1E27218g and YALI1E37603g and YALI1F01456g and YALI1F03371g and YALI1F09003g and YALI1F22993g and YALI1F24343g and YALI1F32476g,28,5,"C_cy,C_mi",True,"bigg.reaction,biggr,metanetx.reaction,seed.reaction,seedr",True,False,True,False,False,False,,,False
R571,NADH kinase,metabolic,YALI1E28545g or YALI1E32908g,2,5,C_cy,True,"kegg.reaction,keggr,metacyc.reaction,metacycr,metanetx.reaction,rh,rhea,sabiork.reaction,sabiorkr,seed.reaction,seedr",False,True,True,True,False,False,,,True
R572,NADH kinase mitochondrial,metabolic,YALI1E28545g or YALI1E32908g or YALI1E21312g,3,5,C_mi,False,,False,False,False,False,False,False,,,True
R573,NADH:ubiquinone oxidoreductase,metabolic,YALI1F32476g,1,5,C_mi,True,"kegg.reaction,keggr,metanetx.reaction",False,True,True,False,False,False,,,True
R574,NAPRtase,metabolic,YALI1B00214g,1,5,C_cy,True,"metanetx.reaction,seed.reaction,seedr",False,False,True,False,False,False,,,False
R575,NAPRtase,metabolic,YALI1B00214g,1,5,C_mi,True,"metanetx.reaction,seed.reaction,seedr",False,False,True,False,False,False,,,True
R576,nicotinamidase,metabolic,YALI1A22129g,1,4,C_cy,True,"bigg.reaction,biggr,kegg.reaction,keggr,metacyc.reaction,metacycr,metanetx.reaction,rh,rhea,seed.reaction,seedr,vmhr,vmhreaction",True,True,True,True,False,False,,,True
R577,nicotinamide N-methyltransferase,metabolic,YALI1A09408g,1,4,C_cy,True,"bigg.reaction,biggr,kegg.reaction,keggr,metacyc.reaction,metacycr,metanetx.reaction,rh,rhea,seed.reaction,seedr,vmhr,vmhreaction",True,True,True,True,False,False,,,True
R578,nicotinamide-nucleotide adenylyltransferase,metabolic,YALI1E30400g,1,5,C_cy,True,"bigg.reaction,biggr,kegg.reaction,keggr,metacyc.reaction,metacycr,metanetx.reaction,rh,rhea,sabiork.reaction,sabiorkr,seed.reaction,seedr,vmhr,vmhreaction",True,True,True,True,False,False,,,True
R579,nicotinamide-nucleotide adenylyltransferase,metabolic,YALI1E30400g,1,5,C_nu,True,"bigg.reaction,biggr,kegg.reaction,keggr,metacyc.reaction,metacycr,metanetx.reaction,rh,rhea,sabiork.reaction,sabiorkr,seed.reaction,seedr,vmhr,vmhreaction",True,True,True,True,False,False,,,True
R580,nicotinate-nucleotide adenylyltransferase,metabolic,YALI1E30400g,1,5,C_cy,True,"bigg.reaction,biggr,kegg.reaction,keggr,metacyc.reaction,metacycr,metanetx.reaction,rh,rhea,sabiork.reaction,sabiorkr,seed.reaction,seedr",True,True,True,True,False,False,,,True
R581,nicotinate-nucleotide diphosphorylase (carboxylating),metabolic,YALI1E08382g,1,6,C_cy,True,"bigg.reaction,biggr,kegg.reaction,keggr,metacyc.reaction,metacycr,metanetx.reaction,rh,rhea,sabiork.reaction,sabiorkr,seed.reaction,seedr,vmhr,vmhreaction",True,True,True,True,False,False,,,False
R582,nicotinate-nucleotide diphosphorylase (carboxylating),metabolic,YALI1E08382g,1,6,C_mi,True,"bigg.reaction,biggr,kegg.reaction,keggr,metacyc.reaction,metacycr,metanetx.reaction,rh,rhea,sabiork.reaction,sabiorkr,seed.reaction,seedr,vmhr,vmhreaction",True,True,True,True,False,False,,,True
R583,nucleoside diphosphatase,metabolic,YALI1C27061g,1,5,C_cy,False,,False,False,False,False,False,False,,,False
R584,nucleoside diphosphatase,metabolic,YALI1C27061g,1,5,C_cy,False,,False,False,False,False,False,False,,,False
R585,nucleoside diphosphatase,metabolic,YALI1C27061g,1,5,C_cy,False,,False,False,False,False,False,False,,,False
R586,nucleoside diphosphatase,metabolic,YALI1C25093g,1,5,C_go,False,,False,False,False,False,False,False,,,False
R587,nucleoside diphosphatase,metabolic,YALI1C27061g,1,5,C_cy,False,,False,False,False,False,False,False,,,False
R588,nucleoside diphosphatase,metabolic,YALI1C27061g,1,5,C_cy,False,,False,False,False,False,False,False,,,False
R589,nucleoside diphosphate kinase,metabolic,YALI1F12874g,1,4,C_cy,True,"metanetx.reaction,seed.reaction,seedr",False,False,True,False,False,False,,,False
R590,nucleoside diphosphate kinase,metabolic,YALI1F12874g,1,4,C_cy,True,"metanetx.reaction,seed.reaction,seedr",False,False,True,False,False,False,,,False
R591,nucleoside diphosphate kinase,metabolic,YALI1F12874g,1,4,C_cy,True,"metanetx.reaction,seed.reaction,seedr",False,False,True,False,False,False,,,False
R592,nucleoside diphosphate kinase,metabolic,YALI1F12874g,1,4,C_cy,True,"metanetx.reaction,seed.reaction,seedr",False,False,True,False,False,False,,,False
R593,nucleoside diphosphate kinase,metabolic,YALI1F12874g,1,4,C_cy,True,"metanetx.reaction,seed.reaction,seedr",False,False,True,False,False,False,,,False
R594,nucleoside diphosphate kinase,metabolic,YALI1F12874g,1,4,C_cy,True,"metanetx.reaction,seed.reaction,seedr",False,False,True,False,False,False,,,False
R595,nucleoside diphosphate kinase,metabolic,YALI1F12874g,1,4,C_cy,True,"metanetx.reaction,seed.reaction,seedr",False,False,True,False,False,False,,,False
R596,nucleoside diphosphate kinase,metabolic,YALI1F12874g,1,4,C_cy,True,"metanetx.reaction,seed.reaction,seedr",False,False,True,False,False,False,,,True
R597,nucleoside diphosphate kinase,metabolic,YALI1F12874g,1,4,C_cy,True,"metanetx.reaction,seed.reaction,seedr",False,False,True,False,False,False,,,False
R598,nucleoside triphosphatase,metabolic,YALI1C27061g,1,5,C_cy,True,"metanetx.reaction,seed.reaction,seedr",False,False,True,False,False,False,,,False
R599,nucleoside triphosphatase,metabolic,YALI1C27061g,1,5,C_cy,True,"metanetx.reaction,seed.reaction,seedr",False,False,True,False,False,False,,,False
R600,nucleoside triphosphatase,metabolic,YALI1C27061g,1,5,C_cy,True,"metanetx.reaction,seed.reaction,seedr",False,False,True,False,False,False,,,False
R601,nucleoside triphosphatase,metabolic,YALI1C27061g,1,5,C_cy,True,"metanetx.reaction,seed.reaction,seedr",False,False,True,False,False,False,,,False
R602,"nucleoside-diphosphatase (GDP), Golgi",metabolic,YALI1C25093g,1,5,C_go,True,"bigg.reaction,biggr,kegg.reaction,keggr,metacyc.reaction,metacycr,metanetx.reaction,rh,rhea,sabiork.reaction,sabiorkr,seed.reaction,seedr,vmhr,vmhreaction",True,True,True,True,False,False,,,True
R603,nucleoside-diphosphate kinase (ATP:UDP),metabolic,YALI1F12874g,1,4,C_cy,True,"bigg.reaction,biggr,kegg.reaction,keggr,metacyc.reaction,metacycr,metanetx.reaction,rh,rhea,sabiork.reaction,sabiorkr,seed.reaction,seedr,vmhr,vmhreaction",True,True,True,True,False,False,,,False
R604,O-acetylhomoserine (thiol)-lyase,metabolic,YALI1D33380g,1,5,C_cy,False,,False,False,False,False,False,False,,,True
R605,O-acetylhomoserine (thiol)-lyase,metabolic,YALI1D33380g,1,5,C_cy,False,,False,False,False,False,False,False,,,False
R606,O-succinylhomoserine lyase (L-cysteine),metabolic,YALI1D00614g or YALI1F08705g,2,5,C_cy,True,"bigg.reaction,biggr,kegg.reaction,keggr,metacyc.reaction,metacycr,metanetx.reaction,rh,rhea,sabiork.reaction,sabiorkr,seed.reaction,seedr,vmhr,vmhreaction",True,True,True,True,False,False,,,True
R607,ornithine carbamoyltransferase,metabolic,YALI1D18130g,1,5,C_cy,True,"bigg.reaction,biggr,kegg.reaction,keggr,metacyc.reaction,metacycr,metanetx.reaction,rh,rhea,sabiork.reaction,sabiorkr,seed.reaction,seedr",True,True,True,True,False,False,,,False
R608,ornithine decarboxylase,metabolic,YALI1B15015g,1,4,C_cy,True,"bigg.reaction,biggr,kegg.reaction,keggr,metacyc.reaction,metacycr,metanetx.reaction,rh,rhea,sabiork.reaction,sabiorkr,seed.reaction,seedr,vmhr,vmhreaction",True,True,True,True,False,False,,,False
R609,ornithine transacetylase,metabolic,YALI1E16002g,1,4,C_mi,True,"bigg.reaction,biggr,kegg.reaction,keggr,metacyc.reaction,metacycr,metanetx.reaction,rh,rhea,sabiork.reaction,sabiorkr,seed.reaction,seedr,vmhr,vmhreaction",True,True,True,True,False,False,,,False
R610,ornithine transaminase,metabolic,YALI1C05908g,1,4,C_cy,True,"bigg.reaction,biggr,kegg.reaction,keggr,metacyc.reaction,metacycr,metanetx.reaction,rh,rhea,sabiork.reaction,sabiorkr,seed.reaction,seedr,vmhr,vmhreaction",True,True,True,True,False,False,,,False
R611,orotate phosphoribosyltransferase,metabolic,YALI1F28485g,1,4,C_cy,True,"metanetx.reaction,seed.reaction,seedr",False,False,True,False,False,False,,,False
R612,orotidine-5'-phosphate decarboxylase,metabolic,,0,4,C_cy,True,"bigg.reaction,biggr,kegg.reaction,keggr,metacyc.reaction,metacycr,metanetx.reaction,rh,rhea,sabiork.reaction,sabiorkr,seed.reaction,seedr,vmhr,vmhreaction",True,True,True,True,False,False,,,False
R613,oxoglutarate dehydrogenase (dihydrolipoamide S-succinyltransferase),metabolic,YALI1E39693g and YALI1E20192g and YALI1D26360g,3,4,C_mi,True,"bigg.reaction,biggr,metanetx.reaction",True,False,True,False,False,False,,,False
R614,oxoglutarate dehydrogenase (lipoamide),metabolic,YALI1E39693g and YALI1E20192g and YALI1D26360g,3,5,C_mi,True,"bigg.reaction,biggr,metanetx.reaction",True,False,True,False,False,False,,,False
R615,pantetheine-phosphate adenylyltransferase,metabolic,YALI1D24649g,1,5,C_cy,True,"bigg.reaction,biggr,kegg.reaction,keggr,metacyc.reaction,metacycr,metanetx.reaction,rh,rhea,sabiork.reaction,sabiorkr,seed.reaction,seedr,vmhr,vmhreaction",True,True,True,True,False,False,,,True
R616,pantothenate kinase,metabolic,YALI1D33780g,1,5,C_cy,True,"bigg.reaction,biggr,kegg.reaction,keggr,metacyc.reaction,metacycr,metanetx.reaction,rh,rhea,sabiork.reaction,sabiorkr,seed.reaction,seedr,vmhr,vmhreaction",True,True,True,True,False,False,,,True
R617,pantothenate synthase,metabolic,YALI1B08123g,1,7,C_cy,True,"bigg.reaction,biggr,kegg.reaction,keggr,metacyc.reaction,metacycr,metanetx.reaction,rh,rhea,sabiork.reaction,sabiorkr,seed.reaction,seedr",True,True,True,True,False,False,,,False
R618,peroxisomal acyl-CoA thioesterase,metabolic,YALI1F19697g,1,5,C_pe,True,"bigg.reaction,biggr,metanetx.reaction,rh,rhea,sabiork.reaction,sabiorkr,vmhr,vmhreaction",True,False,True,True,False,False,,,False
R619,peroxisomal acyl-CoA thioesterase,metabolic,YALI1F19697g,1,5,C_pe,True,"bigg.reaction,biggr,metanetx.reaction,rh,rhea,sabiork.reaction,sabiorkr,vmhr,vmhreaction",True,False,True,True,False,False,,,False
R620,peroxisomal acyl-CoA thioesterase,metabolic,YALI1F19697g,1,5,C_pe,True,"bigg.reaction,biggr,metanetx.reaction,rh,rhea,sabiork.reaction,sabiorkr,vmhr,vmhreaction",True,False,True,True,False,False,,,False
R621,peroxisomal acyl-CoA thioesterase,metabolic,YALI1F19697g,1,5,C_pe,True,"bigg.reaction,biggr,metanetx.reaction,rh,rhea,sabiork.reaction,sabiorkr,vmhr,vmhreaction",True,False,True,True,False,False,,,False
R622,peroxisomal acyl-CoA thioesterase,metabolic,YALI1F19697g,1,5,C_pe,True,"bigg.reaction,biggr,metanetx.reaction,rh,rhea,sabiork.reaction,sabiorkr,vmhr,vmhreaction",True,False,True,True,False,False,,,False
R623,peroxisomal acyl-CoA thioesterase,metabolic,YALI1F19697g,1,5,C_pe,True,"bigg.reaction,biggr,metanetx.reaction,rh,rhea,sabiork.reaction,sabiorkr,vmhr,vmhreaction",True,False,True,True,False,False,,,False
R624,phenylalanine transaminase,metabolic,YALI1E24922g,1,4,C_cy,True,"bigg.reaction,biggr,kegg.reaction,keggr,metacyc.reaction,metacycr,metanetx.reaction,rh,rhea,sabiork.reaction,sabiorkr,seed.reaction,seedr,vmhr,vmhreaction",True,True,True,True,False,False,,,False
R625,phenylalanyl-tRNA synthetase,metabolic,YALI1E27144g and YALI1D20473g,2,6,C_cy,True,"bigg.reaction,biggr,metanetx.reaction",True,False,True,False,False,False,,,True
R626,phenylalanyl-tRNA synthetase,metabolic,YALI1C25782g,1,6,C_mi,True,"bigg.reaction,biggr,metanetx.reaction",True,False,True,False,False,False,,,True
R627,phenylpyruvate decarboxylase,metabolic,YALI1D12832g or YALI1C00293g or YALI1D08884g,3,4,C_cy,True,"bigg.reaction,biggr,kegg.reaction,keggr,metacyc.reaction,metacycr,metanetx.reaction,rh,rhea,seed.reaction,seedr,vmhr,vmhreaction",True,True,True,True,False,False,,,True
R628,phopshoribosylaminoimidazole synthetase,metabolic,YALI1F27904g,1,6,C_cy,False,,False,False,False,False,False,False,,,False
R629,phosphatidylserine decarboxylase,metabolic,YALI1D27274g,1,4,C_mm,True,"bigg.reaction,biggr,metanetx.reaction",True,False,True,False,False,False,,,False
R630,phosphatidylserine decarboxylase,metabolic,YALI1D04432g,1,4,C_gm,True,"bigg.reaction,biggr,metanetx.reaction",True,False,True,False,False,False,,,False
R631,phosphatidylserine decarboxylase,metabolic,YALI1D04432g,1,4,C_vm,True,"bigg.reaction,biggr,metanetx.reaction",True,False,True,False,False,False,,,False
R632,phosphoacetylglucosamine mutase,metabolic,YALI1E35005g,1,2,C_cy,True,"metanetx.reaction,seed.reaction,seedr",False,False,True,False,False,False,,,False
R633,phosphoadenylyl-sulfate reductase (thioredoxin),metabolic,YALI1F02309g and YALI1B10635g,2,6,C_cy,True,"bigg.reaction,biggr,metanetx.reaction",True,False,True,False,False,False,,,False
R634,phosphoenolpyruvate carboxykinase,metabolic,YALI1C24367g,1,5,C_cy,True,"bigg.reaction,biggr,kegg.reaction,keggr,metacyc.reaction,metacycr,metanetx.reaction,rh,rhea,sabiork.reaction,sabiorkr,seed.reaction,seedr,vmhr,vmhreaction",True,True,True,True,False,False,,,False
R635,phosphoethanolamine cytidyltransferase,metabolic,YALI1C08197g,1,5,C_cy,True,"bigg.reaction,biggr,kegg.reaction,keggr,metacyc.reaction,metacycr,metanetx.reaction,rh,rhea,sabiork.reaction,sabiorkr,seed.reaction,seedr,vmhr,vmhreaction",True,True,True,True,False,False,,,True
R636,phosphofructokinase,metabolic,YALI1D20222g,1,5,C_cy,True,"bigg.reaction,biggr,kegg.reaction,keggr,metacyc.reaction,metacycr,metanetx.reaction,rh,rhea",True,True,True,True,False,False,,,False
R637,phosphofructokinase (s7p),metabolic,YALI1D20222g,1,5,C_cy,True,"bigg.reaction,biggr,kegg.reaction,keggr,metacyc.reaction,metacycr,metanetx.reaction,rh,rhea,sabiork.reaction,sabiorkr,seed.reaction,seedr,vmhr,vmhreaction",True,True,True,True,False,False,,,False
R638,phosphoglucomutase,metabolic,YALI1E02616g,1,2,C_cy,True,"kegg.reaction,keggr,metacyc.reaction,metacycr,metanetx.reaction,seed.reaction,seedr",False,True,True,False,False,False,,,False
R639,phosphogluconate dehydrogenase,metabolic,YALI1B20462g,1,5,C_cy,True,"bigg.reaction,biggr,kegg.reaction,keggr,metacyc.reaction,metacycr,metanetx.reaction,rh,rhea,sabiork.reaction,sabiorkr,seed.reaction,seedr,vmhr,vmhreaction",True,True,True,True,False,False,,,False
R640,phosphoglucosamine mutase,metabolic,YALI1E35005g,1,2,C_cy,True,"bigg.reaction,biggr,metanetx.reaction",True,False,True,False,False,False,,,True
R641,phosphoglycerate dehydrogenase,metabolic,YALI1F13505g,1,5,C_cy,True,"bigg.reaction,biggr,kegg.reaction,keggr,metacyc.reaction,metacycr,metanetx.reaction,rh,rhea,sabiork.reaction,sabiorkr,seed.reaction,seedr,vmhr,vmhreaction",True,True,True,True,False,False,,,False
R642,phosphoglycerate kinase,metabolic,YALI1D15424g,1,4,C_cy,True,"metanetx.reaction,seed.reaction,seedr",False,False,True,False,False,False,,,False
R643,phosphoglycerate mutase,metabolic,YALI1B04138g,1,2,C_cy,True,"bigg.reaction,biggr,kegg.reaction,keggr,metacyc.reaction,metacycr,metanetx.reaction,rh,rhea,sabiork.reaction,sabiorkr,seed.reaction,seedr,vmhr,vmhreaction",True,True,True,True,False,False,,,False
R644,phosphomannomutase,metabolic,YALI1D16290g,1,2,C_cy,True,"bigg.reaction,biggr,kegg.reaction,keggr,metacyc.reaction,metacycr,metanetx.reaction,rh,rhea,sabiork.reaction,sabiorkr,seed.reaction,seedr",True,True,True,True,False,False,,,False
R645,phosphomethylpyrimidine kinase,metabolic,YALI1E05103g,1,4,C_cy,True,"bigg.reaction,biggr,kegg.reaction,keggr,metacyc.reaction,metacycr,metanetx.reaction,rh,rhea,seed.reaction,seedr",True,True,True,True,False,False,,,False
R646,phosphomevalonate kinase,metabolic,YALI1E07506g,1,4,C_cy,True,"bigg.reaction,biggr,kegg.reaction,keggr,metacyc.reaction,metacycr,metanetx.reaction,rh,rhea,sabiork.reaction,sabiorkr,seed.reaction,seedr,vmhr,vmhreaction",True,True,True,True,False,False,,,False
R647,phosphopantothenate-cysteine ligase,metabolic,YALI1C09380g,1,7,C_cy,True,"metanetx.reaction,seed.reaction,seedr",False,False,True,False,False,False,,,True
R648,phosphopantothenoylcysteine decarboxylase,metabolic,YALI1E07601g and YALI1C08173g,2,4,C_cy,True,"bigg.reaction,biggr,kegg.reaction,keggr,metacyc.reaction,metacycr,metanetx.reaction,rh,rhea,sabiork.reaction,sabiorkr,seed.reaction,seedr,vmhr,vmhreaction",True,True,True,True,False,False,,,True
R649,phosphopentomutase,metabolic,YALI1E02832g or YALI1E02616g,2,2,C_cy,True,"bigg.reaction,biggr,kegg.reaction,keggr,metacyc.reaction,metacycr,metanetx.reaction,rh,rhea,seed.reaction,seedr,vmhr,vmhreaction",True,True,True,True,False,False,,,False
R650,phosphoribosyl amino imidazolesuccinocarbozamide synthetase,metabolic,YALI1E39221g,1,7,C_cy,False,,False,False,False,False,False,False,,,False
R651,phosphoribosyl-AMP cyclohydrolase,metabolic,YALI1A15879g,1,3,C_cy,True,"bigg.reaction,biggr,metanetx.reaction",True,False,True,False,False,False,,,False
R652,phosphoribosyl-ATP pyrophosphatase,metabolic,YALI1A15879g,1,5,C_cy,True,"bigg.reaction,biggr,metanetx.reaction",True,False,True,False,False,False,,,False
R653,phosphoribosylaminoimidazole-carboxylase,metabolic,YALI1B30090g,1,8,C_cy,False,,False,False,False,False,False,False,,,False
R654,phosphoribosylaminoimidazolecarboxamide formyltransferase,metabolic,YALI1D32209g,1,4,C_cy,True,"bigg.reaction,biggr,kegg.reaction,keggr,metanetx.reaction,rh,rhea,sabiork.reaction,sabiorkr,seed.reaction,seedr,vmhr,vmhreaction",True,True,True,True,False,False,,,False
R655,phosphoribosylanthranilate isomerase,metabolic,YALI1B10130g,1,2,C_cy,True,"bigg.reaction,biggr,kegg.reaction,keggr,metacyc.reaction,metacycr,metanetx.reaction,rh,rhea,sabiork.reaction,sabiorkr,seed.reaction,seedr,vmhr,vmhreaction",True,True,True,True,False,False,,,False
R656,phosphoribosylglycinamidine synthetase,metabolic,YALI1F27904g,1,7,C_cy,False,,False,False,False,False,False,False,,,False
R657,phosphoribosylpyrophosphate amidotransferase,metabolic,YALI1B20153g,1,6,C_cy,False,,False,False,False,False,False,False,,,False
R658,phosphoribosylpyrophosphate synthetase,metabolic,(YALI1B01428g and YALI1E38308g) or (YALI1B01428g and YALI1F32363g),3,5,C_cy,True,"bigg.reaction,biggr,kegg.reaction,keggr,metanetx.reaction,rh,rhea,seed.reaction,seedr",True,True,True,True,False,False,,,False
R659,phosphoserine phosphatase (L-serine),metabolic,YALI1B26749g,1,4,C_cy,True,"bigg.reaction,biggr,kegg.reaction,keggr,metacyc.reaction,metacycr,metanetx.reaction,rh,rhea,sabiork.reaction,sabiorkr,seed.reaction,seedr,vmhr,vmhreaction",True,True,True,True,False,False,,,False
R660,phosphoserine transaminase,metabolic,YALI1F09598g,1,4,C_cy,True,"bigg.reaction,biggr,kegg.reaction,keggr,metacyc.reaction,metacycr,metanetx.reaction,rh,rhea,sabiork.reaction,sabiorkr,seed.reaction,seedr,vmhr,vmhreaction",True,True,True,True,False,False,,,False
R661,phytoceramidase,metabolic,YALI1D25664g,1,3,C_er,True,"metanetx.reaction,seed.reaction,seedr",False,False,True,False,False,False,,,False
R662,phytoceramidase,metabolic,YALI1D25664g,1,3,C_er,True,"metanetx.reaction,seed.reaction,seedr",False,False,True,False,False,False,,,False
R663,Phytosphingosine phosphate lyase,metabolic,YALI1E33285g,1,3,C_er,True,"bigg.reaction,biggr,metacyc.reaction,metacycr,metanetx.reaction,rh,rhea,seed.reaction,seedr,vmhr,vmhreaction",True,False,True,True,False,False,,,True
R664,phytosphingosine synthesis,metabolic,YALI1E20626g,1,7,C_er,True,"bigg.reaction,biggr,metanetx.reaction",True,False,True,False,False,False,,,True
R665,phosphatidylinositol 3-kinase,metabolic,YALI1F13097g or YALI1E40076g,2,5,C_vm,True,"bigg.reaction,biggr,metanetx.reaction",True,False,True,False,False,False,,,False
R666,polyamine oxidase,metabolic,YALI1B30275g,1,6,C_cy,True,"metanetx.reaction,seed.reaction,seedr",False,False,True,False,False,False,,,True
R667,porphobilinogen synthase,metabolic,YALI1F27686g,1,4,C_cy,True,"bigg.reaction,biggr,kegg.reaction,keggr,metacyc.reaction,metacycr,metanetx.reaction,rh,rhea,seed.reaction,seedr,vmhr,vmhreaction",True,True,True,True,False,False,,,True
R668,poylamine oxidase,metabolic,YALI1B30275g,1,6,C_cy,True,"bigg.reaction,biggr,metanetx.reaction",True,False,True,False,False,False,,,True
R669,poylamine oxidase,metabolic,YALI1B30275g,1,6,C_cy,True,"bigg.reaction,biggr,metanetx.reaction",True,False,True,False,False,False,,,False
R670,prephenate dehydratase,metabolic,YALI1B22549g,1,5,C_cy,True,"bigg.reaction,biggr,kegg.reaction,keggr,metacyc.reaction,metacycr,metanetx.reaction,rh,rhea,sabiork.reaction,sabiorkr,seed.reaction,seedr,vmhr,vmhreaction",True,True,True,True,False,False,,,False
R671,prephenate dehydrogenase (NADP),metabolic,YALI1F23441g,1,5,C_cy,True,"bigg.reaction,biggr,kegg.reaction,keggr,metacyc.reaction,metacycr,metanetx.reaction,rh,rhea,sabiork.reaction,sabiorkr,seed.reaction,seedr,vmhr,vmhreaction",True,True,True,True,False,False,,,False
R672,proline oxidase (NAD),metabolic,YALI1B12966g,1,4,C_mi,False,,False,False,False,False,False,False,,,False
R673,prolyl-tRNA synthetase,metabolic,YALI1D19110g or YALI1E05929g,2,7,C_cy,True,"bigg.reaction,biggr,metanetx.reaction",True,False,True,False,False,False,,,True
R674,protoporphyrinogen oxidase,metabolic,YALI1D30196g,1,4,C_mi,True,"metanetx.reaction,seed.reaction,seedr",False,False,True,False,False,False,,,True
R675,purine-nucleoside phosphorylase,metabolic,YALI1F05220g and YALI1F37714g and YALI1B17871g,3,5,C_cy,True,"metanetx.reaction,seed.reaction,seedr",False,False,True,False,False,False,,,True
R676,purine-nucleoside phosphorylase (adenosine),metabolic,YALI1F37714g,1,4,C_cy,True,"bigg.reaction,biggr,kegg.reaction,keggr,metacyc.reaction,metacycr,metanetx.reaction,rh,rhea,sabiork.reaction,sabiorkr,seed.reaction,seedr,vmhr,vmhreaction",True,True,True,True,False,False,,,False
R677,purine-nucleoside phosphorylase (adenosine),metabolic,YALI1F37714g,1,4,C_mi,True,"bigg.reaction,biggr,kegg.reaction,keggr,metacyc.reaction,metacycr,metanetx.reaction,rh,rhea,sabiork.reaction,sabiorkr,seed.reaction,seedr,vmhr,vmhreaction",True,True,True,True,False,False,,,True
R678,purine-nucleoside phosphorylase (deoxyadenosine),metabolic,YALI1F37714g,1,4,C_cy,True,"bigg.reaction,biggr,kegg.reaction,keggr,metacyc.reaction,metacycr,metanetx.reaction,rh,rhea,sabiork.reaction,sabiorkr,seed.reaction,seedr,vmhr,vmhreaction",True,True,True,True,False,False,,,False
R679,purine-nucleoside phosphorylase (deoxyguanosine),metabolic,YALI1F37714g,1,4,C_cy,True,"bigg.reaction,biggr,kegg.reaction,keggr,metacyc.reaction,metacycr,metanetx.reaction,rh,rhea,sabiork.reaction,sabiorkr,seed.reaction,seedr,vmhr,vmhreaction",True,True,True,True,False,False,,,False
R680,purine-nucleoside phosphorylase (deoxyinosine),metabolic,YALI1F37714g,1,4,C_cy,True,"bigg.reaction,biggr,kegg.reaction,keggr,metacyc.reaction,metacycr,metanetx.reaction,rh,rhea,sabiork.reaction,sabiorkr,seed.reaction,seedr,vmhr,vmhreaction",True,True,True,True,False,False,,,True
R681,guanosine phosphorylase,metabolic,YALI1F37714g,1,4,C_cy,True,"bigg.reaction,biggr,kegg.reaction,keggr,metacyc.reaction,metacycr,metanetx.reaction,rh,rhea,sabiork.reaction,sabiorkr,seed.reaction,seedr,vmhr,vmhreaction",True,True,True,True,False,False,,,False
R682,guanosine phosphorylase,metabolic,YALI1F37714g,1,4,C_mi,True,"bigg.reaction,biggr,kegg.reaction,keggr,metacyc.reaction,metacycr,metanetx.reaction,rh,rhea,sabiork.reaction,sabiorkr,seed.reaction,seedr,vmhr,vmhreaction",True,True,True,True,False,False,,,True
R683,inosine phosphorylase,metabolic,YALI1F37714g,1,4,C_cy,True,"bigg.reaction,biggr,kegg.reaction,keggr,metacyc.reaction,metacycr,metanetx.reaction,rh,rhea,sabiork.reaction,sabiorkr,seed.reaction,seedr,vmhr,vmhreaction",True,True,True,True,False,False,,,False
R684,purine-nucleoside phosphorylase (xanthosine),metabolic,YALI1F37714g,1,4,C_cy,True,"bigg.reaction,biggr,kegg.reaction,keggr,metacyc.reaction,metacycr,metanetx.reaction,rh,rhea,seed.reaction,seedr,vmhr,vmhreaction",True,True,True,True,False,False,,,False
R685,pyridoxal oxidase,metabolic,YALI1D17482g,1,6,C_cy,True,"bigg.reaction,biggr,metanetx.reaction,seed.reaction,seedr",True,False,True,False,False,False,,,True
R686,pyridoxamine 5'-phosphate oxidase,metabolic,YALI1D17482g,1,6,C_cy,True,"bigg.reaction,biggr,kegg.reaction,keggr,metacyc.reaction,metacycr,metanetx.reaction,rh,rhea,sabiork.reaction,sabiorkr,seed.reaction,seedr,vmhr,vmhreaction",True,True,True,True,False,False,,,True
R687,pyridoxine 5'-phosphate oxidase,metabolic,YALI1D17482g,1,4,C_cy,True,"bigg.reaction,biggr,kegg.reaction,keggr,metacyc.reaction,metacycr,metanetx.reaction,rh,rhea,sabiork.reaction,sabiorkr,seed.reaction,seedr,vmhr,vmhreaction",True,True,True,True,False,False,,,True
R688,pyridoxine oxidase,metabolic,YALI1D17482g,1,4,C_cy,True,"bigg.reaction,biggr,kegg.reaction,keggr,metacyc.reaction,metacycr,metanetx.reaction,rh,rhea,seed.reaction,seedr,vmhr,vmhreaction",True,True,True,True,False,False,,,False
R689,pyrroline-5-carboxylate reductase,metabolic,YALI1B18955g,1,5,C_cy,True,"bigg.reaction,biggr,kegg.reaction,keggr,metanetx.reaction,rh,rhea,sabiork.reaction,sabiorkr,seed.reaction,seedr,vmhr,vmhreaction",True,True,True,True,False,False,,,False
R690,pyruvate carboxylase,metabolic,YALI1C33152g or YALI1E08620g,2,7,C_cy,True,"bigg.reaction,biggr,kegg.reaction,keggr,metacyc.reaction,metacycr,metanetx.reaction,rh,rhea,sabiork.reaction,sabiorkr,seed.reaction,seedr,vmhr,vmhreaction",True,True,True,True,False,False,,,False
R691,pyruvate decarboxylase,metabolic,YALI1D12832g,1,4,C_cy,True,"bigg.reaction,biggr,kegg.reaction,keggr,metanetx.reaction,seed.reaction,seedr",True,True,True,False,False,False,,,False
R692,pyruvate decarboxylase (acetoin-forming),metabolic,YALI1D12832g or YALI1D08884g,2,5,C_cy,True,"metanetx.reaction,seed.reaction,seedr",False,False,True,False,False,False,,,True
R693,pyruvate dehydrogenase,metabolic,YALI1E31947g and YALI1F27556g and YALI1D26360g and YALI1B13179g and YALI1D30618g,5,7,C_mi,True,"bigg.reaction,biggr,metanetx.reaction,seed.reaction,seedr,vmhr,vmhreaction",True,False,True,False,False,False,,,False
R694,pyruvate kinase,metabolic,YALI1F12842g,1,5,C_cy,True,"bigg.reaction,biggr,kegg.reaction,keggr,metacyc.reaction,metacycr,metanetx.reaction,rh,rhea,sabiork.reaction,sabiorkr,seed.reaction,seedr,vmhr,vmhreaction",True,True,True,True,False,False,,,False
R695,quinone oxidoreductase,metabolic,YALI1F34625g and YALI1B20527g and YALI1A08781g and YALI1F34675g and YALI1C25352g and YALI1B20835g and YALI1E18269g,7,7,C_mi,True,"metanetx.reaction,seed.reaction,seedr",False,False,True,False,False,False,,,True
R696,reduced glutathione via ABC system,transport,YALI1E30014g or YALI1F15961g,2,7,"C_cy,C_va",False,,False,False,False,False,False,False,,,True
R697,riboflavin kinase,metabolic,YALI1B02806g,1,5,C_cy,True,"bigg.reaction,biggr,kegg.reaction,keggr,metanetx.reaction,sabiork.reaction,sabiorkr,seed.reaction,seedr,vmhr,vmhreaction",True,True,True,False,False,False,,,False
R698,riboflavin kinase,metabolic,YALI1B02806g,1,5,C_mi,True,"bigg.reaction,biggr,kegg.reaction,keggr,metanetx.reaction,sabiork.reaction,sabiorkr,seed.reaction,seedr,vmhr,vmhreaction",True,True,True,False,False,False,,,True
R699,riboflavin synthase,metabolic,YALI1A12284g,1,5,C_cy,True,"metanetx.reaction,seed.reaction,seedr",False,False,True,False,False,False,,,True
R700,riboflavin synthase,metabolic,YALI1C01520g,1,3,C_cy,True,"metanetx.reaction,seed.reaction,seedr",False,False,True,False,False,False,,,True
R701,ribokinase,metabolic,YALI1B19576g,1,5,C_cy,True,"metanetx.reaction,seed.reaction,seedr",False,False,True,False,False,False,,,False
R702,ribonucleoside-triphosphate reductase (ATP),metabolic,YALI1F02309g,1,5,C_cy,False,,False,False,False,False,False,False,,,False
R703,ribonucleoside-triphosphate reductase (CTP),metabolic,YALI1F02309g,1,5,C_cy,False,,False,False,False,False,False,False,,,False
R704,ribonucleoside-triphosphate reductase (GTP),metabolic,YALI1F02309g,1,5,C_cy,False,,False,False,False,False,False,False,,,False
R705,ribonucleoside-triphosphate reductase (UTP),metabolic,YALI1F02309g,1,5,C_cy,False,,False,False,False,False,False,False,,,False
R706,ribonucleotide reductase,metabolic,YALI1D04261g or YALI1F39330g or YALI1B05072g,3,5,C_cy,True,"metanetx.reaction,seed.reaction,seedr",False,False,True,False,False,False,,,False
R707,ribonucleotide reductase,metabolic,YALI1D04261g or YALI1F39330g or YALI1B05072g,3,5,C_nu,True,"metanetx.reaction,seed.reaction,seedr",False,False,True,False,False,False,,,True
R708,ribonucleotide reductase,metabolic,YALI1D04261g or YALI1F39330g or YALI1B05072g,3,5,C_cy,True,"metanetx.reaction,seed.reaction,seedr",False,False,True,False,False,False,,,False
R709,ribonucleotide reductase,metabolic,YALI1D04261g or YALI1F39330g or YALI1B05072g,3,5,C_nu,True,"metanetx.reaction,seed.reaction,seedr",False,False,True,False,False,False,,,True
R710,ribonucleotide reductase,metabolic,YALI1D04261g or YALI1F39330g or YALI1B05072g,3,5,C_cy,True,"metanetx.reaction,seed.reaction,seedr",False,False,True,False,False,False,,,False
R711,ribonucleotide reductase,metabolic,YALI1D04261g or YALI1F39330g or YALI1B05072g,3,5,C_nu,True,"metanetx.reaction,seed.reaction,seedr",False,False,True,False,False,False,,,True
R712,ribose-5-phosphate isomerase,metabolic,YALI1B09025g or YALI1F02518g,2,2,C_cy,True,"bigg.reaction,biggr,kegg.reaction,keggr,metanetx.reaction,seed.reaction,seedr",True,True,True,False,False,False,,,False
R713,ribosylnicotinamide kinase,metabolic,YALI1B19348g,1,5,C_cy,True,"bigg.reaction,biggr,kegg.reaction,keggr,metacyc.reaction,metacycr,metanetx.reaction,rh,rhea,sabiork.reaction,sabiorkr,seed.reaction,seedr,vmhr,vmhreaction",True,True,True,True,False,False,,,False
R714,ribulose 5-phosphate 3-epimerase,metabolic,YALI1C16621g,1,2,C_cy,True,"bigg.reaction,biggr,kegg.reaction,keggr,metacyc.reaction,metacycr,metanetx.reaction,rh,rhea,sabiork.reaction,sabiorkr,seed.reaction,seedr,vmhr,vmhreaction",True,True,True,True,False,False,,,False
R715,"S-adenosyl-L-methionine:3-hexaprenyl-4,5-dihydroxylate O-methyltransferase",metabolic,YALI1F34625g and YALI1B20527g and YALI1A08781g and YALI1F34675g and YALI1C25352g and YALI1B20835g and YALI1E18269g,7,5,C_mi,True,"bigg.reaction,biggr,kegg.reaction,keggr,metacyc.reaction,metacycr,metanetx.reaction,rh,rhea,seed.reaction,seedr",True,True,True,True,False,False,,,True
R716,S-adenosyl-methionine delta-24-sterol-c-methyltransferase,metabolic,YALI1F12138g,1,5,C_cy,False,,False,False,False,False,False,False,,,False
R717,S-formylglutathione hydralase,metabolic,YALI1C28479g,1,5,C_cy,True,"bigg.reaction,biggr,kegg.reaction,keggr,metacyc.reaction,metacycr,metanetx.reaction,rh,rhea,sabiork.reaction,sabiorkr,seed.reaction,seedr,vmhr,vmhreaction",True,True,True,True,False,False,,,True
R718,"saccharopine dehydrogenase (NAD, L-lysine forming)",metabolic,YALI1B20289g,1,7,C_cy,False,,False,False,False,False,False,False,,,False
R719,"saccharopine dehydrogenase (NADP, L-glutamate forming)",metabolic,YALI1D29481g,1,7,C_cy,False,,False,False,False,False,False,False,,,False
R720,"sedoheptulose 1,7-bisphosphate D-glyceraldehyde-3-phosphate-lyase",metabolic,YALI1E30886g,1,3,C_cy,True,"bigg.reaction,biggr,kegg.reaction,keggr,metacyc.reaction,metacycr,metanetx.reaction,rh,rhea,sabiork.reaction,sabiorkr,seed.reaction,seedr,vmhr,vmhreaction",True,True,True,True,False,False,,,False
R721,serine O-acetyltransferase,metabolic,,0,4,C_cy,True,"bigg.reaction,biggr,kegg.reaction,keggr,metacyc.reaction,metacycr,metanetx.reaction,rh,rhea,sabiork.reaction,sabiorkr,seed.reaction,seedr,vmhr,vmhreaction",True,True,True,True,False,False,,,False
R722,serine palmitotransferase,metabolic,YALI1C04265g and YALI1F20637g,2,5,C_er,False,,False,False,False,False,False,False,,,True
R723,seryl-tRNA synthetase,metabolic,YALI1B07957g or YALI1F03908g,2,6,C_cy,True,"metacyc.reaction,metacycr,metanetx.reaction,seed.reaction,seedr",False,False,True,False,False,False,,,True
R724,shikimate dehydrogenase,metabolic,YALI1F16984g,1,5,C_cy,True,"bigg.reaction,biggr,kegg.reaction,keggr,metacyc.reaction,metacycr,metanetx.reaction,rh,rhea,sabiork.reaction,sabiorkr,seed.reaction,seedr,vmhr,vmhreaction",True,True,True,True,False,False,,,False
R725,shikimate kinase,metabolic,YALI1F16984g,1,5,C_cy,True,"bigg.reaction,biggr,kegg.reaction,keggr,metacyc.reaction,metacycr,metanetx.reaction,rh,rhea,sabiork.reaction,sabiorkr,seed.reaction,seedr,vmhr,vmhreaction",True,True,True,True,False,False,,,False
R726,sirohydrochlorin dehydrogenase,metabolic,YALI1E14153g,1,5,C_cy,True,"bigg.reaction,biggr,metanetx.reaction",True,False,True,False,False,False,,,True
R727,sirohydrochlorin ferrochetalase,metabolic,YALI1E14153g,1,4,C_cy,True,"metanetx.reaction,seed.reaction,seedr",False,False,True,False,False,False,,,True
R728,spermidine synthase,metabolic,YALI1E05701g or YALI1E39295g,2,5,C_cy,True,"metanetx.reaction,seed.reaction,seedr",False,False,True,False,False,False,,,False
R729,spermine synthase,metabolic,YALI1E05701g or YALI1E39295g,2,5,C_cy,True,"bigg.reaction,biggr,metanetx.reaction",True,False,True,False,False,False,,,False
R730,sphinganine phosphate lyase,metabolic,YALI1E33285g,1,3,C_er,True,"bigg.reaction,biggr,metanetx.reaction",True,False,True,False,False,False,,,True
R731,sphingoid base-phosphate phosphatase (phytosphingosine 1-phosphate),metabolic,YALI1E25290g,1,4,C_er,False,,False,False,False,False,False,False,,,False
R732,sphingoid base-phosphate phosphatase (sphinganine 1-phosphatase),metabolic,YALI1E25290g,1,4,C_er,False,,False,False,False,False,False,False,,,False
R733,sphingolipid long chain base kinase (phytosphingosine),metabolic,YALI1B14826g,1,5,C_er,False,,False,False,False,False,False,False,,,False
R734,sphingolipid long chain base kinase (sphinganine),metabolic,YALI1B14826g,1,5,C_er,False,,False,False,False,False,False,False,,,False
R735,spontaneous cis-aconitate(3-) to trans-aconitate,metabolic,,0,2,C_mi,True,"bigg.reaction,biggr,kegg.reaction,keggr,metacyc.reaction,metacycr,metanetx.reaction,rh,rhea,sabiork.reaction,sabiorkr,seed.reaction,seedr",True,True,True,True,False,False,,,True
R736,spontaneous cis-aconitate(3-) to trans-aconitate,metabolic,,0,2,C_cy,True,"bigg.reaction,biggr,kegg.reaction,keggr,metacyc.reaction,metacycr,metanetx.reaction,rh,rhea,sabiork.reaction,sabiorkr,seed.reaction,seedr",True,True,True,True,False,False,,,True
R737,squalene epoxidase (NAD),metabolic,YALI1E18961g and (YALI1D14199g or YALI1D06380g) and YALI1D15063g,4,7,C_er,False,,False,False,False,False,False,False,,,True
R738,squalene epoxidase (NADP),metabolic,YALI1E18961g,1,7,C_er,False,,False,False,False,False,False,False,,,False
R739,squalene synthase,metabolic,YALI1A09939g,1,6,C_cy,True,"metacyc.reaction,metacycr,metanetx.reaction,seed.reaction,seedr",False,False,True,False,False,False,,,False
R740,succinate dehydrogenase (ubiquinone-6),metabolic,YALI1A14721g and YALI1D14260g and YALI1E35082g and YALI1D30256g,4,4,C_mi,False,,False,False,False,False,False,False,,,False
R741,succinate-CoA ligase (ADP-forming),metabolic,YALI1D05873g and YALI1E28575g,2,6,C_mi,False,,False,False,False,False,False,False,,,False
R742,succinate-semialdehyde dehydrogenase (NADP),metabolic,YALI1F33681g,1,6,C_cy,True,"bigg.reaction,biggr,kegg.reaction,keggr,metacyc.reaction,metacycr,metanetx.reaction,rh,rhea,sabiork.reaction,sabiorkr,seed.reaction,seedr,vmhr,vmhreaction",True,True,True,True,False,False,,,False
R743,sulfate adenylyltransferase,metabolic,YALI1B10813g,1,5,C_cy,True,"bigg.reaction,biggr,kegg.reaction,keggr,metacyc.reaction,metacycr,metanetx.reaction,rh,rhea,sabiork.reaction,sabiorkr,seed.reaction,seedr,vmhr,vmhreaction",True,True,True,True,False,False,,,False
R744,sulfate adenylyltransferase (ADP),metabolic,YALI1F37916g,1,5,C_cy,True,"bigg.reaction,biggr,kegg.reaction,keggr,metacyc.reaction,metacycr,metanetx.reaction,rh,rhea,seed.reaction,seedr",True,True,True,True,False,False,,,False
R745,sulfite reductase (NADPH2),metabolic,YALI1D14058g and YALI1E19603g,2,6,C_cy,True,"bigg.reaction,biggr,kegg.reaction,keggr,metacyc.reaction,metacycr,metanetx.reaction,rh,rhea,seed.reaction,seedr,vmhr,vmhreaction",True,True,True,True,False,False,,,False
R746,taurcholate via ABC system,transport,YALI1E17258g,1,7,"C_cy,C_va",False,,False,False,False,False,False,False,,,True
R747,taurine dioxygenase,metabolic,YALI1F30034g,1,8,C_cy,True,"bigg.reaction,biggr,kegg.reaction,keggr,metacyc.reaction,metacycr,metanetx.reaction,rh,rhea,sabiork.reaction,sabiorkr,seed.reaction,seedr,vmhr,vmhreaction",True,True,True,True,False,False,,,True
R748,tetrahydrofolate aminomethyltransferase,metabolic,YALI1F04082g,1,4,C_mi,True,"bigg.reaction,biggr,kegg.reaction,keggr,metanetx.reaction,rh,rhea,sabiork.reaction,sabiorkr,seed.reaction,seedr,vmhr,vmhreaction",True,True,True,True,False,False,,,False
R749,tetrahydrofolate:L-glutamate gamma-ligase (ADP-forming),metabolic,YALI1A09911g or YALI1E29179g,2,7,C_cy,True,"bigg.reaction,biggr,kegg.reaction,keggr,metanetx.reaction,seed.reaction,seedr,vmhr,vmhreaction",True,True,True,False,False,False,,,True
R750,thiamin diphosphatase,metabolic,YALI1C09285g or (YALI1A12688g and YALI1E32054g and YALI1E38701g and YALI1E41893g and YALI1F30289g and YALI1F33143g),7,5,C_ex,False,,False,False,False,False,False,False,,,True
R751,thiamin phosphatase,metabolic,YALI1C09285g or (YALI1A12688g and YALI1E32054g and YALI1E38701g and YALI1E41893g and YALI1F30289g and YALI1F33143g),7,4,C_ex,True,"bigg.reaction,biggr,kegg.reaction,keggr,metacyc.reaction,metacycr,metanetx.reaction,rh,rhea,seed.reaction,seedr,vmhr,vmhreaction",True,True,True,True,False,False,,,True
R752,thiamine diphosphokinase,metabolic,YALI1E25443g,1,5,C_cy,True,"bigg.reaction,biggr,kegg.reaction,keggr,metacyc.reaction,metacycr,metanetx.reaction,rh,rhea,seed.reaction,seedr,vmhr,vmhreaction",True,True,True,True,False,False,,,True
R753,thiamine-diphosphate kinase,metabolic,YALI1E25443g,1,4,C_cy,False,,False,False,False,False,False,False,,,True
R754,thiamine-phosphate diphosphorylase,metabolic,YALI1C22186g,1,5,C_cy,True,"kegg.reaction,keggr,metacyc.reaction,metacycr,metanetx.reaction,rh,rhea,seed.reaction,seedr",False,True,True,True,False,False,,,False
R755,thioredoxin reductase (NADPH),metabolic,YALI1D35735g and YALI1F02309g,2,5,C_cy,True,"bigg.reaction,biggr,metanetx.reaction",True,False,True,False,False,False,,,False
R756,thioredoxin reductase (NADPH),metabolic,(YALI1E27791g and YALI1D35735g) or (YALI1E21406g and YALI1F02309g),4,5,C_mi,True,"bigg.reaction,biggr,metanetx.reaction",True,False,True,False,False,False,,,True
R757,threonine aldolase,metabolic,YALI1A22440g,1,3,C_cy,True,"bigg.reaction,biggr,kegg.reaction,keggr,metacyc.reaction,metacycr,metanetx.reaction,rh,rhea,sabiork.reaction,sabiorkr,seed.reaction,seedr,vmhr,vmhreaction",True,True,True,True,False,False,,,False
R758,threonine synthase,metabolic,YALI1F30459g,1,4,C_cy,True,"bigg.reaction,biggr,kegg.reaction,keggr,metacyc.reaction,metacycr,metanetx.reaction,rh,rhea,sabiork.reaction,sabiorkr,seed.reaction,seedr,vmhr,vmhreaction",True,True,True,True,False,False,,,False
R759,threonyl-tRNA synthetase,metabolic,YALI1A09121g or YALI1F14882g,2,6,C_cy,True,"bigg.reaction,biggr,metanetx.reaction",True,False,True,False,False,False,,,True
R760,threonyl-tRNA synthetase,metabolic,YALI1A09121g or YALI1F14882g,2,6,C_mi,True,"bigg.reaction,biggr,metanetx.reaction",True,False,True,False,False,False,,,True
R761,thymidine phosphorylase,metabolic,YALI1F37714g,1,4,C_cy,True,"bigg.reaction,biggr,kegg.reaction,keggr,metacyc.reaction,metacycr,metanetx.reaction,rh,rhea,sabiork.reaction,sabiorkr,vmhr,vmhreaction",True,True,True,True,False,False,,,True
R762,thymidylate synthase,metabolic,YALI1C15297g,1,4,C_cy,True,"metanetx.reaction,seed.reaction,seedr",False,False,True,False,False,False,,,False
R763,trans-pentaprenyltranstransferase,metabolic,YALI1C26017g,1,4,C_mi,False,,False,False,False,False,False,False,,,True
R764,transaldolase,metabolic,YALI1F20914g,1,4,C_cy,True,"kegg.reaction,keggr,metacyc.reaction,metacycr,metanetx.reaction,rh,rhea,seed.reaction,seedr",False,True,True,True,False,False,,,False
R765,transketolase 1,metabolic,YALI1E07744g,1,4,C_cy,True,"bigg.reaction,biggr,metanetx.reaction",True,False,True,False,False,False,,,False
R766,transketolase 2,metabolic,YALI1E07744g,1,4,C_cy,True,"bigg.reaction,biggr,metanetx.reaction",True,False,True,False,False,False,,,False
R767,trehalose-phosphatase,metabolic,YALI1D17620g,1,4,C_cy,True,"bigg.reaction,biggr,kegg.reaction,keggr,metacyc.reaction,metacycr,metanetx.reaction,rh,rhea,sabiork.reaction,sabiorkr,seed.reaction,seedr,vmhr,vmhreaction",True,True,True,True,False,False,,,False
R768,triose-phosphate isomerase,metabolic,YALI1F07847g,1,2,C_cy,True,"bigg.reaction,biggr,metanetx.reaction",True,False,True,False,False,False,,,False
R769,tryptophan synthase (indoleglycerol phosphate),metabolic,YALI1F32232g,1,5,C_cy,True,"bigg.reaction,biggr,metanetx.reaction,sabiork.reaction,sabiorkr",True,False,True,False,False,False,,,False
R770,tryptophan transaminase,metabolic,YALI1E24922g,1,4,C_cy,True,"bigg.reaction,biggr,kegg.reaction,keggr,metacyc.reaction,metacycr,metanetx.reaction,rh,rhea,sabiork.reaction,sabiorkr,seed.reaction,seedr,vmhr,vmhreaction",True,True,True,True,False,False,,,True
R771,tryptophanyl-tRNA synthetase,metabolic,YALI1B12010g,1,6,C_cy,True,"bigg.reaction,biggr,metanetx.reaction",True,False,True,False,False,False,,,True
R772,tryptophanyl-tRNA synthetase,metabolic,YALI1C25598g,1,6,C_mi,True,"bigg.reaction,biggr,metanetx.reaction",True,False,True,False,False,False,,,True
R773,tyrosine transaminase,metabolic,YALI1E24922g,1,4,C_cy,True,"bigg.reaction,biggr,kegg.reaction,keggr,metacyc.reaction,metacycr,metanetx.reaction,rh,rhea,sabiork.reaction,sabiorkr,seed.reaction,seedr,vmhr,vmhreaction",True,True,True,True,False,False,,,False
R774,tyrosine transaminase,metabolic,YALI1B03198g or YALI1F36966g,2,4,C_pe,True,"bigg.reaction,biggr,kegg.reaction,keggr,metacyc.reaction,metacycr,metanetx.reaction,rh,rhea,sabiork.reaction,sabiorkr,seed.reaction,seedr,vmhr,vmhreaction",True,True,True,True,False,False,,,True
R775,tyrosyl-tRNA synthetase,metabolic,YALI1C21487g,1,6,C_cy,True,"bigg.reaction,biggr,metanetx.reaction",True,False,True,False,False,False,,,True
R776,tyrosyl-tRNA synthetase,metabolic,YALI1E34408g,1,6,C_mi,True,"bigg.reaction,biggr,metanetx.reaction",True,False,True,False,False,False,,,True
R777,UDP-glucose:ergosterol glucosyltransferase,metabolic,YALI1D23067g,1,5,C_cy,True,"bigg.reaction,biggr,metacyc.reaction,metacycr,metanetx.reaction,rh,rhea,sabiork.reaction,sabiorkr,seed.reaction,seedr",True,False,True,True,False,False,,,True
R778,UDP-N-acetylglucosamine diphosphorylase,metabolic,YALI1E03762g,1,5,C_cy,True,"bigg.reaction,biggr,kegg.reaction,keggr,metacyc.reaction,metacycr,metanetx.reaction,rh,rhea,sabiork.reaction,sabiorkr,seed.reaction,seedr,vmhr,vmhreaction",True,True,True,True,False,False,,,False
R779,UDPglucose 4-epimerase,metabolic,YALI1E31754g,1,2,C_cy,True,"bigg.reaction,biggr,kegg.reaction,keggr,metacyc.reaction,metacycr,metanetx.reaction,rh,rhea,sabiork.reaction,sabiorkr,seed.reaction,seedr,vmhr,vmhreaction",True,True,True,True,False,False,,,True
R780,UDPglucose--hexose-1-phosphate uridylyltransferase,metabolic,YALI1F31405g,1,4,C_cy,True,"bigg.reaction,biggr,metanetx.reaction,sabiork.reaction,sabiorkr,vmhr,vmhreaction",True,False,True,False,False,False,,,False
R781,UMP kinase,metabolic,YALI1F12969g,1,4,C_cy,True,"bigg.reaction,biggr,kegg.reaction,keggr,metacyc.reaction,metacycr,metanetx.reaction,rh,rhea,sabiork.reaction,sabiorkr,seed.reaction,seedr,vmhr,vmhreaction",True,True,True,True,False,False,,,False
R782,UMP kinase,metabolic,YALI1F12969g,1,4,C_nu,True,"bigg.reaction,biggr,kegg.reaction,keggr,metacyc.reaction,metacycr,metanetx.reaction,rh,rhea,sabiork.reaction,sabiorkr,seed.reaction,seedr,vmhr,vmhreaction",True,True,True,True,False,False,,,True
R783,uracil phosphoribosyltransferase,metabolic,YALI1F38986g,1,4,C_cy,True,"bigg.reaction,biggr,kegg.reaction,keggr,metacyc.reaction,metacycr,metanetx.reaction,rh,rhea,sabiork.reaction,sabiorkr,vmhr,vmhreaction",True,True,True,True,False,False,,,False
R784,urea carboxylase,metabolic,YALI1B19217g or YALI1E08620g or YALI1E41754g,3,7,C_cy,True,"bigg.reaction,biggr,kegg.reaction,keggr,metanetx.reaction,rh,rhea,sabiork.reaction,sabiorkr,seed.reaction,seedr,vmhr,vmhreaction",True,True,True,True,False,False,,,False
R785,ureidoglycolate hydrolase,metabolic,YALI1F09856g,1,3,C_cy,True,"bigg.reaction,biggr,kegg.reaction,keggr,metacyc.reaction,metacycr,metanetx.reaction,rh,rhea,sabiork.reaction,sabiorkr,seed.reaction,seedr,vmhr,vmhreaction",True,True,True,True,False,False,,,False
R786,uridine kinase (ATP:uridine),metabolic,YALI1E36477g,1,5,C_cy,True,"bigg.reaction,biggr,kegg.reaction,keggr,metacyc.reaction,metacycr,metanetx.reaction,rh,rhea,sabiork.reaction,sabiorkr,seed.reaction,seedr,vmhr,vmhreaction",True,True,True,True,False,False,,,False
R787,uridine kinase (GTP:uridine),metabolic,YALI1E36477g,1,5,C_cy,True,"bigg.reaction,biggr,kegg.reaction,keggr,metacyc.reaction,metacycr,metanetx.reaction,rh,rhea,seed.reaction,seedr,vmhr,vmhreaction",True,True,True,True,False,False,,,False
R788,uridylate kinase (dUMP),metabolic,YALI1F12969g,1,4,C_cy,True,"bigg.reaction,biggr,kegg.reaction,keggr,metacyc.reaction,metacycr,metanetx.reaction,rh,rhea,sabiork.reaction,sabiorkr,seed.reaction,seedr,vmhr,vmhreaction",True,True,True,True,False,False,,,False
R789,uridylate kinase (dUMP),metabolic,YALI1F12969g,1,4,C_nu,True,"bigg.reaction,biggr,kegg.reaction,keggr,metacyc.reaction,metacycr,metanetx.reaction,rh,rhea,sabiork.reaction,sabiorkr,seed.reaction,seedr,vmhr,vmhreaction",True,True,True,True,False,False,,,False
R790,uroporphyrinogen decarboxylase (uroporphyrinogen III),metabolic,YALI1C02391g,1,4,C_cy,True,"bigg.reaction,biggr,kegg.reaction,keggr,metacyc.reaction,metacycr,metanetx.reaction,rh,rhea,seed.reaction,seedr,vmhr,vmhreaction",True,True,True,True,False,False,,,True
R791,uroporphyrinogen methyltransferase,metabolic,YALI1A01602g,1,5,C_cy,True,"metanetx.reaction,seed.reaction,seedr",False,False,True,False,False,False,,,True
R792,uroporphyrinogen-III synthase,metabolic,YALI1F13039g,1,3,C_cy,True,"bigg.reaction,biggr,kegg.reaction,keggr,metacyc.reaction,metacycr,metanetx.reaction,rh,rhea,seed.reaction,seedr,vmhr,vmhreaction",True,True,True,True,False,False,,,True
R793,UTP-glucose-1-phosphate uridylyltransferase,metabolic,YALI1A02775g,1,5,C_cy,False,,False,False,False,False,False,False,,,False
R794,"V-ATPase, Golgi",transport,(YALI1A11258g and YALI1E14125g and YALI1D00581g and YALI1E10492g and YALI1A09766g and YALI1F20965g and YALI0E16192g and YALI1F31854g and YALI1F21690g and YALI1E37063g and YALI1E32332g and YALI1E12482g) or (YALI1F38820g and YALI1F13017g),14,6,"C_cy,C_go",False,,False,False,False,False,False,False,,,False
R795,"V-ATPase, vacuole",transport,(YALI1A11258g and YALI1E14125g and YALI1D00581g and YALI1E10492g and YALI1A09766g and YALI1F20965g and YALI0E16192g and YALI1F31854g and YALI1F21690g and YALI1E37063g and YALI1E32332g and YALI1E12482g) or (YALI1F38820g and YALI1F13017g),14,6,"C_cy,C_va",False,,False,False,False,False,False,False,,,True
R796,valine transaminase,metabolic,YALI1D01431g,1,4,C_cy,True,"bigg.reaction,biggr,kegg.reaction,keggr,metacyc.reaction,metacycr,metanetx.reaction,rh,rhea,sabiork.reaction,sabiorkr,seed.reaction,seedr,vmhr,vmhreaction",True,True,True,True,False,False,,,True
R797,"valine transaminase, mitochondiral",metabolic,YALI1D01431g,1,4,C_mi,True,"bigg.reaction,biggr,kegg.reaction,keggr,metacyc.reaction,metacycr,metanetx.reaction,rh,rhea,sabiork.reaction,sabiorkr,seed.reaction,seedr,vmhr,vmhreaction",True,True,True,True,False,False,,,False
R798,valyl-tRNA synthetase,metabolic,YALI1F26873g,1,6,C_cy,True,"bigg.reaction,biggr,metanetx.reaction",True,False,True,False,False,False,,,True
R799,valyl-tRNA synthetase,metabolic,YALI1F26873g,1,6,C_mi,True,"bigg.reaction,biggr,metanetx.reaction",True,False,True,False,False,False,,,True
R800,xanthine phosphoribosyltransferase,metabolic,YALI1E19958g,1,4,C_cy,True,"bigg.reaction,biggr,kegg.reaction,keggr,metacyc.reaction,metacycr,metanetx.reaction,rh,rhea,sabiork.reaction,sabiorkr,seed.reaction,seedr,vmhr,vmhreaction",True,True,True,True,False,False,,,False
R801,xylitol dehydrogenase (D-xyulose-forming),metabolic,YALI1E15452g,1,5,C_cy,False,,False,False,False,False,False,False,,,True
R802,xylose reductase,metabolic,YALI1D09870g,1,5,C_cy,True,"bigg.reaction,biggr,kegg.reaction,keggr,metanetx.reaction,rh,rhea,seed.reaction,seedr",True,True,True,True,False,False,,,True
R803,xylulokinase,metabolic,YALI1F14583g,1,5,C_cy,True,"kegg.reaction,keggr,metanetx.reaction,seed.reaction,seedr",False,True,True,False,False,False,,,False
R804,yUMP synthetase,metabolic,YALI1F24171g or YALI1D33465g or YALI1C17932g,3,4,C_cy,True,"bigg.reaction,biggr,kegg.reaction,keggr,metacyc.reaction,metacycr,metanetx.reaction,rh,rhea",True,True,True,True,False,False,,,True
R805,(R)-mevalonate transport,transport,,0,2,"C_cy,C_ex",False,,False,False,False,False,False,False,,,False
R806,"(R,R)-butanediol transport",transport,,0,2,"C_cy,C_ex",True,"bigg.reaction,biggr,metanetx.reaction,seed.reaction,seedr,vmhr,vmhreaction",True,False,True,False,False,False,,,True
R807,2-oxoadipate and 2-oxoglutarate transport,transport,YALI1D03221g,1,4,"C_cy,C_mi",False,,False,False,False,False,False,False,,,False
R808,"3-hexaprenyl-4,5-dihydroxybenzoate transport",transport,,0,2,"C_cy,C_mi",False,,False,False,False,False,False,False,,,True
R809,4-aminobutyrate transport,transport,YALI1B12781g or YALI1D18890g or YALI1A03512g or YALI1A07103g or YALI1A20528g or YALI1D00515g or YALI1D21631g or YALI1E08575g or YALI1F01755g,9,4,"C_cy,C_ex",False,,False,False,False,False,False,False,,,True
R810,5-aminolevulinate transport,transport,YALI1A03512g or YALI1A07103g or YALI1A20528g or YALI1D00515g or YALI1D21631g or YALI1E08575g or YALI1F01755g,7,4,"C_cy,C_ex",False,,False,False,False,False,False,False,,,True
R811,5-formyltetrahydrofolic acid transport,transport,,0,2,"C_cy,C_ex",False,,False,False,False,False,False,False,,,True
R812,8-Amino-7-oxononanoate transport,transport,YALI1F01755g or YALI1A20528g or YALI1E08575g or YALI1D21631g or YALI1A03512g or YALI1D00515g or YALI1E21552g or YALI1A07103g,8,4,"C_cy,C_ex",False,,False,False,False,False,False,False,,,True
R813,acetate transport,transport,YALI1E05180g or YALI1C32119g or YALI1E15804g or YALI1E32315g or YALI1F17569g or YALI1F21728g,6,2,"C_cy,C_ex",False,,False,False,False,False,False,False,,,False
R814,adenine transport,transport,YALI1D09453g or YALI1F38220g,2,4,"C_cy,C_ex",False,,False,False,False,False,False,False,,,True
R815,ADP/ATP transporter,transport,YALI1A10708g or YALI1D10535g or YALI1F26167g,3,4,"C_cy,C_mi",True,"bigg.reaction,biggr,metanetx.reaction,rh,rhea,seed.reaction,seedr,vmhr,vmhreaction",True,False,True,True,False,False,,,False
R816,ADP/ATP transporter,transport,YALI1E03623g,1,6,"C_cy,C_pe",True,"bigg.reaction,biggr,metanetx.reaction,rh,rhea,seed.reaction,seedr,vmhr,vmhreaction",True,False,True,True,False,False,,,True
R817,"AKG transporter, mitochonrial",transport,YALI1B14382g,1,4,"C_cy,C_mi",True,"bigg.reaction,biggr,metanetx.reaction,rh,rhea,seed.reaction,seedr,vmhr,vmhreaction",True,False,True,True,False,False,,,False
R818,allantoate uniport,transport,YALI1C18872g or YALI1C24165g or YALI1D07486g or YALI1D17299g or YALI1F21908g,5,2,"C_cy,C_ex",False,,False,False,False,False,False,False,,,True
R819,allantoin uniport,transport,YALI1D07232g,1,2,"C_cy,C_ex",False,,False,False,False,False,False,False,,,True
R820,ammonia transport,transport,YALI1E32180g or YALI1F17337g or YALI1C32609g or YALI1A20201g or YALI1F22568g or YALI1A02653g or YALI1B18292g,7,2,"C_cy,C_ex",False,,False,False,False,False,False,False,,,False
R821,AMP/ATP transporter,transport,YALI1E03623g,1,6,"C_cy,C_pe",False,,False,False,False,False,False,False,,,False
R822,aspartate transport,transport,YALI1D34529g,1,4,"C_cy,C_mi",False,,False,False,False,False,False,False,,,False
R823,aspartate-glutamate transporter,transport,YALI1D34529g,1,4,"C_cy,C_mi",True,"bigg.reaction,biggr,metanetx.reaction,rh,rhea,seed.reaction,seedr",True,False,True,True,False,False,,,False
R824,biotin uptake,transport,YALI1F18152g or YALI1A18514g or YALI1E41850g or YALI1C00826g or YALI1C24611g or YALI1C24647g,6,4,"C_cy,C_ex",True,"bigg.reaction,biggr,metanetx.reaction,seed.reaction,seedr,vmhr,vmhreaction",True,False,True,False,False,False,,,True
R825,carnithine-acetylcarnithine carrier,transport,YALI1C03415g,1,4,"C_cy,C_mi",False,,False,False,False,False,False,False,,,False
R826,ceramide-2' (sphinganine:n-C24:0OH) transport,transport,,0,2,"C_er,C_go",False,,False,False,False,False,False,False,,,True
R827,ceramide-2' (sphinganine:n-C26:0OH) transport,transport,,0,2,"C_er,C_go",False,,False,False,False,False,False,False,,,True
R828,ceramide-3 (Phytosphingosine:n-C24:0OH) transport,transport,,0,2,"C_er,C_go",False,,False,False,False,False,False,False,,,True
R829,ceramide-3 (Phytosphingosine:n-C26:0OH) transport,transport,,0,2,"C_er,C_go",False,,False,False,False,False,False,False,,,True
R830,choline transport,transport,YALI1A18514g,1,4,"C_cy,C_ex",False,,False,False,False,False,False,False,,,True
R831,citrate transport,transport,YALI1F33754g,1,4,"C_cy,C_mi",True,"bigg.reaction,biggr,metanetx.reaction,rh,rhea,seed.reaction,seedr,vmhr,vmhreaction",True,False,True,True,False,False,,,False
R832,citrate transport,transport,YALI1F33754g,1,4,"C_cy,C_mi",True,"bigg.reaction,biggr,metanetx.reaction,rh,rhea,seed.reaction,seedr,vmhr,vmhreaction",True,False,True,True,False,False,,,True
R833,citrate transport,transport,YALI1F33754g,1,4,"C_cy,C_mi",False,,False,False,False,False,False,False,,,False
R834,coenzyme A transport,transport,YALI1F20788g,1,2,"C_cy,C_mi",False,,False,False,False,False,False,False,,,False
R835,CTP transport,transport,YALI1F08225g,1,6,"C_cy,C_mi",False,,False,False,False,False,False,False,,,False
R836,CTP/CMP antiport,transport,YALI1F08225g,1,6,"C_cy,C_mi",True,"bigg.reaction,biggr,metanetx.reaction,seed.reaction,seedr",True,False,True,False,False,False,,,False
R837,cytidine transport,transport,YALI1C32156g,1,4,"C_cy,C_ex",False,,False,False,False,False,False,False,,,True
R838,cytosine transport,transport,YALI1D09453g or YALI1F38220g,2,4,"C_cy,C_ex",False,,False,False,False,False,False,False,,,True
R839,D-fructose transport,transport,YALI1F25587g,1,4,"C_cy,C_ex",False,,False,False,False,False,False,False,,,True
R840,D-lactate transport,transport,YALI1B25506g or YALI1E39128g or YALI1C21946g or YALI1C29538g or YALI1D25400g or YALI1D32568g,6,4,"C_cy,C_ex",True,"bigg.reaction,biggr,metanetx.reaction,sabiork.reaction,sabiorkr,seed.reaction,seedr,vmhr,vmhreaction",True,False,True,False,False,False,,,False
R841,D-lactate transport,transport,,0,4,"C_cy,C_mi",True,"bigg.reaction,biggr,metanetx.reaction,sabiork.reaction,sabiorkr,seed.reaction,seedr,vmhr,vmhreaction",True,False,True,False,False,False,,,False
R842,D-lactate/pyruvate antiport,transport,,0,4,"C_cy,C_mi",True,"bigg.reaction,biggr,metanetx.reaction,seed.reaction,seedr",True,False,True,False,False,False,,,False
R843,D-mannose transport,transport,YALI1F25587g,1,4,"C_cy,C_ex",False,,False,False,False,False,False,False,,,True
R844,episterol transport,transport,YALI1E17699g or YALI1F23922g or YALI1D34149g or YALI1B03910g or YALI1C28310g or YALI1B17155g,6,2,"C_cy,C_ex",False,,False,False,False,False,False,False,,,False
R845,ergosterol transport,transport,YALI1E17699g or YALI1F23922g or YALI1D34149g or YALI1B03910g or YALI1C28310g or YALI1B17155g,6,2,"C_cy,C_ex",False,,False,False,False,False,False,False,,,False
R846,ethanolamine transport,transport,,0,2,"C_cy,C_ex",False,,False,False,False,False,False,False,,,True
R847,fadH2 transport,transport,YALI1A16988g,1,2,"C_cy,C_mi",False,,False,False,False,False,False,False,,,True
R848,fecosterol transport,transport,YALI1B03910g or YALI1F23922g or YALI1B17155g or YALI1C28310g or YALI1E17699g,5,2,"C_cy,C_ex",False,,False,False,False,False,False,False,,,False
R849,folic acid transport,transport,,0,2,"C_cy,C_ex",False,,False,False,False,False,False,False,,,True
R850,GDP-mannose antiport,transport,YALI1F28833g,1,4,"C_cy,C_go",True,"bigg.reaction,biggr,metanetx.reaction,seed.reaction,seedr",True,False,True,False,False,False,,,True
R851,glucose transport,transport,YALI1D01234g or YALI1D23885g or YALI1D00094g or YALI1B02283g or YALI1E27441g or YALI1B00357g or YALI1A02335g or YALI1A08672g or YALI1F31381g or YALI1C23601g or YALI1C08523g or YALI1D00376g or YALI1F09965g or YALI1F25587g or YALI1E24245g or YALI1A14024g or YALI1F32841g or YALI1C06222g or YALI1F24031g or YALI1B08461g or YALI1B27645g or YALI1C12220g or YALI1B22321g,23,2,"C_cy,C_ex",False,,False,False,False,False,False,False,,,False
R852,glutathione transport,transport,YALI1C31122g,1,2,"C_cy,C_ex",True,"bigg.reaction,biggr,metacyc.reaction,metacycr,metanetx.reaction,seed.reaction,seedr",True,False,True,False,False,False,,,True
R853,glutathione transport,transport,YALI1E30173g or YALI1D31719g or YALI1A20558g or YALI1A17289g or YALI1C25190g or YALI1E10951g or YALI1F39426g or YALI1E30014g or YALI1F15961g,9,2,"C_cy,C_va",True,"bigg.reaction,biggr,metacyc.reaction,metacycr,metanetx.reaction,seed.reaction,seedr",True,False,True,False,False,False,,,True
R854,glycero-3-phospho-1-inositol transport,transport,YALI1D10768g,1,2,"C_cy,C_ex",False,,False,False,False,False,False,False,,,True
R855,glycero-3-phosphocholine transport,transport,YALI1D10768g,1,2,"C_cy,C_ex",False,,False,False,False,False,False,False,,,False
R856,glycerol transport,transport,YALI1E35652g or YALI1A08672g or YALI1D01234g or YALI1C06222g or YALI1F32841g or YALI1B22321g or YALI1C23601g,7,4,"C_cy,C_ex",True,"bigg.reaction,biggr,metacyc.reaction,metacycr,metanetx.reaction,rh,rhea,seed.reaction,seedr,vmhr,vmhreaction",True,False,True,True,False,False,,,False
R857,glycerol transport via channel,transport,YALI1F00616g,1,2,"C_cy,C_ex",True,"bigg.reaction,biggr,metacyc.reaction,metacycr,metanetx.reaction,rh,rhea,seed.reaction,seedr,vmhr,vmhreaction",True,False,True,True,False,False,,,False
R858,glycine transport,transport,YALI1B21538g or YALI1B25553g or YALI1B25906g or YALI1C13768g or YALI1C24567g or YALI1E12893g or YALI1F26427g or YALI1C00550g or YALI1D18890g or YALI1B12781g,10,4,"C_cy,C_ex",False,,False,False,False,False,False,False,,,False
R859,glycogen vacuolar 'transport' via autophagy,transport,,0,2,"C_cy,C_va",True,"metanetx.reaction,seed.reaction,seedr,vmhr,vmhreaction",False,False,True,False,False,False,,,True
R860,GTP/GDP translocase,transport,YALI1C20198g,1,6,"C_cy,C_mi",False,,False,False,False,False,False,False,,,False
R861,guanine transport,transport,YALI1D09453g or YALI1F38220g,2,4,"C_cy,C_ex",True,"bigg.reaction,biggr,metanetx.reaction,rh,rhea,sabiork.reaction,sabiorkr,seed.reaction,seedr,vmhr,vmhreaction",True,False,True,True,False,False,,,False
R862,inositol transport,transport,YALI1F31381g,1,4,"C_cy,C_ex",False,,False,False,False,False,False,False,,,True
R863,iron (II) transport,transport,,0,2,"C_cy,C_mi",True,"bigg.reaction,biggr,metacyc.reaction,metacycr,metanetx.reaction,rh,rhea,seed.reaction,seedr,vmhr,vmhreaction",True,False,True,True,False,False,,,True
R864,isoamyl acetate transport,transport,,0,2,"C_cy,C_ex",False,,False,False,False,False,False,False,,,True
R865,isopentenyl diphosphate transport,transport,,0,2,"C_cy,C_mi",False,,False,False,False,False,False,False,,,True
R866,L-alanine transport,transport,YALI1B21538g or YALI1B25553g or YALI1B25906g or YALI1C13768g or YALI1C24567g or YALI1E12893g or YALI1F26427g or YALI1B12781g or YALI1D18890g or YALI1C00550g,10,4,"C_cy,C_ex",False,,False,False,False,False,False,False,,,False
R867,L-arganine transport,transport,YALI1B21538g or YALI1B25553g or YALI1B25906g or YALI1C13768g or YALI1C24567g or YALI1E12893g or YALI1F26427g or YALI1B25360g or YALI1C00550g,9,4,"C_cy,C_ex",False,,False,False,False,False,False,False,,,False
R868,L-asparagine transport,transport,YALI1B21538g or YALI1B25553g or YALI1B25906g or YALI1C13768g or YALI1C24567g or YALI1E12893g or YALI1F26427g or YALI1C00550g or YALI1D18890g or YALI1E24567g,10,4,"C_cy,C_ex",False,,False,False,False,False,False,False,,,False
R869,L-asparagine transport,transport,YALI1F37658g,1,4,"C_cy,C_va",False,,False,False,False,False,False,False,,,True
R870,L-aspartate transport,transport,YALI1E13514g,1,4,"C_cy,C_va",False,,False,False,False,False,False,False,,,True
R871,L-aspartate transport,transport,YALI1D14670g,1,4,"C_cy,C_va",False,,False,False,False,False,False,False,,,True
R872,L-aspartate transport,transport,YALI1B21538g or YALI1B25553g or YALI1B25906g or YALI1C13768g or YALI1C24567g or YALI1E12893g or YALI1F26427g,7,4,"C_cy,C_ex",False,,False,False,False,False,False,False,,,False
R873,L-carnitine transport,transport,YALI1C10232g,1,2,"C_cy,C_ex",False,,False,False,False,False,False,False,,,True
R874,L-cystine transport,transport,YALI1B21538g or YALI1B25553g or YALI1B25906g or YALI1C13768g or YALI1C24567g or YALI1E12893g or YALI1F26427g or YALI1E24567g or YALI1C00550g or YALI1D18890g,10,4,"C_cy,C_ex",False,,False,False,False,False,False,False,,,False
R875,L-glutamate transport,transport,YALI1D34529g,1,4,"C_cy,C_mi",False,,False,False,False,False,False,False,,,False
R876,L-glutamate transport,transport,YALI1D14670g,1,4,"C_cy,C_va",False,,False,False,False,False,False,False,,,True
R877,L-glutamate transport,transport,YALI1C29920g or YALI1B21538g or YALI1B25553g or YALI1B25906g or YALI1C13768g or YALI1C24567g or YALI1E12893g or YALI1F26427g or YALI1C00550g or YALI1D18890g,10,4,"C_cy,C_ex",False,,False,False,False,False,False,False,,,False
R878,L-glutamine transport,transport,YALI1F37658g,1,4,"C_cy,C_va",False,,False,False,False,False,False,False,,,True
R879,L-glutamine transport,transport,YALI1E13514g,1,4,"C_cy,C_va",False,,False,False,False,False,False,False,,,True
R880,L-glutamine transport,transport,YALI1B21538g or YALI1B25553g or YALI1B25906g or YALI1C13768g or YALI1C24567g or YALI1E12893g or YALI1F26427g,7,4,"C_cy,C_ex",False,,False,False,False,False,False,False,,,False
R881,L-histidine transport,transport,YALI1B21538g or YALI1B25553g or YALI1B25906g or YALI1C13768g or YALI1C24567g or YALI1E12893g or YALI1F26427g,7,4,"C_cy,C_ex",False,,False,False,False,False,False,False,,,False
R882,L-isoleucine transport,transport,YALI1F37658g,1,4,"C_cy,C_va",False,,False,False,False,False,False,False,,,True
R883,L-isoleucine transport,transport,YALI1C04798g or YALI1E13514g,2,4,"C_cy,C_va",False,,False,False,False,False,False,False,,,True
R884,L-isoleucine transport,transport,YALI1B21538g or YALI1B25906g or YALI1B25553g or YALI1C13768g or YALI1C24567g or YALI1E12893g or YALI1F26427g,7,4,"C_cy,C_ex",False,,False,False,False,False,False,False,,,False
R885,L-lactate transport,transport,YALI1C21946g or YALI1C29538g or YALI1D25400g or YALI1D32568g or YALI1B25506g or YALI1E39128g,6,2,"C_cy,C_mi",False,,False,False,False,False,False,False,,,False
R886,L-lactate transport,transport,YALI1C21946g or YALI1C29538g or YALI1D25400g or YALI1D32568g or YALI1B25506g or YALI1E39128g,6,4,"C_cy,C_ex",False,,False,False,False,False,False,False,,,True
R887,"L-leucine transport, vacuoluar",transport,YALI1F37658g,1,4,"C_cy,C_va",False,,False,False,False,False,False,False,,,True
R888,"L-leucine transport, vacuoluar",transport,YALI1E13514g or YALI1C04798g,2,4,"C_cy,C_va",False,,False,False,False,False,False,False,,,True
R889,L-leucine transport,transport,YALI1B21538g or YALI1B25553g or YALI1B25906g or YALI1C13768g or YALI1C24567g or YALI1E12893g or YALI1F26427g,7,4,"C_cy,C_ex",False,,False,False,False,False,False,False,,,False
R890,L-lysine transport,transport,YALI1B12781g or YALI1B25360g or YALI1B21538g or YALI1B25553g or YALI1B25906g or YALI1C13768g or YALI1C24567g or YALI1E12893g or YALI1F26427g,9,4,"C_cy,C_ex",False,,False,False,False,False,False,False,,,False
R891,L-methionine transport,transport,YALI1F33189g or YALI1C00550g or YALI1E12893g or YALI1D19951g or YALI1F10253g or YALI1B21538g or YALI1C10232g or YALI1B12781g or YALI1D11810g or YALI1F02074g or YALI1C24567g or YALI1F26427g or YALI1E24567g or YALI1C13768g or YALI1B25360g or YALI1B26205g or YALI1B25553g or YALI1B25906g or YALI1D18890g,19,4,"C_cy,C_ex",False,,False,False,False,False,False,False,,,False
R892,L-phenylalanine transport,transport,YALI1B21538g or YALI1B25906g or YALI1B25553g or YALI1C13768g or YALI1C24567g or YALI1E12893g or YALI1F26427g,7,4,"C_cy,C_ex",False,,False,False,False,False,False,False,,,False
R893,L-proline transport,transport,YALI1B21538g or YALI1B25553g or YALI1B25906g or YALI1C13768g or YALI1C24567g or YALI1E12893g or YALI1F26427g or YALI1B12781g or YALI1D18890g,9,4,"C_cy,C_ex",False,,False,False,False,False,False,False,,,False
R894,L-serine transport,transport,YALI1B21538g or YALI1B25553g or YALI1B25906g or YALI1C13768g or YALI1C24567g or YALI1E12893g or YALI1F26427g or YALI1E24567g or YALI1C00550g or YALI1D18890g,10,4,"C_cy,C_ex",False,,False,False,False,False,False,False,,,False
R895,L-threonine transport,transport,YALI1B21538g or YALI1B25906g or YALI1B25553g or YALI1C13768g or YALI1C24567g or YALI1E12893g or YALI1F26427g,7,4,"C_cy,C_ex",False,,False,False,False,False,False,False,,,False
R896,L-tryptophan transport,transport,YALI1B21538g or YALI1B25553g or YALI1B25906g or YALI1C13768g or YALI1C24567g or YALI1E12893g or YALI1F26427g,7,4,"C_cy,C_ex",True,"bigg.reaction,biggr,metacyc.reaction,metacycr,metanetx.reaction,rh,rhea,sabiork.reaction,sabiorkr,seed.reaction,seedr,vmhr,vmhreaction",True,False,True,True,False,False,,,False
R897,L-tyrosine transport,transport,YALI1E21478g or YALI1F37658g,2,4,"C_cy,C_va",True,"bigg.reaction,biggr,metacyc.reaction,metacycr,metanetx.reaction,rh,rhea,sabiork.reaction,sabiorkr,seed.reaction,seedr,vmhr,vmhreaction",True,False,True,True,False,False,,,True
R898,L-tyrosine transport,transport,YALI1E13514g or YALI1C04798g,2,4,"C_cy,C_va",True,"bigg.reaction,biggr,metacyc.reaction,metacycr,metanetx.reaction,rh,rhea,sabiork.reaction,sabiorkr,seed.reaction,seedr,vmhr,vmhreaction",True,False,True,True,False,False,,,True
R899,L-tyrosine transport,transport,YALI1B21538g or YALI1B25553g or YALI1B25906g or YALI1C13768g or YALI1C24567g or YALI1E12893g or YALI1F26427g,7,4,"C_cy,C_ex",True,"bigg.reaction,biggr,metacyc.reaction,metacycr,metanetx.reaction,rh,rhea,sabiork.reaction,sabiorkr,seed.reaction,seedr,vmhr,vmhreaction",True,False,True,True,False,False,,,False
R900,L-valine transport,transport,YALI1B21538g or YALI1B25906g or YALI1B25553g or YALI1C13768g or YALI1C24567g or YALI1E12893g or YALI1F26427g,7,4,"C_cy,C_ex",False,,False,False,False,False,False,False,,,False
R901,lanosterol transport,transport,YALI1E17699g or YALI1F23922g or YALI1D34149g or YALI1B03910g or YALI1C28310g or YALI1B17155g,6,2,"C_cy,C_ex",False,,False,False,False,False,False,False,,,False
R902,malate transport,transport,YALI1B04831g,1,4,"C_cy,C_mi",True,"bigg.reaction,biggr,metanetx.reaction,rh,rhea,seed.reaction,seedr,vmhr,vmhreaction",True,False,True,True,False,False,,,False
R903,NAD transport,transport,YALI1E19682g or YALI1E19682g,1,2,"C_cy,C_mi",False,,False,False,False,False,False,False,,,True
R904,NAD transport,transport,YALI1E19682g,1,4,"C_cy,C_mi",False,,False,False,False,False,False,False,,,True
R905,NAD transport,transport,YALI1E19682g,1,4,"C_cy,C_mi",False,,False,False,False,False,False,False,,,True
R906,NAD transport,transport,YALI1E19682g,1,4,"C_cy,C_mi",False,,False,False,False,False,False,False,,,True
R907,nicotinate transport,transport,YALI1F27989g or YALI1E32241g or YALI1F25984g or YALI1C11773g or YALI1D12723g or YALI1F35868g or YALI1E24113g or YALI1D15030g or YALI1C03848g or YALI1E24318g or YALI1F08885g or YALI1F36094g,12,2,"C_cy,C_ex",False,,False,False,False,False,False,False,,,False
R908,octadecanoate (n-C18:0) transport,transport,,0,2,"C_cy,C_pe",False,,False,False,False,False,False,False,,,False
R909,ornithine transport,transport,YALI1D08734g,1,4,"C_cy,C_mi",False,,False,False,False,False,False,False,,,False
R910,orntithine transport,transport,YALI1B21538g or YALI1B25553g or YALI1B25906g or YALI1C13768g or YALI1C24567g or YALI1E12893g or YALI1F26427g or YALI1B25360g or YALI1C00550g,9,4,"C_cy,C_ex",False,,False,False,False,False,False,False,,,False
R911,oxaloacetate transport,transport,YALI1E04823g,1,4,"C_cy,C_mi",True,"bigg.reaction,biggr,metacyc.reaction,metacycr,metanetx.reaction,sabiork.reaction,sabiorkr,seed.reaction,seedr,vmhr,vmhreaction",True,False,True,False,False,False,,,False
R912,pantothenate transport,transport,YALI1F10122g,1,4,"C_cy,C_ex",False,,False,False,False,False,False,False,,,False
R913,pentaprenyl diphosphate transport,transport,,0,2,"C_cy,C_mi",False,,False,False,False,False,False,False,,,True
R914,phosphate transport,transport,YALI1E28300g or YALI1E36540g or YALI1D10768g or YALI1A15132g or YALI1A22275g,5,4,"C_cy,C_ex",False,,False,False,False,False,False,False,,,False
R915,phosphate transport,transport,YALI1C07423g or YALI1F19090g,2,4,"C_cy,C_mi",False,,False,False,False,False,False,False,,,False
R916,potassium transport,transport,YALI1B23153g,1,4,"C_cy,C_ex",False,,False,False,False,False,False,False,,,True
R917,putrescine transport,transport,YALI1A07014g or YALI1F05509g or YALI1C05972g or YALI1F10342g or YALI1E13329g or YALI1B23017g or YALI1D26438g or YALI1D22274g or YALI1F18835g or YALI1F37272g or YALI1A11654g or YALI1E32118g or YALI1C10293g or YALI1D32619g or YALI1A00661g or YALI1C15048g or YALI1F05574g or YALI1B11448g or YALI1D27808g or YALI1C01129g or YALI1B27564g or YALI1A17640g or YALI1D25359g or YALI1C24488g or YALI1E25364g or YALI1A19862g or YALI1A15624g or YALI1F18429g or YALI1F32910g or YALI1F11396g or YALI1F04185g or YALI1C06006g,32,4,"C_cy,C_ex",False,,False,False,False,False,False,False,,,False
R918,putrescine transport,transport,YALI1A15624g or YALI1F10342g,2,4,"C_cy,C_va",False,,False,False,False,False,False,False,,,True
R919,pyruvate transport,transport,YALI1C21946g or YALI1C29538g or YALI1D25400g or YALI1D32568g or YALI1B25506g or YALI1E39128g,6,4,"C_cy,C_ex",False,,False,False,False,False,False,False,,,False
R920,S-adenosyl-L-methionine transport,transport,YALI1B21538g or YALI1B25553g or YALI1B25906g or YALI1C13768g or YALI1C24567g or YALI1E12893g or YALI1F26427g,7,4,"C_cy,C_ex",False,,False,False,False,False,False,False,,,True
R921,S-adenosyl-L-methionine transport,transport,YALI1C26544g,1,2,"C_cy,C_mi",False,,False,False,False,False,False,False,,,True
R922,S-methylmethionine permease,transport,YALI1B21538g or YALI1B25906g or YALI1C13768g,3,4,"C_cy,C_ex",False,,False,False,False,False,False,False,,,True
R923,sodium proton antiporter,transport,YALI1C00999g or YALI1E02678g,2,4,"C_cy,C_ex",False,,False,False,False,False,False,False,,,True
R924,spermidine transport,transport,YALI1A07014g or YALI1F05509g or YALI1C22751g or YALI1B05609g or YALI1E12893g or YALI1C00550g or YALI1C10232g or YALI1B12781g or YALI1D11810g or YALI1F02074g or YALI1E24567g or YALI1B25360g or YALI1B26205g or YALI1D18890g or YALI1B21538g or YALI1B25553g or YALI1F26427g or YALI1C13768g or YALI1B25906g or YALI1C24567g or YALI1C05972g or YALI1F10342g or YALI1E13329g or YALI1B23017g or YALI1D26438g or YALI1D22274g or YALI1F18835g or YALI1F37272g or YALI1A11654g or YALI1E32118g or YALI1C10293g or YALI1D32619g or YALI1A00661g or YALI1C15048g or YALI1F05574g or YALI1B11448g or YALI1D27808g or YALI1C01129g or YALI1B27564g or YALI1A17640g or YALI1D25359g or YALI1C24488g or YALI1E25364g or YALI1A19862g or YALI1A15624g or YALI1F18429g or YALI1F32910g or YALI1F11396g or YALI1F04185g or YALI1C06006g,50,4,"C_cy,C_ex",True,"bigg.reaction,biggr,metanetx.reaction,seed.reaction,seedr,vmhr,vmhreaction",True,False,True,False,False,False,,,False
R925,spermidine transport,transport,YALI1A15624g or YALI1F10342g,2,4,"C_cy,C_va",True,"bigg.reaction,biggr,metanetx.reaction,seed.reaction,seedr,vmhr,vmhreaction",True,False,True,False,False,False,,,True
R926,spermine transport,transport,YALI1A07014g or YALI1F05509g or YALI1C05972g or YALI1F10342g or YALI1E13329g or YALI1B23017g or YALI1D26438g or YALI1D22274g or YALI1F18835g or YALI1F37272g or YALI1A11654g or YALI1E32118g or YALI1C10293g or YALI1D32619g or YALI1A00661g or YALI1C15048g or YALI1F05574g or YALI1B11448g or YALI1D27808g or YALI1C01129g or YALI1B27564g or YALI1A17640g or YALI1D25359g or YALI1C24488g or YALI1E25364g or YALI1A19862g or YALI1A15624g or YALI1F18429g or YALI1F32910g or YALI1F11396g or YALI1F04185g or YALI1C06006g,32,4,"C_cy,C_ex",False,,False,False,False,False,False,False,,,False
R927,spermine transport,transport,YALI1B27564g or YALI1A15624g or YALI1F10342g,3,4,"C_cy,C_va",False,,False,False,False,False,False,False,,,True
R928,succinate transport,transport,YALI1B04831g,1,4,"C_cy,C_mi",True,"bigg.reaction,biggr,metanetx.reaction,rh,rhea,seed.reaction,seedr,vmhr,vmhreaction",True,False,True,True,False,False,,,False
R929,succinate-fumarate transport,transport,YALI1E41148g,1,4,"C_cy,C_mi",False,,False,False,False,False,False,False,,,False
R930,sulfate uniport,transport,YALI1F30179g or YALI1B23237g,2,2,"C_cy,C_ex",False,,False,False,False,False,False,False,,,False
R931,sulfite transport,transport,YALI1E28779g,1,2,"C_cy,C_ex",False,,False,False,False,False,False,False,,,False
R932,taurine transport,transport,,0,2,"C_cy,C_ex",True,"bigg.reaction,biggr,metanetx.reaction,rh,rhea,seed.reaction,seedr,vmhr,vmhreaction",True,False,True,True,False,False,,,True
R933,thiamine diphosphate transport,transport,YALI1F26924g,1,2,"C_cy,C_mi",False,,False,False,False,False,False,False,,,True
R934,thiamine transport,transport,YALI1D25037g,1,4,"C_cy,C_ex",False,,False,False,False,False,False,False,,,True
R935,uracil transport,transport,YALI1D07232g,1,4,"C_cy,C_ex",False,,False,False,False,False,False,False,,,True
R936,urea transport,transport,YALI1B05609g or YALI1C22751g,2,4,"C_cy,C_ex",False,,False,False,False,False,False,False,,,False
R937,uridine transport,transport,YALI1D07232g,1,4,"C_cy,C_ex",False,,False,False,False,False,False,False,,,True
R938,UTP transport,transport,YALI1F08225g,1,8,"C_cy,C_mi",False,,False,False,False,False,False,False,,,True
R939,UTP/UMP antiport,transport,YALI1F08225g,1,6,"C_cy,C_mi",True,"bigg.reaction,biggr,metanetx.reaction,seed.reaction,seedr",True,False,True,False,False,False,,,True
R940,water diffusion,transport,YALI1F01981g,1,2,"C_cy,C_ex",False,,False,False,False,False,False,False,,,False
R941,(1-3)-beta-D-glucan exchange,exchange,,0,1,C_ex,False,,False,False,False,False,False,False,,,True
R942,(1-3)-beta-D-glucan transport,transport,,0,2,"C_cy,C_en",False,,False,False,False,False,False,False,,,False
R943,(R)-carnitine exchange,exchange,,0,1,C_ex,False,,False,False,False,False,False,False,,crn,True
R944,(R)-lactate exchange,exchange,,0,1,C_ex,False,,False,False,False,False,False,False,,lac__D,False
R945,(R)-mevalonate exchange,exchange,,0,1,C_ex,False,,False,False,False,False,False,False,,mevR,False
R946,(R)-pantothenate exchange,exchange,,0,1,C_ex,True,"bigg.reaction,biggr,metanetx.reaction,rh,rhea,seed.reaction,seedr,vmhr,vmhreaction",True,False,True,True,False,False,,pnto__R,False
R947,"(R,R)-2,3-butanediol exchange",exchange,,0,1,C_ex,False,,False,False,False,False,False,False,,,True
R948,(S)-lactate exchange,exchange,,0,1,C_ex,False,,False,False,False,False,False,False,,lac__L,True
R949,(S)-malate exchange,exchange,,0,1,C_ex,False,,False,False,False,False,False,False,,mal__L,False
R950,1-(sn-glycero-3-phospho)-1D-myo-inositol exchange,exchange,,0,1,C_ex,False,,False,False,False,False,False,False,,g3pi,True
R951,1-acylglycerophosphocholine exchange,exchange,,0,1,C_ex,False,,False,False,False,False,False,False,,,True
R952,"1D-myo-inositol 1,3,4,5,6-pentakisphosphate diffusion",transport,,0,2,"C_cy,C_nu",False,,False,False,False,False,False,False,,,False
R953,1D-myo-inositol 1-phosphate transport,transport,,0,2,"C_cy,C_er",False,,False,False,False,False,False,False,,,True
R954,2'-deoxyadenosine exchange,exchange,,0,1,C_ex,False,,False,False,False,False,False,False,,dad_2,True
R955,2'-deoxyguanosine exchange,exchange,,0,1,C_ex,False,,False,False,False,False,False,False,,dgsn,True
R956,2'-deoxyinosine exchange,exchange,,0,1,C_ex,False,,False,False,False,False,False,False,,din,True
R957,2'-deoxyuridine exchange,exchange,,0,1,C_ex,False,,False,False,False,False,False,False,,duri,True
R958,2-dehydro-3-deoxy-D-arabino-heptonate7-phohsphate transport,transport,,0,2,"C_cy,C_mi",False,,False,False,False,False,False,False,,,True
R959,2-dehydropantoate transport,transport,,0,2,"C_cy,C_mi",False,,False,False,False,False,False,False,,,False
R960,2-isopropylmalate exchange,exchange,,0,1,C_ex,False,,False,False,False,False,False,False,,,False
R961,2-isopropylmalate transport,transport,,0,2,"C_cy,C_ex",False,,False,False,False,False,False,False,,,False
R962,2-isopropylmalate transport,transport,,0,2,"C_cy,C_mi",False,,False,False,False,False,False,False,,,False
R963,2-oxobutanoate transporter,transport,,0,2,"C_cy,C_mi",False,,False,False,False,False,False,False,,,False
R964,2-oxoglutarate exchange,exchange,,0,1,C_ex,True,"bigg.reaction,biggr,metanetx.reaction,rh,rhea,sabiork.reaction,sabiorkr,seed.reaction,seedr,vmhr,vmhreaction",True,False,True,True,False,False,,akg,False
R965,2-oxoglutarate transport,transport,,0,2,"C_cy,C_nu",False,,False,False,False,False,False,False,,,True
R966,2-oxoglutarate transport,transport,,0,2,"C_cy,C_ex",False,,False,False,False,False,False,False,,,False
R967,3-carboxy-4-methyl-2-oxopentanoate transport,transport,,0,2,"C_cy,C_mi",False,,False,False,False,False,False,False,,,False
R968,3-methyl-2-oxopentanoate transport,transport,,0,2,"C_cy,C_mi",False,,False,False,False,False,False,False,,,False
R969,3-octaprenyl-4-hydroxybenzoate transport,transport,,0,2,"C_cy,C_mi",False,,False,False,False,False,False,False,,,True
R970,4-amino-5-hydroxymethyl-2-methylpyrimidine synthetase,metabolic,,0,5,C_cy,True,"bigg.reaction,biggr,metanetx.reaction,seed.reaction,seedr",True,False,True,False,False,False,,,True
R971,4-aminobenzoate exchange,exchange,,0,1,C_ex,False,,False,False,False,False,False,False,,4abz,False
R972,4-aminobenzoate transport,transport,,0,2,"C_cy,C_ex",False,,False,False,False,False,False,False,,,False
R973,4-aminobenzoate transport,transport,,0,2,"C_cy,C_mi",False,,False,False,False,False,False,False,,,True
R974,4-aminobutanal transport,transport,,0,2,"C_cy,C_mi",False,,False,False,False,False,False,False,,,False
R975,4-aminobutyrate transport,transport,,0,2,"C_cy,C_mi",False,,False,False,False,False,False,False,,,False
R976,4-hydroxy-2-oxoglutarate transport,transport,,0,2,"C_cy,C_mi",False,,False,False,False,False,False,False,,,True
R977,4-hydroxy-2-oxoglutarate transport,transport,,0,2,"C_cy,C_pe",False,,False,False,False,False,False,False,,,True
R978,4-hydroxybenzoate transport,transport,,0,2,"C_cy,C_mi",False,,False,False,False,False,False,False,,,True
R979,5'-nucleotidase (AMP),metabolic,YALI1A07887g or YALI1C27229g,2,4,C_cy,True,"bigg.reaction,biggr,kegg.reaction,keggr,metacyc.reaction,metacycr,metanetx.reaction,rh,rhea,sabiork.reaction,sabiorkr,seed.reaction,seedr,vmhr,vmhreaction",True,True,True,True,False,False,,,False
R980,5'-nucleotidase (dAMP),metabolic,YALI1A07887g or YALI1C27229g,2,4,C_cy,True,"bigg.reaction,biggr,kegg.reaction,keggr,metacyc.reaction,metacycr,metanetx.reaction,rh,rhea,sabiork.reaction,sabiorkr,seed.reaction,seedr,vmhr,vmhreaction",True,True,True,True,False,False,,,False
R981,5'-nucleotidase (dCMP),metabolic,YALI1F34187g,1,4,C_cy,True,"bigg.reaction,biggr,kegg.reaction,keggr,metacyc.reaction,metacycr,metanetx.reaction,rh,rhea,sabiork.reaction,sabiorkr,seed.reaction,seedr,vmhr,vmhreaction",True,True,True,True,False,False,,,False
R982,5'-nucleotidase (dGMP),metabolic,YALI1A07887g or YALI1C27229g,2,4,C_cy,True,"bigg.reaction,biggr,kegg.reaction,keggr,metacyc.reaction,metacycr,metanetx.reaction,rh,rhea,sabiork.reaction,sabiorkr,seed.reaction,seedr,vmhr,vmhreaction",True,True,True,True,False,False,,,False
R983,5'-nucleotidase (dTMP),metabolic,YALI1F34187g,1,4,C_cy,True,"bigg.reaction,biggr,kegg.reaction,keggr,metacyc.reaction,metacycr,metanetx.reaction,rh,rhea,sabiork.reaction,sabiorkr,seed.reaction,seedr,vmhr,vmhreaction",True,True,True,True,False,False,,,False
R984,5'-nucleotidase (dUMP),metabolic,,0,4,C_cy,True,"bigg.reaction,biggr,kegg.reaction,keggr,metacyc.reaction,metacycr,metanetx.reaction,rh,rhea,sabiork.reaction,sabiorkr,seed.reaction,seedr,vmhr,vmhreaction",True,True,True,True,False,False,,,False
R985,5'-nucleotidase (GMP),metabolic,YALI1A07887g or YALI1C27229g,2,4,C_cy,True,"bigg.reaction,biggr,kegg.reaction,keggr,metacyc.reaction,metacycr,metanetx.reaction,rh,rhea,sabiork.reaction,sabiorkr,seed.reaction,seedr,vmhr,vmhreaction",True,True,True,True,False,False,,,False
R986,5'-nucleotidase (XMP),metabolic,YALI1A07887g or YALI1C27229g,2,4,C_cy,True,"bigg.reaction,biggr,kegg.reaction,keggr,metacyc.reaction,metacycr,metanetx.reaction,rh,rhea,sabiork.reaction,sabiorkr,seed.reaction,seedr,vmhr,vmhreaction",True,True,True,True,False,False,,,False
R987,5-aminolevulinate exchange,exchange,,0,1,C_ex,False,,False,False,False,False,False,False,,5aop,True
R988,5-aminolevulinate transport,transport,,0,2,"C_cy,C_mi",False,,False,False,False,False,False,False,,,True
R989,5-formethyltetrahydrofolate cyclo-ligase,metabolic,,0,5,C_mi,False,,False,False,False,False,False,False,,,False
R990,5-formyltetrahydrofolate:10-formyltetrahydrofolate isomerase,metabolic,,0,7,C_cy,True,"bigg.reaction,biggr,metanetx.reaction,seed.reaction,seedr",True,False,True,False,False,False,,,True
R991,5-formyltetrahydrofolic acid exchange,exchange,,0,1,C_ex,False,,False,False,False,False,False,False,,5fothf,True
R992,"7,8-diaminononanoate exchange",exchange,,0,1,C_ex,False,,False,False,False,False,False,False,,,True
R993,"7,8-diaminononanoate transport",transport,,0,2,"C_cy,C_ex",False,,False,False,False,False,False,False,,,True
R994,8-amino-7-oxononanoate exchange,exchange,,0,1,C_ex,False,,False,False,False,False,False,False,,,True
R995,9H-xanthine exchange,exchange,,0,1,C_ex,False,,False,False,False,False,False,False,,oxyp,False
R996,acetaldehyde exchange,exchange,,0,1,C_ex,True,"bigg.reaction,biggr,metanetx.reaction,seed.reaction,seedr,vmhr,vmhreaction",True,False,True,False,False,False,,acald,False
R997,acetaldehyde transport,transport,,0,2,"C_cy,C_mi",False,,False,False,False,False,False,False,,,False
R998,acetaldehyde transport,transport,,0,2,"C_cy,C_ex",False,,False,False,False,False,False,False,,,False
R999,acetate exchange,exchange,,0,1,C_ex,True,"bigg.reaction,biggr,metacyc.reaction,metacycr,metanetx.reaction,sabiork.reaction,sabiorkr,seed.reaction,seedr,vmhr,vmhreaction",True,False,True,False,False,False,,ac,False
R1000,acetate transport,transport,,0,2,"C_cy,C_nu",False,,False,False,False,False,False,False,,,True
R1001,acetyl-CoA transport,transport,,0,2,"C_cy,C_nu",True,"bigg.reaction,biggr,metanetx.reaction,rh,rhea,seed.reaction,seedr,vmhr,vmhreaction",True,False,True,True,False,False,,,True
R1002,acetylcarnitine transport,transport,,0,2,"C_cy,C_pe",False,,False,False,False,False,False,False,,,False
R1003,adenine exchange,exchange,,0,1,C_ex,True,"bigg.reaction,biggr,metacyc.reaction,metacycr,metanetx.reaction,rh,rhea,sabiork.reaction,sabiorkr,seed.reaction,seedr,vmhr,vmhreaction",True,False,True,True,False,False,,ade,True
R1004,adenine transport,transport,,0,2,"C_cy,C_mi",False,,False,False,False,False,False,False,,,True
R1005,"adenosine 3',5'-bismonophosphate exchange",exchange,,0,1,C_ex,False,,False,False,False,False,False,False,,pap,False
R1006,"adenosine 3',5'-bisphosphate transport",transport,,0,2,"C_cy,C_mi",False,,False,False,False,False,False,False,,,True
R1007,adenosine exchange,exchange,,0,1,C_ex,True,"bigg.reaction,biggr,metanetx.reaction,rh,rhea,sabiork.reaction,sabiorkr,seed.reaction,seedr,vmhr,vmhreaction",True,False,True,True,False,False,,adn,True
R1008,ADP transport,transport,,0,2,"C_cy,C_nu",False,,False,False,False,False,False,False,,,False
R1009,ADP transport,transport,,0,2,"C_cy,C_er",False,,False,False,False,False,False,False,,,False
R1010,"AKG transporter, peroxisome",transport,,0,2,"C_cy,C_pe",True,"bigg.reaction,biggr,metanetx.reaction,rh,rhea,sabiork.reaction,sabiorkr,seed.reaction,seedr,vmhr,vmhreaction",True,False,True,True,False,False,,,False
R1011,allantoate exchange,exchange,,0,1,C_ex,True,"bigg.reaction,biggr,metanetx.reaction,seed.reaction,seedr",True,False,True,False,False,False,,alltt,True
R1012,allantoin exchange,exchange,,0,1,C_ex,True,"bigg.reaction,biggr,metanetx.reaction,seed.reaction,seedr,vmhr,vmhreaction",True,False,True,False,False,False,,alltn,True
R1013,"alpha,alpha-trehalose exchange",exchange,,0,1,C_ex,False,,False,False,False,False,False,False,,,True
R1014,alpha-D-glucosamine 6-phosphate exchange,exchange,,0,1,C_ex,False,,False,False,False,False,False,False,,gam6p,False
R1015,alpha-ketoglutarate/malate transporter,transport,,0,4,"C_cy,C_ex",True,"bigg.reaction,biggr,metanetx.reaction,rh,rhea,seed.reaction,seedr,vmhr,vmhreaction",True,False,True,True,False,False,,,False
R1016,ammonium exchange,exchange,,0,1,C_ex,False,,False,False,False,False,False,False,,,False
R1017,AMP transport,transport,,0,2,"C_cy,C_nu",False,,False,False,False,False,False,False,,,True
R1018,arginine transport,transport,,0,4,"C_cy,C_mi",True,"bigg.reaction,biggr,metacyc.reaction,metacycr,metanetx.reaction,rh,rhea,sabiork.reaction,sabiorkr,seed.reaction,seedr,vmhr,vmhreaction",True,False,True,True,False,False,,,True
R1019,asparagine transport,transport,,0,2,"C_cy,C_mi",False,,False,False,False,False,False,False,,,True
R1020,aspartate-glutamate transporter,transport,,0,4,"C_cy,C_pe",True,"bigg.reaction,biggr,metanetx.reaction,rh,rhea,seed.reaction,seedr",True,False,True,True,False,False,,,False
R1021,ATP diffusion,transport,,0,2,"C_cy,C_nu",False,,False,False,False,False,False,False,,,False
R1022,ATP transport,transport,,0,2,"C_cy,C_er",False,,False,False,False,False,False,False,,,False
R1023,bicarbonate exchange,exchange,,0,1,C_ex,False,,False,False,False,False,False,False,,h2co3,True
R1024,bicarbonate formation,metabolic,,0,4,C_mi,False,,False,False,False,False,False,False,,,False
R1025,bicarbonate formation,metabolic,,0,4,C_nu,False,,False,False,False,False,False,False,,,False
R1026,bicarbonate formation,metabolic,,0,4,C_cy,False,,False,False,False,False,False,False,,,False
R1027,bicarbonate formation,metabolic,,0,4,C_ex,False,,False,False,False,False,False,False,,,True
R1028,bicarbonate transport,transport,,0,2,"C_cy,C_nu",False,,False,False,False,False,False,False,,,False
R1029,biotin exchange,exchange,,0,1,C_ex,True,"bigg.reaction,biggr,metacyc.reaction,metacycr,metanetx.reaction,rh,rhea,seed.reaction,seedr,vmhr,vmhreaction",True,False,True,True,False,False,,btn,True
R1030,carbon dioxide exchange,exchange,,0,1,C_ex,False,,False,False,False,False,False,False,,co2,False
R1031,carnitine transport,transport,,0,2,"C_cy,C_pe",False,,False,False,False,False,False,False,,,False
R1032,carnitine-acetylcarnitine carrier,transport,,0,4,"C_cy,C_pe",False,,False,False,False,False,False,False,,,False
R1033,CDP transport,transport,,0,2,"C_cy,C_nu",False,,False,False,False,False,False,False,,,True
R1034,ceramide transport,transport,,0,2,"C_er,C_go",False,,False,False,False,False,False,False,,,True
R1035,ceramide transport,transport,,0,2,"C_er,C_go",False,,False,False,False,False,False,False,,,True
R1036,ceramide transport,transport,,0,2,"C_er,C_go",False,,False,False,False,False,False,False,,,True
R1037,ceramide transport,transport,,0,2,"C_er,C_go",False,,False,False,False,False,False,False,,,True
R1038,ceramide transport,transport,,0,2,"C_er,C_go",False,,False,False,False,False,False,False,,,True
R1039,ceramide transport,transport,,0,2,"C_er,C_go",False,,False,False,False,False,False,False,,,True
R1040,"cholestenol delta-isomerase, lumped reaction",metabolic,,0,7,C_cy,True,"bigg.reaction,biggr,metanetx.reaction,seed.reaction,seedr",True,False,True,False,False,False,,,True
R1041,choline exchange,exchange,,0,1,C_ex,True,"bigg.reaction,biggr,metanetx.reaction,rh,rhea,seed.reaction,seedr,vmhr,vmhreaction",True,False,True,True,False,False,,chol,True
R1042,choline transport,transport,,0,2,"C_cy,C_en",False,,False,False,False,False,False,False,,,True
R1043,chorismate pyruvate lyase,metabolic,,0,3,C_cy,True,"bigg.reaction,biggr,kegg.reaction,keggr,metacyc.reaction,metacycr,metanetx.reaction,rh,rhea,sabiork.reaction,sabiorkr,seed.reaction,seedr,vmhr,vmhreaction",True,True,True,True,False,False,,,True
R1044,citrate transport,transport,,0,2,"C_cy,C_ex",False,,False,False,False,False,False,False,,,False
R1045,citrate(3-) exchange,exchange,,0,1,C_ex,False,,False,False,False,False,False,False,,cit,False
R1046,citrate/isocitrate antiport,transport,,0,4,"C_cy,C_pe",False,,False,False,False,False,False,False,,,False
R1047,citrate/malate antiport,transport,,0,4,"C_cy,C_pe",True,"bigg.reaction,biggr,metanetx.reaction,rh,rhea,seed.reaction,seedr,vmhr,vmhreaction",True,False,True,True,False,False,,,False
R1048,CMP nucleosidase,metabolic,,0,4,C_cy,True,"bigg.reaction,biggr,kegg.reaction,keggr,metacyc.reaction,metacycr,metanetx.reaction,rh,rhea,seed.reaction,seedr",True,True,True,True,False,False,,,False
R1049,CO2 transport,transport,,0,2,"C_cy,C_er",False,,False,False,False,False,False,False,,,True
R1050,CO2 transport,transport,,0,2,"C_cy,C_nu",False,,False,False,False,False,False,False,,,False
R1051,CO2 transport,transport,,0,2,"C_cy,C_pe",False,,False,False,False,False,False,False,,,False
R1052,CO2 transport,transport,,0,2,"C_cy,C_mi",False,,False,False,False,False,False,False,,,False
R1053,CO2 transport,transport,,0,2,"C_cy,C_ex",False,,False,False,False,False,False,False,,,False
R1054,coenzyme A transport,transport,,0,2,"C_cy,C_er",False,,False,False,False,False,False,False,,,False
R1055,coenzyme A transport,transport,,0,2,"C_cy,C_nu",False,,False,False,False,False,False,False,,,True
R1056,coenzyme A transport,transport,,0,2,"C_cy,C_pe",False,,False,False,False,False,False,False,,,False
R1057,complex sphingolipid transport,transport,,0,2,"C_cy,C_go",False,,False,False,False,False,False,False,,,True
R1058,cytidine exchange,exchange,,0,1,C_ex,True,"bigg.reaction,biggr,metanetx.reaction,rh,rhea,sabiork.reaction,sabiorkr,seed.reaction,seedr,vmhr,vmhreaction",True,False,True,True,False,False,,cytd,True
R1059,cytidylate kinase (CMP),metabolic,YALI1F12969g,1,4,C_cy,True,"bigg.reaction,biggr,kegg.reaction,keggr,metacyc.reaction,metacycr,metanetx.reaction,rh,rhea,seed.reaction,seedr,vmhr,vmhreaction",True,True,True,True,False,False,,,False
R1060,cytidylate kinase (dCMP),metabolic,YALI1F12969g,1,4,C_cy,True,"bigg.reaction,biggr,kegg.reaction,keggr,metacyc.reaction,metacycr,metanetx.reaction,rh,rhea,sabiork.reaction,sabiorkr,seed.reaction,seedr,vmhr,vmhreaction",True,True,True,True,False,False,,,False
R1061,cytosine exchange,exchange,,0,1,C_ex,True,"bigg.reaction,biggr,metanetx.reaction,rh,rhea,sabiork.reaction,sabiorkr,seed.reaction,seedr,vmhr,vmhreaction",True,False,True,True,False,False,,csn,True
R1062,D-arabinose exchange,exchange,,0,1,C_ex,False,,False,False,False,False,False,False,,,False
R1063,D-arabinose transport,transport,,0,2,"C_cy,C_ex",False,,False,False,False,False,False,False,,,False
R1064,D-erythrose 4-phosphate transport,transport,,0,2,"C_cy,C_mi",False,,False,False,False,False,False,False,,,True
R1065,D-fructose exchange,exchange,,0,1,C_ex,True,"bigg.reaction,biggr,metanetx.reaction,sabiork.reaction,sabiorkr,seed.reaction,seedr,vmhr,vmhreaction",True,False,True,False,False,False,,,True
R1066,D-galactose exchange,exchange,,0,1,C_ex,True,"bigg.reaction,biggr,metanetx.reaction",True,False,True,False,False,False,,,True
R1067,D-galacturonate exchange,exchange,,0,1,C_ex,True,"bigg.reaction,biggr,metanetx.reaction,vmhr,vmhreaction",True,False,True,False,False,False,,,True
R1068,D-glucitol exchange,exchange,,0,1,C_ex,False,,False,False,False,False,False,False,,,True
R1069,D-glucosamine 6-phosphate uniport,transport,,0,2,"C_cy,C_ex",False,,False,False,False,False,False,False,,,False
R1070,D-glucose exchange,exchange,,0,1,C_ex,True,"bigg.reaction,biggr,metacyc.reaction,metacycr,metanetx.reaction,rh,rhea,sabiork.reaction,sabiorkr,seed.reaction,seedr,vmhr,vmhreaction",True,False,True,True,False,False,,glc__D,False
R1071,D-mannose exchange,exchange,,0,1,C_ex,True,"bigg.reaction,biggr,metanetx.reaction,rh,rhea,sabiork.reaction,sabiorkr,seed.reaction,seedr,vmhr,vmhreaction",True,False,True,True,False,False,,man,True
R1072,D-ribose exchange,exchange,,0,1,C_ex,True,"bigg.reaction,biggr,metanetx.reaction,seed.reaction,seedr,vmhr,vmhreaction",True,False,True,False,False,False,,rib__D,True
R1073,D-sorbitol transport,transport,,0,2,"C_cy,C_ex",False,,False,False,False,False,False,False,,,True
R1074,D-xylose exchange,exchange,,0,1,C_ex,True,"bigg.reaction,biggr,metanetx.reaction,rh,rhea,seed.reaction,seedr,vmhr,vmhreaction",True,False,True,True,False,False,,xyl__D,True
R1075,D-xylose transport,transport,,0,2,"C_cy,C_ex",False,,False,False,False,False,False,False,,,True
R1076,dADP transport,transport,,0,2,"C_cy,C_nu",False,,False,False,False,False,False,False,,,True
R1077,dCDP transport,transport,,0,2,"C_cy,C_nu",False,,False,False,False,False,False,False,,,True
R1078,ATP deamination,metabolic,,0,5,C_cy,False,,False,False,False,False,False,False,,,False
R1079,dATP deamination,metabolic,,0,5,C_cy,False,,False,False,False,False,False,False,,,True
R1080,ADP deamination,metabolic,,0,5,C_cy,False,,False,False,False,False,False,False,,,False
R1081,dADP deamination,metabolic,,0,5,C_cy,False,,False,False,False,False,False,False,,,True
R1082,deamino-NAD+ diffusion,transport,,0,2,"C_cy,C_nu",False,,False,False,False,False,False,False,,,True
R1083,decanoate exchange,exchange,,0,1,C_ex,False,,False,False,False,False,False,False,,dca,True
R1084,deoxyadenosine transport,transport,,0,2,"C_cy,C_ex",True,"bigg.reaction,biggr,metanetx.reaction,seed.reaction,seedr,vmhr,vmhreaction",True,False,True,False,False,False,,,True
R1085,deoxyadenylate kinase,metabolic,YALI1F12969g,1,4,C_cy,True,"bigg.reaction,biggr,kegg.reaction,keggr,metacyc.reaction,metacycr,metanetx.reaction,rh,rhea,sabiork.reaction,sabiorkr,seed.reaction,seedr,vmhr,vmhreaction",True,True,True,True,False,False,,,False
R1086,deoxycytidine exchange,exchange,,0,1,C_ex,True,"bigg.reaction,biggr,metanetx.reaction,rh,rhea,seed.reaction,seedr,vmhr,vmhreaction",True,False,True,True,False,False,,,True
R1087,deoxycytidine transport,transport,,0,2,"C_cy,C_ex",False,,False,False,False,False,False,False,,,True
R1088,deoxyguanosine transport,transport,,0,2,"C_cy,C_ex",False,,False,False,False,False,False,False,,,True
R1089,deoxyinosine transport,transport,,0,2,"C_cy,C_ex",False,,False,False,False,False,False,False,,,True
R1090,deoxyuridine kinase (ATP:deoxyuridine),metabolic,,0,5,C_cy,True,"bigg.reaction,biggr,kegg.reaction,keggr,metacyc.reaction,metacycr,metanetx.reaction,rh,rhea,sabiork.reaction,sabiorkr,seed.reaction,seedr,vmhr,vmhreaction",True,True,True,True,False,False,,,False
R1091,deoxyuridine transport,transport,,0,2,"C_cy,C_ex",False,,False,False,False,False,False,False,,,True
R1092,dephospho-CoA kinase,metabolic,YALI1F13202g,1,5,C_cy,True,"bigg.reaction,biggr,kegg.reaction,keggr,metacyc.reaction,metacycr,metanetx.reaction,rh,rhea,sabiork.reaction,sabiorkr,seed.reaction,seedr,vmhr,vmhreaction",True,True,True,True,False,False,,,True
R1093,dGDP transport,transport,,0,2,"C_cy,C_nu",True,"bigg.reaction,biggr,metanetx.reaction,seed.reaction,seedr",True,False,True,False,False,False,,,True
R1094,dhnpt transport,transport,,0,2,"C_cy,C_mi",False,,False,False,False,False,False,False,,,True
R1095,diamine transaminase,metabolic,,0,5,C_cy,True,"bigg.reaction,biggr,metacyc.reaction,metacycr,metanetx.reaction,rh,rhea,sabiork.reaction,sabiorkr,seed.reaction,seedr,vmhr,vmhreaction",True,False,True,True,False,False,,,True
R1096,dihydrofolate transport,transport,,0,2,"C_cy,C_mi",False,,False,False,False,False,False,False,,,True
R1097,dihydroneopterin triphosphate pyrophosphatase,metabolic,,0,5,C_cy,True,"metanetx.reaction,seed.reaction,seedr",False,False,True,False,False,False,,,True
R1098,dihydropteroate transport,transport,,0,2,"C_cy,C_mi",False,,False,False,False,False,False,False,,,True
R1099,dihydroxyacetone phosphate transport,transport,,0,2,"C_cy,C_mi",False,,False,False,False,False,False,False,,,False
R1100,diphosphate transport,transport,,0,2,"C_cy,C_pe",False,,False,False,False,False,False,False,,,False
R1101,dolichol phosphate transport,transport,,0,2,"C_cy,C_er",False,,False,False,False,False,False,False,,,False
R1102,dTTP exchange,exchange,,0,1,C_ex,True,"bigg.reaction,biggr,metanetx.reaction,seed.reaction,seedr,vmhr,vmhreaction",True,False,True,False,False,False,,dttp,False
R1103,dTTP uniport,transport,,0,2,"C_cy,C_ex",False,,False,False,False,False,False,False,,,False
R1104,dUDP diffusion,transport,,0,2,"C_cy,C_nu",False,,False,False,False,False,False,False,,,False
R1105,dUMP transport,transport,,0,2,"C_cy,C_nu",False,,False,False,False,False,False,False,,,False
R1106,episterol exchange,exchange,,0,1,C_ex,True,"bigg.reaction,biggr,metanetx.reaction,seed.reaction,seedr",True,False,True,False,False,False,,epist,False
R1107,"ergosta-5,6,22,24,(28)-tetraen-3beta-ol transport",transport,,0,2,"C_cy,C_er",False,,False,False,False,False,False,False,,,False
R1108,ergosterol exchange,exchange,,0,1,C_ex,True,"bigg.reaction,biggr,metanetx.reaction,seed.reaction,seedr",True,False,True,False,False,False,,ergst,False
R1109,ergosterol transport,transport,,0,2,"C_cy,C_er",False,,False,False,False,False,False,False,,,False
R1110,ergosterol transport,transport,,0,2,"C_cy,C_lp",False,,False,False,False,False,False,False,,,False
R1111,ergosterol transport,transport,,0,2,"C_cy,C_en",False,,False,False,False,False,False,False,,,True
R1112,ethanol exchange,exchange,,0,1,C_ex,True,"bigg.reaction,biggr,metacyc.reaction,metacycr,metanetx.reaction,rh,rhea,seed.reaction,seedr,vmhr,vmhreaction",True,False,True,True,False,False,,etoh,False
R1113,ethanol transport,transport,,0,2,"C_cy,C_ex",False,,False,False,False,False,False,False,,,False
R1114,"ethanol transport, mitochondrial",transport,,0,2,"C_cy,C_mi",False,,False,False,False,False,False,False,,,False
R1115,ethanolamine exchange,exchange,,0,1,C_ex,True,"bigg.reaction,biggr,metacyc.reaction,metacycr,metanetx.reaction,rh,rhea,seed.reaction,seedr,vmhr,vmhreaction",True,False,True,True,False,False,,etha,True
R1116,farnesyl diphosphate transport,transport,,0,2,"C_cy,C_mi",False,,False,False,False,False,False,False,,,True
R1117,"decanoate (n-C10:0) transport, cytoplasm-peroxisome",transport,YALI1C05386g,1,2,"C_cy,C_pe",False,,False,False,False,False,False,False,,,True
R1118,"laurate (n-C12:0) transport, cytoplasm-peroxisome",transport,YALI1C05386g,1,2,"C_cy,C_pe",False,,False,False,False,False,False,False,,,False
R1119,"myristate (n-C14:0) transport, cytoplasm-peroxisome",transport,YALI1C05386g,1,2,"C_cy,C_pe",False,,False,False,False,False,False,False,,,False
R1120,"palmitate (n-C16:0) transport, cytoplasm-peroxisome",transport,YALI1C05386g,1,2,"C_cy,C_pe",False,,False,False,False,False,False,False,,,False
R1121,"palmitoleate (n-C16:1) transport, cytoplasm-peroxisome",transport,YALI1C05386g,1,2,"C_cy,C_pe",False,,False,False,False,False,False,False,,,False
R1122,"octanoate (n-C8:0) transport, cytoplasm-peroxisome",transport,YALI1C05386g,1,2,"C_cy,C_pe",False,,False,False,False,False,False,False,,,False
R1123,myristate (n-C14:0) transport,transport,,0,2,"C_cy,C_ex",False,,False,False,False,False,False,False,,,False
R1124,fecosterol exchange,exchange,,0,1,C_ex,True,"bigg.reaction,biggr,metanetx.reaction,seed.reaction,seedr",True,False,True,False,False,False,,fecost,False
R1125,FMN adenylyltransferase,metabolic,,0,5,C_mi,True,"bigg.reaction,biggr,kegg.reaction,keggr,metanetx.reaction,sabiork.reaction,sabiorkr,seed.reaction,seedr,vmhr,vmhreaction",True,True,True,False,False,False,,,True
R1126,FMN exchange,exchange,,0,1,C_ex,True,"bigg.reaction,biggr,metanetx.reaction,seed.reaction,seedr",True,False,True,False,False,False,,fmn,True
R1127,folic acid exchange,exchange,,0,1,C_ex,False,,False,False,False,False,False,False,,fol,True
R1128,formate exchange,exchange,,0,1,C_ex,True,"bigg.reaction,biggr,metacyc.reaction,metacycr,metanetx.reaction,rh,rhea,sabiork.reaction,sabiorkr,seed.reaction,seedr,vmhr,vmhreaction",True,False,True,True,False,False,,for,False
R1129,formate transport,transport,,0,2,"C_cy,C_mi",True,"bigg.reaction,biggr,metacyc.reaction,metacycr,metanetx.reaction,rh,rhea,sabiork.reaction,sabiorkr,seed.reaction,seedr,vmhr,vmhreaction",True,False,True,True,False,False,,,True
R1130,formate transport,transport,,0,2,"C_cy,C_ex",True,"bigg.reaction,biggr,metacyc.reaction,metacycr,metanetx.reaction,rh,rhea,sabiork.reaction,sabiorkr,seed.reaction,seedr,vmhr,vmhreaction",True,False,True,True,False,False,,,False
R1131,formate transport,transport,,0,2,"C_cy,C_ex",True,"bigg.reaction,biggr,metacyc.reaction,metacycr,metanetx.reaction,rh,rhea,sabiork.reaction,sabiorkr,seed.reaction,seedr,vmhr,vmhreaction",True,False,True,True,False,False,,,False
R1132,fructose-1-phosphate kinase,metabolic,,0,5,C_cy,True,"bigg.reaction,biggr,kegg.reaction,keggr,metacyc.reaction,metacycr,metanetx.reaction,rh,rhea,sabiork.reaction,sabiorkr,seed.reaction,seedr",True,True,True,True,False,False,,,False
R1133,fumarate(2-) exchange,exchange,,0,1,C_ex,False,,False,False,False,False,False,False,,fum,False
R1134,gamma-aminobutyrate exchange,exchange,,0,1,C_ex,False,,False,False,False,False,False,False,,,True
R1135,GDP transport,transport,,0,2,"C_cy,C_go",False,,False,False,False,False,False,False,,,True
R1136,GDP transport,transport,,0,2,"C_cy,C_nu",False,,False,False,False,False,False,False,,,True
R1137,GDP-alpha-D-mannose transport,transport,,0,2,"C_cy,C_go",False,,False,False,False,False,False,False,,,True
R1138,"glucose transport, vacuolar",transport,,0,2,"C_cy,C_va",True,"bigg.reaction,biggr,metacyc.reaction,metacycr,metanetx.reaction,rh,rhea,sabiork.reaction,sabiorkr,seed.reaction,seedr,vmhr,vmhreaction",True,False,True,True,False,False,,,True
R1139,glutathione disulfide exchange,exchange,,0,1,C_ex,False,,False,False,False,False,False,False,,gthox,True
R1140,glutathione exchange,exchange,,0,1,C_ex,False,,False,False,False,False,False,False,,gthrd,True
R1141,glycerol exchange,exchange,,0,1,C_ex,True,"bigg.reaction,biggr,metacyc.reaction,metacycr,metanetx.reaction,rh,rhea,seed.reaction,seedr,vmhr,vmhreaction",True,False,True,True,False,False,,glyc,False
R1142,glycerol-3-phosphate shuttle,transport,,0,2,"C_cy,C_mi",False,,False,False,False,False,False,False,,,False
R1143,glycine exchange,exchange,,0,1,C_ex,True,"bigg.reaction,biggr,metacyc.reaction,metacycr,metanetx.reaction,rh,rhea,sabiork.reaction,sabiorkr,seed.reaction,seedr,vmhr,vmhreaction",True,False,True,True,False,False,,,False
R1144,glycine transport,transport,,0,2,"C_cy,C_mi",False,,False,False,False,False,False,False,,,False
R1145,glycoaldehyde transport,transport,,0,2,"C_cy,C_mi",False,,False,False,False,False,False,False,,,True
R1146,glycoaldehyde transport,transport,,0,2,"C_cy,C_ex",False,,False,False,False,False,False,False,,,True
R1147,glycolaldehyde exchange,exchange,,0,1,C_ex,True,"bigg.reaction,biggr,metanetx.reaction,seed.reaction,seedr,vmhr,vmhreaction",True,False,True,False,False,False,,gcald,True
R1148,glyoxylate exchange,exchange,,0,1,C_ex,True,"bigg.reaction,biggr,metacyc.reaction,metacycr,metanetx.reaction,rh,rhea,sabiork.reaction,sabiorkr,seed.reaction,seedr,vmhr,vmhreaction",True,False,True,True,False,False,,glx,False
R1149,glyoxylate transport,transport,,0,2,"C_cy,C_ex",True,"bigg.reaction,biggr,metacyc.reaction,metacycr,metanetx.reaction,rh,rhea,sabiork.reaction,sabiorkr,seed.reaction,seedr,vmhr,vmhreaction",True,False,True,True,False,False,,,False
R1150,glyoxylate transport,transport,,0,2,"C_cy,C_pe",True,"bigg.reaction,biggr,metacyc.reaction,metacycr,metanetx.reaction,rh,rhea,sabiork.reaction,sabiorkr,seed.reaction,seedr,vmhr,vmhreaction",True,False,True,True,False,False,,,False
R1151,guanine exchange,exchange,,0,1,C_ex,True,"bigg.reaction,biggr,metanetx.reaction,rh,rhea,sabiork.reaction,sabiorkr,seed.reaction,seedr,vmhr,vmhreaction",True,False,True,True,False,False,,gua,False
R1152,guanine transport,transport,,0,2,"C_cy,C_mi",True,"bigg.reaction,biggr,metanetx.reaction,rh,rhea,sabiork.reaction,sabiorkr,seed.reaction,seedr,vmhr,vmhreaction",True,False,True,True,False,False,,,True
R1153,guanosine exchange,exchange,,0,1,C_ex,True,"bigg.reaction,biggr,metanetx.reaction,rh,rhea,sabiork.reaction,sabiorkr,seed.reaction,seedr,vmhr,vmhreaction",True,False,True,True,False,False,,gsn,True
R1154,guanosine kinase,metabolic,,0,5,C_cy,True,"bigg.reaction,biggr,kegg.reaction,keggr,metacyc.reaction,metacycr,metanetx.reaction,rh,rhea,seed.reaction,seedr,vmhr,vmhreaction",True,True,True,True,False,False,,,False
R1155,guanosine transport,transport,,0,2,"C_cy,C_mi",False,,False,False,False,False,False,False,,,True
R1156,guanosine transport,transport,,0,2,"C_cy,C_ex",False,,False,False,False,False,False,False,,,True
R1157,H+ diffusion,transport,,0,2,"C_cy,C_ex",False,,False,False,False,False,False,False,,,False
R1158,H+ diffusion,transport,,0,2,"C_cy,C_er",False,,False,False,False,False,False,False,,,False
R1159,H+ diffusion,transport,,0,2,"C_cy,C_go",False,,False,False,False,False,False,False,,,False
R1160,H+ diffusion,transport,,0,2,"C_cy,C_lp",False,,False,False,False,False,False,False,,,False
R1161,H+ diffusion,transport,,0,2,"C_cy,C_nu",False,,False,False,False,False,False,False,,,False
R1162,H+ diffusion,transport,,0,2,"C_cy,C_pe",False,,False,False,False,False,False,False,,,False
R1163,H+ diffusion,transport,,0,2,"C_cy,C_va",False,,False,False,False,False,False,False,,,True
R1164,H+ exchange,exchange,,0,1,C_ex,True,"bigg.reaction,biggr,metanetx.reaction,mnx",True,False,True,False,False,False,,,False
R1165,hexacosanoyl-CoA transport,transport,,0,2,"C_cy,C_er",False,,False,False,False,False,False,False,,,False
R1166,hexadecanal exchange,exchange,,0,1,C_ex,False,,False,False,False,False,False,False,,hxdcal,True
R1167,hexadecanoate (n-C16:0) transport,transport,,0,2,"C_cy,C_ex",False,,False,False,False,False,False,False,,,False
R1168,hexadecenoate (n-C16:1) transport,transport,,0,2,"C_cy,C_ex",False,,False,False,False,False,False,False,,,False
R1169,"L-histidine transport, mitochondrial",transport,,0,2,"C_cy,C_mi",False,,False,False,False,False,False,False,,,True
R1170,homocitrate synthase,metabolic,YALI1F38776g,1,6,C_mi,True,"bigg.reaction,biggr,metanetx.reaction",True,False,True,False,False,False,,,False
R1171,hydrogen peroxide transport,transport,,0,2,"C_cy,C_nu",False,,False,False,False,False,False,False,,,True
R1172,hydroxymethylglutaryl-CoA transport,transport,,0,2,"C_cy,C_mi",False,,False,False,False,False,False,False,,,False
R1173,hypoxanthine exchange,exchange,,0,1,C_ex,True,"bigg.reaction,biggr,metacyc.reaction,metacycr,metanetx.reaction,rh,rhea,sabiork.reaction,sabiorkr,seed.reaction,seedr,vmhr,vmhreaction",True,False,True,True,False,False,,hxan,False
R1174,hypoxanthine transport,transport,,0,2,"C_cy,C_ex",True,"bigg.reaction,biggr,metacyc.reaction,metacycr,metanetx.reaction,rh,rhea,sabiork.reaction,sabiorkr,seed.reaction,seedr,vmhr,vmhreaction",True,False,True,True,False,False,,,False
R1175,indole-3-acetate transport,transport,,0,2,"C_cy,C_mi",False,,False,False,False,False,False,False,,,True
R1176,inosine exchange,exchange,,0,1,C_ex,True,"bigg.reaction,biggr,metanetx.reaction,rh,rhea,sabiork.reaction,sabiorkr,seed.reaction,seedr,vmhr,vmhreaction",True,False,True,True,False,False,,ins,True
R1177,inositol hexakisphosphate transport,transport,,0,2,"C_cy,C_nu",False,,False,False,False,False,False,False,,,False
R1178,insosine kinase,metabolic,,0,5,C_cy,True,"bigg.reaction,biggr,kegg.reaction,keggr,metacyc.reaction,metacycr,metanetx.reaction,rh,rhea,seed.reaction,seedr,vmhr,vmhreaction",True,True,True,True,False,False,,,False
R1179,IPC transport,transport,,0,2,"C_er,C_go",False,,False,False,False,False,False,False,,,True
R1180,IPC transport,transport,,0,2,"C_er,C_go",False,,False,False,False,False,False,False,,,True
R1181,IPC transport,transport,,0,2,"C_er,C_go",False,,False,False,False,False,False,False,,,True
R1182,IPC transport,transport,,0,2,"C_er,C_go",False,,False,False,False,False,False,False,,,True
R1183,IPC transport,transport,,0,2,"C_er,C_go",False,,False,False,False,False,False,False,,,True
R1184,IPC transport,transport,,0,2,"C_er,C_go",False,,False,False,False,False,False,False,,,True
R1185,IPC transport,transport,,0,2,"C_er,C_go",False,,False,False,False,False,False,False,,,True
R1186,IPC transport,transport,,0,2,"C_er,C_go",False,,False,False,False,False,False,False,,,True
R1187,IPC transport,transport,,0,2,"C_er,C_go",False,,False,False,False,False,False,False,,,True
R1188,IPC transport,transport,,0,2,"C_er,C_go",False,,False,False,False,False,False,False,,,True
R1189,iron(2+) exchange,exchange,,0,1,C_ex,False,,False,False,False,False,False,False,,,True
R1190,isoamyl acetate exchange,exchange,,0,1,C_ex,True,"bigg.reaction,biggr,metanetx.reaction,seed.reaction,seedr",True,False,True,False,False,False,,,True
R1191,isoamyl alcohol transport,transport,,0,2,"C_cy,C_ex",False,,False,False,False,False,False,False,,,True
R1192,isoamyl alcohol transport,transport,,0,2,"C_cy,C_mi",False,,False,False,False,False,False,False,,,True
R1193,isoamylol exchange,exchange,,0,1,C_ex,False,,False,False,False,False,False,False,,,True
R1194,L-1-pyrroline-3-hydroxy-5-carboxylate spontaneous conversion to L-4-hydroxyglutamate semialdehyde,metabolic,,0,4,C_mi,False,,False,False,False,False,False,False,,,True
R1195,L-2-amino-3-oxobutanoate decarboxylation (spontaneous),metabolic,,0,4,C_cy,True,"bigg.reaction,biggr,kegg.reaction,keggr,metacyc.reaction,metacycr,metanetx.reaction,rh,rhea,seed.reaction,seedr,vmhr,vmhreaction",True,True,True,True,False,False,,,True
R1196,L-alanine exchange,exchange,,0,1,C_ex,True,"bigg.reaction,biggr,metacyc.reaction,metacycr,metanetx.reaction,rh,rhea,sabiork.reaction,sabiorkr,seed.reaction,seedr,vmhr,vmhreaction",True,False,True,True,False,False,,ala__L,False
R1197,L-alanine transport,transport,,0,2,"C_cy,C_mi",False,,False,False,False,False,False,False,,,False
R1198,L-arabinitol exchange,exchange,,0,1,C_ex,False,,False,False,False,False,False,False,,abt,True
R1199,L-arabinitol transport,transport,,0,2,"C_cy,C_ex",False,,False,False,False,False,False,False,,,True
R1200,L-arabinoase transport,transport,,0,2,"C_cy,C_ex",False,,False,False,False,False,False,False,,,True
R1201,L-arabinose exchange,exchange,,0,1,C_ex,True,"bigg.reaction,biggr,metanetx.reaction",True,False,True,False,False,False,,,True
R1202,L-arginine exchange,exchange,,0,1,C_ex,True,"bigg.reaction,biggr,metacyc.reaction,metacycr,metanetx.reaction,rh,rhea,sabiork.reaction,sabiorkr,seed.reaction,seedr,vmhr,vmhreaction",True,False,True,True,False,False,,arg__L,False
R1203,L-asparagine exchange,exchange,,0,1,C_ex,True,"bigg.reaction,biggr,metanetx.reaction,rh,rhea,sabiork.reaction,sabiorkr,seed.reaction,seedr,vmhr,vmhreaction",True,False,True,True,False,False,,asn__L,False
R1204,L-aspartate exchange,exchange,,0,1,C_ex,True,"bigg.reaction,biggr,metacyc.reaction,metacycr,metanetx.reaction,rh,rhea,seed.reaction,seedr,vmhr,vmhreaction",True,False,True,True,False,False,,asp__L,False
R1205,L-carnitine transport,transport,,0,2,"C_cy,C_mi",False,,False,False,False,False,False,False,,,False
R1206,L-cysteine exchange,exchange,,0,1,C_ex,True,"bigg.reaction,biggr,metacyc.reaction,metacycr,metanetx.reaction,rh,rhea,sabiork.reaction,sabiorkr,seed.reaction,seedr,vmhr,vmhreaction",True,False,True,True,False,False,,cys__L,False
R1207,L-erythro-4-hydroxyglutamate transport,transport,,0,2,"C_cy,C_mi",False,,False,False,False,False,False,False,,,True
R1208,L-erythro-4-hydroxyglutamate transport,transport,,0,2,"C_cy,C_pe",False,,False,False,False,False,False,False,,,True
R1209,L-glucitol exchange,exchange,,0,1,C_ex,False,,False,False,False,False,False,False,,sbt__L,True
R1210,L-glutamate 5-semialdehyde dehydratase,metabolic,,0,4,C_cy,False,,False,False,False,False,False,False,,,False
R1211,L-glutamate exchange,exchange,,0,1,C_ex,True,"bigg.reaction,biggr,metacyc.reaction,metacycr,metanetx.reaction,rh,rhea,sabiork.reaction,sabiorkr,seed.reaction,seedr,vmhr,vmhreaction",True,False,True,True,False,False,,glu__L,False
R1212,L-glutamate transport,transport,,0,2,"C_cy,C_nu",False,,False,False,False,False,False,False,,,True
R1213,L-glutamine exchange,exchange,,0,1,C_ex,True,"bigg.reaction,biggr,metacyc.reaction,metacycr,metanetx.reaction,rh,rhea,sabiork.reaction,sabiorkr,seed.reaction,seedr,vmhr,vmhreaction",True,False,True,True,False,False,,gln__L,False
R1214,L-glutamine transport,transport,,0,2,"C_cy,C_nu",False,,False,False,False,False,False,False,,,True
R1215,L-histidine exchange,exchange,,0,1,C_ex,True,"bigg.reaction,biggr,metanetx.reaction,rh,rhea,sabiork.reaction,sabiorkr,seed.reaction,seedr,vmhr,vmhreaction",True,False,True,True,False,False,,his__L,False
R1216,L-homoserine transport,exchange,,0,1,C_ex,False,,False,False,False,False,False,False,,hom__L,True
R1217,L-isoleucine exchange,exchange,,0,1,C_ex,True,"bigg.reaction,biggr,metanetx.reaction,rh,rhea,sabiork.reaction,sabiorkr,seed.reaction,seedr,vmhr,vmhreaction",True,False,True,True,False,False,,ile__L,False
R1218,L-isoleucine transport,transport,,0,2,"C_cy,C_mi",False,,False,False,False,False,False,False,,,False
R1219,L-leucine exchange,exchange,,0,1,C_ex,True,"bigg.reaction,biggr,metacyc.reaction,metacycr,metanetx.reaction,rh,rhea,sabiork.reaction,sabiorkr,seed.reaction,seedr,vmhr,vmhreaction",True,False,True,True,False,False,,leu__L,False
R1220,L-lysine exchange,exchange,,0,1,C_ex,True,"bigg.reaction,biggr,metacyc.reaction,metacycr,metanetx.reaction,rh,rhea,sabiork.reaction,sabiorkr,seed.reaction,seedr,vmhr,vmhreaction",True,False,True,True,False,False,,lys__L,False
R1221,L-malate transport,transport,,0,2,"C_cy,C_ex",False,,False,False,False,False,False,False,,,False
R1222,L-methionine exchange,exchange,,0,1,C_ex,True,"bigg.reaction,biggr,metanetx.reaction,rh,rhea,sabiork.reaction,sabiorkr,seed.reaction,seedr,vmhr,vmhreaction",True,False,True,True,False,False,,met__L,False
R1223,L-phenylalanine exchange,exchange,,0,1,C_ex,True,"bigg.reaction,biggr,metacyc.reaction,metacycr,metanetx.reaction,rh,rhea,sabiork.reaction,sabiorkr,seed.reaction,seedr,vmhr,vmhreaction",True,False,True,True,False,False,,phe__L,False
R1224,L-proline exchange,exchange,,0,1,C_ex,True,"bigg.reaction,biggr,metanetx.reaction,rh,rhea,sabiork.reaction,sabiorkr,seed.reaction,seedr,vmhr,vmhreaction",True,False,True,True,False,False,,pro__L,False
R1225,L-proline transport,transport,,0,2,"C_cy,C_mi",False,,False,False,False,False,False,False,,,False
R1226,L-serine exchange,exchange,,0,1,C_ex,True,"bigg.reaction,biggr,metanetx.reaction,rh,rhea,sabiork.reaction,sabiorkr,seed.reaction,seedr,vmhr,vmhreaction",True,False,True,True,False,False,,ser__L,False
R1227,L-serine transport,transport,,0,2,"C_cy,C_er",False,,False,False,False,False,False,False,,,True
R1228,L-sorbitol transport,transport,,0,2,"C_cy,C_ex",False,,False,False,False,False,False,False,,,True
R1229,L-sorbose exchange,exchange,,0,1,C_ex,False,,False,False,False,False,False,False,,,True
R1230,L-sorbose transport,transport,,0,2,"C_cy,C_ex",False,,False,False,False,False,False,False,,,True
R1231,L-threonine exchange,exchange,,0,1,C_ex,True,"bigg.reaction,biggr,metanetx.reaction,rh,rhea,sabiork.reaction,sabiorkr,seed.reaction,seedr,vmhr,vmhreaction",True,False,True,True,False,False,,thr__L,False
R1232,L-tryptophan exchange,exchange,,0,1,C_ex,True,"bigg.reaction,biggr,metacyc.reaction,metacycr,metanetx.reaction,rh,rhea,sabiork.reaction,sabiorkr,seed.reaction,seedr,vmhr,vmhreaction",True,False,True,True,False,False,,trp__L,False
R1233,L-tyrosine exchange,exchange,,0,1,C_ex,True,"bigg.reaction,biggr,metacyc.reaction,metacycr,metanetx.reaction,rh,rhea,sabiork.reaction,sabiorkr,seed.reaction,seedr,vmhr,vmhreaction",True,False,True,True,False,False,,tyr__L,False
R1234,L-valine exchange,exchange,,0,1,C_ex,True,"bigg.reaction,biggr,metacyc.reaction,metacycr,metanetx.reaction,rh,rhea,sabiork.reaction,sabiorkr,seed.reaction,seedr,vmhr,vmhreaction",True,False,True,True,False,False,,val__L,False
R1235,lanosterol exchange,exchange,,0,1,C_ex,True,"bigg.reaction,biggr,metanetx.reaction,seed.reaction,seedr,vmhr,vmhreaction",True,False,True,False,False,False,,lanost,False
R1236,laurate exchange,exchange,,0,1,C_ex,False,,False,False,False,False,False,False,,,False
R1237,lysine transport,transport,,0,2,"C_cy,C_mi",False,,False,False,False,False,False,False,,,True
R1238,M(IP)2C transport,transport,,0,2,"C_er,C_go",False,,False,False,False,False,False,False,,,True
R1239,M(IP)2C transport,transport,,0,2,"C_er,C_go",False,,False,False,False,False,False,False,,,True
R1240,M(IP)2C transport,transport,,0,2,"C_er,C_go",False,,False,False,False,False,False,False,,,True
R1241,M(IP)2C transport,transport,,0,2,"C_er,C_go",False,,False,False,False,False,False,False,,,True
R1242,M(IP)2C transport,transport,,0,2,"C_er,C_go",False,,False,False,False,False,False,False,,,True
R1243,M(IP)2C transport,transport,,0,2,"C_er,C_go",False,,False,False,False,False,False,False,,,True
R1244,M(IP)2C transport,transport,,0,2,"C_er,C_go",False,,False,False,False,False,False,False,,,True
R1245,M(IP)2C transport,transport,,0,2,"C_er,C_go",False,,False,False,False,False,False,False,,,True
R1246,M(IP)2C transport,transport,,0,2,"C_er,C_go",False,,False,False,False,False,False,False,,,True
R1247,M(IP)2C transport,transport,,0,2,"C_er,C_go",False,,False,False,False,False,False,False,,,True
R1248,malate/oxaloacetate shuttle,transport,,0,4,"C_cy,C_pe",True,"bigg.reaction,biggr,metanetx.reaction,seed.reaction,seedr,vmhr,vmhreaction",True,False,True,False,False,False,,,False
R1249,maltose exchange,exchange,,0,1,C_ex,True,"bigg.reaction,biggr,metacyc.reaction,metacycr,metanetx.reaction,rh,rhea,sabiork.reaction,sabiorkr,seed.reaction,seedr",True,False,True,True,False,False,,,True
R1250,mannan transport,transport,,0,2,"C_cy,C_er",False,,False,False,False,False,False,False,,,False
R1251,methionine transport,transport,,0,2,"C_cy,C_mi",False,,False,False,False,False,False,False,,,True
R1252,methylglyoxal synthase,metabolic,,0,3,C_cy,True,"bigg.reaction,biggr,kegg.reaction,keggr,metacyc.reaction,metacycr,metanetx.reaction,rh,rhea,sabiork.reaction,sabiorkr,seed.reaction,seedr,vmhr,vmhreaction",True,True,True,True,False,False,,,False
R1253,MIPC transport,transport,,0,2,"C_er,C_go",False,,False,False,False,False,False,False,,,True
R1254,MIPC transport,transport,,0,2,"C_er,C_go",False,,False,False,False,False,False,False,,,True
R1255,MIPC transport,transport,,0,2,"C_er,C_go",False,,False,False,False,False,False,False,,,True
R1256,MIPC transport,transport,,0,2,"C_er,C_go",False,,False,False,False,False,False,False,,,True
R1257,MIPC transport,transport,,0,2,"C_er,C_go",False,,False,False,False,False,False,False,,,True
R1258,MIPC transport,transport,,0,2,"C_er,C_go",False,,False,False,False,False,False,False,,,True
R1259,MIPC transport,transport,,0,2,"C_er,C_go",False,,False,False,False,False,False,False,,,True
R1260,MIPC transport,transport,,0,2,"C_er,C_go",False,,False,False,False,False,False,False,,,True
R1261,MIPC transport,transport,,0,2,"C_er,C_go",False,,False,False,False,False,False,False,,,True
R1262,MIPC transport,transport,,0,2,"C_er,C_go",False,,False,False,False,False,False,False,,,True
R1263,myo-inositol exchange,exchange,,0,1,C_ex,True,"bigg.reaction,biggr,metanetx.reaction,rh,rhea,seed.reaction,seedr,vmhr,vmhreaction",True,False,True,True,False,False,,inost,True
R1264,NADP(+) transport,transport,,0,2,"C_cy,C_er",False,,False,False,False,False,False,False,,,False
R1265,NADPH transport,transport,,0,2,"C_cy,C_er",True,"bigg.reaction,biggr,metanetx.reaction,seed.reaction,seedr,vmhr,vmhreaction",True,False,True,False,False,False,,,False
R1266,NH3 transport,transport,,0,2,"C_cy,C_mi",False,,False,False,False,False,False,False,,,False
R1267,nicotinamide diffusion,transport,,0,2,"C_cy,C_nu",False,,False,False,False,False,False,False,,,True
R1268,nicotinate exchange,exchange,,0,1,C_ex,True,"bigg.reaction,biggr,metanetx.reaction,seed.reaction,seedr,vmhr,vmhreaction",True,False,True,False,False,False,,nac,False
R1269,NMN exchange,exchange,,0,1,C_ex,True,"bigg.reaction,biggr,metanetx.reaction,seed.reaction,seedr,vmhr,vmhreaction",True,False,True,False,False,False,,,True
R1270,NMN transport,transport,,0,2,"C_cy,C_nu",False,,False,False,False,False,False,False,,,True
R1271,NMN transport,transport,,0,2,"C_cy,C_pe",False,,False,False,False,False,False,False,,,True
R1272,NMN transport,transport,,0,2,"C_cy,C_ex",False,,False,False,False,False,False,False,,,True
R1273,nucleoside-diphosphatase (dGDP),metabolic,,0,5,C_cy,False,,False,False,False,False,False,False,,,False
R1274,nucleoside-triphosphatase (dGTP),metabolic,,0,5,C_cy,False,,False,False,False,False,False,False,,,False
R1275,O-acetylcarnintine transport into mitochondria,transport,,0,2,"C_cy,C_mi",False,,False,False,False,False,False,False,,,False
R1276,O2 transport,transport,,0,2,"C_cy,C_er",False,,False,False,False,False,False,False,,,False
R1277,O2 transport,transport,,0,2,"C_cy,C_mi",False,,False,False,False,False,False,False,,,False
R1278,O2 transport,transport,,0,2,"C_cy,C_ex",False,,False,False,False,False,False,False,,,False
R1279,O2 transport,transport,,0,2,"C_cy,C_pe",False,,False,False,False,False,False,False,,,False
R1280,octadecanoate (n-C18:0) transport,transport,,0,2,"C_cy,C_ex",False,,False,False,False,False,False,False,,,False
R1281,octanoate exchange,exchange,,0,1,C_ex,False,,False,False,False,False,False,False,,octa,False
R1282,ornithine exchange,exchange,,0,1,C_ex,True,"bigg.reaction,biggr,metacyc.reaction,metacycr,metanetx.reaction,rh,rhea,sabiork.reaction,sabiorkr,seed.reaction,seedr,vmhr,vmhreaction",True,False,True,True,False,False,,,False
R1283,oxaloacetate transport,transport,,0,2,"C_cy,C_ex",True,"bigg.reaction,biggr,metacyc.reaction,metacycr,metanetx.reaction,sabiork.reaction,sabiorkr,seed.reaction,seedr,vmhr,vmhreaction",True,False,True,False,False,False,,,False
R1284,oxaloacetate(2-) exchange,exchange,,0,1,C_ex,False,,False,False,False,False,False,False,,oaa,False
R1285,oxidized glutathione uniport,transport,,0,2,"C_cy,C_ex",False,,False,False,False,False,False,False,,,True
R1286,oxidized thioredoxin transport,transport,,0,2,"C_cy,C_pe",False,,False,False,False,False,False,False,,,False
R1287,oxygen exchange,exchange,,0,1,C_ex,False,,False,False,False,False,False,False,,o2,False
R1288,palmitate exchange,exchange,,0,1,C_ex,False,,False,False,False,False,False,False,,,False
R1289,palmitoleate exchange,exchange,,0,1,C_ex,False,,False,False,False,False,False,False,,,False
R1290,palmitoyl-CoA transport,transport,,0,2,"C_cy,C_er",False,,False,False,False,False,False,False,,,True
R1291,panthetheine 4'-phosphate transport,transport,,0,2,"C_cy,C_mi",False,,False,False,False,False,False,False,,,True
R1292,panthetheine-phosphate adenylyltransferase,metabolic,,0,5,C_mi,False,,False,False,False,False,False,False,,,True
R1293,PAP uniport,transport,,0,2,"C_cy,C_ex",False,,False,False,False,False,False,False,,,False
R1294,pectin exchange,exchange,,0,1,C_ex,True,"bigg.reaction,biggr,metanetx.reaction",True,False,True,False,False,False,,pectin,True
R1295,phenylalanine transport,transport,,0,2,"C_cy,C_mi",False,,False,False,False,False,False,False,,,True
R1296,phosphate exchange,exchange,,0,1,C_ex,True,"bigg.reaction,biggr,metacyc.reaction,metacycr,metanetx.reaction,rh,rhea,sabiork.reaction,sabiorkr,seed.reaction,seedr,vmhr,vmhreaction",True,False,True,True,False,False,,pi,False
R1297,phosphate transport,transport,,0,2,"C_cy,C_va",False,,False,False,False,False,False,False,,,True
R1298,potassium exchange,exchange,,0,1,C_ex,False,,False,False,False,False,False,False,,,True
R1299,protoporphyrinogen IX transport,transport,,0,2,"C_cy,C_mi",False,,False,False,False,False,False,False,,,True
R1300,PRPP transport,transport,,0,2,"C_cy,C_mi",False,,False,False,False,False,False,False,,,True
R1301,putrescine exchange,exchange,,0,1,C_ex,True,"bigg.reaction,biggr,metanetx.reaction,rh,rhea,sabiork.reaction,sabiorkr,seed.reaction,seedr,vmhr,vmhreaction",True,False,True,True,False,False,,ptrc,False
R1302,pyridoxal kinase,metabolic,,0,5,C_cy,True,"bigg.reaction,biggr,kegg.reaction,keggr,metacyc.reaction,metacycr,metanetx.reaction,rh,rhea,sabiork.reaction,sabiorkr,seed.reaction,seedr,vmhr,vmhreaction",True,True,True,True,False,False,,,True
R1303,pyridoxamine kinase,metabolic,,0,5,C_cy,True,"bigg.reaction,biggr,kegg.reaction,keggr,metacyc.reaction,metacycr,metanetx.reaction,rh,rhea,seed.reaction,seedr,vmhr,vmhreaction",True,True,True,True,False,False,,,False
R1304,pyridoxamine phosphatase,metabolic,,0,4,C_cy,False,,False,False,False,False,False,False,,,False
R1305,pyridoxine exchange,exchange,,0,1,C_ex,True,"bigg.reaction,biggr,metacyc.reaction,metacycr,metanetx.reaction,rh,rhea,seed.reaction,seedr,vmhr,vmhreaction",True,False,True,True,False,False,,pydxn,True
R1306,pyridoxine kinase,metabolic,YALI1A08512g,1,5,C_cy,True,"bigg.reaction,biggr,kegg.reaction,keggr,metacyc.reaction,metacycr,metanetx.reaction,rh,rhea,sabiork.reaction,sabiorkr,seed.reaction,seedr,vmhr,vmhreaction",True,True,True,True,False,False,,,True
R1307,pyrimidine phosphatase,metabolic,,0,4,C_cy,True,"metanetx.reaction,seed.reaction,seedr",False,False,True,False,False,False,,,True
R1308,pyrimidine-nucleoside phosphorylase (uracil),metabolic,,0,4,C_cy,True,"bigg.reaction,biggr,kegg.reaction,keggr,metacyc.reaction,metacycr,metanetx.reaction,rh,rhea,sabiork.reaction,sabiorkr,vmhr,vmhreaction",True,True,True,True,False,False,,,False
R1309,pyrophosphate transport,transport,,0,2,"C_cy,C_mi",False,,False,False,False,False,False,False,,,False
R1310,pyruvate exchange,exchange,,0,1,C_ex,True,"bigg.reaction,biggr,metacyc.reaction,metacycr,metanetx.reaction,sabiork.reaction,sabiorkr,seed.reaction,seedr,vmhr,vmhreaction",True,False,True,False,False,False,,pyr,False
R1311,pyruvate transport,transport,,0,4,"C_cy,C_mi",False,,False,False,False,False,False,False,,,False
R1312,quinolinate transport,transport,,0,2,"C_cy,C_mi",False,,False,False,False,False,False,False,,,True
R1313,reduced thioredoxin transport,transport,,0,2,"C_cy,C_pe",False,,False,False,False,False,False,False,,,False
R1314,riboflavin exchange,exchange,,0,1,C_ex,True,"bigg.reaction,biggr,metacyc.reaction,metacycr,metanetx.reaction,rh,rhea,sabiork.reaction,sabiorkr,seed.reaction,seedr,vmhr,vmhreaction",True,False,True,True,False,False,,ribflv,True
R1315,riboflavin transport,transport,,0,2,"C_cy,C_mi",True,"bigg.reaction,biggr,metacyc.reaction,metacycr,metanetx.reaction,rh,rhea,sabiork.reaction,sabiorkr,seed.reaction,seedr,vmhr,vmhreaction",True,False,True,True,False,False,,,True
R1316,riboflavin transport,transport,,0,2,"C_cy,C_ex",True,"bigg.reaction,biggr,metacyc.reaction,metacycr,metanetx.reaction,rh,rhea,sabiork.reaction,sabiorkr,seed.reaction,seedr,vmhr,vmhreaction",True,False,True,True,False,False,,,True
R1317,ribose transporter,transport,,0,2,"C_cy,C_ex",False,,False,False,False,False,False,False,,,True
R1318,S-adenosyl-L-homocysteine transport,transport,,0,2,"C_cy,C_mi",False,,False,False,False,False,False,False,,,True
R1319,S-adenosyl-L-methionine exchange,exchange,,0,1,C_ex,False,,False,False,False,False,False,False,,amet,True
R1320,S-methyl-L-methionine exchange,exchange,,0,1,C_ex,True,"bigg.reaction,biggr,metanetx.reaction",True,False,True,False,False,False,,,True
R1321,serine transport,transport,,0,2,"C_cy,C_mi",False,,False,False,False,False,False,False,,,False
R1322,sn-glycero-3-phosphocholine exchange,exchange,,0,1,C_ex,True,"bigg.reaction,biggr,metanetx.reaction,rh,rhea,seed.reaction,seedr,vmhr,vmhreaction",True,False,True,True,False,False,,,False
R1323,sodium exchange,exchange,,0,1,C_ex,True,"bigg.reaction,biggr,metacyc.reaction,metacycr,metanetx.reaction,rh,rhea,sabiork.reaction,sabiorkr,seed.reaction,seedr,vmhr,vmhreaction",True,False,True,True,False,False,,,True
R1324,spermidine acetyltransferase,metabolic,,0,5,C_cy,True,"bigg.reaction,biggr,metacyc.reaction,metacycr,metanetx.reaction,rh,rhea,sabiork.reaction,sabiorkr,seed.reaction,seedr,vmhr,vmhreaction",True,False,True,True,False,False,,,True
R1325,spermidine exchange,exchange,,0,1,C_ex,True,"bigg.reaction,biggr,metanetx.reaction,rh,rhea,sabiork.reaction,sabiorkr,seed.reaction,seedr,vmhr,vmhreaction",True,False,True,True,False,False,,spmd,False
R1326,spermine exchange,exchange,,0,1,C_ex,True,"bigg.reaction,biggr,metanetx.reaction,sabiork.reaction,sabiorkr,seed.reaction,seedr,vmhr,vmhreaction",True,False,True,False,False,False,,spm,False
R1327,squalene transport,transport,,0,2,"C_cy,C_er",False,,False,False,False,False,False,False,,,False
R1328,"squalene-2,3-epoxide transport",transport,,0,2,"C_cy,C_er",False,,False,False,False,False,False,False,,,False
R1329,stearate exchange,exchange,,0,1,C_ex,False,,False,False,False,False,False,False,,,False
R1330,succinate exchange,exchange,,0,1,C_ex,True,"bigg.reaction,biggr,metanetx.reaction,seed.reaction,seedr,vmhr,vmhreaction",True,False,True,False,False,False,,succ,False
R1331,succinate transport,transport,,0,2,"C_cy,C_ex",False,,False,False,False,False,False,False,,,False
R1332,sucrose exchange,exchange,,0,1,C_ex,True,"bigg.reaction,biggr,metanetx.reaction,sabiork.reaction,sabiorkr,seed.reaction,seedr,vmhr,vmhreaction",True,False,True,False,False,False,,sucr,True
R1333,sulphate exchange,exchange,,0,1,C_ex,False,,False,False,False,False,False,False,,,False
R1334,sulphite exchange,exchange,,0,1,C_ex,False,,False,False,False,False,False,False,,,False
R1335,taurine exchange,exchange,,0,1,C_ex,True,"bigg.reaction,biggr,metanetx.reaction,rh,rhea,seed.reaction,seedr,vmhr,vmhreaction",True,False,True,True,False,False,,taur,True
R1336,tetracosanoyl-CoA transport,transport,,0,2,"C_cy,C_er",False,,False,False,False,False,False,False,,,False
R1337,thiamin phosphatase,metabolic,,0,4,C_cy,True,"bigg.reaction,biggr,kegg.reaction,keggr,metacyc.reaction,metacycr,metanetx.reaction,rh,rhea,seed.reaction,seedr,vmhr,vmhreaction",True,True,True,True,False,False,,,False
R1338,thiaminase,metabolic,,0,5,C_cy,True,"bigg.reaction,biggr,kegg.reaction,keggr,metacyc.reaction,metacycr,metanetx.reaction,rh,rhea,seed.reaction,seedr,vmhr,vmhreaction",True,True,True,True,False,False,,,False
R1339,thiamine(1+) diphosphate(1-) exchange,exchange,,0,1,C_ex,False,,False,False,False,False,False,False,,,True
R1340,thiamine(1+) exchange,exchange,,0,1,C_ex,False,,False,False,False,False,False,False,,thm,True
R1341,thiamine(1+) monophosphate exchange,exchange,,0,1,C_ex,False,,False,False,False,False,False,False,,,True
R1342,thiamine-phosphate kinase,metabolic,,0,4,C_cy,True,"bigg.reaction,biggr,kegg.reaction,keggr,metacyc.reaction,metacycr,metanetx.reaction,rh,rhea,sabiork.reaction,sabiorkr,seed.reaction,seedr,vmhr,vmhreaction",True,True,True,True,False,False,,,True
R1343,thiazole phosphate synthesis (ribose 5-phosphate),metabolic,YALI1A09553g,1,12,C_cy,False,,False,False,False,False,False,False,,,True
R1344,thiazole phosphate synthesis (xylulose 5-phosphate),metabolic,,0,12,C_cy,False,,False,False,False,False,False,False,,,True
R1345,threonine transport,transport,,0,2,"C_cy,C_mi",False,,False,False,False,False,False,False,,,False
R1346,thymidine exchange,exchange,,0,1,C_ex,True,"bigg.reaction,biggr,metanetx.reaction,rh,rhea,sabiork.reaction,sabiorkr,seed.reaction,seedr,vmhr,vmhreaction",True,False,True,True,False,False,,thymd,True
R1347,thymidine kinase (ATP:thymidine),metabolic,,0,5,C_cy,True,"bigg.reaction,biggr,kegg.reaction,keggr,metacyc.reaction,metacycr,metanetx.reaction,rh,rhea,sabiork.reaction,sabiorkr,seed.reaction,seedr,vmhr,vmhreaction",True,True,True,True,False,False,,,False
R1348,thymidine transport,transport,,0,2,"C_cy,C_ex",False,,False,False,False,False,False,False,,,True
R1349,trehalose vacuolar transport,transport,,0,2,"C_cy,C_va",False,,False,False,False,False,False,False,,,True
R1350,tryptophan transport,transport,,0,2,"C_cy,C_mi",False,,False,False,False,False,False,False,,,True
R1351,tyrosine transport,transport,,0,2,"C_cy,C_mi",False,,False,False,False,False,False,False,,,True
R1352,tyrosine transport,transport,,0,2,"C_cy,C_pe",False,,False,False,False,False,False,False,,,True
R1353,UMP transport,transport,,0,2,"C_cy,C_nu",False,,False,False,False,False,False,False,,,True
R1354,uracil exchange,exchange,,0,1,C_ex,True,"bigg.reaction,biggr,metacyc.reaction,metacycr,metanetx.reaction,rh,rhea,sabiork.reaction,sabiorkr,vmhr,vmhreaction",True,False,True,True,False,False,,ura,True
R1355,urea exchange,exchange,,0,1,C_ex,True,"bigg.reaction,biggr,metacyc.reaction,metacycr,metanetx.reaction,rh,rhea,sabiork.reaction,sabiorkr,seed.reaction,seedr,vmhr,vmhreaction",True,False,True,True,False,False,,urea,False
R1356,uridine exchange,exchange,,0,1,C_ex,True,"bigg.reaction,biggr,metanetx.reaction,rh,rhea,sabiork.reaction,sabiorkr,seed.reaction,seedr,vmhr,vmhreaction",True,False,True,True,False,False,,uri,True
R1357,valine transport,transport,,0,2,"C_cy,C_mi",False,,False,False,False,False,False,False,,,False
R1358,water diffusion,transport,,0,2,"C_cy,C_er",False,,False,False,False,False,False,False,,,False
R1359,water diffusion,transport,,0,2,"C_cy,C_go",False,,False,False,False,False,False,False,,,True
R1360,water diffusion,transport,,0,2,"C_cy,C_mi",False,,False,False,False,False,False,False,,,False
R1361,water diffusion,transport,,0,2,"C_cy,C_nu",False,,False,False,False,False,False,False,,,False
R1362,water diffusion,transport,,0,2,"C_cy,C_pe",False,,False,False,False,False,False,False,,,False
R1363,water diffusion,transport,,0,2,"C_cy,C_va",False,,False,False,False,False,False,False,,,True
R1364,water exchange,exchange,,0,1,C_ex,False,,False,False,False,False,False,False,,h2o,False
R1365,xanthine transport,transport,,0,2,"C_cy,C_ex",False,,False,False,False,False,False,False,,,False
R1366,xanthosine exchange,exchange,,0,1,C_ex,True,"bigg.reaction,biggr,metanetx.reaction,seed.reaction,seedr,vmhr,vmhreaction",True,False,True,False,False,False,,xtsn,True
R1367,xanthosine transport,transport,,0,2,"C_cy,C_ex",False,,False,False,False,False,False,False,,,True
R1368,xylitol exchange,exchange,,0,1,C_ex,True,"bigg.reaction,biggr,metacyc.reaction,metacycr,metanetx.reaction,seed.reaction,seedr,vmhr,vmhreaction",True,False,True,False,False,False,,xylt,True
R1369,zymosterol exchange,exchange,,0,1,C_ex,True,"bigg.reaction,biggr,metanetx.reaction,seed.reaction,seedr",True,False,True,False,False,False,,zymst,True
R1370,zymosterol transport,transport,,0,2,"C_cy,C_en",False,,False,False,False,False,False,False,,,False
R1371,lipid pseudoreaction,metabolic,,0,16,C_cy,False,,False,False,False,False,False,False,,,True
R1372,yeast 5 biomass pseudoreaction,metabolic,,0,41,C_cy,False,,False,False,False,False,False,False,,,True
R1373,growth,demand,,0,1,C_cy,True,"metanetx.reaction,seed.reaction,seedr",False,False,True,False,False,False,,,False
R1374,kynurenine aminotransferase,metabolic,YALI1E34072g,1,5,C_cy,False,,False,False,False,False,False,False,,,True
R1375,spontaneous kynurenic acid to quinaldic acid,metabolic,,0,2,C_cy,False,,False,False,False,False,False,False,,,True
R1376,spontaneous 2-amino-3-carboxymuconate-6-semialdehyde to quinolinate,metabolic,,0,3,C_cy,False,,False,False,False,False,False,False,,,False
R1377,"alcohol dehydrogenase, (acetaldehyde to ethanol)",metabolic,YALI1A15227g or YALI1A16292g or YALI1D33961g or YALI1E09329g or YALI1E21128g,5,5,C_cy,False,,False,False,False,False,False,False,,,False
R1378,acetaldehyde dehydrogenase,metabolic,YALI1C04093g or YALI1D10197g or YALI1E00588g or YALI1F06858g,4,6,C_cy,True,"bigg.reaction,biggr,metanetx.reaction,seed.reaction,seedr",True,False,True,False,False,False,,,False
R1379,phenylalanine transaminase,metabolic,YALI1C06681g,1,4,C_cy,True,"bigg.reaction,biggr,kegg.reaction,keggr,metacyc.reaction,metacycr,metanetx.reaction,rh,rhea,sabiork.reaction,sabiorkr,seed.reaction,seedr,vmhr,vmhreaction",True,True,True,True,False,False,,,False
R1380,tryptophan transaminase,metabolic,YALI1C06681g,1,4,C_cy,True,"bigg.reaction,biggr,kegg.reaction,keggr,metacyc.reaction,metacycr,metanetx.reaction,rh,rhea,sabiork.reaction,sabiorkr,seed.reaction,seedr,vmhr,vmhreaction",True,True,True,True,False,False,,,True
R1381,tyrosine transaminase,metabolic,YALI1C06681g,1,4,C_cy,True,"bigg.reaction,biggr,kegg.reaction,keggr,metacyc.reaction,metacycr,metanetx.reaction,rh,rhea,sabiork.reaction,sabiorkr,seed.reaction,seedr,vmhr,vmhreaction",True,True,True,True,False,False,,,False
R1382,coenzyme A: cytoplasm to LP,transport,,0,2,"C_cy,C_lp",False,,False,False,False,False,False,False,,,False
R1383,sedoheptulose bisphosphatase,metabolic,YALI1D11686g,1,4,C_cy,False,,False,False,False,False,False,False,,,False
R1384,proton leak,transport,,0,2,"C_cy,C_mi",False,,False,False,False,False,False,False,,,False
R1385,isocitrate dehydrogenase,metabolic,YALI1F06197g,1,5,C_mi,True,"bigg.reaction,biggr,kegg.reaction,keggr,metanetx.reaction,sabiork.reaction,sabiorkr,seed.reaction,seedr,vmhr,vmhreaction",True,True,True,False,False,False,,,False
R1386,oxoglutarate/malate exchange,transport,YALI1D03221g,1,4,"C_cy,C_mi",True,"bigg.reaction,biggr,metanetx.reaction,rh,rhea,seed.reaction,seedr,vmhr,vmhreaction",True,False,True,True,False,False,,,False
R1387,yeast 6 biomass pseudoreaction,transport,,0,62,"C_cy,C_en",False,,False,False,False,False,False,False,,,True
R1388,14-demethyllanosterol exchange,exchange,,0,1,C_ex,False,,False,False,False,False,False,False,,,False
R1389,14-demethyllanosterol transport,transport,,0,2,"C_cy,C_ex",False,,False,False,False,False,False,False,,,False
R1390,"ergosta-5,7,22,24(28)-tetraen-3beta-ol exchange",exchange,,0,1,C_ex,False,,False,False,False,False,False,False,,ergtetrol,False
R1391,"ergosta-5,7,22,24(28)-tetraen-3beta-ol transport",transport,,0,2,"C_cy,C_ex",False,,False,False,False,False,False,False,,,False
R1392,fatty-acyl-CoA synthase (n-C16:0CoA),metabolic,YALI1B19844g and YALI1B25427g,2,9,C_cy,True,"bigg.reaction,biggr,metanetx.reaction,seed.reaction,seedr,vmhr,vmhreaction",True,False,True,False,False,False,,,False
R1393,fatty-acyl-CoA synthase (n-C18:0CoA),metabolic,YALI1B19844g and YALI1B25427g and YALI1C15991g and YALI1E27279g,4,9,C_cy,True,"bigg.reaction,biggr,metanetx.reaction,seed.reaction,seedr,vmhr,vmhreaction",True,False,True,False,False,False,,,False
R1394,B-ketoacyl-ACP synthase (acetoacetyl-ACP),metabolic,YALI1F38317g and YALI1D18037g,2,6,C_mi,False,,False,False,False,False,False,False,,,True
R1395,B-ketoacyl-ACP synthase (3-oxo-hexanoyl-ACP),metabolic,YALI1F38317g and YALI1D18037g,2,6,C_mi,False,,False,False,False,False,False,False,,,True
R1396,B-ketoacyl-ACP synthase (3-oxo-octanoyl-ACP),metabolic,YALI1F38317g and YALI1D18037g,2,6,C_mi,False,,False,False,False,False,False,False,,,True
R1397,3-oxoacyl-ACP reductase (3-hydroxybutanoyl-ACP),metabolic,YALI1F37498g,1,5,C_mi,False,,False,False,False,False,False,False,,,True
R1398,3-oxoacyl-ACP reductase (3-hydroxyhexanoyl-ACP),metabolic,YALI1F37498g,1,5,C_mi,False,,False,False,False,False,False,False,,,True
R1399,3-oxoacyl-ACP reductase (3-hydroxyoctanoyl-ACP),metabolic,YALI1F37498g,1,5,C_mi,False,,False,False,False,False,False,False,,,True
R1400,3-hydroxyacyl-thioester dehydratase (trans-but-2-enoyl-ACP),metabolic,YALI1A20089g,1,3,C_mi,False,,False,False,False,False,False,False,,,True
R1401,3-hydroxyacyl-thioester dehydratase (trans-hex-2-enoyl-ACP),metabolic,YALI1A20089g,1,3,C_mi,False,,False,False,False,False,False,False,,,True
R1402,3-hydroxyacyl-thioester dehydratase (trans-oct-2-enoyl-ACP),metabolic,YALI1A20089g,1,3,C_mi,False,,False,False,False,False,False,False,,,True
R1403,enoyl-ACP reductase (butanoyl-ACP),metabolic,YALI1C26939g,1,5,C_mi,False,,False,False,False,False,False,False,,,True
R1404,enoyl-ACP reductase (hexanoyl-ACP),metabolic,YALI1C26939g,1,5,C_mi,False,,False,False,False,False,False,False,,,True
R1405,enoyl-ACP reductase (octanoyl-ACP),metabolic,YALI1C26939g,1,5,C_mi,False,,False,False,False,False,False,False,,,True
R1406,elongase I (3-oxotetradecanoyl-CoA),metabolic,YALI1B26350g,1,6,C_em,False,,False,False,False,False,False,False,,,False
R1407,elongase I (3-oxopalmitoyl-CoA),metabolic,YALI1B26350g,1,6,C_em,False,,False,False,False,False,False,False,,,False
R1408,elongase II (3-oxooctadecanoyl-CoA),metabolic,YALI1B26350g,1,6,C_em,False,,False,False,False,False,False,False,,,False
R1409,elongase II or III (3-oxoicosanoyl-CoA),metabolic,YALI1B26350g,1,6,C_em,False,,False,False,False,False,False,False,,,False
R1410,elongase II or III (3-oxodocosanoyl-CoA),metabolic,YALI1B26350g,1,6,C_em,False,,False,False,False,False,False,False,,,False
R1411,elongase II or III (3-oxotetracosanoyl-CoA),metabolic,YALI1B26350g,1,6,C_em,False,,False,False,False,False,False,False,,,False
R1412,elongase III (3-oxohexacosanoyl-CoA),metabolic,YALI1B26350g,1,6,C_em,False,,False,False,False,False,False,False,,,False
R1413,B-ketoacyl-CoA reductase ((S)-3-hydroxytetradecanoyl-CoA),metabolic,YALI1A06453g,1,5,C_em,False,,False,False,False,False,False,False,,,False
R1414,B-ketoacyl-CoA reductase ((S)-3-hydroxypalmitoyl-CoA),metabolic,YALI1A06453g,1,5,C_em,False,,False,False,False,False,False,False,,,False
R1415,B-ketoacyl-CoA reductase (3-hydroxyoctadecanoyl-CoA),metabolic,YALI1A06453g,1,5,C_em,False,,False,False,False,False,False,False,,,False
R1416,B-ketoacyl-CoA reductase (3-hydroxyicosanoyl-CoA),metabolic,YALI1A06453g,1,5,C_em,False,,False,False,False,False,False,False,,,False
R1417,B-ketoacyl-CoA reductase (3-hydroxydocosanoyl-CoA),metabolic,YALI1A06453g,1,5,C_em,False,,False,False,False,False,False,False,,,False
R1418,B-ketoacyl-CoA reductase (3-hydroxytetracosanoyl-CoA),metabolic,YALI1A06453g,1,5,C_em,False,,False,False,False,False,False,False,,,False
R1419,B-ketoacyl-CoA reductase ((S)-3-hydroxyhexacosanoyl-CoA),metabolic,YALI1A06453g,1,5,C_em,False,,False,False,False,False,False,False,,,False
R1420,B-hydroxyacyl-CoA dehydratase (trans-tetradec-2-enoyl-CoA),metabolic,YALI1F15781g,1,3,C_em,False,,False,False,False,False,False,False,,,False
R1421,B-hydroxyacyl-CoA dehydratase (trans-hexadec-2-enoyl-CoA),metabolic,YALI1F15781g,1,3,C_em,False,,False,False,False,False,False,False,,,False
R1422,B-hydroxyacyl-CoA dehydratase (trans-octadec-2-enoyl-CoA),metabolic,YALI1F15781g,1,3,C_em,False,,False,False,False,False,False,False,,,False
R1423,B-hydroxyacyl-CoA dehydratase (trans-icos-2-enoyl-CoA),metabolic,YALI1F15781g,1,3,C_em,False,,False,False,False,False,False,False,,,False
R1424,B-hydroxyacyl-CoA dehydratase (trans-docos-2-enoyl-CoA),metabolic,YALI1F15781g,1,3,C_em,False,,False,False,False,False,False,False,,,False
R1425,B-hydroxyacyl-CoA dehydratase (trans-tetracos-2-enoyl-CoA),metabolic,YALI1F15781g,1,3,C_em,False,,False,False,False,False,False,False,,,False
R1426,B-hydroxyacyl-CoA dehydratase (trans-hexacos-2-enoyl-CoA),metabolic,YALI1F15781g,1,3,C_em,False,,False,False,False,False,False,False,,,False
R1427,trans-2-enoyl-CoA reductase (n-C14:0CoA),metabolic,YALI1A05116g,1,5,C_em,False,,False,False,False,False,False,False,,,False
R1428,trans-2-enoyl-CoA reductase (n-C16:0CoA),metabolic,YALI1A05116g,1,5,C_em,False,,False,False,False,False,False,False,,,False
R1429,trans-2-enoyl-CoA reductase (n-C18:0CoA),metabolic,YALI1A05116g,1,5,C_em,False,,False,False,False,False,False,False,,,False
R1430,trans-2-enoyl-CoA reductase (n-C20:0CoA),metabolic,YALI1A05116g,1,5,C_em,False,,False,False,False,False,False,False,,,False
R1431,trans-2-enoyl-CoA reductase (n-C22:0CoA),metabolic,YALI1A05116g,1,5,C_em,False,,False,False,False,False,False,False,,,False
R1432,trans-2-enoyl-CoA reductase (n-C24:0CoA),metabolic,YALI1A05116g,1,5,C_em,False,,False,False,False,False,False,False,,,False
R1433,trans-2-enoyl-CoA reductase (n-C26:0CoA),metabolic,YALI1A05116g,1,5,C_em,False,,False,False,False,False,False,False,,,False
R1434,"palmitoyl-CoA desaturase (n-C16:0CoA - n-C16:1CoA), ER membrane",metabolic,YALI1C07638g,1,7,C_em,False,,False,False,False,False,False,False,,,False
R1435,"stearoyl-CoA desaturase (n-C18:0CoA - n-C18:1CoA), ER membrane",metabolic,YALI1C07638g,1,7,C_em,False,,False,False,False,False,False,False,,,False
R1436,octanoate (n-C8:0) transport,transport,,0,2,"C_cy,C_ex",False,,False,False,False,False,False,False,,,False
R1437,laurate (n-C12:0) transport,transport,,0,2,"C_cy,C_ex",False,,False,False,False,False,False,False,,,False
R1438,butyrate exchange,exchange,,0,1,C_ex,False,,False,False,False,False,False,False,,,False
R1439,hexanoate exchange,exchange,,0,1,C_ex,False,,False,False,False,False,False,False,,caproic,False
R1440,oleate exchange,exchange,,0,1,C_ex,False,,False,False,False,False,False,False,,,False
R1441,butyrate (n-C4:0) transport,transport,YALI1E20016g,1,2,"C_cy,C_ex",False,,False,False,False,False,False,False,,,False
R1442,hexanoate (n-C6:0) transport,transport,,0,2,"C_cy,C_ex",False,,False,False,False,False,False,False,,,False
R1443,octadecenoate (n-C18:1) transport,transport,,0,2,"C_cy,C_ex",False,,False,False,False,False,False,False,,,False
R1444,myristate exchange,exchange,,0,1,C_ex,False,,False,False,False,False,False,False,,,False
R1445,"fatty-acid--CoA ligase (dodecanoate), ER membrane",metabolic,YALI1D22124g,1,6,C_em,False,,False,False,False,False,False,False,,,False
R1446,"fatty-acid--CoA ligase (tetradecanoate), ER membrane",metabolic,YALI1D22124g,1,6,C_em,False,,False,False,False,False,False,False,,,False
R1447,"fatty-acid--CoA ligase (hexadecanoate), ER membrane",metabolic,YALI1D22124g,1,6,C_em,False,,False,False,False,False,False,False,,,False
R1448,"fatty-acid--CoA ligase (hexadecenoate), ER membrane",metabolic,YALI1D22124g,1,6,C_em,False,,False,False,False,False,False,False,,,False
R1449,"fatty-acid--CoA ligase (octadecanoate), ER membrane",metabolic,YALI1D22124g,1,6,C_em,False,,False,False,False,False,False,False,,,False
R1450,"fatty-acid--CoA ligase (octadecenoate), ER membrane",metabolic,YALI1D22124g,1,6,C_em,False,,False,False,False,False,False,False,,,False
R1451,"fatty-acid--CoA ligase (dodecanoate), lipid particle",metabolic,YALI1D22124g,1,6,C_lp,False,,False,False,False,False,False,False,,,False
R1452,"fatty-acid--CoA ligase (tetradecanoate), lipid particle",metabolic,YALI1D22124g,1,6,C_lp,False,,False,False,False,False,False,False,,,False
R1453,"fatty-acid--CoA ligase (hexadecanoate), lipid particle",metabolic,YALI1D22124g,1,6,C_lp,False,,False,False,False,False,False,False,,,False
R1454,"fatty-acid--CoA ligase (hexadecenoate), lipid particle",metabolic,YALI1D22124g,1,6,C_lp,False,,False,False,False,False,False,False,,,False
R1455,"fatty-acid--CoA ligase (octadecanoate), lipid particle",metabolic,YALI1D22124g,1,6,C_lp,False,,False,False,False,False,False,False,,,False
R1456,"fatty-acid--CoA ligase (octadecenoate), lipid particle",metabolic,YALI1D22124g,1,6,C_lp,False,,False,False,False,False,False,False,,,False
R1457,"fatty-acid--CoA ligase (hexadecenoate), peroxisome",metabolic,YALI1E19172g,1,6,C_pe,False,,False,False,False,False,False,False,,,False
R1458,"fatty-acid--CoA ligase (octadecanoate), peroxisome",metabolic,YALI1E19172g,1,6,C_pe,False,,False,False,False,False,False,False,,,False
R1459,"fatty-acid--CoA ligase (octadecenoate), peroxisome",metabolic,YALI1E19172g,1,6,C_pe,False,,False,False,False,False,False,False,,,False
R1460,"fatty-acid--CoA ligase (arachidate), cell envelope",metabolic,YALI1D22124g,1,6,C_en,False,,False,False,False,False,False,False,,,True
R1461,"fatty-acid--CoA ligase (behenate), cell envelope",metabolic,YALI1D22124g,1,6,C_en,False,,False,False,False,False,False,False,,,True
R1462,"fatty-acid--CoA ligase (lignoceric acid), cell envelope",metabolic,YALI1D22124g,1,6,C_en,False,,False,False,False,False,False,False,,,True
R1463,"fatty-acid--CoA ligase (cerotic acid), cell envelope",metabolic,YALI1D22124g,1,6,C_en,False,,False,False,False,False,False,False,,,True
R1464,"fatty-acid--CoA ligase (behenate), ER membrane",metabolic,YALI1D22124g,1,6,C_em,False,,False,False,False,False,False,False,,,True
R1465,"fatty-acid--CoA ligase (lignoceric acid), ER membrane",metabolic,YALI1D22124g,1,6,C_em,False,,False,False,False,False,False,False,,,False
R1466,"fatty-acid--CoA ligase (cerotic acid), ER membrane",metabolic,YALI1D22124g,1,6,C_em,False,,False,False,False,False,False,False,,,False
R1467,"fatty-acid--CoA ligase (behenate), lipid particle",metabolic,YALI1D22124g,1,6,C_lp,False,,False,False,False,False,False,False,,,True
R1468,"fatty-acid--CoA ligase (lignoceric acid), lipid particle",metabolic,YALI1D22124g,1,6,C_lp,False,,False,False,False,False,False,False,,,False
R1469,"fatty-acid--CoA ligase (cerotic acid), lipid particle",metabolic,YALI1D22124g,1,6,C_lp,False,,False,False,False,False,False,False,,,False
R1470,fatty acyl-CoA transport via ABC system (C12:0),transport,YALI1D05320g and YALI1A06361g,2,7,"C_cy,C_pe",False,,False,False,False,False,False,False,,,False
R1471,fatty acyl-CoA transport via ABC system (C14:0),transport,YALI1D05320g and YALI1A06361g,2,7,"C_cy,C_pe",False,,False,False,False,False,False,False,,,False
R1472,fatty acyl-CoA transport via ABC system (C16:0),transport,YALI1D05320g and YALI1A06361g,2,7,"C_cy,C_pe",False,,False,False,False,False,False,False,,,False
R1473,fatty acyl-CoA transport via ABC system (C16:1),transport,YALI1D05320g and YALI1A06361g,2,7,"C_cy,C_pe",False,,False,False,False,False,False,False,,,False
R1474,fatty acyl-CoA transport via ABC system (C18:0),transport,YALI1D05320g and YALI1A06361g,2,7,"C_cy,C_pe",False,,False,False,False,False,False,False,,,False
R1475,fatty acyl-CoA transport via ABC system (C18:1),transport,YALI1D05320g and YALI1A06361g,2,7,"C_cy,C_pe",False,,False,False,False,False,False,False,,,False
R1476,fatty acyl-CoA transport via ABC system (C20:0),transport,YALI1D05320g and YALI1A06361g,2,7,"C_cy,C_pe",False,,False,False,False,False,False,False,,,False
R1477,fatty acyl-CoA transport via ABC system (C22:0),transport,YALI1D05320g and YALI1A06361g,2,7,"C_cy,C_pe",False,,False,False,False,False,False,False,,,False
R1478,fatty acyl-CoA transport via ABC system (C24:0),transport,YALI1D05320g and YALI1A06361g,2,7,"C_cy,C_pe",False,,False,False,False,False,False,False,,,False
R1479,fatty acyl-CoA transport via ABC system (C26:0),transport,YALI1D05320g and YALI1A06361g,2,7,"C_cy,C_pe",False,,False,False,False,False,False,False,,,False
R1480,"butyrate (n-C4:0) transport, cytoplasm-peroxisome",transport,YALI1C05386g,1,2,"C_cy,C_pe",False,,False,False,False,False,False,False,,,False
R1481,"hexanoate (n-C6:0) transport, cytoplasm-peroxisome",transport,YALI1C05386g or YALI1E20016g,2,2,"C_cy,C_pe",False,,False,False,False,False,False,False,,,False
R1482,"octadecenoate (n-C18:1) transport, cytoplasm-peroxisome",transport,YALI1C05386g,1,2,"C_cy,C_pe",False,,False,False,False,False,False,False,,,False
R1483,peroxisomal acyl-CoA thioesterase (4:0),metabolic,YALI1F19697g,1,5,C_pe,False,,False,False,False,False,False,False,,,False
R1484,peroxisomal acyl-CoA thioesterase (6:0),metabolic,YALI1F19697g,1,5,C_pe,False,,False,False,False,False,False,False,,,False
R1485,peroxisomal acyl-CoA thioesterase (16:1),metabolic,YALI1F19697g,1,5,C_pe,False,,False,False,False,False,False,False,,,False
R1486,peroxisomal acyl-CoA thioesterase (18:1),metabolic,YALI1F19697g,1,5,C_pe,False,,False,False,False,False,False,False,,,False
R1487,acyl-CoA oxidase (butanoyl-CoA),metabolic,YALI1D32754g or YALI0D27654g or YALI1C32886g,3,4,C_pe,False,,False,False,False,False,False,False,,,False
R1488,acyl-CoA oxidase (hexanoyl-CoA),metabolic,YALI1D32754g or YALI0D27654g or YALI1C32886g,3,4,C_pe,False,,False,False,False,False,False,False,,,False
R1489,acyl-CoA oxidase (octanoyl-CoA),metabolic,YALI1D32754g or YALI0D27654g or YALI1C32886g,3,4,C_pe,False,,False,False,False,False,False,False,,,False
R1490,acyl-CoA oxidase (icosanoyl-CoA),metabolic,YALI1F14495g or YALI0D27654g or YALI1C32886g,3,4,C_pe,False,,False,False,False,False,False,False,,,False
R1491,acyl-CoA oxidase (docosanoyl-CoA),metabolic,YALI1F14495g or YALI0D27654g or YALI1C32886g,3,4,C_pe,False,,False,False,False,False,False,False,,,False
R1492,acyl-CoA oxidase (tetracosanoyl-CoA),metabolic,YALI1F14495g or YALI0D27654g or YALI1C32886g,3,4,C_pe,False,,False,False,False,False,False,False,,,False
R1493,acyl-CoA oxidase (palmitoleoyl-CoA),metabolic,YALI1F14495g or YALI0D27654g or YALI1C32886g,3,4,C_pe,False,,False,False,False,False,False,False,,,False
R1494,acyl-CoA oxidase (cis-tetradec-7-enoyl-CoA),metabolic,YALI1F14495g or YALI0D27654g or YALI1C32886g,3,4,C_pe,False,,False,False,False,False,False,False,,,False
R1495,acyl-CoA oxidase (cis-dodec-5-enoyl-CoA),metabolic,YALI1F14495g or YALI0D27654g or YALI1C32886g,3,4,C_pe,False,,False,False,False,False,False,False,,,False
R1496,acyl-CoA oxidase (oleoyl-CoA),metabolic,YALI1F14495g or YALI0D27654g or YALI1C32886g,3,4,C_pe,False,,False,False,False,False,False,False,,,False
R1497,acyl-CoA oxidase (cis-hexadec-7-enoyl-CoA),metabolic,YALI1F14495g or YALI0D27654g or YALI1C32886g,3,4,C_pe,False,,False,False,False,False,False,False,,,False
R1498,acyl-CoA oxidase (cis-tetradec-5-enoyl-CoA),metabolic,YALI1F14495g or YALI0D27654g or YALI1C32886g,3,4,C_pe,False,,False,False,False,False,False,False,,,False
R1499,2-enoyl-CoA hydratase (3-hydroxydecanoyl-CoA),metabolic,YALI1E18441g,1,3,C_pe,False,,False,False,False,False,False,False,,,False
R1500,2-enoyl-CoA hydratase (3-hydroxydodecanoyl-CoA),metabolic,YALI1E18441g,1,3,C_pe,False,,False,False,False,False,False,False,,,False
R1501,2-enoyl-CoA hydratase (3-hydroxytetradecanoyl-CoA),metabolic,YALI1E18441g,1,3,C_pe,False,,False,False,False,False,False,False,,,False
R1502,2-enoyl-CoA hydratase (3-hydroxyhexadecanoyl-CoA),metabolic,YALI1E18441g,1,3,C_pe,False,,False,False,False,False,False,False,,,False
R1503,2-enoyl-CoA hydratase (3-hydroxyoctadecanoyl-CoA),metabolic,YALI1E18441g,1,3,C_pe,False,,False,False,False,False,False,False,,,False
R1504,2-enoyl-CoA hydratase (3-hydroxyhexacosanoyl-CoA),metabolic,YALI1E18441g,1,3,C_pe,False,,False,False,False,False,False,False,,,False
R1505,2-enoyl-CoA hydratase (3-hydroxybutanoyl-CoA),metabolic,YALI1E18441g,1,3,C_pe,False,,False,False,False,False,False,False,,,False
R1506,2-enoyl-CoA hydratase (3-hydroxyhexanoyl-CoA),metabolic,YALI1E18441g,1,3,C_pe,False,,False,False,False,False,False,False,,,False
R1507,2-enoyl-CoA hydratase (3-hydroxyoctanoyl-CoA),metabolic,YALI1E18441g,1,3,C_pe,False,,False,False,False,False,False,False,,,False
R1508,2-enoyl-CoA hydratase (3-hydroxyicosanoyl-CoA),metabolic,YALI1E18441g or YALI1F15781g,2,3,C_pe,False,,False,False,False,False,False,False,,,False
R1509,2-enoyl-CoA hydratase (3-hydroxydocosanoyl-CoA),metabolic,YALI1E18441g or YALI1F15781g,2,3,C_pe,False,,False,False,False,False,False,False,,,False
R1510,2-enoyl-CoA hydratase (3-hydroxytetracosanoyl-CoA),metabolic,YALI1E18441g or YALI1F15781g,2,3,C_pe,False,,False,False,False,False,False,False,,,False
R1511,2-enoyl-CoA hydratase (3-hydroxy-cis-hexadec-9-enoyl-CoA),metabolic,YALI1E18441g,1,3,C_pe,False,,False,False,False,False,False,False,,,False
R1512,2-enoyl-CoA hydratase (3-hydroxy-cis-tetradec-7-enoyl-CoA),metabolic,YALI1E18441g,1,3,C_pe,False,,False,False,False,False,False,False,,,False
R1513,2-enoyl-CoA hydratase (3-hydroxy-cis-dodec-5-enoyl-CoA),metabolic,YALI1E18441g,1,3,C_pe,False,,False,False,False,False,False,False,,,False
R1514,2-enoyl-CoA hydratase (3-hydroxy-cis-octadec-9-enoyl-CoA),metabolic,YALI1E18441g,1,3,C_pe,False,,False,False,False,False,False,False,,,False
R1515,2-enoyl-CoA hydratase (3-hydroxy-cis-hexadec-7-enoyl-CoA),metabolic,YALI1E18441g,1,3,C_pe,False,,False,False,False,False,False,False,,,False
R1516,2-enoyl-CoA hydratase (3-hydroxy-cis-tetradec-5-enoyl-CoA),metabolic,YALI1E18441g,1,3,C_pe,False,,False,False,False,False,False,False,,,False
R1517,3-hydroxyacyl-CoA dehydrogenase (3-oxodecanoyl-CoA),metabolic,YALI1E18441g,1,5,C_pe,True,"bigg.reaction,biggr,kegg.reaction,keggr,metacyc.reaction,metacycr,metanetx.reaction,rh,rhea,sabiork.reaction,sabiorkr,seed.reaction,seedr,vmhr,vmhreaction",True,True,True,True,False,False,,,False
R1518,3-hydroxyacyl-CoA dehydrogenase (3-oxododecanoyl-CoA),metabolic,YALI1E18441g,1,5,C_pe,True,"bigg.reaction,biggr,kegg.reaction,keggr,metacyc.reaction,metacycr,metanetx.reaction,rh,rhea,seed.reaction,seedr,vmhr,vmhreaction",True,True,True,True,False,False,,,False
R1519,3-hydroxyacyl-CoA dehydrogenase (3-oxohexadecanoyl-CoA),metabolic,YALI1E18441g,1,5,C_pe,True,"bigg.reaction,biggr,kegg.reaction,keggr,metacyc.reaction,metacycr,metanetx.reaction,rh,rhea,sabiork.reaction,sabiorkr,seed.reaction,seedr,vmhr,vmhreaction",True,True,True,True,False,False,,,False
R1520,3-hydroxyacyl-CoA dehydrogenase (3-oxooctadecanoyl-CoA),metabolic,YALI1E18441g,1,5,C_pe,True,"bigg.reaction,biggr,metanetx.reaction,rh,rhea,seed.reaction,seedr",True,False,True,True,False,False,,,False
R1521,3-hydroxyacyl-CoA dehydrogenase (3-oxohexacosanoyl-CoA),metabolic,YALI1E18441g,1,5,C_pe,False,,False,False,False,False,False,False,,,False
R1522,3-hydroxyacyl-CoA dehydrogenase (3-oxobutanoyl-CoA),metabolic,YALI1E18441g,1,5,C_pe,False,,False,False,False,False,False,False,,,False
R1523,3-hydroxyacyl-CoA dehydrogenase (3-oxohexanoyl-CoA),metabolic,YALI1E18441g,1,5,C_pe,True,"bigg.reaction,biggr,kegg.reaction,keggr,metacyc.reaction,metacycr,metanetx.reaction,rh,rhea,sabiork.reaction,sabiorkr,seed.reaction,seedr,vmhr,vmhreaction",True,True,True,True,False,False,,,False
R1524,3-hydroxyacyl-CoA dehydrogenase (3-oxooctanoyl-CoA),metabolic,YALI1E18441g,1,5,C_pe,True,"bigg.reaction,biggr,kegg.reaction,keggr,metacyc.reaction,metacycr,metanetx.reaction,rh,rhea,sabiork.reaction,sabiorkr,seed.reaction,seedr,vmhr,vmhreaction",True,True,True,True,False,False,,,False
R1525,3-hydroxyacyl-CoA dehydrogenase (3-oxoicosanoyl-CoA),metabolic,YALI1E18441g,1,5,C_pe,False,,False,False,False,False,False,False,,,False
R1526,3-hydroxyacyl-CoA dehydrogenase (3-oxodocosanoyl-CoA),metabolic,YALI1E18441g,1,5,C_pe,False,,False,False,False,False,False,False,,,False
R1527,3-hydroxyacyl-CoA dehydrogenase (3-oxotetracosanoyl-CoA),metabolic,YALI1E18441g,1,5,C_pe,False,,False,False,False,False,False,False,,,False
R1528,3-hydroxyacyl-CoA dehydrogenase (3-oxo-cis-hexadec-9-enoyl-CoA),metabolic,YALI1E18441g,1,5,C_pe,False,,False,False,False,False,False,False,,,False
R1529,3-hydroxyacyl-CoA dehydrogenase (3-oxo-cis-tetradec-7-enoyl-CoA),metabolic,YALI1E18441g,1,5,C_pe,False,,False,False,False,False,False,False,,,False
R1530,3-hydroxyacyl-CoA dehydrogenase (3-oxo-cis-dodec-5-enoyl-CoA),metabolic,YALI1E18441g,1,5,C_pe,False,,False,False,False,False,False,False,,,False
R1531,3-hydroxyacyl-CoA dehydrogenase (3-oxo-cis-octadec-9-enoyl-CoA),metabolic,YALI1E18441g,1,5,C_pe,False,,False,False,False,False,False,False,,,False
R1532,3-hydroxyacyl-CoA dehydrogenase (3-oxo-cis-hexadec-7-enoyl-CoA),metabolic,YALI1E18441g,1,5,C_pe,False,,False,False,False,False,False,False,,,False
R1533,3-hydroxyacyl-CoA dehydrogenase (3-oxo-cis-tetradec-5-enoyl-CoA),metabolic,YALI1E18441g,1,5,C_pe,False,,False,False,False,False,False,False,,,False
R1534,acetyl-CoA C-acyltransferase (acetyl-CoA),metabolic,YALI1E22238g,1,3,C_pe,False,,False,False,False,False,False,False,,,False
R1535,acetyl-CoA C-acyltransferase (butanoyl-CoA),metabolic,YALI1E22238g,1,4,C_pe,False,,False,False,False,False,False,False,,,False
R1536,acetyl-CoA C-acyltransferase (hexanoyl-CoA),metabolic,YALI1E22238g,1,4,C_pe,False,,False,False,False,False,False,False,,,False
R1537,acetyl-CoA C-acyltransferase (stearoyl-CoA),metabolic,YALI1E22238g,1,4,C_pe,False,,False,False,False,False,False,False,,,False
R1538,acetyl-CoA C-acyltransferase (icosanoyl-CoA),metabolic,YALI1E22238g,1,4,C_pe,False,,False,False,False,False,False,False,,,False
R1539,acetyl-CoA C-acyltransferase (docosanoyl-CoA),metabolic,YALI1E22238g,1,4,C_pe,False,,False,False,False,False,False,False,,,False
R1540,acetyl-CoA C-acyltransferase (cis-tetradec-7-enoyl-CoA),metabolic,YALI1E22238g,1,4,C_pe,False,,False,False,False,False,False,False,,,False
R1541,acetyl-CoA C-acyltransferase (cis-dodec-5-enoyl-CoA),metabolic,YALI1E22238g,1,4,C_pe,False,,False,False,False,False,False,False,,,False
R1542,acetyl-CoA C-acyltransferase (cis-dec-3-enoyl-CoA),metabolic,YALI1E22238g,1,4,C_pe,False,,False,False,False,False,False,False,,,False
R1543,acetyl-CoA C-acyltransferase (cis-hexadec-7-enoyl-CoA),metabolic,YALI1E22238g,1,4,C_pe,False,,False,False,False,False,False,False,,,False
R1544,acetyl-CoA C-acyltransferase (cis-tetradec-5-enoyl-CoA),metabolic,YALI1E22238g,1,4,C_pe,False,,False,False,False,False,False,False,,,False
R1545,acetyl-CoA C-acyltransferase (cis-dodec-3-enoyl-CoA),metabolic,YALI1E22238g,1,4,C_pe,False,,False,False,False,False,False,False,,,False
R1546,"delta3,delta2-enoyl-CoA isomerase (cis-dec-3-enoyl-CoA)",metabolic,YALI1B14044g,1,2,C_pe,False,,False,False,False,False,False,False,,,False
R1547,"delta3,delta2-enoyl-CoA isomerase (trans-2,cis-5-dodecadienoyl-CoA)",metabolic,YALI1B14044g,1,2,C_pe,False,,False,False,False,False,False,False,,,False
R1548,"delta3,delta2-enoyl-CoA isomerase (trans-dodec-3-enoyl-CoA)",metabolic,YALI1B14044g,1,2,C_pe,False,,False,False,False,False,False,False,,,False
R1549,"delta3,delta2-enoyl-CoA isomerase (cis-dodec-3-enoyl-CoA)",metabolic,YALI1B14044g,1,2,C_pe,False,,False,False,False,False,False,False,,,False
R1550,"delta3,delta2-enoyl-CoA isomerase (trans-2,cis-5-tetradecadienoyl-CoA)",metabolic,YALI1B14044g,1,2,C_pe,False,,False,False,False,False,False,False,,,False
R1551,"delta3,delta2-enoyl-CoA isomerase (trans-tetradec-3-enoyl-CoA)",metabolic,YALI1B14044g,1,2,C_pe,False,,False,False,False,False,False,False,,,False
R1552,"delta(3,5)-delta(2,4)-dienoyl-CoA isomerase (trans-3,cis-5-dodecadienoyl-CoA)",metabolic,YALI1B14044g,1,2,C_pe,False,,False,False,False,False,False,False,,,False
R1553,"delta(3,5)-delta(2,4)-dienoyl-CoA isomerase (trans-3,cis-5-tetradecadienoyl-CoA)",metabolic,YALI1B14044g,1,2,C_pe,False,,False,False,False,False,False,False,,,False
R1554,"2,4-dienoyl-CoA reductase (trans-2,trans-4-dodecadienoyl-CoA)",metabolic,YALI1C04067g or YALI1D02000g or YALI1E17355g,3,5,C_pe,False,,False,False,False,False,False,False,,,False
R1555,"2,4-dienoyl-CoA reductase (trans-2,trans-4-tetradecadienoyl-CoA)",metabolic,YALI1C04067g or YALI1D02000g or YALI1E17355g,3,5,C_pe,False,,False,False,False,False,False,False,,,False
R1556,cis-aconitate(3-) to isocitrate,metabolic,YALI1D11984g or YALI1E17935g,2,3,C_cy,False,,False,False,False,False,False,False,,,False
R1557,"ergosteryl ester hydrolase (16:1), lipid particle",metabolic,YALI1E37982g or YALI1E00907g,2,5,C_lp,False,,False,False,False,False,False,False,,,False
R1558,"ergosteryl ester hydrolase (18:1), lipid particle",metabolic,YALI1E37982g or YALI1E00907g,2,5,C_lp,False,,False,False,False,False,False,False,,,False
R1559,"episteryl ester hydrolase (16:1), lipid particle",metabolic,YALI1E00907g,1,5,C_lp,False,,False,False,False,False,False,False,,,False
R1560,"episteryl ester hydrolase (18:1), lipid particle",metabolic,YALI1E00907g,1,5,C_lp,False,,False,False,False,False,False,False,,,False
R1561,"fecosteryl ester hydrolase (16:1), lipid particle",metabolic,YALI1E00907g,1,5,C_lp,False,,False,False,False,False,False,False,,,False
R1562,"fecosteryl ester hydrolase (18:1), lipid particle",metabolic,YALI1E00907g,1,5,C_lp,False,,False,False,False,False,False,False,,,False
R1563,"lanosteryl ester hydrolase (16:1), lipid particle",metabolic,YALI1E00907g,1,5,C_lp,False,,False,False,False,False,False,False,,,False
R1564,"lanosteryl ester hydrolase (18:1), lipid particle",metabolic,YALI1E00907g,1,5,C_lp,False,,False,False,False,False,False,False,,,False
R1565,"zymosteryl ester hydrolase (16:1), lipid particle",metabolic,YALI1E00907g,1,5,C_lp,False,,False,False,False,False,False,False,,,False
R1566,"zymosteryl ester hydrolase (18:1), lipid particle",metabolic,YALI1E00907g,1,5,C_lp,False,,False,False,False,False,False,False,,,False
R1567,"zymosteryl ester hydrolase (16:1), cell envelope",metabolic,YALI1E00907g,1,5,C_en,False,,False,False,False,False,False,False,,,False
R1568,"zymosteryl ester hydrolase (18:1), cell envelope",metabolic,YALI1E00907g,1,5,C_en,False,,False,False,False,False,False,False,,,False
R1569,"laurate transport, cytoplasm-ER membrane",transport,,0,2,"C_cy,C_em",False,,False,False,False,False,False,False,,,False
R1570,"myristate transport, cytoplasm-ER membrane",transport,,0,2,"C_cy,C_em",False,,False,False,False,False,False,False,,,False
R1571,"palmitate transport, cytoplasm-ER membrane",transport,,0,2,"C_cy,C_em",False,,False,False,False,False,False,False,,,False
R1572,"palmitoleate transport, cytoplasm-ER membrane",transport,,0,2,"C_cy,C_em",False,,False,False,False,False,False,False,,,False
R1573,"stearate transport, cytoplasm-ER membrane",transport,,0,2,"C_cy,C_em",False,,False,False,False,False,False,False,,,False
R1574,"oleate transport, cytoplasm-ER membrane",transport,,0,2,"C_cy,C_em",False,,False,False,False,False,False,False,,,False
R1575,"malonyl-CoA transport, cytoplasm-ER membrane",transport,,0,2,"C_cy,C_em",False,,False,False,False,False,False,False,,,False
R1576,"lauroyl-CoA transport, cytoplasm-ER membrane",transport,,0,2,"C_cy,C_em",False,,False,False,False,False,False,False,,,False
R1577,"myristoyl-CoA transport, cytoplasm-ER membrane",transport,,0,2,"C_cy,C_em",False,,False,False,False,False,False,False,,,False
R1578,"palmitoyl-CoA transport, cytoplasm-ER membrane",transport,,0,2,"C_cy,C_em",False,,False,False,False,False,False,False,,,False
R1579,"palmitoleoyl-CoA transport, cytoplasm-ER membrane",transport,,0,2,"C_cy,C_em",False,,False,False,False,False,False,False,,,False
R1580,"stearoyl-CoA transport, cytoplasm-ER membrane",transport,,0,2,"C_cy,C_em",False,,False,False,False,False,False,False,,,False
R1581,"oleoyl-CoA transport, cytoplasm-ER membrane",transport,,0,2,"C_cy,C_em",False,,False,False,False,False,False,False,,,False
R1582,"icosanoyl-CoA transport, cytoplasm-ER membrane",transport,,0,2,"C_cy,C_em",False,,False,False,False,False,False,False,,,False
R1583,"docosanoyl-CoA transport, cytoplasm-ER membrane",transport,,0,2,"C_cy,C_em",False,,False,False,False,False,False,False,,,False
R1584,"tetracosanoyl-CoA transport, cytoplasm-ER membrane",transport,,0,2,"C_cy,C_em",False,,False,False,False,False,False,False,,,False
R1585,"hexacosanoyl-CoA transport, cytoplasm-ER membrane",transport,,0,2,"C_cy,C_em",False,,False,False,False,False,False,False,,,False
R1586,"H+ transport, cytoplasm-ER membrane",transport,,0,2,"C_cy,C_em",False,,False,False,False,False,False,False,,,False
R1587,"H2O transport, cytoplasm-ER membrane",transport,,0,2,"C_cy,C_em",False,,False,False,False,False,False,False,,,False
R1588,"CO2 transport, cytoplasm-ER membrane",transport,,0,2,"C_cy,C_em",False,,False,False,False,False,False,False,,,False
R1589,"coenzyme A transport, cytoplasm-ER membrane",transport,,0,2,"C_cy,C_em",False,,False,False,False,False,False,False,,,False
R1590,"NADPH transport, cytoplasm-ER membrane",transport,,0,2,"C_cy,C_em",False,,False,False,False,False,False,False,,,False
R1591,"NADP(+) transport, cytoplasm-ER membrane",transport,,0,2,"C_cy,C_em",False,,False,False,False,False,False,False,,,False
R1592,"O2 transport, cytoplasm-ER membrane",transport,,0,2,"C_cy,C_em",False,,False,False,False,False,False,False,,,False
R1593,"NADH transport, cytoplasm-ER membrane",transport,,0,2,"C_cy,C_em",False,,False,False,False,False,False,False,,,False
R1594,"NAD transport, cytoplasm-ER membrane",transport,,0,2,"C_cy,C_em",False,,False,False,False,False,False,False,,,False
R1595,"glycerol 3-phosphate transport, cytoplasm-ER membrane",transport,,0,2,"C_cy,C_em",False,,False,False,False,False,False,False,,,True
R1596,"dihydroxyacetone phosphate transport, cytoplasm-ER membrane",transport,,0,2,"C_cy,C_em",False,,False,False,False,False,False,False,,,False
R1597,"diphosphate transport, cytoplasm-ER membrane",transport,,0,2,"C_cy,C_em",False,,False,False,False,False,False,False,,,False
R1598,"phosphate transport, cytoplasm-ER membrane",transport,,0,2,"C_cy,C_em",False,,False,False,False,False,False,False,,,False
R1599,"CTP transport, cytoplasm-ER membrane",transport,,0,2,"C_cy,C_em",False,,False,False,False,False,False,False,,,False
R1600,"CDP transport, cytoplasm-ER membrane",transport,,0,2,"C_cy,C_em",False,,False,False,False,False,False,False,,,True
R1601,"CMP transport, cytoplasm-ER membrane",transport,,0,2,"C_cy,C_em",False,,False,False,False,False,False,False,,,False
R1602,"CDP-ethanolamine transport, cytoplasm-ER membrane",transport,,0,2,"C_cy,C_em",False,,False,False,False,False,False,False,,,True
R1603,"CDP-choline transport, cytoplasm-ER membrane",transport,,0,2,"C_cy,C_em",False,,False,False,False,False,False,False,,,True
R1604,"ATP transport, cytoplasm-ER membrane",transport,,0,2,"C_cy,C_em",False,,False,False,False,False,False,False,,,False
R1605,"AMP transport, cytoplasm-ER membrane",transport,,0,2,"C_cy,C_em",False,,False,False,False,False,False,False,,,False
R1606,"L-serine transport, cytoplasm-ER membrane",transport,,0,2,"C_cy,C_em",False,,False,False,False,False,False,False,,,False
R1607,"myo-inositol transport, cytoplasm-ER membrane",transport,,0,2,"C_cy,C_em",False,,False,False,False,False,False,False,,,False
R1608,"S-adenosyl-L-methionine transport, cytoplasm-ER membrane",transport,,0,2,"C_cy,C_em",False,,False,False,False,False,False,False,,,False
R1609,"S-adenosyl-L-homocysteine transport, cytoplasm-ER membrane",transport,,0,2,"C_cy,C_em",False,,False,False,False,False,False,False,,,False
R1610,"episterol transport, cytoplasm-ER membrane",transport,,0,2,"C_cy,C_em",False,,False,False,False,False,False,False,,,True
R1611,"fecosterol transport, cytoplasm-ER membrane",transport,,0,2,"C_cy,C_em",False,,False,False,False,False,False,False,,,True
R1612,"lanosterol transport, cytoplasm-ER membrane",transport,,0,2,"C_cy,C_em",False,,False,False,False,False,False,False,,,True
R1613,"ergosterol transport, cytoplasm-ER membrane",transport,,0,2,"C_cy,C_em",False,,False,False,False,False,False,False,,,False
R1614,"zymosterol transport, cytoplasm-ER membrane",transport,,0,2,"C_cy,C_em",False,,False,False,False,False,False,False,,,False
R1615,"sn-glycero-3-phosphocholine transport, ER membrane-cytoplasm",transport,,0,2,"C_cy,C_em",False,,False,False,False,False,False,False,,,False
R1616,"hexadecanoate (n-C16:0) transport, cytoplasm-lipid particle",transport,,0,2,"C_cy,C_lp",False,,False,False,False,False,False,False,,,False
R1617,"hexadecenoate (n-C16:1) transport, cytoplasm-lipid particle",transport,,0,2,"C_cy,C_lp",False,,False,False,False,False,False,False,,,False
R1618,"octadecanoate (n-C18:0) transport, cytoplasm-lipid particle",transport,,0,2,"C_cy,C_lp",False,,False,False,False,False,False,False,,,False
R1619,"octadecenoate (n-C18:1) transport, cytoplasm-lipid particle",transport,,0,2,"C_cy,C_lp",False,,False,False,False,False,False,False,,,False
R1620,"lauroyl-CoA transport, cytoplasm-lipid particle",transport,,0,2,"C_cy,C_lp",False,,False,False,False,False,False,False,,,False
R1621,"myristoyl-CoA transport, cytoplasm-lipid particle",transport,,0,2,"C_cy,C_lp",False,,False,False,False,False,False,False,,,False
R1622,"palmitoyl-CoA transport, cytoplasm-lipid particle",transport,,0,2,"C_cy,C_lp",False,,False,False,False,False,False,False,,,False
R1623,"palmitoleoyl-CoA transport, cytoplasm-lipid particle",transport,,0,2,"C_cy,C_lp",False,,False,False,False,False,False,False,,,False
R1624,"stearoyl-CoA transport, cytoplasm-lipid particle",transport,,0,2,"C_cy,C_lp",False,,False,False,False,False,False,False,,,False
R1625,"oleoyl-CoA transport, cytoplasm-lipid particle",transport,,0,2,"C_cy,C_lp",False,,False,False,False,False,False,False,,,False
R1626,"glycerol 3-phosphate transport, cytoplasm-lipid particle",transport,,0,2,"C_cy,C_lp",False,,False,False,False,False,False,False,,,False
R1627,"dihydroxyacetone phosphate transport, cytoplasm-lipid particle",transport,,0,2,"C_cy,C_lp",False,,False,False,False,False,False,False,,,False
R1628,"NADPH transport, cytoplasm-lipid particle",transport,,0,2,"C_cy,C_lp",False,,False,False,False,False,False,False,,,False
R1629,"NADP(+) transport, cytoplasm-lipid particle",transport,,0,2,"C_cy,C_lp",False,,False,False,False,False,False,False,,,False
R1630,"ATP transport, cytoplasm-lipid particle",transport,,0,2,"C_cy,C_lp",False,,False,False,False,False,False,False,,,False
R1631,"AMP transport, cytoplasm-lipid particle",transport,,0,2,"C_cy,C_lp",False,,False,False,False,False,False,False,,,False
R1632,"diphosphate transport, cytoplasm-lipid particle",transport,,0,2,"C_cy,C_lp",False,,False,False,False,False,False,False,,,False
R1633,"H2O transport, cytoplasm-lipid particle",transport,,0,2,"C_cy,C_lp",False,,False,False,False,False,False,False,,,False
R1634,"glycerol transport, lipid particle-cytoplasm",transport,,0,2,"C_cy,C_lp",False,,False,False,False,False,False,False,,,False
R1635,"docosanoyl-CoA transport, lipid particle-cytoplasm",transport,,0,2,"C_cy,C_lp",False,,False,False,False,False,False,False,,,True
R1636,"tetracosanoyl-CoA transport, lipid particle-cytoplasm",transport,,0,2,"C_cy,C_lp",False,,False,False,False,False,False,False,,,False
R1637,"hexacosanoyl-CoA transport, lipid particle-cytoplasm",transport,,0,2,"C_cy,C_lp",False,,False,False,False,False,False,False,,,False
R1638,"ATP transport, cytoplasm-cell envelope",transport,,0,2,"C_cy,C_en",False,,False,False,False,False,False,False,,,False
R1639,"ADP transport, cytoplasm-cell envelope",transport,,0,2,"C_cy,C_en",False,,False,False,False,False,False,False,,,False
R1640,"H+ transport, cytoplasm-cell envelope",transport,,0,2,"C_cy,C_en",False,,False,False,False,False,False,False,,,False
R1641,"H2O transport, cytoplasm-cell envelope",transport,,0,2,"C_cy,C_en",False,,False,False,False,False,False,False,,,False
R1642,"phosphate transport, cytoplasm-cell envelope",transport,,0,2,"C_cy,C_en",False,,False,False,False,False,False,False,,,False
R1643,"sn-glycero-3-phosphocholine transport, cell envelope-cytoplasm",transport,,0,2,"C_cy,C_en",False,,False,False,False,False,False,False,,,True
R1644,"1-(sn-glycero-3-phospho)-1D-myo-inositol transport, cell envelope-cytoplasm",transport,,0,2,"C_cy,C_en",False,,False,False,False,False,False,False,,,True
R1645,"palmitate transport, cell envelope-cytoplasm",transport,,0,2,"C_cy,C_en",False,,False,False,False,False,False,False,,,True
R1646,"palmitoleate transport, cell envelope-cytoplasm",transport,,0,2,"C_cy,C_en",False,,False,False,False,False,False,False,,,False
R1647,"stearate transport, cell envelope-cytoplasm",transport,,0,2,"C_cy,C_en",False,,False,False,False,False,False,False,,,True
R1648,"oleate transport, cell envelope-cytoplasm",transport,,0,2,"C_cy,C_en",False,,False,False,False,False,False,False,,,False
R1649,"icosanoyl-CoA transport, cell envelope-cytoplasm",transport,,0,2,"C_cy,C_en",False,,False,False,False,False,False,False,,,True
R1650,"docosanoyl-CoA transport, cell envelope-cytoplasm",transport,,0,2,"C_cy,C_en",False,,False,False,False,False,False,False,,,True
R1651,"tetracosanoyl-CoA transport, cell envelope-cytoplasm",transport,,0,2,"C_cy,C_en",False,,False,False,False,False,False,False,,,True
R1652,"hexacosanoyl-CoA transport, cell envelope-cytoplasm",transport,,0,2,"C_cy,C_en",False,,False,False,False,False,False,False,,,True
R1653,"H2O transport, cytoplasm-vacuolar membrane",transport,,0,2,"C_cy,C_vm",False,,False,False,False,False,False,False,,,False
R1654,"phosphate transport, cytoplasm-vacuolar membrane",transport,,0,2,"C_cy,C_vm",False,,False,False,False,False,False,False,,,False
R1655,"H+ transport, cytoplasm-vacuolar membrane",transport,,0,2,"C_cy,C_vm",False,,False,False,False,False,False,False,,,False
R1656,"ATP transport, cytoplasm-vacuolar membrane",transport,,0,2,"C_cy,C_vm",False,,False,False,False,False,False,False,,,False
R1657,"ADP transport, cytoplasm-vacuolar membrane",transport,,0,2,"C_cy,C_vm",False,,False,False,False,False,False,False,,,False
R1658,"carbon dioxide transport, cytoplasm-vacuolar membrane",transport,,0,2,"C_cy,C_vm",False,,False,False,False,False,False,False,,,False
R1659,"H2O transport, cytoplasm-Golgi membrane",transport,,0,2,"C_cy,C_gm",False,,False,False,False,False,False,False,,,False
R1660,"phosphate transport, cytoplasm-Golgi membrane",transport,,0,2,"C_cy,C_gm",False,,False,False,False,False,False,False,,,False
R1661,"H+ transport, cytoplasm-Golgi membrane",transport,,0,2,"C_cy,C_gm",False,,False,False,False,False,False,False,,,False
R1662,"carbon dioxide transport, cytoplasm-Golgi membrane",transport,,0,2,"C_cy,C_gm",False,,False,False,False,False,False,False,,,False
R1663,"ATP transport, cytoplasm-Golgi membrane",transport,,0,2,"C_cy,C_gm",False,,False,False,False,False,False,False,,,False
R1664,"ADP transport, cytoplasm-Golgi membrane",transport,,0,2,"C_cy,C_gm",False,,False,False,False,False,False,False,,,False
R1665,"H2O transport, cytoplasm-mitochondrial membrane",transport,,0,2,"C_cy,C_mm",False,,False,False,False,False,False,False,,,False
R1666,"carbon dioxide transport, cytoplasm-mitochondrial membrane",transport,,0,2,"C_cy,C_mm",False,,False,False,False,False,False,False,,,False
R1667,"palmitoleoyl-CoA transport, cytoplasm-mitochondrial membrane",transport,,0,2,"C_cy,C_mm",False,,False,False,False,False,False,False,,,True
R1668,"oleoyl-CoA transport, cytoplasm-mitochondrial membrane",transport,,0,2,"C_cy,C_mm",False,,False,False,False,False,False,False,,,True
R1669,"palmitate transport, mitochondrial membrane-cytoplasm",transport,,0,2,"C_cy,C_mm",False,,False,False,False,False,False,False,,,True
R1670,"stearate transport, mitochondrial membrane-cytoplasm",transport,,0,2,"C_cy,C_mm",False,,False,False,False,False,False,False,,,True
R1671,"coenzyme A transport, mitochondrial membrane-cytoplasm",transport,,0,2,"C_cy,C_mm",False,,False,False,False,False,False,False,,,True
R1672,"laurate transport, ER membrane-lipid particle",transport,,0,2,"C_em,C_lp",False,,False,False,False,False,False,False,,,False
R1673,"myristate transport, ER membrane-lipid particle",transport,,0,2,"C_em,C_lp",False,,False,False,False,False,False,False,,,False
R1674,"lignoceric acid transport, ER membrane-lipid particle",transport,,0,2,"C_em,C_lp",False,,False,False,False,False,False,False,,,False
R1675,"cerotic acid transport, ER membrane-lipid particle",transport,,0,2,"C_em,C_lp",False,,False,False,False,False,False,False,,,False
R1676,"episterol transport, ER membrane-lipid particle",transport,,0,2,"C_em,C_lp",False,,False,False,False,False,False,False,,,False
R1677,"fecosterol transport, ER membrane-lipid particle",transport,,0,2,"C_em,C_lp",False,,False,False,False,False,False,False,,,False
R1678,"lanosterol transport, ER membrane-lipid particle",transport,,0,2,"C_em,C_lp",False,,False,False,False,False,False,False,,,False
R1679,"zymosterol transport, ER membrane-lipid particle",transport,,0,2,"C_em,C_lp",False,,False,False,False,False,False,False,,,False
R1680,"ergosteryl palmitoleate transport, ER membrane-lipid particle",transport,,0,2,"C_em,C_lp",False,,False,False,False,False,False,False,,,False
R1681,"ergosteryl oleate transport, ER membrane-lipid particle",transport,,0,2,"C_em,C_lp",False,,False,False,False,False,False,False,,,False
R1682,"episteryl palmitoleate transport, ER membrane-lipid particle",transport,,0,2,"C_em,C_lp",False,,False,False,False,False,False,False,,,False
R1683,"episteryl oleate transport, ER membrane-lipid particle",transport,,0,2,"C_em,C_lp",False,,False,False,False,False,False,False,,,False
R1684,"fecosteryl palmitoleate transport, ER membrane-lipid particle",transport,,0,2,"C_em,C_lp",False,,False,False,False,False,False,False,,,False
R1685,"fecosteryl oleate transport, ER membrane-lipid particle",transport,,0,2,"C_em,C_lp",False,,False,False,False,False,False,False,,,False
R1686,"lanosteryl palmitoleate transport, ER membrane-lipid particle",transport,,0,2,"C_em,C_lp",False,,False,False,False,False,False,False,,,False
R1687,"lanosteryl oleate transport, ER membrane-lipid particle",transport,,0,2,"C_em,C_lp",False,,False,False,False,False,False,False,,,False
R1688,"zymosteryl palmitoleate transport, ER membrane-lipid particle",transport,,0,2,"C_em,C_lp",False,,False,False,False,False,False,False,,,False
R1689,"zymosteryl oleate transport, ER membrane-lipid particle",transport,,0,2,"C_em,C_lp",False,,False,False,False,False,False,False,,,False
R1690,"lignoceric acid transport, cell envelope-ER membrane",transport,,0,2,"C_em,C_en",False,,False,False,False,False,False,False,,,True
R1691,"cerotic acid transport, cell envelope-ER membrane",transport,,0,2,"C_em,C_en",False,,False,False,False,False,False,False,,,True
R1692,"zymosteryl palmitoleate transport, ER membrane-cell envelope",transport,,0,2,"C_em,C_en",False,,False,False,False,False,False,False,,,False
R1693,"zymosteryl oleate transport, ER membrane-cell envelope",transport,,0,2,"C_em,C_en",False,,False,False,False,False,False,False,,,False
R1694,"lignoceric acid transport, ER membrane-ER",transport,,0,2,"C_em,C_er",False,,False,False,False,False,False,False,,,False
R1695,"cerotic acid transport, ER membrane-ER",transport,,0,2,"C_em,C_er",False,,False,False,False,False,False,False,,,False
R1696,"ergosterol transport, ER-ER membrane",transport,,0,2,"C_em,C_er",False,,False,False,False,False,False,False,,,False
R1697,"phosphate transport, ER-ER membrane",transport,,0,2,"C_em,C_er",False,,False,False,False,False,False,False,,,False
R1698,"H+ transport, mitochondrion-mitochondrial membrane",transport,,0,2,"C_mi,C_mm",False,,False,False,False,False,False,False,,,False
R1699,"glycerol 3-phosphate transport, mitochondrion-mitochondrial membrane",transport,,0,2,"C_mi,C_mm",False,,False,False,False,False,False,False,,,False
R1700,"CMP transport, mitochondrion-mitochondrial membrane",transport,,0,2,"C_mi,C_mm",False,,False,False,False,False,False,False,,,False
R1701,"CTP transport, mitochondrion-mitochondrial membrane",transport,,0,2,"C_mi,C_mm",False,,False,False,False,False,False,False,,,False
R1702,"phosphate transport, mitochondrion-mitochondrial membrane",transport,,0,2,"C_mi,C_mm",False,,False,False,False,False,False,False,,,False
R1703,"diphosphate transport, mitochondrion-mitochondrial membrane",transport,,0,2,"C_mi,C_mm",False,,False,False,False,False,False,False,,,False
R1704,"phosphatidyl-L-serine transport, ER membrane-cytoplasm",transport,,0,2,"C_cy,C_em",False,,False,False,False,False,False,False,,,False
R1705,"phosphatidylcholine transport, ER membrane-cytoplasm",transport,,0,2,"C_cy,C_em",False,,False,False,False,False,False,False,,,False
R1706,"phosphatidylethanolamine transport, ER membrane-cytoplasm",transport,,0,2,"C_cy,C_em",False,,False,False,False,False,False,False,,,False
R1707,"triglyceride transport, ER membrane-cytoplasm",transport,,0,2,"C_cy,C_em",False,,False,False,False,False,False,False,,,False
R1708,succinyl-CoA:acetate CoA transferase,metabolic,YALI1E36437g,1,4,C_mi,True,"bigg.reaction,biggr,kegg.reaction,keggr,metacyc.reaction,metacycr,metanetx.reaction,rh,rhea,sabiork.reaction,sabiorkr,seed.reaction,seedr",True,True,True,True,False,False,,,False
R1709,heme a transport,transport,,0,2,"C_cy,C_mi",False,,False,False,False,False,False,False,,,True
R1710,yeast 8 biomass pseudoreaction,transport,,0,64,"C_cy,C_en",False,,False,False,False,False,False,False,,,True
R1711,raffinose invertase,metabolic,YALI1F07827g,1,4,C_ex,False,,False,False,False,False,False,False,,,True
R1712,raffinose exchange,exchange,,0,1,C_ex,True,"bigg.reaction,biggr,metanetx.reaction,seed.reaction,seedr,vmhr,vmhreaction",True,False,True,False,False,False,,raffin,True
R1713,melibiose exchange,exchange,,0,1,C_ex,True,"bigg.reaction,biggr,metanetx.reaction,vmhr,vmhreaction",True,False,True,False,False,False,,6dg,True
R1714,uridine hydrolase,metabolic,YALI1F05220g,1,4,C_cy,True,"bigg.reaction,biggr,kegg.reaction,keggr,metacyc.reaction,metacycr,metanetx.reaction,rh,rhea,sabiork.reaction,sabiorkr",True,True,True,True,False,False,,,False
R1715,triacylglycerol lipase,metabolic,YALI1D21511g or YALI1F13550g,2,5,C_lp,True,"metanetx.reaction,seed.reaction,seedr",False,False,True,False,False,False,,,False
R1716,phosphatidylinositol 4-kinase,metabolic,YALI1A02974g,1,5,C_vm,True,"bigg.reaction,biggr,metanetx.reaction",True,False,True,False,False,False,,,True
R1717,phosphatidylinositol 4-kinase,metabolic,YALI1E33150g or YALI1A02974g,2,5,C_en,True,"bigg.reaction,biggr,metanetx.reaction",True,False,True,False,False,False,,,False
R1718,phosphatidylinositol-4-phosphate 5-kinase,metabolic,YALI1F30903g,1,5,C_en,False,,False,False,False,False,False,False,,,False
R1719,"lysoPI acyltransferase, ER membrane",metabolic,YALI1F04157g,1,4,C_em,False,,False,False,False,False,False,False,,,True
R1720,DAG kinase,metabolic,YALI1F25444g,1,5,C_em,False,,False,False,False,False,False,False,,,True
R1721,cardiolipin synthase,metabolic,YALI1F31283g,1,5,C_mm,True,"bigg.reaction,biggr,metanetx.reaction",True,False,True,False,False,False,,,False
R1722,PGP phosphatase,metabolic,YALI1A13994g,1,4,C_mm,False,,False,False,False,False,False,False,,,False
R1723,CL phospholipase,metabolic,YALI1D22083g,1,5,C_mm,False,,False,False,False,False,False,False,,,True
R1724,MLCL:PC acyltransferase,metabolic,YALI1C19814g,1,4,C_mm,False,,False,False,False,False,False,False,,,True
R1725,choline/ethanolaminephosphotransferase,metabolic,YALI1C15420g,1,5,C_em,False,,False,False,False,False,False,False,,,True
R1726,cholinephosphotransferase,metabolic,YALI1C15420g,1,5,C_em,False,,False,False,False,False,False,False,,,True
R1727,"lysoPC acyltransferase, mitochondrial membrane",metabolic,,0,4,C_mm,False,,False,False,False,False,False,False,,,True
R1728,PE diacylglycerol acyltransferase,metabolic,YALI1E20049g,1,4,C_em,False,,False,False,False,False,False,False,,,False
R1729,PC diacylglycerol acyltransferase,metabolic,YALI1E20049g,1,4,C_em,False,,False,False,False,False,False,False,,,False
R1730,PC phospholipase B,metabolic,YALI1B14733g,1,5,C_em,False,,False,False,False,False,False,False,,,False
R1731,LPC phospholipase B,metabolic,YALI1B14733g,1,5,C_em,False,,False,False,False,False,False,False,,,False
R1732,PC phospholipase B,metabolic,YALI1E19263g or YALI1D10495g or YALI1B02733g or YALI1E26513g,4,5,C_en,False,,False,False,False,False,False,False,,,True
R1733,LPC phospholipase B,metabolic,YALI1E19263g or YALI1D10495g or YALI1B02733g or YALI1E26513g,4,5,C_en,False,,False,False,False,False,False,False,,,True
R1734,PE phospholipase B,metabolic,YALI1E19263g or YALI1D10495g or YALI1B02733g or YALI1E26513g,4,5,C_en,False,,False,False,False,False,False,False,,,True
R1735,LPE phospholipase B,metabolic,YALI1E19263g or YALI1D10495g or YALI1B02733g or YALI1E26513g,4,5,C_en,False,,False,False,False,False,False,False,,,True
R1736,PS phospholipase B,metabolic,YALI1E19263g or YALI1D10495g or YALI1B02733g or YALI1E26513g,4,5,C_en,False,,False,False,False,False,False,False,,,True
R1737,LPS phospholipase B,metabolic,YALI1E19263g or YALI1D10495g or YALI1B02733g or YALI1E26513g,4,5,C_en,False,,False,False,False,False,False,False,,,True
R1738,PI phospholipase B,metabolic,YALI1E19263g or YALI1D10495g or YALI1B02733g or YALI1E26513g,4,5,C_en,False,,False,False,False,False,False,False,,,True
R1739,LPI phospholipase B,metabolic,YALI1E19263g or YALI1D10495g or YALI1B02733g or YALI1E26513g,4,5,C_en,False,,False,False,False,False,False,False,,,True
R1740,"PI 4,5-P2 phospholipase C",metabolic,YALI1C05570g,1,5,C_cy,False,,False,False,False,False,False,False,,,True
R1741,"PI 4,5-P2 phospholipase C",metabolic,YALI1C05570g,1,5,C_nu,False,,False,False,False,False,False,False,,,True
R1742,PG phospholipase C,metabolic,YALI1F11605g,1,5,C_mm,False,,False,False,False,False,False,False,,,False
R1743,PC phospholipase D,metabolic,YALI1E22633g,1,5,C_en,False,,False,False,False,False,False,False,,,True
R1744,PI 3-P phosphatase,metabolic,YALI1D08205g,1,4,C_en,False,,False,False,False,False,False,False,,,False
R1745,PI 3-P phosphatase,metabolic,YALI1D08205g or YALI1E28097g,2,4,C_cy,False,,False,False,False,False,False,False,,,False
R1746,PI 3-P phosphatase,metabolic,YALI1D07665g,1,4,C_em,False,,False,False,False,False,False,False,,,False
R1747,PI 3-P phosphatase,metabolic,YALI1D07665g,1,4,C_gm,False,,False,False,False,False,False,False,,,False
R1748,PI 4-P phosphatase,metabolic,YALI1D08205g,1,4,C_en,False,,False,False,False,False,False,False,,,False
R1749,PI 4-P phosphatase,metabolic,YALI1D08205g,1,4,C_cy,False,,False,False,False,False,False,False,,,False
R1750,PI 4-P phosphatase,metabolic,YALI1D07665g,1,4,C_em,False,,False,False,False,False,False,False,,,False
R1751,PI 4-P phosphatase,metabolic,YALI1D07665g,1,4,C_gm,False,,False,False,False,False,False,False,,,False
R1752,"PI 3,5-P2 phosphatase",metabolic,YALI1D08205g,1,4,C_en,False,,False,False,False,False,False,False,,,False
R1753,"PI 3,5-P2 phosphatase",metabolic,YALI1D08205g,1,4,C_cy,False,,False,False,False,False,False,False,,,False
R1754,"PI 4,5-P2 phosphatase",metabolic,YALI1D08205g,1,4,C_en,False,,False,False,False,False,False,False,,,False
R1755,"PI 4,5-P2 phosphatase",metabolic,YALI1D08205g,1,4,C_cy,False,,False,False,False,False,False,False,,,False
R1756,"PI 4,5-P2 phosphatase",metabolic,YALI1F16045g,1,4,C_em,False,,False,False,False,False,False,False,,,False
R1757,"PI 3,5-P2 phosphatase",metabolic,YALI1E39248g and YALI1B29562g,2,4,C_vm,False,,False,False,False,False,False,False,,,False
R1758,DGPP phosphatase,metabolic,YALI1B19107g,1,5,C_vm,False,,False,False,False,False,False,False,,,False
R1759,DGPP phosphatase,metabolic,YALI1B19107g,1,5,C_gm,False,,False,False,False,False,False,False,,,False
R1760,"lysoPA phosphatase, cytoplasm",metabolic,YALI1F34187g,1,4,C_cy,False,,False,False,False,False,False,False,,,True
R1761,"lysoPA phosphatase, vacuolar membrane",metabolic,YALI1B19107g,1,4,C_vm,False,,False,False,False,False,False,False,,,True
R1762,"lysoPA phosphatase, Golgi membrane",metabolic,YALI1B19107g,1,4,C_gm,False,,False,False,False,False,False,False,,,True
R1763,"DAG lipase, lipid particle",metabolic,YALI1D20257g,1,5,C_lp,False,,False,False,False,False,False,False,,,False
R1764,"DAG lipase, mitochondrion",metabolic,YALI1E37118g,1,5,C_mi,False,,False,False,False,False,False,False,,,True
R1765,MAG lipase,metabolic,YALI1C20224g,1,5,C_lp,False,,False,False,False,False,False,False,,,False
R1766,"lysoPE acyltransferase, lipid particle",metabolic,YALI1D20257g,1,4,C_lp,False,,False,False,False,False,False,False,,,False
R1767,"PC phospholipase A2, lipid particle",metabolic,YALI1F13550g,1,5,C_lp,False,,False,False,False,False,False,False,,,False
R1768,"PE phospholipase A2, lipid particle",metabolic,YALI1F13550g,1,5,C_lp,False,,False,False,False,False,False,False,,,False
R1769,"PA kinase, Golgi membrane",metabolic,,0,4,C_gm,False,,False,False,False,False,False,False,,,False
R1770,"PA kinase, vacuolar membrane",metabolic,,0,4,C_vm,False,,False,False,False,False,False,False,,,False
R1771,diacylglycerol acyltransferase,metabolic,YALI1E38810g,1,4,C_lp,True,"bigg.reaction,biggr,metanetx.reaction",True,False,True,False,False,False,,,False
R1772,diacylglycerol acyltransferase,metabolic,YALI1E38810g,1,4,C_em,True,"bigg.reaction,biggr,metanetx.reaction",True,False,True,False,False,False,,,True
R1773,diacylglycerol pyrophosphate phosphatase,metabolic,YALI1D35593g,1,4,C_em,False,,False,False,False,False,False,False,,,False
R1774,diacylglycerol pyrophosphate phosphatase,metabolic,YALI1B19107g,1,4,C_vm,False,,False,False,False,False,False,False,,,True
R1775,diacylglycerol pyrophosphate phosphatase,metabolic,YALI1B19107g,1,4,C_gm,False,,False,False,False,False,False,False,,,True
R1776,"diglyceride transport, cytoplasm-ER membrane",transport,,0,2,"C_cy,C_em",False,,False,False,False,False,False,False,,,False
R1777,"1-phosphatidyl-1D-myo-inositol transport, cytoplasm-ER membrane",transport,,0,2,"C_cy,C_em",False,,False,False,False,False,False,False,,,False
R1778,"diglyceride transport, cytoplasm-lipid particle",transport,,0,2,"C_cy,C_lp",False,,False,False,False,False,False,False,,,False
R1779,"1-phosphatidyl-1D-myo-inositol 4,5-bisphosphate transport, cell envelope-cytoplasm",transport,,0,2,"C_cy,C_en",False,,False,False,False,False,False,False,,,False
R1780,"1-phosphatidyl-1D-myo-inositol 4-phosphate transport, cell envelope-cytoplasm",transport,,0,2,"C_cy,C_en",False,,False,False,False,False,False,False,,,False
R1781,"1-phosphatidyl-1D-myo-inositol 4,5-bisphosphate transport, nucleus-cytoplasm",transport,,0,2,"C_cy,C_nu",False,,False,False,False,False,False,False,,,False
R1782,"diglyceride transport, nucleus-cytoplasm",transport,,0,2,"C_cy,C_nu",False,,False,False,False,False,False,False,,,True
R1783,"1-phosphatidyl-1D-myo-inositol 3,5-bisphosphate transport, vacuolar membrane-cytoplasm",transport,,0,2,"C_cy,C_vm",False,,False,False,False,False,False,False,,,False
R1784,"diglyceride transport, mitochondrial membrane-cytoplasm",transport,,0,2,"C_cy,C_mm",False,,False,False,False,False,False,False,,,False
R1785,"TAG transport, ER membrane-lipid particle",transport,,0,2,"C_em,C_lp",False,,False,False,False,False,False,False,,,False
R1786,"phosphatidylcholine transport, ER membrane-lipid particle",transport,,0,2,"C_em,C_lp",False,,False,False,False,False,False,False,,,False
R1787,"phosphatidylethanolamine transport, ER membrane-lipid particle",transport,,0,2,"C_em,C_lp",False,,False,False,False,False,False,False,,,False
R1788,"1-acylglycerophosphocholine transport, ER membrane-lipid particle",transport,,0,2,"C_em,C_lp",False,,False,False,False,False,False,False,,,False
R1789,"1-acylglycerophosphoethanolamine transport, ER membrane-lipid particle",transport,,0,2,"C_em,C_lp",False,,False,False,False,False,False,False,,,False
R1790,"phosphatidate transport, lipid particle-ER membrane",transport,,0,2,"C_em,C_lp",False,,False,False,False,False,False,False,,,False
R1791,"phosphatidate transport, ER membrane-mitochondrial membrane",transport,,0,2,"C_em,C_mm",False,,False,False,False,False,False,False,,,False
R1792,"phosphatidyl-L-serine transport, ER membrane-mitochondrial membrane",transport,,0,2,"C_em,C_mm",False,,False,False,False,False,False,False,,,False
R1793,"phosphatidylethanolamine transport, mitochondrial membrane-ER membrane",transport,,0,2,"C_em,C_mm",False,,False,False,False,False,False,False,,,False
R1794,"phosphatidylcholine transport, ER membrane-mitochondrial membrane",transport,,0,2,"C_em,C_mm",False,,False,False,False,False,False,False,,,True
R1795,"diglyceride transport, ER membrane-Golgi membrane",transport,,0,2,"C_em,C_gm",False,,False,False,False,False,False,False,,,True
R1796,"phosphatidate transport, ER membrane-Golgi membrane",transport,,0,2,"C_em,C_gm",False,,False,False,False,False,False,False,,,True
R1797,"1-phosphatidyl-1D-myo-inositol transport, ER membrane-Golgi membrane",transport,,0,2,"C_em,C_gm",False,,False,False,False,False,False,False,,,False
R1798,"phosphatidyl-L-serine transport, ER membrane-Golgi membrane",transport,,0,2,"C_em,C_gm",False,,False,False,False,False,False,False,,,False
R1799,"phosphatidylethanolamine transport, Golgi membrane-ER membrane",transport,,0,2,"C_em,C_gm",False,,False,False,False,False,False,False,,,False
R1800,"phosphatidate transport, ER membrane-vacuolar membrane",transport,,0,2,"C_em,C_vm",False,,False,False,False,False,False,False,,,True
R1801,"1-phosphatidyl-1D-myo-inositol transport, ER membrane-vacuolar membrane",transport,,0,2,"C_em,C_vm",False,,False,False,False,False,False,False,,,False
R1802,"phosphatidyl-L-serine transport, ER membrane-vacuolar membrane",transport,,0,2,"C_em,C_vm",False,,False,False,False,False,False,False,,,False
R1803,"phosphatidylethanolamine transport, vacuolar membrane-ER membrane",transport,,0,2,"C_em,C_vm",False,,False,False,False,False,False,False,,,False
R1804,"1-phosphatidyl-1D-myo-inositol 3-phosphate transport, vacuolar membrane-ER membrane",transport,,0,2,"C_em,C_vm",False,,False,False,False,False,False,False,,,False
R1805,"1-phosphatidyl-1D-myo-inositol transport, ER membrane-cell envelope",transport,,0,2,"C_em,C_en",False,,False,False,False,False,False,False,,,False
R1806,"phosphatidylcholine transport, ER membrane-cell envelope",transport,,0,2,"C_em,C_en",False,,False,False,False,False,False,False,,,False
R1807,"phosphatidylethanolamine transport, ER membrane-cell envelope",transport,,0,2,"C_em,C_en",False,,False,False,False,False,False,False,,,False
R1808,"phosphatidyl-L-serine transport, ER membrane-cell envelope",transport,,0,2,"C_em,C_en",False,,False,False,False,False,False,False,,,True
R1809,"phosphatidate transport, cell envelope-ER membrane",transport,,0,2,"C_em,C_en",False,,False,False,False,False,False,False,,,True
R1810,"1-phosphatidyl-1D-myo-inositol 4-phosphate transport, cell envelope-ER membrane",transport,,0,2,"C_em,C_en",False,,False,False,False,False,False,False,,,False
R1811,"1-phosphatidyl-1D-myo-inositol 4,5-bisphosphate transport, cell envelope-ER membrane",transport,,0,2,"C_em,C_en",False,,False,False,False,False,False,False,,,False
R1812,"1-phosphatidyl-1D-myo-inositol transport, ER membrane-nucleus",transport,,0,2,"C_em,C_nu",False,,False,False,False,False,False,False,,,False
R1813,"1-phosphatidyl-1D-myo-inositol 3-phosphate transport, vacuolar membrane-Golgi membrane",transport,,0,2,"C_gm,C_vm",False,,False,False,False,False,False,False,,,False
R1814,"1-phosphatidyl-1D-myo-inositol 3,5-bisphosphate transport, vacuolar membrane-cell envelope",transport,,0,2,"C_en,C_vm",False,,False,False,False,False,False,False,,,False
R1815,inositolphosphotransferase,transport,YALI1E19647g,1,4,"C_gm,C_go",False,,False,False,False,False,False,False,,,True
R1816,inositolphosphotransferase,transport,YALI1E19647g,1,4,"C_gm,C_go",False,,False,False,False,False,False,False,,,True
R1817,inositolphosphotransferase,transport,YALI1E19647g,1,4,"C_gm,C_go",False,,False,False,False,False,False,False,,,True
R1818,inositolphosphotransferase,transport,YALI1E19647g,1,4,"C_gm,C_go",False,,False,False,False,False,False,False,,,True
R1819,inositolphosphotransferase,transport,YALI1E19647g,1,4,"C_gm,C_go",False,,False,False,False,False,False,False,,,True
R1820,inositolphosphotransferase,transport,YALI1E19647g,1,4,"C_gm,C_go",False,,False,False,False,False,False,False,,,True
R1821,inositolphosphotransferase,transport,YALI1E19647g,1,4,"C_gm,C_go",False,,False,False,False,False,False,False,,,True
R1822,inositolphosphotransferase,transport,YALI1E19647g,1,4,"C_gm,C_go",False,,False,False,False,False,False,False,,,True
R1823,inositolphosphotransferase,transport,YALI1E19647g,1,4,"C_gm,C_go",False,,False,False,False,False,False,False,,,True
R1824,inositolphosphotransferase,transport,YALI1E19647g,1,4,"C_gm,C_go",False,,False,False,False,False,False,False,,,True
R1825,IPC synthase,transport,YALI1E19647g,1,4,"C_gm,C_go",False,,False,False,False,False,False,False,,,True
R1826,IPC synthase,transport,YALI1E19647g,1,4,"C_gm,C_go",False,,False,False,False,False,False,False,,,True
R1827,IPC synthase,transport,YALI1E19647g,1,4,"C_gm,C_go",False,,False,False,False,False,False,False,,,True
R1828,IPC synthase,transport,YALI1E19647g,1,4,"C_gm,C_go",False,,False,False,False,False,False,False,,,True
R1829,IPC synthase,transport,YALI1E19647g,1,4,"C_gm,C_go",False,,False,False,False,False,False,False,,,True
R1830,IPC synthase,transport,YALI1E19647g,1,4,"C_gm,C_go",False,,False,False,False,False,False,False,,,True
R1831,IPC synthase,transport,YALI1E19647g,1,4,"C_gm,C_go",False,,False,False,False,False,False,False,,,True
R1832,IPC synthase,transport,YALI1E19647g,1,4,"C_gm,C_go",False,,False,False,False,False,False,False,,,True
R1833,IPC synthase,transport,YALI1E19647g,1,4,"C_gm,C_go",False,,False,False,False,False,False,False,,,True
R1834,IPC synthase,transport,YALI1E19647g,1,4,"C_gm,C_go",False,,False,False,False,False,False,False,,,True
R1835,phosphatidylethanolamine methyltransferase,metabolic,YALI1E07347g,1,5,C_em,False,,False,False,False,False,False,False,,,False
R1836,phosphatidylglycerolphosphate synthase,metabolic,YALI1E17162g,1,5,C_mm,False,,False,False,False,False,False,False,,,False
R1837,phosphatidylinositol 4-kinase,metabolic,YALI1B03719g or YALI1E18242g,2,5,C_gm,True,"bigg.reaction,biggr,metanetx.reaction",True,False,True,False,False,False,,,False
R1838,phosphatidylinositol 4-kinase,metabolic,YALI1B03719g,1,5,C_nu,True,"bigg.reaction,biggr,metanetx.reaction",True,False,True,False,False,False,,,False
R1839,phosphatidylinositol synthase,metabolic,YALI1F27002g,1,5,C_em,False,,False,False,False,False,False,False,,,False
R1840,phosphatidylinositol-4-phosphate 5-kinase,metabolic,YALI1F30903g,1,5,C_nu,False,,False,False,False,False,False,False,,,False
R1841,PS synthase,metabolic,YALI1D10930g,1,5,C_em,False,,False,False,False,False,False,False,,,False
R1842,phospholipase D,metabolic,YALI1E22633g,1,5,C_en,True,"bigg.reaction,biggr,metanetx.reaction",True,False,True,False,False,False,,,True
R1843,1-acyl-sn-gylcerol-3-phosphate acyltransferase,metabolic,YALI1E22736g or YALI1F25951g,2,4,C_em,False,,False,False,False,False,False,False,,,True
R1844,phospholipid methyltransferase,metabolic,YALI1E15432g,1,5,C_em,True,"metanetx.reaction,rh,rhea,seed.reaction,seedr",False,False,True,True,False,False,,,False
R1845,phospholipid methyltransferase,metabolic,YALI1E15432g,1,5,C_em,True,"metanetx.reaction,rh,rhea,seed.reaction,seedr",False,False,True,True,False,False,,,False
R1846,1-acyl-sn-gylcerol-3-phosphate acyltransferase,metabolic,YALI1E22736g or YALI1F13550g or YALI1D21511g,3,4,C_lp,False,,False,False,False,False,False,False,,,False
xBIOMASS,xBIOMASS,metabolic,,0,20,C_cy,False,,False,False,False,False,False,False,,,False
xLIPID,Lipids pool,transport,,0,12,"C_cy,C_em,C_lp,C_mm",False,,False,False,False,False,False,False,,,False
xAMINOACID,Amino acid composition,metabolic,,0,21,C_cy,False,,False,False,False,False,False,False,,,False
xMAINTENANCE,Non-growth associated maintenance (NGAM),metabolic,,0,4,C_cy,False,,False,False,False,False,False,False,,,False
xPOOL_AC_EM,Acyl-CoAs pool,metabolic,,0,7,C_em,False,,False,False,False,False,False,False,,,False
xPOOL_AC_LP,Acyl-CoAs pool,metabolic,,0,7,C_lp,False,,False,False,False,False,False,False,,,False
xPOOL_AC_MM,Acyl-CoAs pool,metabolic,,0,7,C_mm,False,,False,False,False,False,False,False,,,True
xPOOL_FA_EM,Fatty acids pool,metabolic,,0,7,C_em,False,,False,False,False,False,False,False,,,False
xPOOL_FA_EN,Fatty acids pool,metabolic,,0,7,C_en,False,,False,False,False,False,False,False,,,True
xPOOL_FA_LP,Fatty acids pool,metabolic,,0,7,C_lp,False,,False,False,False,False,False,False,,,False
xPOOL_FA_MI,Fatty acids pool,metabolic,,0,7,C_mi,False,,False,False,False,False,False,False,,,True
xPOOL_FA_MM,Fatty acids pool,metabolic,,0,7,C_mm,False,,False,False,False,False,False,False,,,True
R1861,decane transport e--c,transport,YALI1B03910g or YALI1C28310g,2,2,"C_cy,C_ex",False,,False,False,False,False,False,False,,,True
R1862,hexadecane transport e--c,transport,YALI1B03910g or YALI1C28310g,2,2,"C_cy,C_ex",False,,False,False,False,False,False,False,,,True
R1863,alkane oxidase (C10),metabolic,YALI1E30815g or YALI1B18311g,2,7,C_cy,False,,False,False,False,False,False,False,,,True
R1864,long-chain alcohol dehydrogenase (C10),metabolic,YALI1F13170g or YALI1D33961g or YALI0E07787g or YALI1A16292g or YALI1E19014g or YALI1D02444g or YALI1A15227g or YALI1E09329g,8,6,C_cy,False,,False,False,False,False,False,False,,,False
R1865,alkane oxidase (C12),metabolic,YALI1B02833g or YALI1B18311g,2,7,C_cy,False,,False,False,False,False,False,False,,,True
R1866,long-chain alcohol dehydrogenase (C12),metabolic,YALI1F13170g or YALI1D33961g or YALI0E07787g or YALI1A16292g or YALI1E19014g or YALI1D02444g or YALI1A15227g or YALI1E09329g,8,6,C_cy,False,,False,False,False,False,False,False,,,False
R1867,alkane oxidase (C16),metabolic,YALI1B02833g or YALI1B18311g or YALI1F02132g,3,7,C_cy,False,,False,False,False,False,False,False,,,True
R1868,long-chain alcohol dehydrogenase (C16),metabolic,YALI1F13170g or YALI1D33961g or YALI0E07787g or YALI1A16292g or YALI1E19014g or YALI1D02444g or YALI1A15227g or YALI1E09329g,8,5,C_cy,False,,False,False,False,False,False,False,,,False
R1869,"oleoyl-CoA desaturase (n-C18:1CoA - n-C18:2CoA), ER membrane",metabolic,YALI1C07638g,1,7,C_em,False,,False,False,False,False,False,False,,,False
R1870,"fatty-acid--CoA ligase (octadecadienoate), ER membrane",metabolic,YALI1D22124g,1,6,C_em,False,,False,False,False,False,False,False,,,False
R1871,"fatty-acid--CoA ligase (octadecadienoate), lipid particle",metabolic,YALI1D22124g,1,6,C_lp,False,,False,False,False,False,False,False,,,False
R1872,"fatty-acid--CoA ligase (octadecadienoate), peroxisome",metabolic,YALI1E19172g,1,6,C_pe,False,,False,False,False,False,False,False,,,False
R1873,peroxisomal acyl-CoA thioesterase (18:2),metabolic,YALI1F19697g,1,5,C_pe,False,,False,False,False,False,False,False,,,False
R1874,fatty acyl-CoA transport via ABC system (C18:2),transport,YALI1D05320g and YALI1A06361g,2,7,"C_cy,C_pe",False,,False,False,False,False,False,False,,,False
R1875,isocitrate transport,transport,,0,2,"C_cy,C_ex",False,,False,False,False,False,False,False,,,False
R1876,octadecenoate (n-C18:1) transport,transport,,0,2,"C_cy,C_ex",False,,False,False,False,False,False,False,,,True
R1877,"octadecenoate (n-C18:1) transport, cytoplasm-peroxisome",transport,YALI1C05386g,1,2,"C_cy,C_pe",False,,False,False,False,False,False,False,,,False
R1878,"linoleoyl-CoA transport, cytoplasm-ER membrane",transport,,0,2,"C_cy,C_em",False,,False,False,False,False,False,False,,,False
R1879,"linoleoyl-CoA transport, cytoplasm-lipid particle",transport,,0,2,"C_cy,C_lp",False,,False,False,False,False,False,False,,,False
R1880,"linoleoyl-CoA transport, cytoplasm-mitochondrial membrane",transport,,0,2,"C_cy,C_mm",False,,False,False,False,False,False,False,,,True
R1881,dodecane transport e--c,transport,YALI1B03910g or YALI1C28310g,2,2,"C_cy,C_ex",False,,False,False,False,False,False,False,,,True
R1882,long-chain alcohol oxidase (C10),metabolic,YALI1B18572g,1,4,C_cy,False,,False,False,False,False,False,False,,,False
R1883,long-chain alcohol oxidase (C12),metabolic,YALI1B18572g,1,4,C_cy,False,,False,False,False,False,False,False,,,False
R1884,long-chain alcohol oxidase (C16),metabolic,YALI1B18572g,1,4,C_cy,False,,False,False,False,False,False,False,,,False
R1885,long-chain aldehyde dehydrogenase (C10),metabolic,(YALI1B02194g and YALI1E18480g and YALI1A18062g and YALI1F31215g) or YALI1F13170g or YALI1D33961g or YALI0E07787g or YALI1A16292g or YALI1E19014g or YALI1D02444g or YALI1A15227g or YALI1E09329g,12,6,C_cy,False,,False,False,False,False,False,False,,,True
R1886,long-chain aldehyde dehydrogenase (C12),metabolic,(YALI1B02194g and YALI1E18480g and YALI1A18062g and YALI1F31215g) or YALI1F13170g or YALI1D33961g or YALI0E07787g or YALI1A16292g or YALI1E19014g or YALI1D02444g or YALI1A15227g or YALI1E09329g,12,6,C_cy,False,,False,False,False,False,False,False,,,True
R1887,long-chain aldehyde dehydrogenase (C16),metabolic,(YALI1B02194g and YALI1E18480g and YALI1A18062g and YALI1F31215g) or YALI1F13170g or YALI1D33961g or YALI0E07787g or YALI1A16292g or YALI1E19014g or YALI1D02444g or YALI1A15227g or YALI1E09329g,12,6,C_cy,False,,False,False,False,False,False,False,,,True
R1888,octadecenoate (n-C18:1) transport,transport,,0,2,"C_cy,C_lp",False,,False,False,False,False,False,False,,,False
R1889,NADH dehydrogenase (complex I),transport,,0,6,"C_cy,C_mi",False,,False,False,False,False,False,False,,,False
R1891,"glycerol transport, mm - cy",transport,,0,2,"C_cy,C_mm",False,,False,False,False,False,False,False,,,True
R1892,glycinamide ribonucleotide transformylase,metabolic,YALI1B30090g,1,6,C_cy,True,"bigg.reaction,biggr,kegg.reaction,keggr,metacyc.reaction,metacycr,metanetx.reaction,rh,rhea,sabiork.reaction,sabiorkr,seed.reaction,seedr,vmhr,vmhreaction",True,True,True,True,False,False,,,False
R1893,mannitol dehydrogenase,metabolic,YALI1B21134g,1,5,C_cy,True,"metacyc.reaction,metacycr,metanetx.reaction,seed.reaction,seedr",False,False,True,False,False,False,,,True
R1894,ATP-citrate lyase,metabolic,YALI1E41315g or YALI1D32268g,2,7,C_cy,True,"bigg.reaction,biggr,kegg.reaction,keggr,metacyc.reaction,metacycr,metanetx.reaction,rh,rhea,sabiork.reaction,sabiorkr,seed.reaction,seedr,vmhr,vmhreaction",True,True,True,True,False,False,,,False
R1895,extracellular tributyrin hydrolysis,metabolic,YALI1A21372g,1,4,C_ex,False,,False,False,False,False,False,False,,,True
R1896,extracellular dibutyrin hydrolysis,metabolic,YALI1A21372g,1,4,C_ex,False,,False,False,False,False,False,False,,,True
R1897,extracellular monobutyrate hydrolysis,metabolic,YALI1D24333g and YALI1B12489g,2,4,C_ex,False,,False,False,False,False,False,False,,,True
R1898,fatty-acid--CoA ligase (butyrate),metabolic,YALI1E19172g,1,6,C_pe,False,,False,False,False,False,False,False,,,False
R1899,O-succinylhomoserine lyase (elimination),metabolic,YALI1C30440g or YALI1D21408g,2,5,C_cy,False,,False,False,False,False,False,False,,,True
R1900,EXC_OUT_m1803,exchange,,0,1,C_ex,False,,False,False,False,False,False,False,,icit,False
R1901,L-asparaginase,metabolic,,0,4,C_cy,True,"bigg.reaction,biggr,kegg.reaction,keggr,metacyc.reaction,metacycr,metanetx.reaction,rh,rhea,sabiork.reaction,sabiorkr,seed.reaction,seedr,vmhr,vmhreaction",True,True,True,True,False,False,,,False
R1902,acyldihydroxyacetonephosphate reductase,metabolic,,0,5,C_lp,False,,False,False,False,False,False,False,,,False
R1903,purine-nucleoside phosphorylase (nicotinate),metabolic,YALI1F37714g,1,5,C_cy,False,,False,False,False,False,False,False,,,False
R1904,nucleotidase (NMN),metabolic,YALI1A07887g or YALI1C27229g,2,4,C_cy,False,,False,False,False,False,False,False,,,False
R1905,nucleotidase (nicotinate D-ribonucleotide),metabolic,YALI1A07887g or YALI1C27229g,2,4,C_cy,False,,False,False,False,False,False,False,,,False
R1906,nicotinate riboside kinase,metabolic,YALI1B19348g,1,5,C_cy,False,,False,False,False,False,False,False,,,False
R1907,empty,metabolic,YALI1D03865g,1,6,C_cy,False,,False,False,False,False,False,False,,,False
R1908,ATP:pantothenate 4'-phosphotransferase,metabolic,YALI1D33780g,1,5,C_cy,True,"bigg.reaction,biggr,kegg.reaction,keggr,metacyc.reaction,metacycr,metanetx.reaction,rh,rhea,sabiork.reaction,sabiorkr,seed.reaction,seedr,vmhr,vmhreaction",True,True,True,True,False,False,,,True
R1909,ATP:pantothenate 4'-phosphotransferase,metabolic,YALI1D33780g,1,5,C_cy,True,"bigg.reaction,biggr,kegg.reaction,keggr,metacyc.reaction,metacycr,metanetx.reaction,rh,rhea,sabiork.reaction,sabiorkr,seed.reaction,seedr,vmhr,vmhreaction",True,True,True,True,False,False,,,True
R1910,UDP-glucose:NAD+ 6-oxidoreductase,metabolic,YALI1D02781g,1,6,C_cy,True,"bigg.reaction,biggr,kegg.reaction,keggr,metacyc.reaction,metacycr,metanetx.reaction,rh,rhea,sabiork.reaction,sabiorkr,seed.reaction,seedr,vmhr,vmhreaction",True,True,True,True,False,False,,,True
R1911,ATP:D-Gluconate 6-phosphotransferase,metabolic,YALI1F11199g,1,5,C_cy,True,"bigg.reaction,biggr,kegg.reaction,keggr,metacyc.reaction,metacycr,metanetx.reaction,rh,rhea,sabiork.reaction,sabiorkr,seed.reaction,seedr,vmhr,vmhreaction",True,True,True,True,False,False,,,False
R1912,ADP-ribose ribophosphohydrolase,metabolic,YALI1F33579g,1,5,C_cy,True,"bigg.reaction,biggr,kegg.reaction,keggr,metacyc.reaction,metacycr,metanetx.reaction,rh,rhea,seed.reaction,seedr",True,True,True,True,False,False,,,True
R1913,ribonucleotide reductase,metabolic,YALI1F39330g or (YALI1B05072g and YALI1F02309g),3,5,C_cy,True,"metanetx.reaction,seed.reaction,seedr",False,False,True,False,False,False,,,False
R1914,ribonucleotide reductase,transport,YALI1F39330g or (YALI1B05072g and YALI1F02309g),3,5,"C_cy,C_nu",True,"metanetx.reaction,seed.reaction,seedr",False,False,True,False,False,False,,,True
R1915,ATP:cytidine 5'-phosphotransferase,metabolic,YALI1E36477g,1,5,C_cy,True,"bigg.reaction,biggr,kegg.reaction,keggr,metacyc.reaction,metacycr,metanetx.reaction,rh,rhea,sabiork.reaction,sabiorkr,seed.reaction,seedr,vmhr,vmhreaction",True,True,True,True,False,False,,,False
R1916,UTP:cytidine 5'-phosphotransferase,metabolic,YALI1E36477g,1,5,C_cy,True,"bigg.reaction,biggr,metanetx.reaction,seed.reaction,seedr,vmhr,vmhreaction",True,False,True,False,False,False,,,False
R1917,ITP:cytidine 5'-phosphotransferase,metabolic,YALI1E36477g,1,5,C_cy,True,"bigg.reaction,biggr,metanetx.reaction,seed.reaction,seedr,vmhr,vmhreaction",True,False,True,False,False,False,,,False
R1918,UTP:uridine 5'-phosphotransferase,metabolic,YALI1E36477g,1,5,C_cy,True,"bigg.reaction,biggr,metanetx.reaction,seed.reaction,seedr,vmhr,vmhreaction",True,False,True,False,False,False,,,False
R1919,ITP:uridine 5'-phosphotransferase,metabolic,YALI1E36477g,1,5,C_cy,True,"bigg.reaction,biggr,metanetx.reaction,seed.reaction,seedr,vmhr,vmhreaction",True,False,True,False,False,False,,,False
R1920,dATP:cytidine 5'-phosphotransferase,metabolic,YALI1E36477g,1,5,C_cy,True,"bigg.reaction,biggr,metanetx.reaction,seed.reaction,seedr,vmhr,vmhreaction",True,False,True,False,False,False,,,False
R1921,dATP:uridine 5'-phosphotransferase,metabolic,YALI1E36477g,1,5,C_cy,True,"bigg.reaction,biggr,metanetx.reaction,seed.reaction,seedr,vmhr,vmhreaction",True,False,True,False,False,False,,,False
R1922,dGTP:uridine 5'-phosphotransferase,metabolic,YALI1E36477g,1,5,C_cy,True,"bigg.reaction,biggr,metanetx.reaction,seed.reaction,seedr,vmhr,vmhreaction",True,False,True,False,False,False,,,False
R1923,dGTP:cytidine 5'-phosphotransferase,metabolic,YALI1E36477g,1,5,C_cy,True,"bigg.reaction,biggr,metanetx.reaction,seed.reaction,seedr,vmhr,vmhreaction",True,False,True,False,False,False,,,False
R1924,dTTP:cytidine 5'-phosphotransferase,metabolic,YALI1E36477g,1,5,C_cy,True,"bigg.reaction,biggr,metanetx.reaction,seed.reaction,seedr,vmhr,vmhreaction",True,False,True,False,False,False,,,False
R1925,dTTP:uridine 5'-phosphotransferase,metabolic,YALI1E36477g,1,5,C_cy,True,"bigg.reaction,biggr,metanetx.reaction,seed.reaction,seedr,vmhr,vmhreaction",True,False,True,False,False,False,,,False
R1926,dCTP:uridine 5'-phosphotransferase,metabolic,YALI1E36477g,1,5,C_cy,True,"bigg.reaction,biggr,metanetx.reaction,seed.reaction,seedr,vmhr,vmhreaction",True,False,True,False,False,False,,,False
R1927,dUTP:uridine 5'-phosphotransferase,metabolic,YALI1E36477g,1,5,C_cy,True,"bigg.reaction,biggr,metanetx.reaction,seed.reaction,seedr,vmhr,vmhreaction",True,False,True,False,False,False,,,False
R1928,dCTP:cytidine 5'-phosphotransferase,metabolic,YALI1E36477g,1,5,C_cy,True,"bigg.reaction,biggr,metanetx.reaction,seed.reaction,seedr,vmhr,vmhreaction",True,False,True,False,False,False,,,False
R1929,dUTP:cytidine 5'-phosphotransferase,metabolic,YALI1E36477g,1,5,C_cy,True,"bigg.reaction,biggr,metanetx.reaction,seed.reaction,seedr,vmhr,vmhreaction",True,False,True,False,False,False,,,False
R1930,cellobiose glucohydrolase,metabolic,YALI1F02592g or YALI1D22997g or YALI1B18845g,3,3,C_cy,True,"metanetx.reaction,sabiork.reaction,sabiorkr,seed.reaction,seedr,vmhr,vmhreaction",False,False,True,False,False,False,,,True
R1931,L-Glutamate 5-semialdehyde:NAD+ oxidoreductase,metabolic,YALI1B12993g,1,6,C_cy,True,"bigg.reaction,biggr,kegg.reaction,keggr,metacyc.reaction,metacycr,metanetx.reaction,rh,rhea,sabiork.reaction,sabiorkr,seed.reaction,seedr,vmhr,vmhreaction",True,True,True,True,False,False,,,False
R1932,5-oxo-L-proline amidohydrolase (ATP-hydrolysing),metabolic,YALI1E03039g,1,6,C_cy,True,"bigg.reaction,biggr,kegg.reaction,keggr,metacyc.reaction,metacycr,metanetx.reaction,rh,rhea,sabiork.reaction,sabiorkr,seed.reaction,seedr,vmhr,vmhreaction",True,True,True,True,False,False,,,True
R1933,succinyl-CoA:acetoacetate CoA-transferase,metabolic,YALI1F34029g,1,4,C_mi,True,"bigg.reaction,biggr,kegg.reaction,keggr,metacyc.reaction,metacycr,metanetx.reaction,rh,rhea,sabiork.reaction,sabiorkr,seed.reaction,seedr,vmhr,vmhreaction",True,True,True,True,False,False,,,False
R1934,GTP diphosphohydrolase (diphosphate-forming);,metabolic,YALI1B29883g,1,5,C_cy,True,"bigg.reaction,biggr,kegg.reaction,keggr,metacyc.reaction,metacycr,metanetx.reaction,rh,rhea,sabiork.reaction,sabiorkr,seed.reaction,seedr,vmhr,vmhreaction",True,True,True,True,False,False,,,False
R1935,"GTP diphosphate-lyase (cyclizing; 3',5'-cyclic-GMP-forming)",metabolic,YALI1B24424g,1,5,C_cy,True,"bigg.reaction,biggr,kegg.reaction,keggr,metacyc.reaction,metacycr,metanetx.reaction,rh,rhea,sabiork.reaction,sabiorkr,seed.reaction,seedr,vmhr,vmhreaction",True,True,True,True,False,False,,,False
R1936,L-aspartate 1-carboxy-lyase (beta-alanine-forming),metabolic,YALI1F11827g or YALI1C23902g,2,4,C_cy,True,"bigg.reaction,biggr,kegg.reaction,keggr,metacyc.reaction,metacycr,metanetx.reaction,rh,rhea,sabiork.reaction,sabiorkr,seed.reaction,seedr,vmhr,vmhreaction",True,True,True,True,False,False,,,False
R1937,glutathione gamma-glutamylaminopeptidase,metabolic,YALI1C15945g or YALI1C28621g,2,4,C_cy,True,"bigg.reaction,biggr,kegg.reaction,keggr,metacyc.reaction,metacycr,metanetx.reaction,rh,rhea,sabiork.reaction,sabiorkr,seed.reaction,seedr,vmhr,vmhreaction",True,True,True,True,False,False,,,True
R1938,3'-Phospho-5'-adenylyl sulfate 3'-phosphohydrolase,metabolic,YALI1F35109g,1,4,C_cy,True,"bigg.reaction,biggr,kegg.reaction,keggr,metacyc.reaction,metacycr,metanetx.reaction,rh,rhea,sabiork.reaction,sabiorkr,seed.reaction,seedr,vmhr,vmhreaction",True,True,True,True,False,False,,,False
R1939,L-Serine:pyruvate aminotransferase,metabolic,YALI1E19852g,1,4,C_cy,True,"bigg.reaction,biggr,kegg.reaction,keggr,metacyc.reaction,metacycr,metanetx.reaction,rh,rhea,sabiork.reaction,sabiorkr,seed.reaction,seedr,vmhr,vmhreaction",True,True,True,True,False,False,,,False
R1940,L-Serine:glyoxylate aminotransferase,metabolic,YALI1E19852g,1,4,C_cy,True,"bigg.reaction,biggr,kegg.reaction,keggr,metacyc.reaction,metacycr,metanetx.reaction,rh,rhea,sabiork.reaction,sabiorkr,seed.reaction,seedr",True,True,True,True,False,False,,,False
R1941,serine racemase,metabolic,YALI1B25395g,1,2,C_cy,True,"bigg.reaction,biggr,kegg.reaction,keggr,metacyc.reaction,metacycr,metanetx.reaction,rh,rhea,sabiork.reaction,sabiorkr,seed.reaction,seedr,vmhr,vmhreaction",True,True,True,True,False,False,,,True
R1942,L-Serine hydro-lyase,metabolic,YALI1E12987g or YALI1B21155g,2,3,C_cy,True,"bigg.reaction,biggr,kegg.reaction,keggr,metacyc.reaction,metacycr,metanetx.reaction,rh,rhea,seed.reaction,seedr,vmhr,vmhreaction",True,True,True,True,False,False,,,True
R1943,Uridine triphosphate pyrophosphohydrolase,metabolic,YALI1B29883g,1,5,C_cy,True,"bigg.reaction,biggr,kegg.reaction,keggr,metacyc.reaction,metacycr,metanetx.reaction,rh,rhea,sabiork.reaction,sabiorkr,seed.reaction,seedr,vmhr,vmhreaction",True,True,True,True,False,False,,,False
R1944,Inosine 5'-triphosphate pyrophosphohydrolase,metabolic,YALI1B29883g,1,5,C_cy,True,"bigg.reaction,biggr,kegg.reaction,keggr,metacyc.reaction,metacycr,metanetx.reaction,rh,rhea,sabiork.reaction,sabiorkr,seed.reaction,seedr,vmhr,vmhreaction",True,True,True,True,False,False,,,False
R1945,2'-Deoxyguanosine 5'-triphosphate diphosphohydrolase,metabolic,YALI1B29883g,1,5,C_cy,True,"bigg.reaction,biggr,kegg.reaction,keggr,metacyc.reaction,metacycr,metanetx.reaction,rh,rhea,sabiork.reaction,sabiorkr,seed.reaction,seedr,vmhr,vmhreaction",True,True,True,True,False,False,,,False
R1946,ATP:D-glucosamine 6-phosphotransferase,metabolic,YALI1B29133g or YALI1E18539g or YALI1E24028g,3,5,C_cy,True,"bigg.reaction,biggr,kegg.reaction,keggr,metacyc.reaction,metacycr,metanetx.reaction,rh,rhea,sabiork.reaction,sabiorkr,seed.reaction,seedr,vmhr,vmhreaction",True,True,True,True,False,False,,,True
R1947,N-Acetyl-D-glucosamine-6-phosphate amidohydrolase,metabolic,YALI1E23988g,1,4,C_cy,True,"bigg.reaction,biggr,kegg.reaction,keggr,metacyc.reaction,metacycr,metanetx.reaction,rh,rhea,sabiork.reaction,sabiorkr,seed.reaction,seedr,vmhr,vmhreaction",True,True,True,True,False,False,,,False
R1948,dTDP phosphohydrolase,metabolic,YALI1C27061g,1,5,C_cy,True,"bigg.reaction,biggr,kegg.reaction,keggr,metacyc.reaction,metacycr,metanetx.reaction,rh,rhea,sabiork.reaction,sabiorkr,seed.reaction,seedr,vmhr,vmhreaction",True,True,True,True,False,False,,,False
R1949,dTTP nucleotidohydrolase,metabolic,YALI1C27061g,1,5,C_cy,True,"bigg.reaction,biggr,kegg.reaction,keggr,metacyc.reaction,metacycr,metanetx.reaction,rh,rhea,seed.reaction,seedr,vmhr,vmhreaction",True,True,True,True,False,False,,,False
R1950,dihydrofolate:NADP+ oxidoreductase,metabolic,YALI1C17947g,1,5,C_cy,True,"bigg.reaction,biggr,kegg.reaction,keggr,metacyc.reaction,metacycr,metanetx.reaction,rh,rhea,sabiork.reaction,sabiorkr,seed.reaction,seedr,vmhr,vmhreaction",True,True,True,True,False,False,,,True
R1951,dihydrofolate:NADP+ oxidoreductase,metabolic,YALI1C17947g,1,5,C_mi,True,"bigg.reaction,biggr,kegg.reaction,keggr,metacyc.reaction,metacycr,metanetx.reaction,rh,rhea,sabiork.reaction,sabiorkr,seed.reaction,seedr,vmhr,vmhreaction",True,True,True,True,False,False,,,True
R1952,2'-Deoxyinosine-5'-triphosphate pyrophosphohydrolase,metabolic,YALI1B29883g,1,5,C_cy,True,"bigg.reaction,biggr,kegg.reaction,keggr,metacyc.reaction,metacycr,metanetx.reaction,rh,rhea,sabiork.reaction,sabiorkr,seed.reaction,seedr,vmhr,vmhreaction",True,True,True,True,False,False,,,True
R1953,xanthine dehydrogenase,metabolic,YALI1A06640g,1,6,C_cy,True,"bigg.reaction,biggr,kegg.reaction,keggr,metacyc.reaction,metacycr,metanetx.reaction,rh,rhea,sabiork.reaction,sabiorkr,seed.reaction,seedr,vmhr,vmhreaction",True,True,True,True,False,False,,,False
R1954,urate oxidase,metabolic,YALI1F12895g,1,5,C_cy,True,"bigg.reaction,biggr,kegg.reaction,keggr,metacyc.reaction,metacycr,metanetx.reaction,rh,rhea,sabiork.reaction,sabiorkr,seed.reaction,seedr,vmhr,vmhreaction",True,True,True,True,False,False,,,False
R1955,hydroxyisourate hydrolase,metabolic,YALI1F29836g,1,3,C_cy,True,"bigg.reaction,biggr,kegg.reaction,keggr,metacyc.reaction,metacycr,metanetx.reaction,rh,rhea,sabiork.reaction,sabiorkr,seed.reaction,seedr",True,True,True,True,False,False,,,False
R1956,OHCU decarboxylase,metabolic,YALI1A01577g,1,3,C_cy,False,,False,False,False,False,False,False,,,False
R1957,4-hydroxyphenylpyruvate dioxygenase,metabolic,YALI1B28454g,1,4,C_cy,True,"bigg.reaction,biggr,kegg.reaction,keggr,metacyc.reaction,metacycr,metanetx.reaction,rh,rhea,sabiork.reaction,sabiorkr,seed.reaction,seedr,vmhr,vmhreaction",True,True,True,True,False,False,,,False
R1958,"homogentisate 1,2-dioxygenase",metabolic,,0,4,C_cy,True,"bigg.reaction,biggr,kegg.reaction,keggr,metacyc.reaction,metacycr,metanetx.reaction,rh,rhea,sabiork.reaction,sabiorkr,seed.reaction,seedr,vmhr,vmhreaction",True,True,True,True,False,False,,,False
R1959,maleylacetoacetate isomerase,metabolic,,0,2,C_cy,True,"bigg.reaction,biggr,kegg.reaction,keggr,metacyc.reaction,metacycr,metanetx.reaction,rh,rhea,seed.reaction,seedr,vmhr,vmhreaction",True,True,True,True,False,False,,,False
R1960,fumarylacetoacetase,metabolic,YALI1D36215g,1,5,C_cy,True,"bigg.reaction,biggr,kegg.reaction,keggr,metacyc.reaction,metacycr,metanetx.reaction,rh,rhea,seed.reaction,seedr,vmhr,vmhreaction",True,True,True,True,False,False,,,False
R1961,erythrose kinase,metabolic,,0,4,C_cy,False,,False,False,False,False,False,False,,,False
R1962,erythrose reductase,metabolic,,0,5,C_cy,False,,False,False,False,False,False,False,,,False
R1963,erythritol transport extracellular,transport,,0,2,"C_cy,C_ex",False,,False,False,False,False,False,False,,,False
R1964,arabinitol dehydrogenase,metabolic,,0,5,C_cy,False,,False,False,False,False,False,False,,,False
R1965,mannitol transport extracellular,transport,,0,2,"C_cy,C_ex",False,,False,False,False,False,False,False,,,True
R1966,EXC_OUT_m1826,exchange,,0,1,C_ex,False,,False,False,False,False,False,False,,,False
R1967,EXC_OUT_m1824,exchange,,0,1,C_ex,False,,False,False,False,False,False,False,,mnl,True
R1968,4-methyl-2-oxopentanoate dehydrogenase,metabolic,YALI1D11159g and YALI1F07630g and YALI1D26360g and YALI1D30866g,4,6,C_mi,False,,False,False,False,False,False,False,,,False
R1969,3-methyl-2-oxopentanoate dehydrogenase,metabolic,YALI1D11159g and YALI1F07630g and YALI1D26360g and YALI1D30866g,4,6,C_mi,False,,False,False,False,False,False,False,,,True
R1970,(S)3-methyl-2-oxopentanoate dehydrogenase,metabolic,YALI1D11159g and YALI1F07630g and YALI1D26360g and YALI1D30866g,4,6,C_mi,False,,False,False,False,False,False,False,,,True
R1971,3-methylbutanoyl-CoA dehydrogenase;,metabolic,YALI0D12573g,1,4,C_mi,False,,False,False,False,False,False,False,,,False
R1972,3-methylcrotonyl-CoA carboxylase,metabolic,YALI1B19217g,1,6,C_mi,False,,False,False,False,False,False,False,,,False
R1973,3-methylglutaconyl-CoA dehydratase,metabolic,,0,3,C_mi,False,,False,False,False,False,False,False,,,False
R1974,hydroxymethylglutaryl-CoA lyase,metabolic,YALI1B29483g,1,3,C_mi,True,"bigg.reaction,biggr,kegg.reaction,keggr,metacyc.reaction,metacycr,metanetx.reaction,rh,rhea,sabiork.reaction,sabiorkr,seed.reaction,seedr,vmhr,vmhreaction",True,True,True,True,False,False,,,False
R1975,2-oxoadipate dehydrogenase,metabolic,YALI1F31153g,1,6,C_mi,False,,False,False,False,False,False,False,,,False
R1976,glutaryl-CoA dehydrogenase,metabolic,YALI1E39693g and YALI1E20192g and YALI1D26360g,3,5,C_mi,True,"metacyc.reaction,metacycr,metanetx.reaction,seed.reaction,seedr",False,False,True,False,False,False,,,False
R1977,FAD:ubiquinone oxidoreductase,metabolic,YALI1F31153g,1,4,C_mi,False,,False,False,False,False,False,False,,,False
R1978,crotonyl-CoA hydratase,metabolic,YALI1B14044g,1,3,C_mi,False,,False,False,False,False,False,False,,,False
R1979,(S)-3-Hydroxybutanoyl-CoA oxidoreductase,metabolic,YALI1C12024g,1,5,C_mi,False,,False,False,False,False,False,False,,,False
R1980,D-Arabitol transport,transport,,0,2,"C_cy,C_ex",False,,False,False,False,False,False,False,,,False
R1981,D-Arabitol exchange,exchange,,0,1,C_ex,True,"bigg.reaction,biggr,metanetx.reaction,seed.reaction,seedr,vmhr,vmhreaction",True,False,True,False,False,False,,abt__D,False
R1982,2-Deoxy-D-Ribose transport,transport,YALI1D23885g,1,2,"C_cy,C_ex",False,,False,False,False,False,False,False,,,True
R1983,2-Deoxy-D-Ribose exchange,exchange,,0,1,C_ex,False,,False,False,False,False,False,False,,drib,True
R1984,Palatinose exchange,exchange,,0,1,C_ex,True,"bigg.reaction,biggr,metanetx.reaction",True,False,True,False,False,False,,,True
R1985,Palatinose hydrolase,metabolic,,0,4,C_ex,False,,False,False,False,False,False,False,,,True
R1986,Salicin exchange,exchange,,0,1,C_ex,True,"bigg.reaction,biggr,metanetx.reaction,vmhr,vmhreaction",True,False,True,False,False,False,,rbl_B,True
R1987,Salicin transport via  proton symport,transport,,0,4,"C_cy,C_ex",False,,False,False,False,False,False,False,,,True
R1988,Salicin 6-phosphate glucohydrolase,metabolic,,0,4,C_cy,True,"bigg.reaction,biggr,kegg.reaction,keggr,metacyc.reaction,metacycr,metanetx.reaction,rh,rhea,sabiork.reaction,sabiorkr,seed.reaction,seedr,vmhr,vmhreaction",True,True,True,True,False,False,,,True
R1989,5-aminopentanoate transport via  proton symport,transport,YALI1F02074g,1,4,"C_cy,C_ex",False,,False,False,False,False,False,False,,,True
R1990,5-aminopentanoate exchange,exchange,,0,1,C_ex,False,,False,False,False,False,False,False,,a5pn,True
R1991,5-aminopentanoate:2-oxoglutarate aminotransferase,metabolic,,0,4,C_cy,True,"bigg.reaction,biggr,kegg.reaction,keggr,metacyc.reaction,metacycr,metanetx.reaction,rh,rhea,seed.reaction,seedr,vmhr,vmhreaction",True,True,True,True,False,False,,,True
R1992,D-glucosamine exchange,exchange,,0,1,C_ex,True,"bigg.reaction,biggr,metanetx.reaction,rh,rhea,seed.reaction,seedr,vmhr,vmhreaction",True,False,True,True,False,False,,,True
R1993,D-glucosamine transport via diffusion,transport,,0,2,"C_cy,C_ex",False,,False,False,False,False,False,False,,,True
R1994,(R)-3-Hydroxybutanoate exchange,exchange,,0,1,C_ex,False,,False,False,False,False,False,False,,bhb,True
R1995,(R)-3-Hydroxybutanoate transport via H+ symport,transport,YALI1A00538g,1,4,"C_cy,C_ex",True,"bigg.reaction,biggr,metanetx.reaction,rh,rhea,sabiork.reaction,sabiorkr,seed.reaction,seedr,vmhr,vmhreaction",True,False,True,True,False,False,,,True
R1996,Acetoacetate transport,transport,,0,2,"C_cy,C_mi",False,,False,False,False,False,False,False,,,False
R1997,(R)-3-Hydroxybutanoate:NAD+ oxidoreductase,metabolic,,0,5,C_cy,True,"bigg.reaction,biggr,kegg.reaction,keggr,metacyc.reaction,metacycr,metanetx.reaction,rh,rhea,sabiork.reaction,sabiorkr,seed.reaction,seedr,vmhr,vmhreaction",True,True,True,True,False,False,,,True
R1998,5-dehydro-D-gluconate exchange,exchange,,0,1,C_ex,True,"bigg.reaction,biggr,metanetx.reaction,seed.reaction,seedr",True,False,True,False,False,False,,,True
R1999,5-Dehydro-D-gluconate transport via proton symport,transport,,0,4,"C_cy,C_ex",False,,False,False,False,False,False,False,,,True
R2000,D-Gluconate:NADP+ 5-oxidoreductase,metabolic,,0,5,C_cy,True,"bigg.reaction,biggr,kegg.reaction,keggr,metacyc.reaction,metacycr,metanetx.reaction,rh,rhea,seed.reaction,seedr,vmhr,vmhreaction",True,True,True,True,False,False,,,True
R2001,malonate exchange,exchange,,0,1,C_ex,False,,False,False,False,False,False,False,,HC00319,False
R2002,malonate transport,transport,,0,2,"C_cy,C_ex",False,,False,False,False,False,False,False,,,False
R2003,Acetyl-CoA:malonate CoA-transferase,metabolic,,0,4,C_cy,True,"kegg.reaction,keggr,metacyc.reaction,metacycr,metanetx.reaction,rh,rhea,seed.reaction,seedr",False,True,True,True,False,False,,,False
R2004,malonyl-CoA:pyruvate carboxytransferase,metabolic,,0,4,C_cy,True,"kegg.reaction,keggr,metanetx.reaction,seed.reaction,seedr,vmhr,vmhreaction",False,True,True,False,False,False,,,False
R2005,3-oxalomalate(3-) exchange,exchange,,0,1,C_ex,False,,False,False,False,False,False,False,,,True
R2006,3-Oxalomalate transport via proton symport,transport,,0,4,"C_cy,C_ex",True,"metanetx.reaction,seed.reaction,seedr",False,False,True,False,False,False,,,True
R2007,3-oxalomalate glyoxylate-lyase (oxaloacetate-forming),metabolic,,0,3,C_cy,True,"kegg.reaction,keggr,metacyc.reaction,metacycr,metanetx.reaction,rh,rhea,seed.reaction,seedr",False,True,True,True,False,False,,,True
R2008,Dihydroxy-Acetone exchange,exchange,,0,1,C_ex,False,,False,False,False,False,False,False,,dha,False
R2009,Dihydroxy-Acetone transport,transport,,0,2,"C_cy,C_ex",False,,False,False,False,False,False,False,,,False
R2010,Dihydroxyacetone kinase,metabolic,,0,5,C_cy,True,"bigg.reaction,biggr,kegg.reaction,keggr,metacyc.reaction,metacycr,metanetx.reaction,rh,rhea,sabiork.reaction,sabiorkr,seed.reaction,seedr,vmhr,vmhreaction",True,True,True,True,False,False,,,False
R2011,N-Acetyl-D-Glucosamine exchange,exchange,,0,1,C_ex,True,"bigg.reaction,biggr,metanetx.reaction,seed.reaction,seedr,vmhr,vmhreaction",True,False,True,False,False,False,,acgam,False
R2012,N-Acetyl-D-Glucosamine transport,transport,,0,2,"C_cy,C_ex",False,,False,False,False,False,False,False,,,False
R2013,N-Acetyl-D-Glucosamine kinase,metabolic,,0,5,C_cy,False,,False,False,False,False,False,False,,,False
R2014,D-gluconate exchange,exchange,,0,1,C_ex,True,"bigg.reaction,biggr,metanetx.reaction,rh,rhea,sabiork.reaction,sabiorkr,seed.reaction,seedr,vmhr,vmhreaction",True,False,True,True,False,False,,glcn,False
R2015,D-gluconate transport via diffusion,transport,,0,2,"C_cy,C_ex",False,,False,False,False,False,False,False,,,False
R2016,2-oxobutanoate exchange,exchange,,0,1,C_ex,True,"bigg.reaction,biggr,metacyc.reaction,metacycr,metanetx.reaction,sabiork.reaction,sabiorkr,seed.reaction,seedr,vmhr,vmhreaction",True,False,True,False,False,False,,2obut,False
R2017,2-oxobutanoate transport via proton symport,transport,,0,2,"C_cy,C_ex",True,"bigg.reaction,biggr,metanetx.reaction,seed.reaction,seedr,vmhr,vmhreaction",True,False,True,False,False,False,,,False
R2018,Gly-Asp exchange,exchange,,0,1,C_ex,False,,False,False,False,False,False,False,,,True
R2019,Gly-Asp transport via proton antiport,transport,,0,4,"C_cy,C_ex",False,,False,False,False,False,False,False,,,True
R2020,Gly-Asp transport via proton antiport,transport,,0,4,"C_cy,C_va",False,,False,False,False,False,False,False,,,True
R2021,cytosol nonspecific dipeptidase,metabolic,,0,4,C_va,False,,False,False,False,False,False,False,,,True
R2022,Propanoate exchange,exchange,,0,1,C_ex,False,,False,False,False,False,False,False,,ppa,False
R2023,Propanoate transport,transport,,0,2,"C_cy,C_ex",False,,False,False,False,False,False,False,,,False
R2024,Propanoate:CoA ligase (AMP-forming),metabolic,YALI1F08845g,1,6,C_cy,True,"bigg.reaction,biggr,kegg.reaction,keggr,metacyc.reaction,metacycr,metanetx.reaction,rh,rhea,sabiork.reaction,sabiorkr,seed.reaction,seedr,vmhr,vmhreaction",True,True,True,True,False,False,,,False
R2025,Propanoate:CoA transport,transport,,0,2,"C_cy,C_mi",False,,False,False,False,False,False,False,,,False
R2026,Gly-Glu exchange,exchange,,0,1,C_ex,False,,False,False,False,False,False,False,,,True
R2027,Gly-glu transport via proton antiport,transport,,0,4,"C_cy,C_ex",False,,False,False,False,False,False,False,,,True
R2028,Gly-glu transport via proton antiport,transport,,0,4,"C_cy,C_va",False,,False,False,False,False,False,False,,,True
R2029,cytosol nonspecific dipeptidase,metabolic,,0,4,C_va,False,,False,False,False,False,False,False,,,True
R2030,Glycine transport (vacuole),transport,,0,4,"C_cy,C_va",False,,False,False,False,False,False,False,,,True
R2031,Ala-Gly exchange,exchange,,0,1,C_ex,False,,False,False,False,False,False,False,,,True
R2032,Ala-Gly transport via proton antiport,transport,,0,2,"C_cy,C_ex",False,,False,False,False,False,False,False,,,True
R2033,Ala-Gly transport via proton antiport,transport,,0,2,"C_cy,C_va",False,,False,False,False,False,False,False,,,True
R2034,cytosol nonspecific dipeptidase,metabolic,,0,4,C_va,False,,False,False,False,False,False,False,,,True
R2035,L-alanine transport (vacuole),transport,,0,2,"C_cy,C_va",False,,False,False,False,False,False,False,,,True
R2036,Gly-Pro exchange,exchange,,0,1,C_ex,False,,False,False,False,False,False,False,,,True
R2037,Gly-Pro transport via proton antiport,transport,,0,4,"C_cy,C_ex",False,,False,False,False,False,False,False,,,True
R2038,Gly-Pro transport via proton antiport,transport,,0,4,"C_cy,C_va",False,,False,False,False,False,False,False,,,True
R2039,cytosol nonspecific dipeptidase,metabolic,,0,4,C_va,False,,False,False,False,False,False,False,,,True
R2040,proline transport (vacuole),transport,,0,4,"C_cy,C_va",False,,False,False,False,False,False,False,,,True
R2041,ATP:D-arabinose 5-phosphotransferase,metabolic,,0,4,C_cy,True,"kegg.reaction,keggr,metanetx.reaction,rh,rhea,seed.reaction,seedr",False,True,True,True,False,False,,,False
R2042,D-arabinose-5-phosphate aldose-ketose-isomerase,metabolic,,0,2,C_cy,True,"bigg.reaction,biggr,kegg.reaction,keggr,metacyc.reaction,metacycr,metanetx.reaction,rh,rhea,sabiork.reaction,sabiorkr,seed.reaction,seedr,vmhr,vmhreaction",True,True,True,True,False,False,,,False
R2043,acyl-CoA synthetase (hexanoate),metabolic,YALI1E19172g,1,6,C_pe,False,,False,False,False,False,False,False,,,False
R2044,fatty acid transport,transport,,0,2,"C_cy,C_ex",True,"bigg.reaction,biggr,metanetx.reaction,rh,rhea,seed.reaction,seedr,vmhr,vmhreaction",True,False,True,True,False,False,,,True
R2045,Reaction,metabolic,YALI1F25649g or YALI1F18979g or YALI1E19263g or YALI1D10495g or YALI1B02733g,5,3,C_ex,False,,False,False,False,False,False,False,,,True
R2046,Reaction,metabolic,YALIUNK4,1,3,C_go,False,,False,False,False,False,False,False,,,True
R2047,1D-myo-inositol 1-phosphate transport,transport,,0,2,"C_cy,C_go",False,,False,False,False,False,False,False,,,True
R2048,Reaction,metabolic,YALIUNK3,1,4,C_go,False,,False,False,False,False,False,False,,,True
R2049,phosphatidylcholine transport,transport,YALI1E05004g,1,2,"C_cy,C_go",False,,False,False,False,False,False,False,,,True
R2050,phosphatidylcholine transport,transport,YALI1C00694g,1,2,"C_cy,C_en",False,,False,False,False,False,False,False,,,False
R2051,phosphatidylethanolamine transport,transport,YALI1C00694g,1,2,"C_cy,C_en",True,"bigg.reaction,biggr,metanetx.reaction",True,False,True,False,False,False,,,False
R2052,phosphatidyl-L-serine transport,transport,YALI1C00694g,1,2,"C_cy,C_en",False,,False,False,False,False,False,False,,,True
R2053,phosphatidyl-L-serine transport,transport,YALI1E05004g,1,2,"C_cy,C_gm",False,,False,False,False,False,False,False,,,False
R2054,phosphatidylethanolamine transport,transport,YALI1E05004g,1,2,"C_cy,C_gm",True,"bigg.reaction,biggr,metanetx.reaction",True,False,True,False,False,False,,,False
R2055,L-histidine transport,transport,YALI1F35690g or YALI1D29523g or YALI1E21478g,3,2,"C_cy,c_va",False,,False,False,False,False,False,False,,,True
R2056,L-lysine transport,transport,YALI1F35690g or YALI1D29523g or YALI1E21478g,3,2,"C_cy,C_va",False,,False,False,False,False,False,False,,,True
R2057,UDP-D-galactose transport,transport,YALI1E27113g,1,2,"C_cy,C_go",False,,False,False,False,False,False,False,,,True
R2058,glyoxylate/hydroxypyruvate reductase,metabolic,YALI1C15526g,1,2,C_cy,False,,False,False,False,False,False,False,,,True
R2059,glucose 1-dehydrogenase,metabolic,YALI1D16144g,1,2,C_cy,True,"metanetx.reaction,seed.reaction,seedr",False,False,True,False,False,False,,,True
R2060,Magnesium transport,transport,YALI1B15440g,1,2,"C_cy,C_ex",False,,False,False,False,False,False,False,,,True
R2061,Magnesium exchange,exchange,,0,1,C_ex,False,,False,False,False,False,False,False,,,True
R2062,NADH:ubiquinone oxidoreductase,metabolic,YALI1A21711g and YALI1B00908g and YALI1B19507g and YALI1B26679g and YALI1C04281g and YALI1D00766g and YALI1D06302g and YALI1D07089g and YALI1D09203g and YALI1D18037g and YALI1D24109g and YALI1D32550g and YALI1E27218g and YALI1E37603g and YALI1F01456g and YALI1F03371g and YALI1F09003g and YALI1F22993g and YALI1F24343g and YALI1M00056g and YALI1M00064g and YALI1M00296g and YALI1M00335g and YALI1M00338r and YALI1M00458g and YALIfMp29 and YALI1A21711g and YALI1B00908g and YALI1B19507g and YALI1B26679g and YALI1C04281g and YALI1D00766g and YALI1D06302g and YALI1D07089g and YALI1D09203g and YALI1D18037g and YALI1D24109g and YALI1D32550g and YALI1E06573g and YALI1E27218g and YALI1E37603g and YALI1F01456g and YALI1F03371g and YALI1F09003g and YALI1F22993g and YALI1F24343g and YALI1F32476g,28,5,C_mi,True,"kegg.reaction,keggr,metanetx.reaction",False,True,True,False,False,False,,,False
R2063,NADH:ubiquinone oxidoreductase,transport,YALI1A21711g and YALI1B00908g and YALI1B19507g and YALI1B26679g and YALI1C04281g and YALI1D00766g and YALI1D06302g and YALI1D07089g and YALI1D09203g and YALI1D18037g and YALI1D24109g and YALI1D32550g and YALI1E27218g and YALI1E37603g and YALI1F01456g and YALI1F03371g and YALI1F09003g and YALI1F22993g and YALI1F24343g and YALI1M00056g and YALI1M00064g and YALI1M00296g and YALI1M00335g and YALI1M00338r and YALI1M00458g and YALIfMp29 and YALI1A21711g and YALI1B00908g and YALI1B19507g and YALI1B26679g and YALI1C04281g and YALI1D00766g and YALI1D06302g and YALI1D07089g and YALI1D09203g and YALI1D18037g and YALI1D24109g and YALI1D32550g and YALI1E06573g and YALI1E27218g and YALI1E37603g and YALI1F01456g and YALI1F03371g and YALI1F09003g and YALI1F22993g and YALI1F24343g and YALI1F32476g,28,5,"C_cy,C_mi",True,"kegg.reaction,keggr,metanetx.reaction",False,True,True,False,False,False,,,False
R2064,4-aminobutanal:NAD+ 1-oxidoreductase; 4-aminobutyraldehyde:NAD+ oxidoreductase,metabolic,YALI1B02194g or YALI1C04093g or YALI1E00588g or YALI1F31215g,4,6,C_cy,False,,False,False,False,False,False,False,,,False
R2065,Spermidine:(acceptor) oxidoreductase,metabolic,YALI1B01084g,1,6,C_cy,True,"bigg.reaction,biggr,kegg.reaction,keggr,metacyc.reaction,metacycr,metanetx.reaction,rh,rhea,sabiork.reaction,sabiorkr,seed.reaction,seedr,vmhr,vmhreaction",True,True,True,True,False,False,,,False
R2066,4-aminobutanoate:2-oxoglutarate aminotransferase,metabolic,YALI1E21915g,1,4,C_cy,True,"bigg.reaction,biggr,kegg.reaction,keggr,metacyc.reaction,metacycr,metanetx.reaction,rh,rhea,sabiork.reaction,sabiorkr,seed.reaction,seedr,vmhr,vmhreaction",True,True,True,True,False,False,,,False
R2067,Succinate-semialdehyde:NADP+ oxidoreductase,metabolic,YALI1F33681g,1,6,C_cy,True,"bigg.reaction,biggr,kegg.reaction,keggr,metacyc.reaction,metacycr,metanetx.reaction,rh,rhea,sabiork.reaction,sabiorkr,seed.reaction,seedr,vmhr,vmhreaction",True,True,True,True,False,False,,,False
R2068,3-aminopropanal:NAD+ oxidoreductase,metabolic,YALI1D10197g or YALI1F06858g or YALI1B02194g or YALI1C04093g or YALI1E00588g or YALI1F31215g,6,6,C_cy,True,"bigg.reaction,biggr,kegg.reaction,keggr,metacyc.reaction,metacycr,metanetx.reaction,rh,rhea,seed.reaction,seedr,vmhr,vmhreaction",True,True,True,True,False,False,,,False
R2069,D-Glyceraldehyde:NAD+ oxidoreductase,metabolic,YALI1B02194g or YALI1C04093g or YALI1E00588g or YALI1F31215g,4,6,C_cy,True,"bigg.reaction,biggr,kegg.reaction,keggr,metanetx.reaction,rh,rhea,sabiork.reaction,sabiorkr,seed.reaction,seedr,vmhr,vmhreaction",True,True,True,True,False,False,,,False
R2070,Acetaldehyde:NAD+ oxidoreductase,metabolic,YALI1B02194g or YALI1C04093g or YALI1E00588g or YALI1F31215g,4,6,C_mi,True,"bigg.reaction,biggr,kegg.reaction,keggr,metacyc.reaction,metacycr,metanetx.reaction,rh,rhea,sabiork.reaction,sabiorkr,seed.reaction,seedr,vmhr,vmhreaction",True,True,True,True,False,False,,,False
R2071,Indole-3-acetaldehyde:NAD+ oxidoreductase,metabolic,YALI1B02194g or YALI1C04093g or YALI1E00588g or YALI1F31215g,4,6,C_cy,True,"bigg.reaction,biggr,kegg.reaction,keggr,metacyc.reaction,metacycr,metanetx.reaction,rh,rhea,sabiork.reaction,sabiorkr,seed.reaction,seedr,vmhr,vmhreaction",True,True,True,True,False,False,,,True
R2072,3-(indol-3-yl)pyruvate carboxy-lyase [(2-indol-3-yl)acetaldehyde-forming],metabolic,,0,4,C_cy,True,"bigg.reaction,biggr,kegg.reaction,keggr,metacyc.reaction,metacycr,metanetx.reaction,rh,rhea,sabiork.reaction,sabiorkr,seed.reaction,seedr,vmhr,vmhreaction",True,True,True,True,False,False,,,True
R2073,L-Tryptophan:2-oxoglutarate aminotransferase,metabolic,YALI1E24922g,1,4,C_cy,True,"bigg.reaction,biggr,kegg.reaction,keggr,metacyc.reaction,metacycr,metanetx.reaction,rh,rhea,sabiork.reaction,sabiorkr,seed.reaction,seedr,vmhr,vmhreaction",True,True,True,True,False,False,,,True
R2074,(S)-Methylmalonate semialdehyde:NAD+ oxidoreductase,metabolic,YALI1B02194g or YALI1C04093g or YALI1E00588g or YALI1F31215g,4,5,C_cy,True,"bigg.reaction,biggr,metanetx.reaction,seed.reaction,seedr,vmhr,vmhreaction",True,False,True,False,False,False,,,False
R2075,(R)-Methylmalonyl-CoA CoA-carbonylmutase,metabolic,,0,2,C_cy,True,"bigg.reaction,biggr,kegg.reaction,keggr,metacyc.reaction,metacycr,metanetx.reaction,rh,rhea,sabiork.reaction,sabiorkr,seed.reaction,seedr,vmhr,vmhreaction",True,True,True,True,False,False,,,False
R2076,NO NAME,metabolic,,0,5,C_cy,False,,False,False,False,False,False,False,,,False
R2077,Succinyl-CoA transport,transport,,0,2,"C_cy,C_mi",False,,False,False,False,False,False,False,,,False
R2078,3-aminopropanal:NAD+ oxidoreductase,metabolic,YALI1B02194g or YALI1C04093g or YALI1E00588g or YALI1F31215g,4,6,C_cy,True,"bigg.reaction,biggr,kegg.reaction,keggr,metacyc.reaction,metacycr,metanetx.reaction,rh,rhea,seed.reaction,seedr,vmhr,vmhreaction",True,True,True,True,False,False,,,False
R2079,D-Glyceraldehyde:NAD+ oxidoreductase,metabolic,YALI1B02194g or YALI1C04093g or YALI1E00588g or YALI1F31215g,4,6,C_cy,True,"bigg.reaction,biggr,kegg.reaction,keggr,metanetx.reaction,rh,rhea,sabiork.reaction,sabiorkr,seed.reaction,seedr,vmhr,vmhreaction",True,True,True,True,False,False,,,False
R2080,ATP:ethanolamine O-phosphotransferase,metabolic,YALI1B12742g,1,5,C_cy,True,"bigg.reaction,biggr,kegg.reaction,keggr,metacyc.reaction,metacycr,metanetx.reaction,rh,rhea,sabiork.reaction,sabiorkr,seed.reaction,seedr,vmhr,vmhreaction",True,True,True,True,False,False,,,True
R2081,L-Glutamate:ammonia ligase (ADP-forming),metabolic,YALI1D16151g or YALI1F00821g,2,7,C_cy,True,"bigg.reaction,biggr,kegg.reaction,keggr,metacyc.reaction,metacycr,metanetx.reaction,rh,rhea,sabiork.reaction,sabiorkr,seed.reaction,seedr,vmhr,vmhreaction",True,True,True,True,False,False,,,False
R2082,"3-Methylbutanoyl-CoA:(acceptor) 2,3-oxidoreductase",metabolic,YALI1E15555g,1,4,C_cy,True,"bigg.reaction,biggr,kegg.reaction,keggr,metanetx.reaction,sabiork.reaction,sabiorkr,seed.reaction,seedr,vmhr,vmhreaction",True,True,True,False,False,False,,,True
R2083,3-Methylcrotonyl-CoA transport,transport,,0,2,"C_cy,C_mi",False,,False,False,False,False,False,False,,,True
R2084,3-Methylbutanoyl-CoA transport,transport,,0,2,"C_cy,C_mi",False,,False,False,False,False,False,False,,,True
R2085,UMP:diphosphate phospho-alpha-D-ribosyltransferase,metabolic,YALI1E24479g or YALI1F38986g,2,4,C_cy,True,"bigg.reaction,biggr,kegg.reaction,keggr,metacyc.reaction,metacycr,metanetx.reaction,rh,rhea,sabiork.reaction,sabiorkr,vmhr,vmhreaction",True,True,True,True,False,False,,,False
R2086,(S)-Lactate:ferricytochrome-c 2-oxidoreductase,metabolic,YALI1E25400g,1,4,C_mi,True,"kegg.reaction,keggr,metanetx.reaction",False,True,True,False,False,False,,,False
R2087,2-phenylacetamide amidohydrolase,metabolic,YALI1E41276g or YALI1F21875g,2,4,C_cy,True,"bigg.reaction,biggr,kegg.reaction,keggr,metacyc.reaction,metacycr,metanetx.reaction,rh,rhea,sabiork.reaction,sabiorkr,seed.reaction,seedr,vmhr,vmhreaction",True,True,True,True,False,False,,,True
R2088,Indole-3-acetamide amidohydrolase,metabolic,YALI1E41276g or YALI1F21875g,2,4,C_cy,True,"bigg.reaction,biggr,kegg.reaction,keggr,metacyc.reaction,metacycr,metanetx.reaction,rh,rhea,seed.reaction,seedr,vmhr,vmhreaction",True,True,True,True,False,False,,,True
R2089,D-glyceraldehyde-3-phosphate aldose-ketose-isomerase,metabolic,YALI1F02481g or YALI1F07847g,2,2,C_cy,True,"kegg.reaction,keggr,metacyc.reaction,metacycr,metanetx.reaction,rh,rhea,sabiork.reaction,sabiorkr,seed.reaction,seedr,vmhr,vmhreaction",False,True,True,True,False,False,,,False
R2090,ATP:glycerone phosphotransferase,metabolic,YALI1F02508g or YALI1F12917g,2,5,C_cy,True,"bigg.reaction,biggr,kegg.reaction,keggr,metacyc.reaction,metacycr,metanetx.reaction,rh,rhea,sabiork.reaction,sabiorkr,seed.reaction,seedr,vmhr,vmhreaction",True,True,True,True,False,False,,,False
R2091,Glyceron phosphate transport,transport,,0,2,"C_cy,C_em",False,,False,False,False,False,False,False,,,False
R2092,"[1,4-(N-Acetyl-beta-D-glucosaminyl)]n glycanohydrolase",metabolic,YALI1A02198g or YALI1D28351g or YALI1F06904g,3,3,C_cy,True,"metanetx.reaction,seed.reaction,seedr",False,False,True,False,False,False,,,False
R2093,ATP:(R)-glycerate 3-phosphotransferase,metabolic,YALI1A03210g,1,4,C_cy,True,"bigg.reaction,biggr,kegg.reaction,keggr,metacyc.reaction,metacycr,metanetx.reaction,rh,rhea,sabiork.reaction,sabiorkr,seed.reaction,seedr,vmhr,vmhreaction",True,True,True,True,False,False,,,False
R2094,S-Adenosyl-L-methionine:catechol O-methyltransferase,metabolic,YALI1B04589g,1,5,C_cy,True,"kegg.reaction,keggr,metacyc.reaction,metacycr,metanetx.reaction,seed.reaction,seedr,vmhr,vmhreaction",False,True,True,False,False,False,,,True
R2095,"4-(2-Aminoethyl)-1,2-benzenediol:oxygen oxidoreductase(deaminating)(flavin-containing)",metabolic,YALI1C25512g or YALI1C31510g,2,6,C_cy,True,"bigg.reaction,biggr,kegg.reaction,keggr,metacyc.reaction,metacycr,metanetx.reaction,rh,rhea,sabiork.reaction,sabiorkr,seed.reaction,seedr,vmhr,vmhreaction",True,True,True,True,False,False,,,True
R2096,"3,4-Dihydroxyphenylacetaldehyde:NAD+ oxidoreductase",metabolic,YALI1D10197g or YALI1F06858g,2,6,C_cy,True,"bigg.reaction,biggr,kegg.reaction,keggr,metacyc.reaction,metacycr,metanetx.reaction,rh,rhea,sabiork.reaction,sabiorkr,seed.reaction,seedr,vmhr,vmhreaction",True,True,True,True,False,False,,,True
R2097,S-Adenosyl-L-methionine:catechol O-methyltransferase,metabolic,YALI1B04589g,1,4,C_cy,True,"kegg.reaction,keggr,metacyc.reaction,metacycr,metanetx.reaction,seed.reaction,seedr,vmhr,vmhreaction",False,True,True,False,False,False,,,True
R2098,S-Adenosyl-L-methionine:catechol O-methyltransferase,metabolic,YALI1B04589g,1,4,C_cy,True,"kegg.reaction,keggr,metacyc.reaction,metacycr,metanetx.reaction,seed.reaction,seedr,vmhr,vmhreaction",False,True,True,False,False,False,,,True
R2099,"3,4-Dihydroxymandelaldehyde:NAD+ oxidoreductase",metabolic,YALI1D10197g or YALI1F06858g,2,6,C_cy,True,"bigg.reaction,biggr,kegg.reaction,keggr,metacyc.reaction,metacycr,metanetx.reaction,sabiork.reaction,sabiorkr,seed.reaction,seedr,vmhr,vmhreaction",True,True,True,False,False,False,,,True
R2100,"3,4-dihydroxyphenylethyleneglycol:NAD+ oxidoreductase",metabolic,YALI1A15227g or YALI1A16292g or YALI1D33961g or YALI1E21128g or YALI1F13170g,5,5,C_cy,True,"bigg.reaction,biggr,kegg.reaction,keggr,metacyc.reaction,metacycr,metanetx.reaction,rh,rhea,seed.reaction,seedr,vmhr,vmhreaction",True,True,True,True,False,False,,,True
R2101,Dolichyl phosphate D-mannose transport,transport,,0,2,"C_cy,C_er",False,,False,False,False,False,False,False,,,True
R2102,GDPmannose:dolichyl-phosphate O-beta-D-mannosyltransferase,metabolic,YALI1D08050g and YALI1B07538g and YALI1A19526g,3,4,C_er,True,"kegg.reaction,keggr,metanetx.reaction,seed.reaction,seedr",False,True,True,False,False,False,,,False
R2103,GDP-mannose transport,transport,,0,2,"C_cy,C_er",False,,False,False,False,False,False,False,,,False
R2104,GDP transport,transport,,0,2,"C_cy,C_er",False,,False,False,False,False,False,False,,,False
R2105,UDP-N-Acetyl-D-glucosamine:N-acetyl-D-glucosaminyl diphosphodolichol N-acetyl-D-glucosaminyltransferase,metabolic,YALI1B15180g,1,4,C_er,True,"metanetx.reaction,seed.reaction,seedr",False,False,True,False,False,False,,,True
R2106,UDP-N-Acetyl-D-glucosamine:dolichyl-phosphate N-Acetyl-D-glucosamine phosphotransferase,metabolic,YALI1B21618g,1,4,C_er,True,"kegg.reaction,keggr,metanetx.reaction",False,True,True,False,False,False,,,True
R2107,UDP-N-acetyl-alpha-D-glucosamine transport,transport,,0,2,"C_cy,C_er",False,,False,False,False,False,False,False,,,True
R2108,UTP:N-acetyl-alpha-D-glucosamine-1-phosphate uridylyltransferase,metabolic,YALI1E03762g,1,5,C_cy,True,"bigg.reaction,biggr,kegg.reaction,keggr,metacyc.reaction,metacycr,metanetx.reaction,rh,rhea,sabiork.reaction,sabiorkr,seed.reaction,seedr,vmhr,vmhreaction",True,True,True,True,False,False,,,True
R2109,"N-Acetyl-D-glucosamine 1-phosphate 1,6-phosphomutase",metabolic,YALI1E35005g,1,2,C_cy,True,"metanetx.reaction,seed.reaction,seedr",False,False,True,False,False,False,,,True
R2110,UMP transport,transport,,0,2,"C_cy,C_er",False,,False,False,False,False,False,False,,,True
R2111,UDP transport,transport,,0,2,"C_cy,C_er",False,,False,False,False,False,False,False,,,True
R2112,(S)-Methylmalonate semialdehyde:NAD+ oxidoreductase (CoA-propanoylating),metabolic,YALI1C02550g,1,6,C_cy,True,"bigg.reaction,biggr,kegg.reaction,keggr,metanetx.reaction,rh,rhea,sabiork.reaction,sabiorkr,seed.reaction,seedr,vmhr,vmhreaction",True,True,True,True,False,False,,,False
R2113,Propanoyl-CoA transport,transport,,0,2,"C_cy,C_mi",False,,False,False,False,False,False,False,,,False
R2114,3-Hydroxy-2-methylpropanoate:NAD+ oxidoreductase,metabolic,YALI1F03883g,1,5,C_cy,True,"bigg.reaction,biggr,kegg.reaction,keggr,metacyc.reaction,metacycr,metanetx.reaction,rh,rhea,sabiork.reaction,sabiorkr,seed.reaction,seedr,vmhr,vmhreaction",True,True,True,True,False,False,,,True
R2115,(S)-3-Hydroxyisobutyryl-CoA hydrolase,metabolic,,0,5,C_cy,True,"metanetx.reaction,seed.reaction,seedr",False,False,True,False,False,False,,,True
R2116,(S)-3-Hydroxyisobutyryl-CoA hydro-lyase,metabolic,YALI1B14044g,1,3,C_cy,True,"metanetx.reaction,seed.reaction,seedr",False,False,True,False,False,False,,,True
R2117,"2-methylpropanoyl-CoA:(acceptor) 2,3-oxidoreductase",transport,,0,4,"C_cy,C_mi",True,"kegg.reaction,keggr,metanetx.reaction",False,True,True,False,False,False,,,True
R2118,2-Methylpropanoyl-CoA transport,transport,,0,2,"C_cy,C_mi",False,,False,False,False,False,False,False,,,True
R2119,"3-Oxopropanoate:NAD+ oxidoreductase (decarboxylating, CoA-acetylating)",metabolic,YALI1C02550g,1,6,C_cy,True,"bigg.reaction,biggr,metanetx.reaction,seed.reaction,seedr,vmhr,vmhreaction",True,False,True,False,False,False,,,False
R2120,beta-alanine:2-oxoglutarate aminotransferase,metabolic,YALI1E21915g,1,4,C_cy,True,"bigg.reaction,biggr,kegg.reaction,keggr,metacyc.reaction,metacycr,metanetx.reaction,rh,rhea,sabiork.reaction,sabiorkr,seed.reaction,seedr,vmhr,vmhreaction",True,True,True,True,False,False,,,False
R2121,3-Oxopropanoate:NADP+ oxidoreductase (CoA-malonylating),metabolic,YALI1C02550g,1,6,C_cy,True,"kegg.reaction,keggr,metacyc.reaction,metacycr,metanetx.reaction,rh,rhea,seed.reaction,seedr,vmhr,vmhreaction",False,True,True,True,False,False,,,False
R2122,primary-amine oxidase,metabolic,YALI1C25512g or YALI1C31510g,2,6,C_cy,True,"bigg.reaction,biggr,kegg.reaction,keggr,metanetx.reaction,seed.reaction,seedr,vmhr,vmhreaction",True,True,True,False,False,False,,,False
R2123,Phenethylamine:oxygen oxidoreductase (deaminating),metabolic,YALI1C25512g or YALI1C31510g,2,6,C_cy,True,"bigg.reaction,biggr,kegg.reaction,keggr,metacyc.reaction,metacycr,metanetx.reaction,rh,rhea,sabiork.reaction,sabiorkr,seed.reaction,seedr,vmhr,vmhreaction",True,True,True,True,False,False,,,True
R2124,Ceramide-1 synthase (26C),metabolic,YALI1F09542g or YALI1D05038g,2,5,C_cy,True,"metanetx.reaction,seed.reaction,seedr",False,False,True,False,False,False,,,False
R2125,Sphinganine transport,transport,,0,2,"C_cy,C_er",False,,False,False,False,False,False,False,,,False
R2126,Ceramide-1 (Sphinganine:n-C26:0) transport,transport,,0,2,"C_cy,C_er",False,,False,False,False,False,False,False,,,False
R2127,Ceramide-1 synthase (24C),metabolic,YALI1F09542g or YALI1D05038g,2,5,C_cy,True,"metanetx.reaction,seed.reaction,seedr",False,False,True,False,False,False,,,False
R2128,Ceramide-1 (Sphinganine:n-C24:0) transport,transport,,0,2,"C_cy,C_er",False,,False,False,False,False,False,False,,,False
R2129,Ceramide-2 synthase (24C),metabolic,YALI1F09542g or YALI1D05038g,2,5,C_cy,True,"metanetx.reaction,seed.reaction,seedr",False,False,True,False,False,False,,,False
R2130,Phytosphingosine transport,transport,,0,2,"C_cy,C_er",False,,False,False,False,False,False,False,,,False
R2131,Ceramide-2 (Phytosphingosine:n-C24:0) transport,transport,,0,2,"C_cy,C_er",False,,False,False,False,False,False,False,,,False
R2132,Ceramide-2 synthase (26C),metabolic,YALI1F09542g or YALI1D05038g,2,5,C_cy,True,"metanetx.reaction,seed.reaction,seedr",False,False,True,False,False,False,,,False
R2133,Ceramide-2 (Phytosphingosine:n-C26:0) transport,transport,,0,2,"C_cy,C_er",False,,False,False,False,False,False,False,,,False
R2134,acyl-CoA:sphingosine N-acyltransferase,metabolic,YALI1F09542g or YALI1D05038g,2,4,C_er,True,"kegg.reaction,keggr,metanetx.reaction",False,True,True,False,False,False,,,True
R2135,AC-CoA transport,transport,,0,2,"C_cy,C_er",False,,False,False,False,False,False,False,,,False
R2136,"dihydroceramide, NADPH: oxygen oxidoreductase",metabolic,YALI1E20626g,1,7,C_er,False,,False,False,False,False,False,False,,,True
R2137,UDP-D-glucuronate carboxy-lyase,metabolic,YALI1D06883g,1,3,C_cy,False,,False,False,False,False,False,False,,,True
R2138,UDPglucose:dolichyl-phosphate beta-D-glucosyltransferase,metabolic,YALI1D07696g,1,4,C_er,True,"bigg.reaction,biggr,metanetx.reaction",True,False,True,False,False,False,,,True
R2139,UDP-glucose transport,transport,,0,2,"C_cy,C_er",False,,False,False,False,False,False,False,,,True
R2140,No name,metabolic,YALI1D07981g,1,4,C_cy,False,,False,False,False,False,False,False,,,True
R2141,3-Hydroxypropionyl-CoA hydro-lyase,metabolic,YALI1B14044g,1,3,C_cy,True,"bigg.reaction,biggr,kegg.reaction,keggr,metacyc.reaction,metacycr,metanetx.reaction,rh,rhea,sabiork.reaction,sabiorkr,seed.reaction,seedr,vmhr,vmhreaction",True,True,True,True,False,False,,,True
R2142,"propanoyl-CoA:electron-transfer flavoprotein 2,3-oxidoreductase",metabolic,,0,4,C_cy,True,"kegg.reaction,keggr,metanetx.reaction,seed.reaction,seedr",False,True,True,False,False,False,,,True
R2143,"Inositol phosphorylceramide synthase (ceramide-1, 24C), yeast-specific",metabolic,YALI1D08000g,1,4,C_cy,True,"metanetx.reaction,seed.reaction,seedr",False,False,True,False,False,False,,,True
R2144,phosphatidate transport,transport,,0,2,"C_cy,C_em",False,,False,False,False,False,False,False,,,False
R2145,"diacylglycerol pyrophosphate phosphatase, yeast-specific",metabolic,YALI1D35593g,1,4,C_cy,True,"metanetx.reaction,seed.reaction,seedr",False,False,True,False,False,False,,,False
R2146,"mannose-inositiol phophorylceramide synthase (ceramide-1, 24C), yeast-specific",metabolic,YALI1F10633g and YALI1F21567g,2,5,C_cy,True,"metanetx.reaction,seed.reaction,seedr",False,False,True,False,False,False,,,True
R2147,mannosylinositol phosphorylceramide A (C24)_C54H106NO16P transport,transport,,0,2,"C_cy,C_er",False,,False,False,False,False,False,False,,,True
R2148,"Inositol phosphorylceramide synthase (ceramide-1, 26C), yeast-specific",metabolic,YALI1D08000g,1,4,C_cy,True,"metanetx.reaction,seed.reaction,seedr",False,False,True,False,False,False,,,True
R2149,"mannose-inositol phosphorylceramide synthase (ceramide-1, 26C), yeast-specific",metabolic,YALI1F10633g and YALI1F21567g,2,5,C_cy,True,"metanetx.reaction,seed.reaction,seedr",False,False,True,False,False,False,,,True
R2150,mannosylinositol phosphorylceramide A (C26)_C56H110NO16P transport,transport,,0,2,"C_cy,C_er",False,,False,False,False,False,False,False,,,True
R2151,"Inositol phosphorylceramide synthase (ceramide-2, 24C), yeast-specific",metabolic,YALI1D08000g,1,4,C_cy,True,"metanetx.reaction,seed.reaction,seedr",False,False,True,False,False,False,,,True
R2152,"mannose-inositol phosphorylceramide synthase (ceramide-2, 24C), yeast-specific",metabolic,YALI1F10633g and YALI1F21567g,2,5,C_cy,True,"metanetx.reaction,seed.reaction,seedr",False,False,True,False,False,False,,,True
R2153,mannosylinositol phosphorylceramide B (C24)_C54H106NO17P transport,transport,,0,2,"C_cy,C_er",False,,False,False,False,False,False,False,,,True
R2154,"Inositol phosphoryceramide synthase (ceramide-2, 26C), yeast-specific",metabolic,YALI1D08000g,1,4,C_cy,True,"metanetx.reaction,seed.reaction,seedr",False,False,True,False,False,False,,,True
R2155,"mannose-inositol phosphorylceramide synthase (ceramide-2, 26C), yeast-specific",metabolic,YALI1F10633g and YALI1F21567g,2,5,C_cy,True,"metanetx.reaction,seed.reaction,seedr",False,False,True,False,False,False,,,True
R2156,mannosylinositol phosphorylceramide B (C26)_C56H110NO17P transport,transport,,0,2,"C_cy,C_er",False,,False,False,False,False,False,False,,,True
R2157,"Inositol phosphorylceramide synthase (ceramide-3, 24C), yeast-specific",metabolic,YALI1D08000g,1,4,C_cy,True,"metanetx.reaction,seed.reaction,seedr",False,False,True,False,False,False,,,True
R2158,Ceramide-3 (Phytosphingosine:n-C24:0OH) trasnport,transport,,0,2,"C_cy,C_er",False,,False,False,False,False,False,False,,,True
R2159,"mannose-inositol phosphorylceramide synthase (ceramide-3, 24C), yeast-specific",metabolic,YALI1F10633g and YALI1F21567g,2,5,C_cy,True,"metanetx.reaction,seed.reaction,seedr",False,False,True,False,False,False,,,True
R2160,mannosylinositol phosphorylceramide C (C24)_C54H106NO18P transport,transport,,0,2,"C_cy,C_er",False,,False,False,False,False,False,False,,,True
R2161,"Inositol phosphorylceramide synthase (ceramide-3, 26C), yeast-specific",metabolic,YALI1D08000g,1,4,C_cy,True,"metanetx.reaction,seed.reaction,seedr",False,False,True,False,False,False,,,True
R2162,"mannose-inositol phosphorylceramide synthase (ceramide-3, 26C), yeast-specific",metabolic,YALI1F10633g and YALI1F21567g,2,5,C_cy,True,"metanetx.reaction,seed.reaction,seedr",False,False,True,False,False,False,,,True
R2163,mannosylinositol phosphorylceramide C (C26)_C56H110NO18P transport,transport,,0,2,"C_cy,C_er",False,,False,False,False,False,False,False,,,True
R2164,Ceramide-3 (Phytosphingosine:n-C26:0OH)transport,transport,,0,2,"C_cy,C_er",False,,False,False,False,False,False,False,,,True
R2165,Triacyglycerol synthesis,metabolic,YALI1D10264g,1,11,C_cy,False,,False,False,False,False,False,False,,,True
R2166,Hexadecenoyl-CoA transport,transport,,0,2,"C_cy,C_pe",False,,False,False,False,False,False,False,,,True
R2167,Decanoyl-CoA transport,transport,,0,2,"C_cy,C_mm",False,,False,False,False,False,False,False,,,True
R2168,"acyl-CoA:1,2-diacyl-sn-glycerol O-acyltransferase",metabolic,YALI1D10264g,1,4,C_er,True,"kegg.reaction,keggr,metanetx.reaction",False,True,True,False,False,False,,,False
R2169,"1,2-Diacyl-sn-glycerol transport",transport,,0,2,"C_cy,C_er",False,,False,False,False,False,False,False,,,False
R2170,Triacylglycerol transport,transport,,0,2,"C_cy,C_er",True,"bigg.reaction,biggr,metanetx.reaction",True,False,True,False,False,False,,,False
R2171,1-Phosphatidyl-D-myo-inositol inositolphosphohydrolase,metabolic,YALI1D13510g,1,5,C_cy,True,"kegg.reaction,keggr,metanetx.reaction",False,True,True,False,False,False,,,False
R2172,Glycolate:oxygen 2-oxidoreductase,metabolic,YALI1D15848g,1,4,C_cy,True,"bigg.reaction,biggr,kegg.reaction,keggr,metacyc.reaction,metacycr,metanetx.reaction,rh,rhea,sabiork.reaction,sabiorkr,seed.reaction,seedr,vmhr,vmhreaction",True,True,True,True,False,False,,,True
R2173,Glycolate:oxygen 2-oxidoreductase,metabolic,YALI1D15848g,1,4,C_pe,True,"bigg.reaction,biggr,kegg.reaction,keggr,metacyc.reaction,metacycr,metanetx.reaction,rh,rhea,sabiork.reaction,sabiorkr,seed.reaction,seedr,vmhr,vmhreaction",True,True,True,True,False,False,,,True
R2174,Glycolate transport,transport,,0,2,"C_cy,C_pe",False,,False,False,False,False,False,False,,,True
R2175,Glycolate transport,transport,,0,2,"C_cy,C_pe",False,,False,False,False,False,False,False,,,True
R2176,L-Citrulline:L-aspartate ligase (AMP-forming),metabolic,YALI1D17462g,1,7,C_cy,True,"bigg.reaction,biggr,kegg.reaction,keggr,metacyc.reaction,metacycr,metanetx.reaction,rh,rhea,sabiork.reaction,sabiorkr,seed.reaction,seedr",True,True,True,True,False,False,,,False
R2177,Dolichyl-diphosphate phosphohydrolase,metabolic,YALI1D26639g,1,5,C_cy,True,"bigg.reaction,biggr,metanetx.reaction",True,False,True,False,False,False,,,True
R2178,NO NAME,metabolic,,0,5,C_cy,False,,False,False,False,False,False,False,,,True
R2179,Geranyl-diphosphate:isopentenyl-diphosphate geranyltrans-transferase,metabolic,YALI1D21022g or YALI1E06759g,2,4,C_cy,True,"kegg.reaction,keggr,metacyc.reaction,metacycr,metanetx.reaction,rh,rhea,seed.reaction,seedr,vmhr,vmhreaction",False,True,True,True,False,False,,,True
R2180,"(2E,6E)-farnesyl-diphosphate:isopentenyl-diphosphate cistransferase (adding 10-55 isopentenyl units)",metabolic,YALI1C26036g or YALI1D21543g,2,5,C_cy,True,"metanetx.reaction,seed.reaction,seedr",False,False,True,False,False,False,,,True
R2181,Dolichyl-diphosphate phosphohydrolase,metabolic,YALI1D26639g,1,5,C_er,True,"bigg.reaction,biggr,metanetx.reaction",True,False,True,False,False,False,,,True
R2182,Dolichyl diphosphate transport,transport,,0,2,"C_cy,C_er",False,,False,False,False,False,False,False,,,True
R2183,Agmatine amidinohydrolase,metabolic,YALI1E05074g,1,4,C_cy,True,"bigg.reaction,biggr,kegg.reaction,keggr,metacyc.reaction,metacycr,metanetx.reaction,rh,rhea,sabiork.reaction,sabiorkr,seed.reaction,seedr,vmhr,vmhreaction",True,True,True,True,False,False,,,True
R2184,"1,4-alpha-D-Glucan glucohydrolase",metabolic,YALI1E06056g,1,3,C_cy,True,"metanetx.reaction,seed.reaction,seedr",False,False,True,False,False,False,,,False
R2185,"1,4-alpha-D-Glucan:1,4-alpha-D-glucan 6-alpha-D-(1,4-alpha-D-glucano)-transferase",metabolic,YALI1C09072g,1,3,C_cy,True,"metanetx.reaction,seed.reaction,seedr",False,False,True,False,False,False,,,False
R2186,UDP-glucose:glycogen 4-alpha-D-glucosyltransferase,metabolic,YALI1F24667g,1,5,C_cy,True,"metanetx.reaction,seed.reaction,seedr",False,False,True,False,False,False,,,False
R2187,"Phosphatidyl-N-methylethanolamine N-methyltransferase, yeast-specific",transport,YALI0E12442g,1,5,"C_cy,C_em",True,"metanetx.reaction,seed.reaction,seedr",False,False,True,False,False,False,,,False
R2188,NO NAME,metabolic,YALI1E24461g and YALI1C33299g,2,8,C_cy,False,,False,False,False,False,False,False,,,True
R2189,Pyridoxine:NADP+ 4-oxidoreductase,metabolic,YALI1F03136g,1,5,C_cy,True,"bigg.reaction,biggr,kegg.reaction,keggr,metacyc.reaction,metacycr,metanetx.reaction,rh,rhea,sabiork.reaction,sabiorkr,seed.reaction,seedr",True,True,True,True,False,False,,,False
R2190,D-arabinitol:NAD+ 2-oxidoreductase,metabolic,YALI1F03452g,1,5,C_cy,False,,False,False,False,False,False,False,,,False
R2191,NO NAME,metabolic,YALI1F05415g,1,7,C_cy,False,,False,False,False,False,False,False,,,True
R2192,Phenylacetaldehyde:NAD+ oxidoreductase,metabolic,YALI1D10197g or YALI1F06858g,2,6,C_cy,True,"bigg.reaction,biggr,kegg.reaction,keggr,metacyc.reaction,metacycr,metanetx.reaction,rh,rhea,sabiork.reaction,sabiorkr,seed.reaction,seedr,vmhr,vmhreaction",True,True,True,True,False,False,,,True
R2193,iron (II) transport,transport,YALI1F07747g,1,2,"C_cy,C_ex",True,"bigg.reaction,biggr,metacyc.reaction,metacycr,metanetx.reaction,rh,rhea,seed.reaction,seedr,vmhr,vmhreaction",True,False,True,True,False,False,,,True
R2194,triacylglycerol acylhydrolase,metabolic,YALI1D21511g or YALI1D24333g or YALI1E37118g or YALI1F13550g or YALI1F09433g,5,4,C_er,True,"kegg.reaction,keggr,metanetx.reaction",False,True,True,False,False,False,,,True
R2195,L-Cysteine:oxygen oxidoreductase,metabolic,YALI1F15367g,1,4,C_cy,True,"bigg.reaction,biggr,kegg.reaction,keggr,metacyc.reaction,metacycr,metanetx.reaction,rh,rhea,sabiork.reaction,sabiorkr,seed.reaction,seedr,vmhr,vmhreaction",True,True,True,True,False,False,,,False
R2196,3-sulfino-L-alanine:2-oxoglutarate aminotransferase,metabolic,YALI1B03198g or YALI1F36966g,2,5,C_cy,True,"bigg.reaction,biggr,kegg.reaction,keggr,metacyc.reaction,metacycr,metanetx.reaction,rh,rhea,seed.reaction,seedr,vmhr,vmhreaction",True,True,True,True,False,False,,,False
R2197,NO NAME,metabolic,,0,5,C_cy,False,,False,False,False,False,False,False,,,False
R2198,"O3-acetyl-L-serine:thiosulfate 2-amino-2-carboxyethyltransferase (reducing, L-cysteine-forming); O3-acetyl-L-serine acetate-lyase (thiosulfate-reducing, L-cysteine-forming)",metabolic,YALI1D33380g or YALI1E10364g or YALI1F18920g,3,8,C_cy,False,,False,False,False,False,False,False,,,True
R2199,L-Cysteine:2-oxoglutarate aminotransferase,metabolic,YALI1B03198g or YALI1F36966g,2,4,C_cy,True,"kegg.reaction,keggr,metanetx.reaction,seed.reaction,seedr",False,True,True,False,False,False,,,True
R2200,L-cysteinylglycine dipeptidase,metabolic,YALI1F23706g,1,4,C_cy,True,"bigg.reaction,biggr,kegg.reaction,keggr,metacyc.reaction,metacycr,metanetx.reaction,rh,rhea,sabiork.reaction,sabiorkr,seed.reaction,seedr,vmhr,vmhreaction",True,True,True,True,False,False,,,False
R2201,glutathione gamma-glutamylaminopeptidase,metabolic,YALI1C15945g or YALI1C28621g,2,4,C_cy,True,"bigg.reaction,biggr,kegg.reaction,keggr,metacyc.reaction,metacycr,metanetx.reaction,rh,rhea,sabiork.reaction,sabiorkr,seed.reaction,seedr,vmhr,vmhreaction",True,True,True,True,False,False,,,False
R2202,carbonate hydro-lyase (carbon-dioxide-forming); carbonic acid hydro-lyase,metabolic,YALI1F28274g,1,4,C_cy,False,,False,False,False,False,False,False,,,False
R2203,3-Mercaptopyruvate:cyanide sulfurtransferase,metabolic,YALI1F30877g,1,4,C_cy,True,"bigg.reaction,biggr,metanetx.reaction,seed.reaction,seedr,vmhr,vmhreaction",True,False,True,False,False,False,,,True
R2204,L-methionine:oxidized-thioredoxin S-oxidoreductase,metabolic,YALI1F32534g,1,5,C_cy,True,"kegg.reaction,keggr,metanetx.reaction",False,True,True,False,False,False,,,True
R2205,glycine:oxygen oxidoreductase;Aminoacetic acid:oxygen oxidoreductase,metabolic,YALI1F39058g,1,6,C_cy,False,,False,False,False,False,False,False,,,False
R2206,Ferrocytochrome-c:oxygen oxidoreductase,metabolic,YALI1M00131g and YalifMp05 and YalifMp06,3,4,C_mi,True,"metanetx.reaction,seed.reaction,seedr",False,False,True,False,False,False,,,False
R2207,nitrilase,metabolic,YALI1B09367g or YALI1F36733g,2,4,C_cy,True,"bigg.reaction,biggr,kegg.reaction,keggr,metacyc.reaction,metacycr,metanetx.reaction,rh,rhea,seed.reaction,seedr",True,True,True,True,False,False,,,True
R2208,Indole_3_acetonitrile exchange,exchange,,0,1,C_ex,False,,False,False,False,False,False,False,,,True
R2209,Indole_3_acetonitrile transport,transport,,0,2,"C_cy,C_ex",False,,False,False,False,False,False,False,,,True
R2210,nitrilase,metabolic,YALI1B09367g or YALI1F36733g,2,4,C_cy,True,"bigg.reaction,biggr,kegg.reaction,keggr,metacyc.reaction,metacycr,metanetx.reaction,rh,rhea,seed.reaction,seedr",True,True,True,True,False,False,,,True
R2211,alpha_Aminopropiononitrile exchange,exchange,,0,1,C_ex,False,,False,False,False,False,False,False,,,True
R2212,alpha_Aminopropiononitrile transport,transport,,0,2,"C_cy,C_ex",False,,False,False,False,False,False,False,,,True
R2213,nitrilase,metabolic,YALI1B09367g or YALI1F36733g,2,4,C_cy,True,"bigg.reaction,biggr,kegg.reaction,keggr,metacyc.reaction,metacycr,metanetx.reaction,rh,rhea,seed.reaction,seedr",True,True,True,True,False,False,,,True
R2214,gamma_Amino_gamma_cyanobutanoate exchange,exchange,,0,1,C_ex,False,,False,False,False,False,False,False,,,True
R2215,gamma_Amino_gamma_cyanobutanoate transport,transport,,0,2,"C_cy,C_ex",False,,False,False,False,False,False,False,,,True
R2216,fatty acyl ACP mitochondrial transport,transport,,0,2,"C_cy,C_mi",True,"bigg.reaction,biggr,metanetx.reaction",True,False,True,False,False,False,,,True
R2217,fatty acyl ACP hydrolase,metabolic,YALI1B19844g and YALI1B25427g,2,5,C_cy,True,"bigg.reaction,biggr,metanetx.reaction",True,False,True,False,False,False,,,True
R2218,fatty acyl ACP synthase n C100ACP mitochondrial,metabolic,YALI1D18037g and YALI1D32594g and YALI1F38317g and YALI1C27933g,4,9,C_mi,True,"bigg.reaction,biggr,metanetx.reaction",True,False,True,False,False,False,,,True
R2219,fatty acyl ACP mitochondrial transport,transport,,0,2,"C_cy,C_mi",True,"bigg.reaction,biggr,metanetx.reaction",True,False,True,False,False,False,,,True
R2220,fatty acyl ACP hydrolase,metabolic,YALI1B19844g and YALI1B25427g,2,5,C_cy,True,"bigg.reaction,biggr,metanetx.reaction",True,False,True,False,False,False,,,True
R2221,fatty acyl ACP synthase n C120ACP mitochondrial,metabolic,YALI1D18037g and YALI1D32594g and YALI1F38317g and YALI1C27933g,4,9,C_mi,True,"bigg.reaction,biggr,metanetx.reaction",True,False,True,False,False,False,,,True
R2222,fatty acyl ACP mitochondrial transport,transport,,0,2,"C_cy,C_mi",True,"bigg.reaction,biggr,metanetx.reaction",True,False,True,False,False,False,,,True
R2223,fatty acyl ACP hydrolase,metabolic,YALI1B19844g and YALI1B25427g,2,5,C_cy,True,"bigg.reaction,biggr,metanetx.reaction",True,False,True,False,False,False,,,True
R2224,fatty acyl ACP synthase n C140ACP mitochondrial,metabolic,YALI1D18037g and YALI1D32594g and YALI1F38317g and YALI1C27933g,4,9,C_mi,True,"bigg.reaction,biggr,metanetx.reaction",True,False,True,False,False,False,,,True
R2225,fatty acyl ACP mitochondrial transport,transport,,0,2,"C_cy,C_mi",True,"bigg.reaction,biggr,metanetx.reaction",True,False,True,False,False,False,,,False
R2226,fatty acyl ACP hydrolase,metabolic,YALI1B19844g and YALI1B25427g,2,5,C_cy,True,"bigg.reaction,biggr,metanetx.reaction",True,False,True,False,False,False,,,False
R2227,fatty acyl ACP synthase n C141ACP mitochondrial,metabolic,YALI1D18037g and YALI1D32594g and YALI1F38317g and YALI1C27933g,4,10,C_mi,True,"bigg.reaction,biggr,metanetx.reaction",True,False,True,False,False,False,,,True
R2228,fatty acyl ACP mitochondrial transport,transport,,0,2,"C_cy,C_mi",True,"bigg.reaction,biggr,metanetx.reaction",True,False,True,False,False,False,,,True
R2229,fatty acyl ACP hydrolase,metabolic,YALI1B19844g and YALI1B25427g,2,5,C_cy,True,"bigg.reaction,biggr,metanetx.reaction",True,False,True,False,False,False,,,True
R2230,fatty acyl ACP synthase n C160ACP mitochondrial,metabolic,YALI1D18037g and YALI1D32594g and YALI1F38317g and YALI1C27933g,4,9,C_mi,True,"bigg.reaction,biggr,metanetx.reaction",True,False,True,False,False,False,,,False
R2231,fatty acyl ACP mitochondrial transport,transport,,0,2,"C_cy,C_mi",True,"bigg.reaction,biggr,metanetx.reaction",True,False,True,False,False,False,,,False
R2232,fatty acyl ACP hydrolase,metabolic,YALI1B19844g and YALI1B25427g,2,5,C_cy,True,"bigg.reaction,biggr,metanetx.reaction",True,False,True,False,False,False,,,False
R2233,fatty acyl ACP synthase n C161ACP mitochondrial,metabolic,YALI1D18037g and YALI1D32594g and YALI1F38317g and YALI1C27933g,4,10,C_mi,True,"bigg.reaction,biggr,metanetx.reaction",True,False,True,False,False,False,,,False
R2234,fatty acyl ACP mitochondrial transport,transport,,0,2,"C_cy,C_mi",True,"bigg.reaction,biggr,metanetx.reaction",True,False,True,False,False,False,,,False
R2235,fatty acyl ACP hydrolase,metabolic,YALI1B19844g and YALI1B25427g,2,5,C_cy,True,"bigg.reaction,biggr,metanetx.reaction",True,False,True,False,False,False,,,False
R2236,fatty acyl ACP mitochondrial transport,transport,,0,2,"C_cy,C_mi",True,"bigg.reaction,biggr,metanetx.reaction",True,False,True,False,False,False,,,True
R2237,fatty acyl ACP hydrolase,metabolic,YALI1B19844g and YALI1B25427g,2,5,C_cy,True,"bigg.reaction,biggr,metanetx.reaction",True,False,True,False,False,False,,,True
R2238,fatty acyl ACP mitochondrial transport,transport,,0,2,"C_cy,C_mi",True,"bigg.reaction,biggr,metanetx.reaction",True,False,True,False,False,False,,,True
R2239,fatty acyl ACP hydrolase,metabolic,YALI1B19844g and YALI1B25427g,2,5,C_cy,True,"bigg.reaction,biggr,metanetx.reaction",True,False,True,False,False,False,,,True
R2240,fatty acyl ACP mitochondrial transport,transport,,0,2,"C_cy,C_mi",True,"bigg.reaction,biggr,metanetx.reaction",True,False,True,False,False,False,,,True
R2241,fatty acyl ACP hydrolase,metabolic,YALI1B19844g and YALI1B25427g,2,5,C_cy,True,"bigg.reaction,biggr,metanetx.reaction",True,False,True,False,False,False,,,True
R2242,2 octaprenyl 6 hydroxyphenol methylase nuclear,metabolic,YALI1E01159g,1,5,C_nu,False,,False,False,False,False,False,False,,,True
R2243,S_Adenosyl_L_methionine transport,transport,,0,2,"C_cy,C_nu",False,,False,False,False,False,False,False,,,True
R2244,S_Adenosyl_L_methionine transport,transport,,0,2,"C_cy,C_em",False,,False,False,False,False,False,False,,,True
R2245,S_Adenosyl_L_homocysteine transport,transport,,0,2,"C_cy,C_nu",False,,False,False,False,False,False,False,,,True
R2246,S_Adenosyl_L_homocysteine transport,transport,,0,2,"C_cy,C_em",False,,False,False,False,False,False,False,,,True
R2247,Octaprenyl hydroxybenzoate decarboxylase,metabolic,YALI1E07601g,1,4,C_cy,False,,False,False,False,False,False,False,,,True
R2248,2 Octaprenylphenol hydroxylase,metabolic,,0,3,C_cy,True,"bigg.reaction,biggr,metanetx.reaction,seed.reaction,seedr",True,False,True,False,False,False,,,True
R2249,2 Octaprenyl 6 hydroxyphenol nuclear transport,transport,,0,2,"C_cy,C_nu",False,,False,False,False,False,False,False,,,True
R2250,Hydroxybenzoate octaprenyltransferase,metabolic,(YALI1E11415g and YALI1B21088g) or (YALI1E16694g and YALI1E33302g) or YALI1D21543g or (YALI1D17983g and YALI1B21088g),6,4,C_cy,True,"bigg.reaction,biggr,metanetx.reaction,vmhr,vmhreaction",True,False,True,False,False,False,,,True
R2251,amidase,metabolic,YALI1E14619g,1,4,C_cy,True,"bigg.reaction,biggr,kegg.reaction,keggr,metacyc.reaction,metacycr,metanetx.reaction,rh,rhea,sabiork.reaction,sabiorkr,seed.reaction,seedr,vmhr,vmhreaction",True,True,True,True,False,False,,,True
R2252,amidase,metabolic,YALI1E14619g,1,4,C_cy,True,"bigg.reaction,biggr,kegg.reaction,keggr,metacyc.reaction,metacycr,metanetx.reaction,rh,rhea,sabiork.reaction,sabiorkr,seed.reaction,seedr,vmhr,vmhreaction",True,True,True,True,False,False,,,True
R2253,Aldehyde dehydrogenase (hydroxy-decanoate),metabolic,YALI1B02194g and YALI1E18480g and YALI1A18062g and YALI1F31215g,4,6,C_cy,False,,False,False,False,False,False,False,,,True
R2254,decanoate hydroxylase,metabolic,YALI1E30815g and YALI1D05474g,2,7,C_cy,False,,False,False,False,False,False,False,,,True
R2255,Fatty alcohol oxidase (decanoate),metabolic,YALI1B18572g,1,4,C_cy,False,,False,False,False,False,False,False,,,True
R2256,Decanedioate extracellular transport,transport,,0,2,"C_cy,C_ex",False,,False,False,False,False,False,False,,,True
R2257,Aldehyde dehydrogenase (hydroxy-dodecanoate),metabolic,YALI1B02194g and YALI1E18480g and YALI1A18062g and YALI1F31215g,4,6,C_cy,False,,False,False,False,False,False,False,,,True
R2258,Dodecanoate hydroxylase,metabolic,YALI1E30815g and YALI1F02132g and YALI1D05474g,3,7,C_cy,False,,False,False,False,False,False,False,,,True
R2259,Fatty alcohol oxidase (dodecanoate),metabolic,YALI1B18572g,1,4,C_cy,False,,False,False,False,False,False,False,,,True
R2260,Dodecanedioate peroxisomal transport,transport,,0,2,"C_cy,C_ex",False,,False,False,False,False,False,False,,,True
R2261,Aldehyde dehydrogenase (hydroxy-hexadecanoate),metabolic,YALI1B02194g and YALI1E18480g and YALI1A18062g and YALI1F31215g,4,6,C_cy,False,,False,False,False,False,False,False,,,True
R2262,Hexadecanoate hydroxylase,metabolic,YALI1F02132g and YALI1D05474g,2,7,C_cy,False,,False,False,False,False,False,False,,,True
R2263,Fatty alcohol oxidase (hexadecanoate),metabolic,YALI1B18572g,1,4,C_cy,False,,False,False,False,False,False,False,,,True
R2264,Hexadecanedioate peroxisomal transport,transport,,0,2,"C_cy,C_ex",False,,False,False,False,False,False,False,,,True
R2265,Octanoyl_CoA__n_C80CoA Transport,transport,,0,2,"C_cy,C_mm",False,,False,False,False,False,False,False,,,True
R2266,Decanoyl_CoA__n_C100CoA Transport,transport,,0,2,"C_cy,C_mm",False,,False,False,False,False,False,False,,,True
R2267,Dodecanoyl_CoA__n_C120CoA Transport,transport,,0,2,"C_cy,C_em",False,,False,False,False,False,False,False,,,True
R2268,acetyl CoA synthetase,metabolic,YALI1F08845g,1,6,C_pe,True,"bigg.reaction,biggr,kegg.reaction,keggr,metacyc.reaction,metacycr,metanetx.reaction,rh,rhea,sabiork.reaction,sabiorkr,seed.reaction,seedr,vmhr,vmhreaction",True,True,True,True,False,False,,,False
R2269,Acetate transport,transport,,0,2,"C_cy,C_pe",False,,False,False,False,False,False,False,,,False
R2270,pyridoxal exchange,exchange,,0,1,C_ex,True,"bigg.reaction,biggr,metacyc.reaction,metacycr,metanetx.reaction,rh,rhea,sabiork.reaction,sabiorkr,seed.reaction,seedr,vmhr,vmhreaction",True,False,True,True,False,False,,pydx,True
R2271,pyridoxal transport,transport,,0,2,"C_cy,C_ex",True,"bigg.reaction,biggr,metacyc.reaction,metacycr,metanetx.reaction,rh,rhea,sabiork.reaction,sabiorkr,seed.reaction,seedr,vmhr,vmhreaction",True,False,True,True,False,False,,,True
R2272,hexadecane exchange,exchange,,0,1,C_ex,False,,False,False,False,False,False,False,,,True
R2273,triolein exchange,exchange,,0,1,C_ex,False,,False,False,False,False,False,False,,,True
R2274,triolein hydrolysis,metabolic,,0,3,C_ex,False,,False,False,False,False,False,False,,,True
R2275,tributyrin exchange,exchange,,0,1,C_ex,False,,False,False,False,False,False,False,,,True
R2276,D-Limonene synthase,metabolic,,0,2,C_cy,False,,False,False,False,False,False,False,,,False
R2277,D-Limonene transport,transport,,0,2,"C_cy,C_ex",False,,False,False,False,False,False,False,,,False
R2278,D-Limonene exchange,exchange,,0,1,C_ex,False,,False,False,False,False,False,False,,,False
R2279,3-dehydroshikimate transport,transport,,0,2,"C_cy,C_ex",False,,False,False,False,False,False,False,,,False
R2280,3-dehydroshikimate exchange,exchange,,0,1,C_ex,False,,False,False,False,False,False,False,,3dhsk,False
newBiom,newBiom,transport,,0,47,"C_cy,C_em,C_lp",False,,False,False,False,False,False,False,,,False
biomass_C,biomass_C,transport,,0,47,"C_cy,C_em,C_lp",False,,False,False,False,False,False,False,,,False
R505,L-aminoadipate-semialdehyde dehydrogenase (NADPH),metabolic,YALI1E07676g and YALI1E11510g,2,6,C_cy,True,"bigg.reaction,biggr,kegg.reaction,keggr,metanetx.reaction,rh,rhea,sabiork.reaction,sabiorkr,seed.reaction,seedr,vmhr,vmhreaction",True,True,True,True,False,False,,,False
R1890,Leucine transport,transport,,0,2,"C_cy,C_mi",False,,False,False,False,False,False,False,,,False
R2281,(S)3-methyl-2-oxopentanoate,metabolic,YALI1D11159g and YALI1F07630g and YALI1D26360g and YALI1D30866g,4,4,C_cy,False,,False,False,False,False,False,False,,,False
R2282,"(S)-2-methylbutanoyl-CoA:acceptor 2,3-oxidoreductase",metabolic,,0,2,C_cy,True,"kegg.reaction,keggr,metanetx.reaction",False,True,True,False,False,False,,,False
R2283,"(2S,3S)-3-Hydroxy-2-methylbutanoyl-CoA hydro-liase",metabolic,YALI0B10406g,1,3,C_cy,True,"bigg.reaction,biggr,kegg.reaction,keggr,metacyc.reaction,metacycr,metanetx.reaction,rh,rhea,seed.reaction,seedr,vmhr,vmhreaction",True,True,True,True,False,False,,,False
R2284,"(2S,3S)-3-hydroxy-2-methylbutanoyl-CoA:NAD+ oxidoreductase",metabolic,,0,4,C_cy,True,"metanetx.reaction,seed.reaction,seedr",False,False,True,False,False,False,,,False
R2285,Acetyl-CoA:propanoyl-CoA 2-C-acetyltransferase; 2-methylacetoacetyl-CoA thiolase,metabolic,YALI0E18568g,1,4,C_cy,False,,False,False,False,False,False,False,,,False
R_NTP1,R_NTP1,metabolic,YALI1A09766g or YALI1E41893g,2,5,C_cy,True,"bigg.reaction,ec-code,kegg.reaction,metanetx.reaction,sbo",True,True,True,False,True,True,,,False
SQLSr,SQLSr,transport,YALI1A09939g,1,6,"C_cy,C_er,C_lp",True,"bigg.reaction,ec-code,metanetx.reaction,sbo",True,False,True,False,True,True,,,True
R_ALCDH_nadp_hi,R_ALCDH_nadp_hi,metabolic,YALI1A15227g or YALI1E09329g or YALI1E21128g,3,5,C_cy,True,"bigg.reaction,ec-code,kegg.reaction,metanetx.reaction,sbo",True,True,True,False,True,True,,,False
R_GLYCDy,R_GLYCDy,metabolic,YALI1A15227g or YALI1E09329g or YALI1E21128g,3,5,C_cy,True,"bigg.reaction,ec-code,kegg.reaction,metanetx.reaction,sbo",True,True,True,False,True,True,,,False
R_ASPTAp,R_ASPTAp,metabolic,YALI1D01431g,1,4,C_pe,True,"bigg.reaction,ec-code,kegg.reaction,metanetx.reaction,sbo",True,True,True,False,True,True,,,False
R_CYSS_m,R_CYSS_m,transport,YALI1E10364g,1,4,"C_cy,C_mi",True,"bigg.reaction,ec-code,kegg.reaction,metanetx.reaction,sbo",True,True,True,False,True,True,,,False
R_CYST_II,R_CYST_II,metabolic,YALI1E10364g,1,5,C_cy,True,"bigg.reaction,ec-code,kegg.reaction,metanetx.reaction,sbo",True,True,True,False,True,True,,,False
r0210,r0210,metabolic,YALI1E11255g,1,5,C_cy,True,"bigg.reaction,ec-code,kegg.reaction,metanetx.reaction,sbo",True,True,True,False,True,True,,,False
R_MDHy,R_MDHy,metabolic,YALI1E17214g,1,5,C_cy,True,"bigg.reaction,ec-code,kegg.reaction,metanetx.reaction,sbo",True,True,True,False,True,True,,,False
R_OAADCm,R_OAADCm,metabolic,YALI1E22303g,1,4,C_mi,True,"bigg.reaction,ec-code,kegg.reaction,metanetx.reaction,sbo",True,True,True,False,True,True,,,False
SPHPL,SPHPL,transport,YALI1E33285g,1,3,"C_cy,C_er",True,"bigg.reaction,ec-code,kegg.reaction,metanetx.reaction,sbo",True,True,True,False,True,True,,,True
R_CAT2p,R_CAT2p,transport,YALI1E40671g,1,4,"C_cy,C_pe",True,"bigg.reaction,ec-code,metanetx.reaction,sbo",True,False,True,False,True,True,,,False
R_G6PPer,R_G6PPer,transport,YALI1E41893g,1,4,"C_cy,C_er",True,"bigg.reaction,ec-code,kegg.reaction,metanetx.reaction,sbo",True,True,True,False,True,True,,,False
R_NTP7,R_NTP7,metabolic,YALI1E41893g,1,5,C_cy,True,"bigg.reaction,ec-code,kegg.reaction,metanetx.reaction,sbo",True,True,True,False,True,True,,,False
R_FMNACP_h,R_FMNACP_h,metabolic,YALI1E41893g,1,5,C_cy,True,"bigg.reaction,ec-code,kegg.reaction,metanetx.reaction,sbo",True,True,True,False,True,True,,,False
R_GNP,R_GNP,transport,YALI1E41893g,1,4,"C_cy,C_pe",True,"bigg.reaction,ec-code,metanetx.reaction,sbo",True,False,True,False,True,True,,,False
R_NDP1,R_NDP1,metabolic,YALI1E41893g,1,5,C_cy,True,"bigg.reaction,ec-code,kegg.reaction,metanetx.reaction,sbo",True,True,True,False,True,True,,,False
R_PGAM1_PhosHydro,R_PGAM1_PhosHydro,metabolic,YALI1E41893g,1,4,C_cy,True,"bigg.reaction,ec-code,kegg.reaction,metanetx.reaction,sbo",True,True,True,False,True,True,,,False
R_NDP7g,R_NDP7g,metabolic,YALI1E41893g,1,5,C_go,True,"bigg.reaction,ec-code,kegg.reaction,metanetx.reaction,sbo",True,True,True,False,True,True,,,False
R_NTP3pp,R_NTP3pp,metabolic,YALI1E41893g,1,5,C_cy,True,"bigg.reaction,ec-code,kegg.reaction,metanetx.reaction,sbo",True,True,True,False,True,True,,,False
r0242,r0242,metabolic,YALI1E41893g,1,4,C_cy,True,"bigg.reaction,ec-code,kegg.reaction,metanetx.reaction,sbo",True,True,True,False,True,True,,,False
